70.0, -50.0, 0.0, 1.75, 0.0, 0.0, 0.0, 0.0, 0.0, 0.0
70.01, -49.999999975006254, 0.0, 1.7500000727579015, 7.49750000000767e-06, 0.0, 2.1821911710959854e-05, 0.0014992500000007667, 0.0, 0.004362199059377237
70.02000000000001, -49.9999998001, 0.0, 1.7500005816265995, 2.9980000000030664e-05, 0.0, 8.720033737508928e-05, 0.002997000000001532, 0.0, 0.00871130497500446
70.03000000000002, -49.999999325506245, 0.0, 1.7500019615167945, 6.743250000006896e-05, 0.0, 0.00019600441108613811, 0.004493250000002295, 0.0, 0.013047330853131669
70.04000000000002, -49.9999984016, 0.0, 1.750004646031184, 0.00011984000000012253, 0.0, 0.00034810339800035603, 0.005988000000003058, 0.0, 0.017370289800008865
70.05000000000003, -49.99999687890625, 0.0, 1.7500090674657716, 0.00018718750000019135, 0.0, 0.0005433666943364929, 0.007481250000003818, 0.0, 0.021680194921886047
70.06000000000003, -49.9999946081, 0.0, 1.7500156568111787, 0.00026946000000027545, 0.0, 0.0007816638273757988, 0.008973000000004576, 0.0, 0.025977059325013218
70.07000000000004, -49.99999144000625, 0.0, 1.7500248437539547, 0.0003666425000003747, 0.0, 0.001062864455462023, 0.010463250000005335, 0.0, 0.03026089611564037
70.08000000000004, -49.9999872256, 0.0, 1.750037056677888, 0.00047872000000048916, 0.0, 0.0013868383680014156, 0.01195200000000609, 0.0, 0.034531718400017515
70.09000000000005, -49.999981816006255, 0.0, 1.7500527226653166, 0.0006056775000006187, 0.0, 0.0017534554854627266, 0.013439250000006843, 0.0, 0.038789539284394645
70.10000000000005, -49.9999750625, 0.0, 1.7500722674984375, 0.0007475000000007635, 0.0, 0.0021625858593772055, 0.014925000000007597, 0.0, 0.043034371875021765
70.11000000000006, -49.99996681650625, 0.0, 1.7500961156606198, 0.0009041725000009234, 0.0, 0.0026140996723386023, 0.016409250000008348, 0.0, 0.04726622927814886
70.12000000000006, -49.999956929599996, 0.0, 1.7501246903377123, 0.0010756800000010984, 0.0, 0.0031078672380031665, 0.017892000000009095, 0.0, 0.05148512460002595
70.13000000000007, -49.99994525350625, 0.0, 1.7501584134193566, 0.0012620075000012883, 0.0, 0.0036437590010896474, 0.019373250000009844, 0.0, 0.05569107094690303
70.14000000000007, -49.9999316401, 0.0, 1.7501977055002969, 0.0014631400000014935, 0.0, 0.004221645537379297, 0.020853000000010592, 0.0, 0.05988408142503009
70.15000000000008, -49.99991594140625, 0.0, 1.7502429858816897, 0.0016790625000017137, 0.0, 0.004841397553715862, 0.02233125000001134, 0.0, 0.06406416914065714
70.16000000000008, -49.999898009599995, 0.0, 1.7502946725724164, 0.0019097600000019487, 0.0, 0.005502885888005595, 0.023808000000012083, 0.0, 0.06823134720003418
70.17000000000009, -49.999877697006255, 0.0, 1.750353182290392, 0.0021552175000021986, 0.0, 0.006205981509217244, 0.025283250000012823, 0.0, 0.0723856287094112
70.18000000000009, -49.9998548561, 0.0, 1.7504189304638764, 0.002415420000002464, 0.0, 0.006950555517382059, 0.02675700000001356, 0.0, 0.07652702677503821
70.1900000000001, -49.99982933950625, 0.0, 1.7504923312327851, 0.002690352500002744, 0.0, 0.007736479143593792, 0.028229250000014302, 0.0, 0.08065555450316522
70.2000000000001, -49.999801, 0.0, 1.7505737974500009, 0.0029800000000030384, 0.0, 0.008563623750008688, 0.02970000000001504, 0.0, 0.08477122500004221
70.21000000000011, -49.99976969050625, 0.0, 1.7506637406826822, 0.0032843475000033486, 0.0, 0.009431860829845503, 0.031169250000015775, 0.0, 0.08887405137191917
70.22000000000011, -49.9997352641, 0.0, 1.7507625712135757, 0.003603380000003673, 0.0, 0.010341062007385483, 0.032637000000016514, 0.0, 0.09296404672504611
70.23000000000012, -49.99969757400625, 0.0, 1.7508706980423256, 0.003937082500004012, 0.0, 0.011291099037972376, 0.034103250000017245, 0.0, 0.09704122416567308
70.24000000000012, -49.9996564736, 0.0, 1.7509885288867855, 0.004285440000004367, 0.0, 0.012281843808012437, 0.035568000000017974, 0.0, 0.10110559680005
70.25000000000013, -49.99961181640625, 0.0, 1.7511164701843278, 0.0046484375000047365, 0.0, 0.01331316833497441, 0.0370312500000187, 0.0, 0.10515717773442693
70.26000000000013, -49.9995634561, 0.0, 1.7512549270931552, 0.005026060000005119, 0.0, 0.01438494476738955, 0.03849300000001943, 0.0, 0.10919598007505384
70.27000000000014, -49.999511246506245, 0.0, 1.7514043034936115, 0.005418292500005519, 0.0, 0.015497045384851603, 0.03995325000002016, 0.0, 0.11322201692818072
70.28000000000014, -49.999455041599994, 0.0, 1.7515650019894904, 0.0058251200000059315, 0.0, 0.016649342598016825, 0.041412000000020883, 0.0, 0.11723530140005761
70.29000000000015, -49.99939469550625, 0.0, 1.7517374239093488, 0.00624652750000636, 0.0, 0.017841708948603954, 0.042869250000021605, 0.0, 0.12123584659693448
70.30000000000015, -49.9993300625, 0.0, 1.7519219693078154, 0.006682500000006803, 0.0, 0.019074017109394253, 0.04432500000002233, 0.0, 0.12522366562506132
70.31000000000016, -49.999260997006246, 0.0, 1.7521190369669026, 0.007133022500007261, 0.0, 0.020346139884231465, 0.04577925000002305, 0.0, 0.12919877159068818
70.32000000000016, -49.9991873536, 0.0, 1.7523290243973155, 0.007598080000007732, 0.0, 0.021657950208021835, 0.04723200000002377, 0.0, 0.13316117760006502
70.33000000000017, -49.999108987006245, 0.0, 1.7525523278397648, 0.008077657500008217, 0.0, 0.023009321146734128, 0.048683250000024485, 0.0, 0.1371108967594418
70.34000000000017, -49.999025752099996, 0.0, 1.7527893422662757, 0.00857174000000872, 0.0, 0.024400125897399576, 0.0501330000000252, 0.0, 0.14104794217506864
70.35000000000018, -49.99893750390625, 0.0, 1.7530404613814987, 0.009080312500009236, 0.0, 0.02583023778811194, 0.05158125000002592, 0.0, 0.14497232695319542
70.36000000000018, -49.9988440976, 0.0, 1.753306077624021, 0.009603360000009765, 0.0, 0.027299530278027468, 0.05302800000002663, 0.0, 0.1488840642000722
70.37000000000019, -49.998745388506244, 0.0, 1.7535865821676764, 0.010140867500010312, 0.0, 0.02880787695736491, 0.05447325000002735, 0.0, 0.15278316702194897
70.3800000000002, -49.9986412321, 0.0, 1.7538823649228565, 0.01069282000001087, 0.0, 0.030355151547405514, 0.05591700000002805, 0.0, 0.15666964852507573
70.3900000000002, -49.99853148400625, 0.0, 1.7541938145378204, 0.011259202500011445, 0.0, 0.03194122790049303, 0.057359250000028755, 0.0, 0.16054352181570247
70.4000000000002, -49.998416, 0.0, 1.7545213184000068, 0.011840000000012032, 0.0, 0.033565980000033704, 0.05880000000002947, 0.0, 0.1644048000000792
70.41000000000021, -49.99829463600624, 0.0, 1.754865262637343, 0.012435197500012636, 0.0, 0.035229281960496295, 0.06023925000003017, 0.0, 0.16825349618445587
70.42000000000021, -49.998167248099996, 0.0, 1.7552260321195574, 0.013044780000013252, 0.0, 0.036931008027412046, 0.061677000000030874, 0.0, 0.17208962347508258
70.43000000000022, -49.99803369250625, 0.0, 1.7556040104594874, 0.013668732500013884, 0.0, 0.03867103257737471, 0.06311325000003157, 0.0, 0.1759131949782093
70.44000000000023, -49.997893825599995, 0.0, 1.755999580014393, 0.01430704000001453, 0.0, 0.04044923011804053, 0.06454800000003229, 0.0, 0.17972422380008596
70.45000000000023, -49.99774750390625, 0.0, 1.7564131218872658, 0.014959687500015188, 0.0, 0.04226547528812826, 0.06598125000003298, 0.0, 0.18352272304696263
70.46000000000024, -49.9975945841, 0.0, 1.7568450159281388, 0.015626660000015863, 0.0, 0.04411964285741916, 0.06741300000003367, 0.0, 0.1873087058250893
70.47000000000024, -49.997434923006246, 0.0, 1.7572956407354001, 0.01630794250001655, 0.0, 0.04601160772675696, 0.06884325000003437, 0.0, 0.1910821852407159
70.48000000000025, -49.9972683776, 0.0, 1.7577653736571, 0.017003520000017255, 0.0, 0.04794124492804794, 0.07027200000003506, 0.0, 0.19484317440009255
70.49000000000025, -49.99709480500624, 0.0, 1.7582545907922635, 0.017713377500017974, 0.0, 0.049908429624260814, 0.07169925000003577, 0.0, 0.19859168640946917
70.50000000000026, -49.9969140625, 0.0, 1.7587636669922007, 0.018437500000018706, 0.0, 0.051913037109426845, 0.07312500000003645, 0.0, 0.20232773437509577
70.51000000000026, -49.99672600750625, 0.0, 1.759292975861818, 0.01917587250001945, 0.0, 0.05395494280863979, 0.07454925000003713, 0.0, 0.20605133140322235
70.52000000000027, -49.9965304976, 0.0, 1.759842889760927, 0.019928480000020208, 0.0, 0.0560340222780559, 0.07597200000003783, 0.0, 0.20976249060009897
70.53000000000027, -49.996327390506245, 0.0, 1.7604137798055566, 0.020695307500020983, 0.0, 0.058150151204893925, 0.07739325000003851, 0.0, 0.2134612250719755
70.54000000000028, -49.9961165441, 0.0, 1.761006015869263, 0.02147634000002177, 0.0, 0.06030320540743509, 0.0788130000000392, 0.0, 0.21714754792510207
70.55000000000028, -49.99589781640624, 0.0, 1.7616199665844414, 0.022271562500022574, 0.0, 0.06249306083502318, 0.08023125000003989, 0.0, 0.22082147226572857
70.56000000000029, -49.99567106559999, 0.0, 1.7622559993436346, 0.02308096000002339, 0.0, 0.06471959356806442, 0.08164800000004056, 0.0, 0.2244830112001051
70.57000000000029, -49.99543615000624, 0.0, 1.7629144803008454, 0.02390451750002422, 0.0, 0.06698267981802758, 0.08306325000004124, 0.0, 0.22813217783448164
70.5800000000003, -49.99519292809999, 0.0, 1.763595774372846, 0.024742220000025066, 0.0, 0.06928219592744389, 0.08447700000004192, 0.0, 0.23176898527510817
70.5900000000003, -49.994941258506245, 0.0, 1.7643002452404906, 0.025594052500025926, 0.0, 0.07161801836990712, 0.0858892500000426, 0.0, 0.23539344662823464
70.6000000000003, -49.99468099999999, 0.0, 1.7650282553500225, 0.0264600000000268, 0.0, 0.07399002375007349, 0.08730000000004329, 0.0, 0.2390055750001111
70.61000000000031, -49.99441201150624, 0.0, 1.7657801659143895, 0.027340047500027685, 0.0, 0.07639808880366178, 0.08870925000004395, 0.0, 0.24260538349698757
70.62000000000032, -49.99413415209999, 0.0, 1.7665563369145496, 0.028234180000028586, 0.0, 0.07884209039745323, 0.09011700000004462, 0.0, 0.24619288522511404
70.63000000000032, -49.99384728100624, 0.0, 1.7673571271007849, 0.0291423825000295, 0.0, 0.08132190552929158, 0.0915232500000453, 0.0, 0.24976809329074048
70.64000000000033, -49.99355125759999, 0.0, 1.7681828939940116, 0.030064640000030424, 0.0, 0.08383741132808309, 0.09292800000004597, 0.0, 0.25333102080011694
70.65000000000033, -49.99324594140624, 0.0, 1.7690339938870894, 0.031000937500031366, 0.0, 0.08638848505379651, 0.09433125000004663, 0.0, 0.2568816808594933
70.66000000000034, -49.99293119209999, 0.0, 1.7699107818461337, 0.03195126000003232, 0.0, 0.08897500409746309, 0.09573300000004731, 0.0, 0.26042008657511967
70.67000000000034, -49.99260686950624, 0.0, 1.7708136117118252, 0.03291559250003329, 0.0, 0.09159684598117658, 0.09713325000004797, 0.0, 0.2639462510532461
70.68000000000035, -49.99227283359999, 0.0, 1.7717428361007206, 0.03389392000003427, 0.0, 0.0942538883580932, 0.09853200000004862, 0.0, 0.26746018740012256
70.69000000000035, -49.991928944506235, 0.0, 1.7726988064065647, 0.034886227500035276, 0.0, 0.09694600901243176, 0.0999292500000493, 0.0, 0.2709619087219989
70.70000000000036, -49.99157506249998, 0.0, 1.773681872801598, 0.035892500000036284, 0.0, 0.09967308585947346, 0.10132500000004996, 0.0, 0.27445142812512524
70.71000000000036, -49.991211048006235, 0.0, 1.7746923842378706, 0.03691272250003731, 0.0, 0.10243499694556207, 0.10271925000005061, 0.0, 0.27792875871575157
70.72000000000037, -49.99083676159999, 0.0, 1.7757306884485506, 0.03794688000003835, 0.0, 0.10523162044810383, 0.10411200000005127, 0.0, 0.2813939136001279
70.73000000000037, -49.990452064006234, 0.0, 1.776797131949236, 0.0389949575000394, 0.0, 0.10806283467556753, 0.10550325000005192, 0.0, 0.28484690588450423
70.74000000000038, -49.99005681609998, 0.0, 1.7778920600392636, 0.04005694000004047, 0.0, 0.11092851806748434, 0.10689300000005258, 0.0, 0.2882877486751306
70.75000000000038, -49.98965087890623, 0.0, 1.7790158168030223, 0.04113281250004154, 0.0, 0.11382854919444807, 0.10828125000005323, 0.0, 0.2917164550782569
70.76000000000039, -49.989234113599984, 0.0, 1.7801687451112616, 0.04222256000004264, 0.0, 0.11676280675811497, 0.10966800000005389, 0.0, 0.29513303820013315
70.7700000000004, -49.98880638150623, 0.0, 1.7813511866224028, 0.04332616750004374, 0.0, 0.11973116959120375, 0.11105325000005453, 0.0, 0.29853751114700944
70.7800000000004, -49.98836754409998, 0.0, 1.7825634817838498, 0.04444362000004487, 0.0, 0.12273351665749573, 0.11243700000005517, 0.0, 0.3019298870251356
70.7900000000004, -49.987917463006234, 0.0, 1.7838059698332993, 0.045574902500046005, 0.0, 0.12576972705183456, 0.11381925000005583, 0.0, 0.30531017894076196
70.80000000000041, -49.98745599999998, 0.0, 1.7850789888000527, 0.04672000000004714, 0.0, 0.12883968000012655, 0.11520000000005648, 0.0, 0.3086784000001382
70.81000000000041, -49.98698301700623, 0.0, 1.7863828755063251, 0.047878897500048305, 0.0, 0.13194325485934047, 0.11657925000005712, 0.0, 0.3120345633095144
70.82000000000042, -49.98649837609998, 0.0, 1.7877179655685562, 0.049051580000049486, 0.0, 0.13508033111750753, 0.11795700000005777, 0.0, 0.3153786819751406
70.83000000000042, -49.986001939506224, 0.0, 1.789084593398722, 0.05023803250005066, 0.0, 0.1382507883937215, 0.1193332500000584, 0.0, 0.3187107691032668
70.84000000000043, -49.98549356959998, 0.0, 1.790483092205645, 0.05143824000005187, 0.0, 0.14145450643813864, 0.12070800000005903, 0.0, 0.32203083780014297
70.85000000000043, -49.984973128906226, 0.0, 1.791913793996303, 0.052652187500053085, 0.0, 0.1446913651319777, 0.12208125000005969, 0.0, 0.3253389011720192
70.86000000000044, -49.98444048009998, 0.0, 1.7933770295771436, 0.05387986000005432, 0.0, 0.14796124448751985, 0.1234530000000603, 0.0, 0.3286349723251453
70.87000000000045, -49.983895486006226, 0.0, 1.7948731285553907, 0.05512124250005555, 0.0, 0.15126402464810892, 0.12482325000006095, 0.0, 0.33191906436577157
70.88000000000045, -49.983338009599976, 0.0, 1.7964024193403578, 0.05637632000005681, 0.0, 0.15459958588815118, 0.1261920000000616, 0.0, 0.3351911904001476
70.89000000000046, -49.982767914006224, 0.0, 1.7979652291447574, 0.05764507750005808, 0.0, 0.15796780861311535, 0.1275592500000622, 0.0, 0.33845136353452376
70.90000000000046, -49.98218506249997, 0.0, 1.7995618839860121, 0.058927500000059356, 0.0, 0.1613685733595326, 0.12892500000006285, 0.0, 0.3416995968751499
70.91000000000047, -49.981589318506224, 0.0, 1.801192708687565, 0.06022357250006065, 0.0, 0.16480176079499684, 0.13028925000006347, 0.0, 0.34493590352827597
70.92000000000047, -49.98098054559997, 0.0, 1.8028580268801915, 0.06153328000006195, 0.0, 0.16826725171816415, 0.1316520000000641, 0.0, 0.34816029660015213
70.93000000000048, -49.98035860750622, 0.0, 1.804558161003307, 0.06285660750006329, 0.0, 0.17176492705875343, 0.13301325000006473, 0.0, 0.3513727891970282
70.94000000000048, -49.97972336809997, 0.0, 1.8062934323062807, 0.06419354000006462, 0.0, 0.17529466787754583, 0.13437300000006536, 0.0, 0.35457339442515423
70.95000000000049, -49.97907469140622, 0.0, 1.8080641608497452, 0.06554406250006597, 0.0, 0.17885635536638514, 0.13573125000006597, 0.0, 0.3577621253907803
70.96000000000049, -49.97841244159997, 0.0, 1.8098706655069057, 0.06690816000006733, 0.0, 0.1824498708481776, 0.13708800000006657, 0.0, 0.3609389952001564
70.9700000000005, -49.97773648300622, 0.0, 1.8117132639648525, 0.0682858175000687, 0.0, 0.18607509577689194, 0.13844325000006721, 0.0, 0.36410401695953243
70.9800000000005, -49.97704668009997, 0.0, 1.8135922727258706, 0.06967702000007009, 0.0, 0.1897319117375595, 0.13979700000006784, 0.0, 0.36725720377515847
70.9900000000005, -49.976342897506214, 0.0, 1.815508007108751, 0.07108175250007148, 0.0, 0.19342020044627387, 0.14114925000006845, 0.0, 0.3703985687532844
71.00000000000051, -49.97562499999996, 0.0, 1.817460781250101, 0.07250000000007291, 0.0, 0.19713984375019142, 0.14250000000006907, 0.0, 0.3735281250001604
71.01000000000052, -49.974892852506215, 0.0, 1.8194509081056538, 0.07393174750007434, 0.0, 0.20089072362753094, 0.14384925000006965, 0.0, 0.3766458856220365
71.02000000000052, -49.97414632009996, 0.0, 1.8214786994515813, 0.07537698000007576, 0.0, 0.20467272218757354, 0.1451970000000703, 0.0, 0.37975186372516245
71.03000000000053, -49.97338526800621, 0.0, 1.823544465885803, 0.07683568250007722, 0.0, 0.20848572167066304, 0.1465432500000709, 0.0, 0.38284607241578844
71.04000000000053, -49.97260956159996, 0.0, 1.825648516829297, 0.07830784000007868, 0.0, 0.21232960444820567, 0.1478880000000715, 0.0, 0.3859285248001644
71.05000000000054, -49.971819066406205, 0.0, 1.8277911605274113, 0.07979343750008015, 0.0, 0.21620425302267027, 0.14923125000007212, 0.0, 0.3889992339845403
71.06000000000054, -49.971013648099955, 0.0, 1.8299727040511728, 0.08129246000008165, 0.0, 0.220109550027588, 0.1505730000000727, 0.0, 0.3920582130751662
71.07000000000055, -49.9701931725062, 0.0, 1.8321934532986006, 0.08280489250008316, 0.0, 0.2240453782275526, 0.15191325000007333, 0.0, 0.39510547517829214
71.08000000000055, -49.96935750559996, 0.0, 1.8344537129960141, 0.08433072000008467, 0.0, 0.22801162051822035, 0.15325200000007394, 0.0, 0.39814103340016815
71.09000000000056, -49.9685065135062, 0.0, 1.8367537866993444, 0.08586992750008621, 0.0, 0.23200815992631008, 0.1545892500000745, 0.0, 0.40116490084704404
71.10000000000056, -49.967640062499946, 0.0, 1.8390939767954453, 0.08742250000008775, 0.0, 0.23603487960960287, 0.15592500000007514, 0.0, 0.4041770906251699
71.11000000000057, -49.96675801900619, 0.0, 1.8414745845034044, 0.0889884225000893, 0.0, 0.24009166285694258, 0.1572592500000757, 0.0, 0.40717761584079576
71.12000000000057, -49.96586024959995, 0.0, 1.843895909875852, 0.09056768000009087, 0.0, 0.24417839308823547, 0.1585920000000763, 0.0, 0.41016648960017166
71.13000000000058, -49.96494662100619, 0.0, 1.8463582518002735, 0.09216025750009245, 0.0, 0.2482949538544502, 0.15992325000007693, 0.0, 0.41314372500954755
71.14000000000058, -49.96401700009994, 0.0, 1.848861908000319, 0.09376614000009405, 0.0, 0.25244122883761816, 0.1612530000000775, 0.0, 0.41610933517517334
71.15000000000059, -49.9630712539062, 0.0, 1.851407175037114, 0.09538531250009565, 0.0, 0.2566171018508329, 0.16258125000007811, 0.0, 0.41906333320329925
71.1600000000006, -49.96210924959995, 0.0, 1.8539943483105708, 0.09701776000009728, 0.0, 0.2608224568382509, 0.16390800000007869, 0.0, 0.42200573220017507
71.1700000000006, -49.96113085450619, 0.0, 1.8566237220606985, 0.09866346750009891, 0.0, 0.26505717787509075, 0.16523325000007927, 0.0, 0.4249365452720509
71.1800000000006, -49.96013593609994, 0.0, 1.8592955893689134, 0.10032242000010055, 0.0, 0.26932114916763383, 0.16655700000007986, 0.0, 0.42785578552517667
71.19000000000061, -49.959124362006186, 0.0, 1.8620102421593496, 0.10199460250010221, 0.0, 0.2736142550532237, 0.16787925000008044, 0.0, 0.4307634660658024
71.20000000000061, -49.958095999999934, 0.0, 1.8647679712001708, 0.10368000000010388, 0.0, 0.2779363800002667, 0.16920000000008104, 0.0, 0.43365960000017817
71.21000000000062, -49.95705071800619, 0.0, 1.8675690661048798, 0.10537859750010556, 0.0, 0.2822874086082317, 0.1705192500000816, 0.0, 0.43654420043455394
71.22000000000062, -49.95598838409993, 0.0, 1.8704138153336285, 0.10709038000010726, 0.0, 0.28666722560764973, 0.1718370000000822, 0.0, 0.43941728047517975
71.23000000000063, -49.95490886650618, 0.0, 1.8733025061945312, 0.10881533250010895, 0.0, 0.29107571586011477, 0.17315325000008278, 0.0, 0.44227885322830546
71.24000000000063, -49.95381203359993, 0.0, 1.8762354248449717, 0.11055344000011068, 0.0, 0.2955127643582829, 0.17446800000008333, 0.0, 0.4451289318001812
71.25000000000064, -49.95269775390617, 0.0, 1.8792128562929167, 0.11230468750011241, 0.0, 0.29997825622587293, 0.17578125000008393, 0.0, 0.44796752929705697
71.26000000000064, -49.95156589609992, 0.0, 1.8822350843982252, 0.11406906000011416, 0.0, 0.30447207671766613, 0.1770930000000845, 0.0, 0.45079465882518266
71.27000000000065, -49.950416329006174, 0.0, 1.8853023918739586, 0.1158465425001159, 0.0, 0.3089941112195062, 0.17840325000008508, 0.0, 0.4536103334908084
71.28000000000065, -49.949248921599924, 0.0, 1.8884150602876937, 0.11763712000011768, 0.0, 0.3135442452482994, 0.17971200000008566, 0.0, 0.4564145664001841
71.29000000000066, -49.94806354300617, 0.0, 1.8915733700628297, 0.11944077750011947, 0.0, 0.3181223644520146, 0.1810192500000862, 0.0, 0.4592073706595598
71.30000000000067, -49.94686006249992, 0.0, 1.8947776004799024, 0.12125750000012124, 0.0, 0.3227283546096828, 0.18232500000008678, 0.0, 0.46198875937518535
71.31000000000067, -49.94563834950616, 0.0, 1.8980280296778922, 0.12308727250012305, 0.0, 0.327362101631398, 0.18362925000008734, 0.0, 0.46475874565331105
71.32000000000068, -49.944398273599916, 0.0, 1.9013249346555365, 0.12493008000012487, 0.0, 0.3320234915583163, 0.18493200000008791, 0.0, 0.46751734260018674
71.33000000000068, -49.943139704506166, 0.0, 1.9046685912726389, 0.1267859075001267, 0.0, 0.3367124105626565, 0.1862332500000885, 0.0, 0.4702645633220623
71.34000000000069, -49.94186251209991, 0.0, 1.9080592742513807, 0.12865474000012855, 0.0, 0.34142874494769987, 0.18753300000008905, 0.0, 0.47300042092518796
71.35000000000069, -49.94056656640616, 0.0, 1.9114972571776319, 0.1305365625001304, 0.0, 0.3461723811477901, 0.1888312500000896, 0.0, 0.4757249285158136
71.3600000000007, -49.93925173759991, 0.0, 1.9149828125022608, 0.13243136000013228, 0.0, 0.3509432057283335, 0.19012800000009017, 0.0, 0.4784380992001892
71.3700000000007, -49.937917896006155, 0.0, 1.918516211542444, 0.13433911750013416, 0.0, 0.3557411053857988, 0.19142325000009072, 0.0, 0.4811399460845648
71.3800000000007, -49.936564912099904, 0.0, 1.9220977244829802, 0.13625982000013606, 0.0, 0.3605659669477172, 0.1927170000000913, 0.0, 0.48383048227519043
71.39000000000071, -49.93519265650615, 0.0, 1.9257276203775977, 0.13819345250013795, 0.0, 0.36541767737268255, 0.19400925000009184, 0.0, 0.486509720878316
71.40000000000072, -49.9338009999999, 0.0, 1.9294061671502654, 0.14014000000013987, 0.0, 0.37029612375035104, 0.1953000000000924, 0.0, 0.4891776750001916
71.41000000000072, -49.93238981350615, 0.0, 1.9331336315965053, 0.1420994475001418, 0.0, 0.37520119330144136, 0.19658925000009292, 0.0, 0.491834357747067
71.42000000000073, -49.930958968099894, 0.0, 1.936910279384701, 0.14407178000014376, 0.0, 0.3801327733777349, 0.1978770000000935, 0.0, 0.49447978222519257
71.43000000000073, -49.92950833500614, 0.0, 1.9407363750574094, 0.1460569825001457, 0.0, 0.38509075146207533, 0.19916325000009405, 0.0, 0.49711396154081816
71.44000000000074, -49.92803778559989, 0.0, 1.9446121820326716, 0.14805504000014766, 0.0, 0.39007501516836884, 0.20044800000009458, 0.0, 0.49973690880019367
71.45000000000074, -49.92654719140614, 0.0, 1.9485379626053227, 0.15006593750014963, 0.0, 0.39508545224158426, 0.20173125000009515, 0.0, 0.5023486371095691
71.46000000000075, -49.925036424099886, 0.0, 1.9525139779483027, 0.15208966000015164, 0.0, 0.4001219505577529, 0.20301300000009567, 0.0, 0.5049491595751947
71.47000000000075, -49.92350535550614, 0.0, 1.9565404881139674, 0.15412619250015364, 0.0, 0.4051843981239683, 0.2042932500000962, 0.0, 0.5075384893033202
71.48000000000076, -49.92195385759988, 0.0, 1.9606177520353991, 0.15617552000015567, 0.0, 0.410272683078387, 0.20557200000009676, 0.0, 0.5101166394001956
71.49000000000076, -49.92038180250613, 0.0, 1.9647460275277164, 0.15823762750015768, 0.0, 0.41538669369022746, 0.2068492500000973, 0.0, 0.5126836229720712
71.50000000000077, -49.918789062499876, 0.0, 1.9689255712893856, 0.1603125000001597, 0.0, 0.42052631835977117, 0.20812500000009784, 0.0, 0.5152394531251967
71.51000000000077, -49.917175510006125, 0.0, 1.9731566389035315, 0.16240012250016175, 0.0, 0.42569144561836164, 0.20939925000009837, 0.0, 0.5177841429658221
71.52000000000078, -49.91554101759987, 0.0, 1.9774394848392476, 0.16450048000016382, 0.0, 0.4308819641284054, 0.21067200000009892, 0.0, 0.5203177056001975
71.53000000000078, -49.91388545800611, 0.0, 1.981774362452906, 0.16661355750016588, 0.0, 0.4360977626833709, 0.21194325000009942, 0.0, 0.522840154134573
71.54000000000079, -49.91220870409987, 0.0, 1.9861615239894697, 0.16873934000016796, 0.0, 0.4413387302077897, 0.21321300000009996, 0.0, 0.5253515016751983
71.5500000000008, -49.91051062890612, 0.0, 1.990601220583802, 0.1708778125001701, 0.0, 0.44660475575725533, 0.21448125000010052, 0.0, 0.5278517613283237
71.5600000000008, -49.90879110559986, 0.0, 1.995093702261977, 0.17302896000017218, 0.0, 0.45189572851842413, 0.21574800000010103, 0.0, 0.5303409462001991
71.5700000000008, -49.90705000750611, 0.0, 1.9996392179425917, 0.1751927675001743, 0.0, 0.4572115378090147, 0.21701325000010158, 0.0, 0.5328190693970745
71.58000000000081, -49.90528720809986, 0.0, 2.004238015438075, 0.17736922000017644, 0.0, 0.46255207307780843, 0.21827700000010208, 0.0, 0.5352861440251999
71.59000000000081, -49.9035025810061, 0.0, 2.0088903414559987, 0.17955830250017857, 0.0, 0.4679172239046492, 0.2195392500001026, 0.0, 0.5377421831908253
71.60000000000082, -49.90169599999985, 0.0, 2.0135964416003875, 0.18176000000018072, 0.0, 0.47330688000044296, 0.22080000000010314, 0.0, 0.5401872000002006
71.61000000000082, -49.8998673390061, 0.0, 2.018356560373034, 0.18397429750018293, 0.0, 0.4787209312071588, 0.22205925000010365, 0.0, 0.542621207559576
71.62000000000083, -49.89801647209984, 0.0, 2.023170941174801, 0.18620118000018507, 0.0, 0.48415926749782756, 0.22331700000010418, 0.0, 0.5450442189752013
71.63000000000083, -49.89614327350609, 0.0, 2.028039826306941, 0.18844063250018728, 0.0, 0.4896217789765433, 0.22457325000010467, 0.0, 0.5474562473533268
71.64000000000084, -49.89424761759984, 0.0, 2.0329634569724, 0.19069264000018948, 0.0, 0.49510835587846225, 0.2258280000001052, 0.0, 0.549857305800202
71.65000000000084, -49.89232937890608, 0.0, 2.037942073277132, 0.19295718750019167, 0.0, 0.500618888569803, 0.22708125000010573, 0.0, 0.5522474074220772
71.66000000000085, -49.89038843209983, 0.0, 2.042975914231409, 0.1952342600001939, 0.0, 0.506153267547847, 0.22833300000010623, 0.0, 0.5546265653252026
71.67000000000085, -49.88842465200608, 0.0, 2.04806521775113, 0.19752384250019617, 0.0, 0.5117113834409378, 0.2295832500001067, 0.0, 0.5569947926158277
71.68000000000086, -49.88643791359983, 0.0, 2.053210220659133, 0.1998259200001984, 0.0, 0.5172931270084817, 0.23083200000010723, 0.0, 0.559352102400203
71.69000000000086, -49.884428092006075, 0.0, 2.0584111586865066, 0.20214047750020064, 0.0, 0.5228983891409476, 0.23207925000010776, 0.0, 0.5616985077845784
71.70000000000087, -49.88239506249982, 0.0, 2.0636682664738975, 0.20446750000020292, 0.0, 0.5285270608598664, 0.23332500000010828, 0.0, 0.5640340218752036
71.71000000000087, -49.88033870050607, 0.0, 2.0689817775728248, 0.20680697250020522, 0.0, 0.5341790333178323, 0.2345692500001088, 0.0, 0.5663586577783288
71.72000000000088, -49.87825888159981, 0.0, 2.0743519244469875, 0.20915888000020752, 0.0, 0.5398541977985013, 0.23581200000010927, 0.0, 0.5686724286002041
71.73000000000089, -49.87615548150606, 0.0, 2.079778938473577, 0.2115232075002098, 0.0, 0.5455524457165922, 0.23705325000010977, 0.0, 0.5709753474470793
71.74000000000089, -49.87402837609981, 0.0, 2.085263049944588, 0.2138999400002121, 0.0, 0.5512736686178862, 0.23829300000011028, 0.0, 0.5732674274252046
71.7500000000009, -49.871877441406056, 0.0, 2.0908044880681267, 0.21628906250021443, 0.0, 0.5570177581792272, 0.2395312500001108, 0.0, 0.5755486816408297
71.7600000000009, -49.8697025535998, 0.0, 2.096403480969723, 0.21869056000021678, 0.0, 0.5627846062085213, 0.2407680000001113, 0.0, 0.5778191232002049
71.7700000000009, -49.86750358900605, 0.0, 2.1020602556936443, 0.22110441750021914, 0.0, 0.5685741046447372, 0.24200325000011175, 0.0, 0.58007876520958
71.78000000000091, -49.865280424099794, 0.0, 2.107775038204199, 0.2235306200002215, 0.0, 0.5743861455579063, 0.24323700000011225, 0.0, 0.5823276207752053
71.79000000000092, -49.86303293550604, 0.0, 2.113548053387054, 0.22596915250022387, 0.0, 0.5802206211491222, 0.24446925000011277, 0.0, 0.5845657030033304
71.80000000000092, -49.86076099999979, 0.0, 2.11937952505054, 0.22842000000022622, 0.0, 0.5860774237505413, 0.24570000000011327, 0.0, 0.5867930250002057
71.81000000000093, -49.85846449450604, 0.0, 2.1252696759269676, 0.23088314750022862, 0.0, 0.5919564458253824, 0.2469292500001138, 0.0, 0.5890095998720807
71.82000000000093, -49.85614329609978, 0.0, 2.131218727673932, 0.23335858000023105, 0.0, 0.5978575799679267, 0.2481570000001142, 0.0, 0.5912154407252059
71.83000000000094, -49.85379728200603, 0.0, 2.137226900875628, 0.23584628250023348, 0.0, 0.6037807189035176, 0.24938325000011471, 0.0, 0.5934105606658311
71.84000000000094, -49.851426329599775, 0.0, 2.1432944150441586, 0.23834624000023588, 0.0, 0.6097257554885617, 0.2506080000001152, 0.0, 0.5955949728002061
71.85000000000095, -49.84903031640602, 0.0, 2.149421488620847, 0.24085843750023833, 0.0, 0.6156925827105277, 0.2518312500001157, 0.0, 0.5977686902345812
71.86000000000095, -49.84660912009977, 0.0, 2.155608338977546, 0.24338286000024079, 0.0, 0.621681093687947, 0.2530530000001162, 0.0, 0.5999317260752063
71.87000000000096, -49.84416261850601, 0.0, 2.1618551824179484, 0.24591949250024325, 0.0, 0.627691181670413, 0.25427325000011664, 0.0, 0.6020840934283314
71.88000000000096, -49.841690689599766, 0.0, 2.168162234178898, 0.2484683200002457, 0.0, 0.6337227400385822, 0.2554920000001171, 0.0, 0.6042258054002064
71.89000000000097, -49.83919321150601, 0.0, 2.1745297084317032, 0.2510293275002482, 0.0, 0.6397756623041734, 0.25670925000011763, 0.0, 0.6063568750970816
71.90000000000097, -49.836670062499756, 0.0, 2.1809578182834413, 0.25360250000025075, 0.0, 0.6458498421099677, 0.2579250000001181, 0.0, 0.6084773156252067
71.91000000000098, -49.834121121006, 0.0, 2.187446775778274, 0.25618782250025324, 0.0, 0.6519451732298086, 0.2591392500001186, 0.0, 0.6105871400908317
71.92000000000098, -49.83154626559975, 0.0, 2.1939967918987593, 0.25878528000025575, 0.0, 0.6580615495686031, 0.26035200000011904, 0.0, 0.6126863616002067
71.93000000000099, -49.82894537500599, 0.0, 2.2006080765671547, 0.26139485750025826, 0.0, 0.6641988651623191, 0.2615632500001195, 0.0, 0.6147749932595817
71.94000000000099, -49.82631832809974, 0.0, 2.2072808386467373, 0.26401654000026076, 0.0, 0.6703570141779883, 0.26277300000012, 0.0, 0.6168530481752068
71.950000000001, -49.82366500390598, 0.0, 2.2140152859431073, 0.2666503125002633, 0.0, 0.6765358909137044, 0.26398125000012046, 0.0, 0.6189205394533318
71.960000000001, -49.82098528159973, 0.0, 2.2208116252055015, 0.2692961600002659, 0.0, 0.6827353897986239, 0.26518800000012094, 0.0, 0.6209774802002069
71.97000000000101, -49.81827904050598, 0.0, 2.227670062128104, 0.27195406750026846, 0.0, 0.6889554053929651, 0.2663932500001214, 0.0, 0.6230238835220818
71.98000000000101, -49.81554616009972, 0.0, 2.234590801351356, 0.27462402000027103, 0.0, 0.6951958323880093, 0.2675970000001218, 0.0, 0.6250597625252068
71.99000000000102, -49.81278652000597, 0.0, 2.2415740464632665, 0.27730600250027365, 0.0, 0.7014565656061007, 0.26879925000012234, 0.0, 0.6270851303158317
72.00000000000102, -49.80999999999971, 0.0, 2.2486200000007246, 0.28000000000027625, 0.0, 0.707737500000645, 0.2700000000001228, 0.0, 0.6291000000002067
72.01000000000103, -49.80718648000596, 0.0, 2.255728863450808, 0.28270599750027886, 0.0, 0.7140385306561111, 0.27119925000012324, 0.0, 0.6311043846845816
72.02000000000103, -49.80434584009971, 0.0, 2.262900837252095, 0.2854239800002815, 0.0, 0.7203595527880305, 0.2723970000001237, 0.0, 0.6330982974752066
72.03000000000104, -49.801477960505956, 0.0, 2.2701361207959723, 0.28815393250028415, 0.0, 0.7267004617429969, 0.27359325000012413, 0.0, 0.6350817514783316
72.04000000000104, -49.79858272159969, 0.0, 2.27743491242795, 0.29089584000028673, 0.0, 0.7330611529986661, 0.2747880000001246, 0.0, 0.6370547598002064
72.05000000000105, -49.795660003905944, 0.0, 2.28479740944897, 0.29364968750028947, 0.0, 0.7394415221637575, 0.2759812500001251, 0.0, 0.6390173355470814
72.06000000000105, -49.792709688099684, 0.0, 2.2922238081167157, 0.29641546000029206, 0.0, 0.7458414649780518, 0.2771730000001255, 0.0, 0.6409694918252062
72.07000000000106, -49.78973165500594, 0.0, 2.2997143036469243, 0.2991931425002948, 0.0, 0.7522608773123932, 0.27836325000012596, 0.0, 0.6429112417408311
72.08000000000106, -49.78672578559968, 0.0, 2.3072690902146964, 0.3019827200002974, 0.0, 0.7586996551686874, 0.2795520000001264, 0.0, 0.6448425984002061
72.09000000000107, -49.78369196100592, 0.0, 2.3148883609558073, 0.3047841775003001, 0.0, 0.7651576946799038, 0.28073925000012684, 0.0, 0.6467635749095808
72.10000000000107, -49.780630062499675, 0.0, 2.3225723079680174, 0.30759750000030284, 0.0, 0.7716348921100733, 0.2819250000001273, 0.0, 0.6486741843752057
72.11000000000108, -49.77753997150592, 0.0, 2.330321122312382, 0.3104226725003056, 0.0, 0.7781311438542896, 0.28310925000012777, 0.0, 0.6505744399033306
72.12000000000108, -49.77442156959966, 0.0, 2.338134994014564, 0.31325968000030835, 0.0, 0.7846463464387091, 0.28429200000012816, 0.0, 0.6524643546002055
72.13000000000109, -49.77127473850591, 0.0, 2.3460141120661415, 0.31610850750031105, 0.0, 0.7911803965205503, 0.28547325000012863, 0.0, 0.6543439415720804
72.1400000000011, -49.768099360099654, 0.0, 2.353958664425921, 0.31896914000031384, 0.0, 0.7977331908880948, 0.28665300000012905, 0.0, 0.6562132139252052
72.1500000000011, -49.7648953164059, 0.0, 2.361968838021247, 0.32184156250031665, 0.0, 0.8043046264606862, 0.28783125000012955, 0.0, 0.65807218476583
72.1600000000011, -49.76166248959964, 0.0, 2.3700448187493133, 0.32472576000031933, 0.0, 0.8108946002887305, 0.28900800000013, 0.0, 0.6599208672002048
72.17000000000111, -49.758400762005884, 0.0, 2.378186791478472, 0.32762171750032215, 0.0, 0.8175030095536969, 0.29018325000013034, 0.0, 0.6617592743345796
72.18000000000112, -49.755110016099636, 0.0, 2.3863949400495454, 0.3305294200003249, 0.0, 0.8241297515681166, 0.2913570000001308, 0.0, 0.6635874192752045
72.19000000000112, -49.751790134505875, 0.0, 2.394669447277138, 0.33344885250032774, 0.0, 0.8307747237755828, 0.29252925000013125, 0.0, 0.6654053151283292
72.20000000000113, -49.74844099999962, 0.0, 2.403010494950944, 0.3363800000003306, 0.0, 0.8374378237507524, 0.2937000000001317, 0.0, 0.6672129750002039
72.21000000000113, -49.74506249550586, 0.0, 2.4114182638370587, 0.33932284750033337, 0.0, 0.8441189491993437, 0.29486925000013214, 0.0, 0.6690104119970787
72.22000000000114, -49.741654504099614, 0.0, 2.419892933679292, 0.34227738000033625, 0.0, 0.8508179979581384, 0.2960370000001325, 0.0, 0.6707976392252035
72.23000000000114, -49.73821690900586, 0.0, 2.4284346832004755, 0.3452435825003391, 0.0, 0.8575348679949799, 0.2972032500001329, 0.0, 0.6725746697908283
72.24000000000115, -49.734749593599595, 0.0, 2.4370436901037755, 0.3482214400003419, 0.0, 0.8642694574087743, 0.2983680000001334, 0.0, 0.674341516800203
72.25000000000115, -49.73125244140584, 0.0, 2.445720131074002, 0.35121093750034477, 0.0, 0.8710216644294906, 0.2995312500001338, 0.0, 0.6760981933595778
72.26000000000116, -49.72772533609959, 0.0, 2.4544641817789197, 0.35421206000034766, 0.0, 0.8777913874181601, 0.30069300000013427, 0.0, 0.6778447125752026
72.27000000000116, -49.72416816150584, 0.0, 2.4632760168705596, 0.3572247925003505, 0.0, 0.8845785248668766, 0.30185325000013463, 0.0, 0.6795810875533272
72.28000000000117, -49.72058080159958, 0.0, 2.4721558099865284, 0.3602491200003534, 0.0, 0.8913829753987962, 0.30301200000013506, 0.0, 0.6813073314002019
72.29000000000117, -49.716963140505825, 0.0, 2.4811037337513215, 0.36328502750035635, 0.0, 0.8982046377681377, 0.3041692500001355, 0.0, 0.6830234572220766
72.30000000000118, -49.71331506249957, 0.0, 2.4901199597776285, 0.3663325000003593, 0.0, 0.9050434108601823, 0.3053250000001359, 0.0, 0.6847294781252014
72.31000000000118, -49.70963645200581, 0.0, 2.49920465866765, 0.36939152250036217, 0.0, 0.9118991936912737, 0.3064792500001363, 0.0, 0.686425407215826
72.32000000000119, -49.70592719359956, 0.0, 2.5083580000144043, 0.3724620800003651, 0.0, 0.9187718854088183, 0.3076320000001367, 0.0, 0.6881112576002008
72.33000000000119, -49.70218717200581, 0.0, 2.517580152403038, 0.37554415750036807, 0.0, 0.9256613852912848, 0.3087832500001371, 0.0, 0.6897870423845753
72.3400000000012, -49.69841627209954, 0.0, 2.5268712834121394, 0.37863774000037104, 0.0, 0.9325675927482044, 0.30993300000013757, 0.0, 0.6914527746752
72.3500000000012, -49.69461437890579, 0.0, 2.5362315596150466, 0.38174281250037395, 0.0, 0.939490407320171, 0.311081250000138, 0.0, 0.6931084675783247
72.36000000000121, -49.690781377599535, 0.0, 2.54566114658116, 0.384859360000377, 0.0, 0.9464297286788406, 0.3122280000001384, 0.0, 0.6947541342001994
72.37000000000121, -49.68691715350578, 0.0, 2.55516020887725, 0.38798736750037993, 0.0, 0.9533854566269319, 0.3133732500001387, 0.0, 0.6963897876470738
72.38000000000122, -49.68302159209952, 0.0, 2.564728910068771, 0.39112682000038296, 0.0, 0.9603574910982267, 0.31451700000013916, 0.0, 0.6980154410251984
72.39000000000122, -49.67909457900577, 0.0, 2.5743674127211698, 0.39427770250038596, 0.0, 0.9673457321575682, 0.31565925000013956, 0.0, 0.699631107440823
72.40000000000123, -49.67513599999951, 0.0, 2.584075878401198, 0.397440000000389, 0.0, 0.9743500800008627, 0.31680000000013997, 0.0, 0.7012368000001976
72.41000000000123, -49.67114574100575, 0.0, 2.5938544676782196, 0.400613697500392, 0.0, 0.9813704349550791, 0.3179392500001404, 0.0, 0.7028325318095722
72.42000000000124, -49.6671236880995, 0.0, 2.6037033401255245, 0.40379878000039504, 0.0, 0.9884066974782488, 0.3190770000001407, 0.0, 0.7044183159751968
72.43000000000124, -49.66306972750574, 0.0, 2.61362265432164, 0.40699523250039804, 0.0, 0.9954587681594655, 0.3202132500001411, 0.0, 0.7059941656033214
72.44000000000125, -49.658983745599485, 0.0, 2.6236125678516373, 0.41020304000040114, 0.0, 1.002526547718885, 0.3213480000001415, 0.0, 0.707560093800196
72.45000000000125, -49.65486562890573, 0.0, 2.633673237308445, 0.41342218750040416, 0.0, 1.0096099370077265, 0.32248125000014194, 0.0, 0.7091161136720706
72.46000000000126, -49.650715264099475, 0.0, 2.6438048182941594, 0.4166526600004073, 0.0, 1.0167088370082713, 0.32361300000014237, 0.0, 0.7106622383251952
72.47000000000126, -49.646532538005715, 0.0, 2.654007465421356, 0.4198944425004103, 0.0, 1.023823148833863, 0.3247432500001427, 0.0, 0.7121984808658197
72.48000000000127, -49.642317337599465, 0.0, 2.6642813323143972, 0.42314752000041345, 0.0, 1.0309527737289073, 0.3258720000001431, 0.0, 0.7137248544001942
72.49000000000127, -49.63806955000571, 0.0, 2.6746265716107467, 0.4264118775004166, 0.0, 1.0380976130688737, 0.3269992500001435, 0.0, 0.7152413720345687
72.50000000000128, -49.63378906249945, 0.0, 2.6850433349622755, 0.42968750000041966, 0.0, 1.0452575683602936, 0.3281250000001439, 0.0, 0.7167480468751932
72.51000000000128, -49.62947576250569, 0.0, 2.6955317730365786, 0.43297437250042276, 0.0, 1.05243254124076, 0.32924925000014427, 0.0, 0.7182448920283179
72.52000000000129, -49.625129537599435, 0.0, 2.70609203551828, 0.4362724800004259, 0.0, 1.0596224334789297, 0.3303720000001446, 0.0, 0.7197319206001923
72.5300000000013, -49.62075027550568, 0.0, 2.716724271110345, 0.4395818075004291, 0.0, 1.0668271469745212, 0.331493250000145, 0.0, 0.7212091456970668
72.5400000000013, -49.61633786409942, 0.0, 2.727428627535394, 0.4429023400004322, 0.0, 1.074046583758316, 0.3326130000001454, 0.0, 0.7226765804251913
72.5500000000013, -49.61189219140567, 0.0, 2.7382052515370083, 0.4462340625004353, 0.0, 1.0812806459921573, 0.3337312500001458, 0.0, 0.7241342378908159
72.56000000000131, -49.60741314559941, 0.0, 2.749054288881043, 0.4495769600004385, 0.0, 1.088529235968952, 0.3348480000001462, 0.0, 0.7255821312001903
72.57000000000131, -49.60290061500565, 0.0, 2.75997588435694, 0.45293101750044173, 0.0, 1.0957922561126687, 0.3359632500001465, 0.0, 0.7270202734595647
72.58000000000132, -49.598354488099396, 0.0, 2.7709701817790333, 0.45629622000044495, 0.0, 1.1030696089783385, 0.3370770000001469, 0.0, 0.7284486777751892
72.59000000000133, -49.59377465350564, 0.0, 2.782037323987864, 0.4596725525004481, 0.0, 1.110361197252055, 0.33818925000014727, 0.0, 0.7298673572533136
72.60000000000133, -49.589160999999386, 0.0, 2.7931774528514883, 0.4630600000004513, 0.0, 1.1176669237509747, 0.33930000000014765, 0.0, 0.7312763250001878
72.61000000000134, -49.58451341650562, 0.0, 2.8043907092667912, 0.46645854750045446, 0.0, 1.124986691423316, 0.34040925000014804, 0.0, 0.7326755941220623
72.62000000000134, -49.57983179209937, 0.0, 2.815677233160794, 0.4698681800004577, 0.0, 1.132320403348361, 0.34151700000014834, 0.0, 0.7340651777251868
72.63000000000135, -49.575116016005616, 0.0, 2.8270371634919664, 0.4732888825004609, 0.0, 1.1396679627364523, 0.3426232500001487, 0.0, 0.7354450889158113
72.64000000000135, -49.57036597759935, 0.0, 2.838470638251535, 0.47672064000046416, 0.0, 1.1470292729289973, 0.3437280000001491, 0.0, 0.7368153408001856
72.65000000000136, -49.5655815664056, 0.0, 2.8499777944647993, 0.48016343750046747, 0.0, 1.1544042373984635, 0.34483125000014947, 0.0, 0.73817594648456
72.66000000000136, -49.560762672099344, 0.0, 2.8615587681924364, 0.4836172600004707, 0.0, 1.1617927597483833, 0.34593300000014987, 0.0, 0.7395269190751844
72.67000000000137, -49.55590918450558, 0.0, 2.8732136945318145, 0.4870820925004741, 0.0, 1.16919474371335, 0.3470332500001502, 0.0, 0.7408682716783087
72.68000000000137, -49.55102099359932, 0.0, 2.8849427076183027, 0.4905579200004773, 0.0, 1.1766100931590195, 0.34813200000015054, 0.0, 0.742200017400183
72.69000000000138, -49.546097989505576, 0.0, 2.896745940626584, 0.4940447275004807, 0.0, 1.1840387120821114, 0.34922925000015087, 0.0, 0.7435221693470575
72.70000000000138, -49.541140062499316, 0.0, 2.90862352577196, 0.4975425000004839, 0.0, 1.1914805046104058, 0.35032500000015127, 0.0, 0.744834740625182
72.71000000000139, -49.536147103005554, 0.0, 2.9205755943116696, 0.5010512225004872, 0.0, 1.1989353750027474, 0.3514192500001516, 0.0, 0.7461377443408063
72.72000000000139, -49.53111900159929, 0.0, 2.9326022765461928, 0.5045708800004904, 0.0, 1.206403227649042, 0.3525120000001519, 0.0, 0.7474311936001805
72.7300000000014, -49.526055649005535, 0.0, 2.9447037018205644, 0.5081014575004938, 0.0, 1.2138839670702588, 0.3536032500001523, 0.0, 0.748715101509555
72.7400000000014, -49.52095693609928, 0.0, 2.956879998525686, 0.5116429400004973, 0.0, 1.2213774979184286, 0.35469300000015264, 0.0, 0.7499894811751792
72.7500000000014, -49.515822753905525, 0.0, 2.9691312940996313, 0.5151953125005004, 0.0, 1.2288837249766449, 0.355781250000153, 0.0, 0.7512543457033035
72.76000000000141, -49.51065299359927, 0.0, 2.9814577150289643, 0.5187585600005039, 0.0, 1.2364025531590648, 0.35686800000015334, 0.0, 0.7525097082001779
72.77000000000142, -49.505447546505515, 0.0, 2.9938593868500423, 0.5223326675005072, 0.0, 1.2439338875109063, 0.35795325000015366, 0.0, 0.7537555817720522
72.78000000000142, -49.50020630409925, 0.0, 3.0063364341503327, 0.5259176200005107, 0.0, 1.251477633208451, 0.35903700000015404, 0.0, 0.7549919795251765
72.79000000000143, -49.4949291580055, 0.0, 3.0188889805697197, 0.529513402500514, 0.0, 1.2590336955590427, 0.3601192500001544, 0.0, 0.7562189145658008
72.80000000000143, -49.48961599999923, 0.0, 3.0315171488018167, 0.5331200000005174, 0.0, 1.266601980001087, 0.36120000000015473, 0.0, 0.7574364000001751
72.81000000000144, -49.48426672200548, 0.0, 3.044221060595276, 0.5367373975005209, 0.0, 1.2741823921040536, 0.36227925000015504, 0.0, 0.7586444489345494
72.82000000000144, -49.478881216099225, 0.0, 3.0570008367551016, 0.5403655800005241, 0.0, 1.2817748375684734, 0.36335700000015536, 0.0, 0.7598430744751734
72.83000000000145, -49.47345937450547, 0.0, 3.0698565971439544, 0.5440045325005277, 0.0, 1.28937922222594, 0.3644332500001557, 0.0, 0.7610322897282976
72.84000000000145, -49.468001089599205, 0.0, 3.082788460683471, 0.5476542400005311, 0.0, 1.2969954520391096, 0.36550800000015604, 0.0, 0.7622121078001718
72.85000000000146, -49.462506253905445, 0.0, 3.0957965453555665, 0.5513146875005345, 0.0, 1.304623433101701, 0.3665812500001564, 0.0, 0.7633825417970462
72.86000000000146, -49.456974760099186, 0.0, 3.1088809682037506, 0.554985860000538, 0.0, 1.312263071638496, 0.3676530000001567, 0.0, 0.7645436048251705
72.87000000000147, -49.45140650100543, 0.0, 3.122041845334435, 0.5586677425005414, 0.0, 1.3199142740053376, 0.368723250000157, 0.0, 0.7656953099907946
72.88000000000147, -49.445801369599174, 0.0, 3.135279291918246, 0.5623603200005448, 0.0, 1.327576946689132, 0.36979200000015733, 0.0, 0.7668376704001688
72.89000000000148, -49.44015925900541, 0.0, 3.1485934221913334, 0.5660635775005484, 0.0, 1.335250996307849, 0.3708592500001577, 0.0, 0.767970699159543
72.90000000000148, -49.434480062499155, 0.0, 3.161984349456682, 0.5697775000005517, 0.0, 1.3429363296105183, 0.37192500000015805, 0.0, 0.7690944093751673
72.91000000000149, -49.428763673505394, 0.0, 3.175452186085423, 0.5735020725005553, 0.0, 1.350632853477235, 0.37298925000015837, 0.0, 0.7702088141532915
72.9200000000015, -49.42300998559914, 0.0, 3.188997043518144, 0.5772372800005587, 0.0, 1.3583404749191548, 0.3740520000001586, 0.0, 0.7713139266001656
72.9300000000015, -49.41721889250538, 0.0, 3.2026190322661967, 0.5809831075005623, 0.0, 1.3660591010784962, 0.37511325000015894, 0.0, 0.7724097598220399
72.9400000000015, -49.41139028809912, 0.0, 3.216318261913015, 0.5847395400005657, 0.0, 1.3737886392285408, 0.3761730000001593, 0.0, 0.773496326925164
72.95000000000151, -49.40552406640536, 0.0, 3.2300948411154176, 0.5885065625005693, 0.0, 1.3815289967736324, 0.3772312500001596, 0.0, 0.7745736410157882
72.96000000000151, -49.399620121599106, 0.0, 3.243948877604922, 0.5922841600005729, 0.0, 1.389280081249177, 0.37828800000015994, 0.0, 0.7756417152001623
72.97000000000152, -49.393678348005345, 0.0, 3.2578804781890573, 0.5960723175005764, 0.0, 1.3970418003216436, 0.3793432500001602, 0.0, 0.7767005625845365
72.98000000000152, -49.38769864009908, 0.0, 3.2718897487526695, 0.5998710200005799, 0.0, 1.404814061788563, 0.3803970000001605, 0.0, 0.7777501962751606
72.99000000000153, -49.38168089250533, 0.0, 3.2859767942592386, 0.6036802525005834, 0.0, 1.4125967735785299, 0.38144925000016083, 0.0, 0.7787906293782847
73.00000000000153, -49.37562499999907, 0.0, 3.300141718752182, 0.607500000000587, 0.0, 1.4203898437511995, 0.38250000000016116, 0.0, 0.779821875000159
73.01000000000154, -49.36953085750531, 0.0, 3.3143846253561735, 0.6113302475005905, 0.0, 1.4281931804972905, 0.38354925000016143, 0.0, 0.7808439462470331
73.02000000000155, -49.36339836009905, 0.0, 3.328705616278446, 0.6151709800005941, 0.0, 1.4360066921385854, 0.3845970000001617, 0.0, 0.7818568562251572
73.03000000000155, -49.35722740300529, 0.0, 3.343104792810106, 0.6190221825005978, 0.0, 1.4438302871279274, 0.38564325000016203, 0.0, 0.7828606180407812
73.04000000000156, -49.351017881599034, 0.0, 3.3575822553274444, 0.6228838400006014, 0.0, 1.4516638740492216, 0.38668800000016235, 0.0, 0.7838552448001553
73.05000000000156, -49.34476969140527, 0.0, 3.3721381032932465, 0.6267559375006049, 0.0, 1.4595073616174379, 0.3877312500001627, 0.0, 0.7848407496095292
73.06000000000157, -49.33848272809901, 0.0, 3.3867724352581035, 0.6306384600006085, 0.0, 1.4673606586786077, 0.3887730000001629, 0.0, 0.7858171455751534
73.07000000000157, -49.332156887505256, 0.0, 3.4014853488617196, 0.6345313925006122, 0.0, 1.4752236742098241, 0.38981325000016326, 0.0, 0.7867844458032774
73.08000000000158, -49.325792065598996, 0.0, 3.4162769408342277, 0.6384347200006157, 0.0, 1.4830963173192437, 0.39085200000016357, 0.0, 0.7877426634001514
73.09000000000158, -49.319388158505234, 0.0, 3.4311473069974965, 0.6423484275006196, 0.0, 1.4909784972460853, 0.39188925000016384, 0.0, 0.7886918114720255
73.10000000000159, -49.312945062498976, 0.0, 3.4460965422664427, 0.6462725000006232, 0.0, 1.4988701233606299, 0.39292500000016417, 0.0, 0.7896319031251495
73.11000000000159, -49.30646267400522, 0.0, 3.46112474065034, 0.6502069225006267, 0.0, 1.5067711051642212, 0.3939592500001644, 0.0, 0.7905629514657737
73.1200000000016, -49.29994088959896, 0.0, 3.4762319952541323, 0.6541516800006305, 0.0, 1.5146813522892661, 0.3949920000001647, 0.0, 0.7914849696001477
73.1300000000016, -49.293379606005196, 0.0, 3.491418398279743, 0.6581067575006342, 0.0, 1.5226007744992325, 0.39602325000016503, 0.0, 0.7923979706345217
73.1400000000016, -49.28677872009894, 0.0, 3.5066840410273827, 0.6620721400006377, 0.0, 1.530529281688652, 0.3970530000001653, 0.0, 0.7933019676751457
73.15000000000161, -49.28013812890518, 0.0, 3.522029013896867, 0.6660478125006416, 0.0, 1.5384667838831185, 0.3980812500001656, 0.0, 0.7941969738282697
73.16000000000162, -49.27345772959892, 0.0, 3.537453406388919, 0.6700337600006453, 0.0, 1.546413191239288, 0.39910800000016583, 0.0, 0.7950830022001438
73.17000000000162, -49.266737419505155, 0.0, 3.5529573071064853, 0.6740299675006489, 0.0, 1.5543684140448792, 0.40013325000016614, 0.0, 0.7959600658970178
73.18000000000163, -49.25997709609889, 0.0, 3.5685408037560453, 0.6780364200006526, 0.0, 1.562332362718674, 0.4011570000001664, 0.0, 0.7968281780251418
73.19000000000163, -49.25317665700514, 0.0, 3.58420398314892, 0.6820531025006563, 0.0, 1.5703049478105153, 0.40217925000016674, 0.0, 0.7976873516907659
73.20000000000164, -49.24633599999888, 0.0, 3.5999469312025867, 0.6860800000006599, 0.0, 1.5782860800013099, 0.403200000000167, 0.0, 0.7985376000001398
73.21000000000164, -49.239455023005114, 0.0, 3.6157697329419847, 0.6901170975006637, 0.0, 1.5862756701030265, 0.40421925000016723, 0.0, 0.7993789360595138
73.22000000000165, -49.232533624098856, 0.0, 3.6316724725008296, 0.6941643800006676, 0.0, 1.5942736290586963, 0.4052370000001675, 0.0, 0.8002113729751377
73.23000000000165, -49.225571701505096, 0.0, 3.64765523312292, 0.6982218325006713, 0.0, 1.6022798679424122, 0.40625325000016776, 0.0, 0.8010349238532617
73.24000000000166, -49.218569153598835, 0.0, 3.663718097163457, 0.702289440000675, 0.0, 1.6102942979593318, 0.40726800000016805, 0.0, 0.8018496018001358
73.25000000000166, -49.21152587890508, 0.0, 3.6798611460903405, 0.7063671875006788, 0.0, 1.6183168304456734, 0.40828125000016835, 0.0, 0.8026554199220096
73.26000000000167, -49.20444177609882, 0.0, 3.696084460485494, 0.7104550600006826, 0.0, 1.6263473768687178, 0.40929300000016855, 0.0, 0.8034523913251336
73.27000000000167, -49.19731674400506, 0.0, 3.712388120046166, 0.7145530425006864, 0.0, 1.6343858488268093, 0.4103032500001689, 0.0, 0.8042405291157573
73.28000000000168, -49.190150681598794, 0.0, 3.728772203586247, 0.7186611200006903, 0.0, 1.642432158049354, 0.4113120000001691, 0.0, 0.8050198464001312
73.29000000000168, -49.18294348800504, 0.0, 3.745236789037572, 0.7227792775006939, 0.0, 1.6504862163968201, 0.4123192500001694, 0.0, 0.8057903562845051
73.30000000000169, -49.17569506249877, 0.0, 3.7617819534512416, 0.7269075000006977, 0.0, 1.6585479358607391, 0.4133250000001697, 0.0, 0.8065520718751291
73.3100000000017, -49.16840530450501, 0.0, 3.7784077729989196, 0.7310457725007016, 0.0, 1.6666172285637058, 0.4143292500001699, 0.0, 0.807305006278253
73.3200000000017, -49.16107411359875, 0.0, 3.7951143229741597, 0.7351940800007053, 0.0, 1.6746940067593754, 0.4153320000001702, 0.0, 0.808049172600127
73.3300000000017, -49.15370138950499, 0.0, 3.811901677793702, 0.7393524075007093, 0.0, 1.6827781828324668, 0.4163332500001704, 0.0, 0.8087845839470007
73.34000000000171, -49.14628703209873, 0.0, 3.828769910998789, 0.7435207400007132, 0.0, 1.6908696692987613, 0.41733300000017065, 0.0, 0.8095112534251246
73.35000000000171, -49.13883094140497, 0.0, 3.8457190952564795, 0.7476990625007169, 0.0, 1.6989683788051022, 0.41833125000017096, 0.0, 0.8102291941407486
73.36000000000172, -49.131333017598706, 0.0, 3.8627493023609536, 0.7518873600007208, 0.0, 1.707074224129397, 0.4193280000001712, 0.0, 0.8109384192001223
73.37000000000172, -49.12379316100495, 0.0, 3.8798606032348264, 0.7560856175007247, 0.0, 1.7151871181806133, 0.4203232500001715, 0.0, 0.8116389417094962
73.38000000000173, -49.11621127209869, 0.0, 3.8970530679304587, 0.7602938200007284, 0.0, 1.7233069739987827, 0.4213170000001717, 0.0, 0.8123307747751202
73.39000000000173, -49.10858725150492, 0.0, 3.914326765631266, 0.7645119525007325, 0.0, 1.7314337047549988, 0.4223092500001719, 0.0, 0.813013931503244
73.40000000000174, -49.10092099999866, 0.0, 3.931681764653029, 0.7687400000007363, 0.0, 1.7395672237514184, 0.4233000000001722, 0.0, 0.813688425000118
73.41000000000174, -49.093212418504905, 0.0, 3.9491181324452094, 0.7729779475007402, 0.0, 1.74770744442126, 0.4242892500001724, 0.0, 0.8143542683719917
73.42000000000175, -49.08546140809864, 0.0, 3.9666359355922505, 0.777225780000744, 0.0, 1.7558542803288042, 0.4252770000001727, 0.0, 0.8150114747251156
73.43000000000175, -49.07766787000488, 0.0, 3.9842352398148986, 0.781483482500748, 0.0, 1.7640076451693953, 0.42626325000017296, 0.0, 0.8156600571657394
73.44000000000176, -49.06983170559862, 0.0, 4.001916109971506, 0.7857510400007519, 0.0, 1.7721674527694398, 0.4272480000001731, 0.0, 0.8163000288001131
73.45000000000176, -49.061952816404855, 0.0, 4.019678610059347, 0.7900284375007558, 0.0, 1.780333617086406, 0.4282312500001734, 0.0, 0.8169314027344869
73.46000000000177, -49.0540311040986, 0.0, 4.037522803215923, 0.7943156600007597, 0.0, 1.7885060522088254, 0.4292130000001736, 0.0, 0.8175541920751109
73.47000000000178, -49.04606647050483, 0.0, 4.055448751720277, 0.7986126925007636, 0.0, 1.7966846723562915, 0.43019325000017394, 0.0, 0.8181684099282347
73.48000000000178, -49.038058817598575, 0.0, 4.073456516994305, 0.8029195200007675, 0.0, 1.8048693918794605, 0.4311720000001741, 0.0, 0.8187740694001086
73.49000000000179, -49.03000804750481, 0.0, 4.0915461596040625, 0.8072361275007716, 0.0, 1.813060125260052, 0.4321492500001743, 0.0, 0.8193711835969822
73.50000000000179, -49.021914062498546, 0.0, 4.109717739261078, 0.8115625000007755, 0.0, 1.8212567871108463, 0.4331250000001746, 0.0, 0.8199597656251059
73.5100000000018, -49.013776765004785, 0.0, 4.127971314823664, 0.8158986225007794, 0.0, 1.8294592921756874, 0.4340992500001748, 0.0, 0.8205398285907296
73.5200000000018, -49.005596057598524, 0.0, 4.146306944298225, 0.8202444800007834, 0.0, 1.837667555329482, 0.4350720000001751, 0.0, 0.8211113856001033
73.5300000000018, -48.997371843004764, 0.0, 4.164724684840573, 0.8246000575007874, 0.0, 1.8458814915781978, 0.43604325000017524, 0.0, 0.8216744497594772
73.54000000000181, -48.989104024098495, 0.0, 4.1832245927572345, 0.8289653400007915, 0.0, 1.854101016058867, 0.4370130000001754, 0.0, 0.8222290341751008
73.55000000000182, -48.98079250390474, 0.0, 4.201806723506755, 0.8333403125007954, 0.0, 1.8623260440395835, 0.43798125000017574, 0.0, 0.8227751519532246
73.56000000000182, -48.97243718559847, 0.0, 4.220471131701027, 0.8377249600007994, 0.0, 1.870556490919503, 0.4389480000001759, 0.0, 0.8233128162000984
73.57000000000183, -48.96403797250471, 0.0, 4.2392178711065815, 0.8421192675008033, 0.0, 1.8787922722288437, 0.4399132500001762, 0.0, 0.8238420400219721
73.58000000000183, -48.95559476809845, 0.0, 4.258046994645911, 0.8465232200008075, 0.0, 1.8870333036288875, 0.4408770000001764, 0.0, 0.8243628365250959
73.59000000000184, -48.94710747600469, 0.0, 4.2769585543987745, 0.8509368025008115, 0.0, 1.8952795009119792, 0.44183925000017654, 0.0, 0.8248752188157196
73.60000000000184, -48.93857599999843, 0.0, 4.29595260160351, 0.8553600000008154, 0.0, 1.9035307800015229, 0.44280000000017683, 0.0, 0.8253792000000933
73.61000000000185, -48.93000024400467, 0.0, 4.315029186658346, 0.8597927975008196, 0.0, 1.9117870569519892, 0.443759250000177, 0.0, 0.8258747931844671
73.62000000000185, -48.921380112098404, 0.0, 4.3341883591227095, 0.8642351800008236, 0.0, 1.9200482479489087, 0.4447170000001773, 0.0, 0.8263620114750908
73.63000000000186, -48.91271550850464, 0.0, 4.35343016771854, 0.8686871325008276, 0.0, 1.9283142693088746, 0.44567325000017743, 0.0, 0.8268408679782144
73.64000000000186, -48.904006337598375, 0.0, 4.372754660331595, 0.8731486400008317, 0.0, 1.9365850374795441, 0.4466280000001776, 0.0, 0.8273113758000882
73.65000000000187, -48.895252503904615, 0.0, 4.392161884012768, 0.8776196875008357, 0.0, 1.944860469039635, 0.4475812500001779, 0.0, 0.8277735480469619
73.66000000000187, -48.88645391209835, 0.0, 4.41165188497939, 0.88210026000084, 0.0, 1.9531404806989294, 0.44853300000017804, 0.0, 0.8282273978250856
73.67000000000188, -48.87761046700459, 0.0, 4.431224708616552, 0.8865903425008439, 0.0, 1.9614249892982702, 0.4494832500001783, 0.0, 0.8286729382407092
73.68000000000188, -48.86872207359832, 0.0, 4.4508803994784, 0.8910899200008479, 0.0, 1.9697139118095641, 0.45043200000017847, 0.0, 0.8291101824000828
73.69000000000189, -48.85978863700456, 0.0, 4.470619001289465, 0.8955989775008519, 0.0, 1.97800716533578, 0.45137925000017864, 0.0, 0.8295391434094566
73.70000000000189, -48.8508100624983, 0.0, 4.490440556945952, 0.9001175000008562, 0.0, 1.9863046671109494, 0.4523250000001789, 0.0, 0.8299598343750801
73.7100000000019, -48.84178625550453, 0.0, 4.51034510851707, 0.9046454725008604, 0.0, 1.9946063345001654, 0.45326925000017904, 0.0, 0.8303722684032039
73.7200000000019, -48.83271712159827, 0.0, 4.53033269724633, 0.9091828800008644, 0.0, 2.0029120849995845, 0.4542120000001793, 0.0, 0.8307764586000773
73.73000000000191, -48.82360256650451, 0.0, 4.550403363552857, 0.9137297075008685, 0.0, 2.011221836236426, 0.4551532500001795, 0.0, 0.8311724180719509
73.74000000000191, -48.81444249609824, 0.0, 4.570557147032715, 0.9182859400008726, 0.0, 2.0195355059689697, 0.4560930000001796, 0.0, 0.8315601599250746
73.75000000000192, -48.80523681640448, 0.0, 4.5907940864601935, 0.9228515625008769, 0.0, 2.0278530120865605, 0.45703125000017986, 0.0, 0.8319396972656982
73.76000000000192, -48.79598543359821, 0.0, 4.611114219789137, 0.9274265600008809, 0.0, 2.0361742726096046, 0.45796800000018, 0.0, 0.8323110432000718
73.77000000000193, -48.78668825400445, 0.0, 4.631517584154248, 0.932010917500885, 0.0, 2.0444992056895703, 0.4589032500001803, 0.0, 0.8326742108344455
73.78000000000193, -48.77734518409819, 0.0, 4.6520042158724, 0.9366046200008891, 0.0, 2.0528277296089894, 0.4598370000001804, 0.0, 0.8330292132750692
73.79000000000194, -48.76795613050442, 0.0, 4.672574150443945, 0.9412076525008932, 0.0, 2.0611597627814553, 0.46076925000018054, 0.0, 0.8333760636281927
73.80000000000194, -48.75852099999816, 0.0, 4.6932274225540285, 0.9458200000008976, 0.0, 2.0694952237516246, 0.4617000000001808, 0.0, 0.8337147750000663
73.81000000000195, -48.7490396995044, 0.0, 4.7139640660738955, 0.9504416475009018, 0.0, 2.077834031195215, 0.46262925000018096, 0.0, 0.83404536049694
73.82000000000195, -48.73951213609813, 0.0, 4.734784114062206, 0.9550725800009059, 0.0, 2.086176103919009, 0.4635570000001812, 0.0, 0.8343678332250635
73.83000000000196, -48.72993821700437, 0.0, 4.755687598766342, 0.9597127825009102, 0.0, 2.0945213608608504, 0.4644832500001813, 0.0, 0.8346822062906871
73.84000000000196, -48.7203178495981, 0.0, 4.776674551623721, 0.9643622400009143, 0.0, 2.102869721089644, 0.46540800000018145, 0.0, 0.8349884928000606
73.85000000000197, -48.710650941404346, 0.0, 4.797745003263099, 0.9690209375009186, 0.0, 2.1112211038053594, 0.4663312500001817, 0.0, 0.8352867058594342
73.86000000000197, -48.70093740009808, 0.0, 4.818898983505894, 0.9736888600009226, 0.0, 2.1195754283390285, 0.4672530000001819, 0.0, 0.8355768585750579
73.87000000000198, -48.69117713350431, 0.0, 4.840136521367488, 0.9783659925009268, 0.0, 2.1279326141527446, 0.46817325000018206, 0.0, 0.8358589640531814
73.88000000000198, -48.68137004959805, 0.0, 4.861457645058534, 0.9830523200009311, 0.0, 2.1362925808396636, 0.4690920000001822, 0.0, 0.8361330354000549
73.89000000000199, -48.67151605650429, 0.0, 4.882862381986279, 0.9877478275009353, 0.0, 2.1446552481240038, 0.47000925000018234, 0.0, 0.8363990857219286
73.900000000002, -48.66161506249802, 0.0, 4.9043507587558635, 0.9924525000009394, 0.0, 2.1530205358610477, 0.47092500000018256, 0.0, 0.8366571281250521
73.910000000002, -48.65166697600426, 0.0, 4.925922801171637, 0.9971663225009437, 0.0, 2.1613883640371383, 0.4718392500001827, 0.0, 0.8369071757156755
73.920000000002, -48.64167170559799, 0.0, 4.9475785342384695, 1.001889280000948, 0.0, 2.1697586527696826, 0.4727520000001829, 0.0, 0.8371492416000492
73.93000000000201, -48.63162916000422, 0.0, 4.969317982163055, 1.0066213575009524, 0.0, 2.178131322307148, 0.47366325000018306, 0.0, 0.8373833388844227
73.94000000000202, -48.62153924809796, 0.0, 4.991141168355234, 1.0113625400009565, 0.0, 2.186506293029067, 0.47457300000018315, 0.0, 0.837609480675046
73.95000000000202, -48.611401878904196, 0.0, 5.013048115429294, 1.0161128125009609, 0.0, 2.194883485446033, 0.4754812500001834, 0.0, 0.8378276800781694
73.96000000000203, -48.60121696159793, 0.0, 5.0350388452052846, 1.0208721600009651, 0.0, 2.2032628201997015, 0.4763880000001835, 0.0, 0.8380379502000429
73.97000000000203, -48.590984405504166, 0.0, 5.057113378710327, 1.0256405675009694, 0.0, 2.2116442180627924, 0.47729325000018374, 0.0, 0.8382403041469164
73.98000000000204, -48.580704120097906, 0.0, 5.079271736179926, 1.0304180200009738, 0.0, 2.2200275999390864, 0.47819700000018384, 0.0, 0.83843475502504
73.99000000000204, -48.570376015004136, 0.0, 5.101513937059278, 1.035204502500978, 0.0, 2.2284128868634268, 0.47909925000018394, 0.0, 0.8386213159406634
74.00000000000205, -48.55999999999788, 0.0, 5.123840000004582, 1.0400000000009824, 0.0, 2.2368000000017205, 0.48000000000018417, 0.0, 0.8388000000000371
74.01000000000205, -48.549575985004104, 0.0, 5.146249942884356, 1.0448044975009867, 0.0, 2.245188860650936, 0.4808992500001843, 0.0, 0.8389708203094104
74.02000000000206, -48.53910388009784, 0.0, 5.16874378278074, 1.0496179800009908, 0.0, 2.2535793902391044, 0.48179700000018455, 0.0, 0.839133789975034
74.03000000000206, -48.528583595504074, 0.0, 5.191321535990807, 1.054440432500995, 0.0, 2.26197151032532, 0.48269325000018465, 0.0, 0.8392889221031576
74.04000000000207, -48.518015041597806, 0.0, 5.213983218027883, 1.0592718400009997, 0.0, 2.270365142599739, 0.4835880000001847, 0.0, 0.8394362298000309
74.05000000000207, -48.50739812890404, 0.0, 5.236728843622842, 1.0641121875010038, 0.0, 2.27876020888358, 0.48448125000018494, 0.0, 0.8395757261719043
74.06000000000208, -48.49673276809778, 0.0, 5.259558426725436, 1.0689614600010082, 0.0, 2.287156631129123, 0.485373000000185, 0.0, 0.8397074243250278
74.07000000000208, -48.48601887000402, 0.0, 5.2824719805055835, 1.0738196425010125, 0.0, 2.2955543314197135, 0.4862632500001853, 0.0, 0.8398313373656514
74.08000000000209, -48.47525634559775, 0.0, 5.305469517354703, 1.0786867200010166, 0.0, 2.303953231969757, 0.4871520000001853, 0.0, 0.8399474784000247
74.09000000000209, -48.464445106003986, 0.0, 5.328551048887005, 1.083562677501021, 0.0, 2.312353255124723, 0.48803925000018544, 0.0, 0.8400558605343982
74.1000000000021, -48.453585062497716, 0.0, 5.351716585940811, 1.0884475000010256, 0.0, 2.3207543233611414, 0.48892500000018563, 0.0, 0.8401564968750216
74.1100000000021, -48.44267612650395, 0.0, 5.374966138579866, 1.0933411725010298, 0.0, 2.329156359286607, 0.4898092500001857, 0.0, 0.840249400528145
74.12000000000211, -48.43171820959768, 0.0, 5.398299716094645, 1.0982436800010342, 0.0, 2.337559285639775, 0.490692000000186, 0.0, 0.8403345846000183
74.13000000000211, -48.420711223503915, 0.0, 5.4217173270036625, 1.1031550075010386, 0.0, 2.345963025290366, 0.49157325000018604, 0.0, 0.8404120621968919
74.14000000000212, -48.40965508009765, 0.0, 5.44521897905479, 1.1080751400010431, 0.0, 2.3543675012391594, 0.4924530000001861, 0.0, 0.8404818464250152
74.15000000000212, -48.398549691403886, 0.0, 5.468804679226555, 1.1130040625010473, 0.0, 2.362772636617999, 0.4933312500001863, 0.0, 0.8405439503906387
74.16000000000213, -48.38739496959762, 0.0, 5.492474433729469, 1.1179417600010515, 0.0, 2.3711783546897927, 0.4942080000001864, 0.0, 0.8405983872000122
74.17000000000213, -48.37619082700385, 0.0, 5.516228248007318, 1.1228882175010562, 0.0, 2.3795845788485086, 0.4950832500001866, 0.0, 0.8406451699593853
74.18000000000214, -48.36493717609759, 0.0, 5.540066126738488, 1.1278434200010605, 0.0, 2.387991232619177, 0.4959570000001867, 0.0, 0.8406843117750088
74.19000000000214, -48.35363392950382, 0.0, 5.563988073837272, 1.1328073525010651, 0.0, 2.3963982396578922, 0.49682925000018674, 0.0, 0.840715825753132
74.20000000000215, -48.342280999997556, 0.0, 5.587994092455173, 1.1377800000010694, 0.0, 2.4048055237518104, 0.497700000000187, 0.0, 0.8407397250000055
74.21000000000215, -48.33087830050379, 0.0, 5.612084184982229, 1.1427613475010738, 0.0, 2.4132130088191515, 0.49856925000018704, 0.0, 0.8407560226218787
74.22000000000216, -48.31942574409752, 0.0, 5.636258353048309, 1.1477513800010781, 0.0, 2.421620618909194, 0.4994370000001872, 0.0, 0.8407647317250023
74.23000000000216, -48.30792324400375, 0.0, 5.660516597524434, 1.1527500825010828, 0.0, 2.4300282782022844, 0.5003032500001873, 0.0, 0.8407658654156256
74.24000000000217, -48.29637071359748, 0.0, 5.68485891852408, 1.157757440001087, 0.0, 2.438435911009828, 0.5011680000001874, 0.0, 0.8407594367999989
74.25000000000217, -48.28476806640372, 0.0, 5.709285315404497, 1.1627734375010914, 0.0, 2.446843441774293, 0.5020312500001876, 0.0, 0.8407454589843725
74.26000000000218, -48.27311521609745, 0.0, 5.733795786768011, 1.1677980600010958, 0.0, 2.4552507950692113, 0.5028930000001877, 0.0, 0.8407239450749959
74.27000000000218, -48.26141207650369, 0.0, 5.758390330463341, 1.1728312925011004, 0.0, 2.463657895599177, 0.5037532500001878, 0.0, 0.8406949081781191
74.28000000000219, -48.24965856159742, 0.0, 5.783068943586907, 1.177873120001105, 0.0, 2.472064668199845, 0.5046120000001879, 0.0, 0.8406583613999923
74.2900000000022, -48.237854585503655, 0.0, 5.807831622484141, 1.1829235275011094, 0.0, 2.4804710378379347, 0.5054692500001879, 0.0, 0.8406143178468658
74.3000000000022, -48.226000062497384, 0.0, 5.832678362750794, 1.187982500001114, 0.0, 2.4888769296112287, 0.5063250000001881, 0.0, 0.8405627906249891
74.3100000000022, -48.21409490700362, 0.0, 5.857609159234256, 1.1930500225011182, 0.0, 2.4972822687485685, 0.5071792500001882, 0.0, 0.8405037928406123
74.32000000000221, -48.202139033597355, 0.0, 5.882624006034857, 1.1981260800011226, 0.0, 2.505686980609861, 0.5080320000001883, 0.0, 0.8404373375999858
74.33000000000222, -48.190132357003584, 0.0, 5.907722896507181, 1.2032106575011272, 0.0, 2.514090990686076, 0.5088832500001884, 0.0, 0.8403634380093591
74.34000000000222, -48.17807479209731, 0.0, 5.93290582326138, 1.2083037400011318, 0.0, 2.5224942245992445, 0.5097330000001885, 0.0, 0.8402821071749823
74.35000000000223, -48.16596625390355, 0.0, 5.958172778164476, 1.2134053125011361, 0.0, 2.5308966081024606, 0.5105812500001886, 0.0, 0.8401933582031058
74.36000000000223, -48.15380665759728, 0.0, 5.983523752341687, 1.2185153600011407, 0.0, 2.5392980670798786, 0.5114280000001887, 0.0, 0.8400972041999791
74.37000000000224, -48.14159591850351, 0.0, 6.008958736177718, 1.2236338675011451, 0.0, 2.5476985275467174, 0.5122732500001889, 0.0, 0.8399936582718526
74.38000000000224, -48.12933395209725, 0.0, 6.034477719318085, 1.22876082000115, 0.0, 2.556097915649261, 0.5131170000001889, 0.0, 0.8398827335249758
74.39000000000225, -48.117020674003484, 0.0, 6.060080690670425, 1.2338962025011544, 0.0, 2.564496157664851, 0.5139592500001889, 0.0, 0.8397644430655988
74.40000000000225, -48.10465599999721, 0.0, 6.085767638405799, 1.2390400000011588, 0.0, 2.5728931800018944, 0.5148000000001891, 0.0, 0.8396387999999719
74.41000000000226, -48.092239846003444, 0.0, 6.11153854996001, 1.2441921975011634, 0.0, 2.5812889091998596, 0.5156392500001892, 0.0, 0.8395058174343454
74.42000000000226, -48.079772128097176, 0.0, 6.137393412034912, 1.2493527800011677, 0.0, 2.5896832719292773, 0.5164770000001893, 0.0, 0.8393655084749687
74.43000000000227, -48.06725276250341, 0.0, 6.163332210599719, 1.2545217325011724, 0.0, 2.5980761949917426, 0.5173132500001894, 0.0, 0.8392178862280917
74.44000000000227, -48.05468166559714, 0.0, 6.1893549308923115, 1.259699040001177, 0.0, 2.6064676053199105, 0.5181480000001893, 0.0, 0.8390629637999651
74.45000000000228, -48.042058753903376, 0.0, 6.21546155742056, 1.2648846875011817, 0.0, 2.6148574299775005, 0.5189812500001896, 0.0, 0.8389007542968383
74.46000000000228, -48.029383944097106, 0.0, 6.241652073963622, 1.2700786600011862, 0.0, 2.6232455961592938, 0.5198130000001896, 0.0, 0.8387312708249616
74.47000000000229, -48.01665715300333, 0.0, 6.267926463573257, 1.2752809425011906, 0.0, 2.631632031191133, 0.5206432500001897, 0.0, 0.8385545264905849
74.48000000000229, -48.00387829759707, 0.0, 6.294284708575146, 1.280491520001195, 0.0, 2.6400166625299257, 0.5214720000001898, 0.0, 0.8383705343999583
74.4900000000023, -47.99104729500329, 0.0, 6.320726790570187, 1.2857103775011995, 0.0, 2.6483994177636405, 0.5222992500001898, 0.0, 0.8381793076593316
74.5000000000023, -47.97816406249702, 0.0, 6.347252690435812, 1.2909375000012042, 0.0, 2.656780224611308, 0.5231250000001899, 0.0, 0.8379808593749548
74.51000000000231, -47.965228517503256, 0.0, 6.373862388327304, 1.296172872501209, 0.0, 2.6651590109230234, 0.52394925000019, 0.0, 0.8377752026530779
74.52000000000231, -47.95224057759699, 0.0, 6.400555863679102, 1.3014164800012133, 0.0, 2.673535704679941, 0.5247720000001901, 0.0, 0.8375623505999513
74.53000000000232, -47.93920016050322, 0.0, 6.427333095206108, 1.3066683075012182, 0.0, 2.681910233994281, 0.5255932500001901, 0.0, 0.8373423163218243
74.54000000000232, -47.926107184096956, 0.0, 6.454194060905004, 1.3119283400012225, 0.0, 2.690282527109323, 0.5264130000001902, 0.0, 0.8371151129249477
74.55000000000233, -47.91296156640318, 0.0, 6.481138738055558, 1.3171965625012272, 0.0, 2.698652512399414, 0.5272312500001903, 0.0, 0.8368807535155709
74.56000000000233, -47.899763225596914, 0.0, 6.50816710322194, 1.322472960001232, 0.0, 2.707020118369956, 0.5280480000001904, 0.0, 0.8366392511999442
74.57000000000234, -47.88651208000314, 0.0, 6.5352791322540265, 1.3277575175012364, 0.0, 2.7153852736574207, 0.5288632500001905, 0.0, 0.8363906190843174
74.58000000000234, -47.87320804809688, 0.0, 6.562474800288715, 1.333050220001241, 0.0, 2.7237479070293387, 0.5296770000001905, 0.0, 0.8361348702749405
74.59000000000235, -47.85985104850311, 0.0, 6.589754081751236, 1.3383510525012456, 0.0, 2.732107947384303, 0.5304892500001905, 0.0, 0.8358720178780636
74.60000000000235, -47.84644099999684, 0.0, 6.617116950356456, 1.3436600000012504, 0.0, 2.7404653237519714, 0.5313000000001906, 0.0, 0.8356020749999369
74.61000000000236, -47.832977821503064, 0.0, 6.644563379110201, 1.3489770475012548, 0.0, 2.7488199652930607, 0.5321092500001907, 0.0, 0.8353250547468098
74.62000000000236, -47.8194614320968, 0.0, 6.672093340310549, 1.3543021800012593, 0.0, 2.7571718012993536, 0.5329170000001908, 0.0, 0.8350409702249334
74.63000000000237, -47.80589175100303, 0.0, 6.6997068055491615, 1.3596353825012641, 0.0, 2.765520761193693, 0.5337232500001908, 0.0, 0.8347498345405564
74.64000000000237, -47.79226869759676, 0.0, 6.727403745712578, 1.3649766400012688, 0.0, 2.7738667745299854, 0.5345280000001909, 0.0, 0.8344516607999298
74.65000000000238, -47.77859219140299, 0.0, 6.755184130983531, 1.3703259375012735, 0.0, 2.7822097709932008, 0.5353312500001909, 0.0, 0.8341464621093027
74.66000000000238, -47.764862152096725, 0.0, 6.783047930842264, 1.3756832600012783, 0.0, 2.790549680399368, 0.5361330000001909, 0.0, 0.833834251574926
74.67000000000239, -47.75107849950295, 0.0, 6.810995114067832, 1.381048592501283, 0.0, 2.7988864326955825, 0.5369332500001911, 0.0, 0.833515042303049
74.6800000000024, -47.73724115359668, 0.0, 6.839025648739418, 1.3864219200012875, 0.0, 2.8072199579599997, 0.5377320000001911, 0.0, 0.8331888473999224
74.6900000000024, -47.72335003450291, 0.0, 6.867139502237637, 1.3918032275012922, 0.0, 2.815550186401839, 0.538529250000191, 0.0, 0.8328556799717954
74.7000000000024, -47.70940506249664, 0.0, 6.89533664124586, 1.3971925000012968, 0.0, 2.823877048361382, 0.5393250000001912, 0.0, 0.8325155531249188
74.71000000000241, -47.695406158002875, 0.0, 6.92361703175151, 1.4025897225013013, 0.0, 2.832200474309971, 0.5401192500001912, 0.0, 0.8321684799655416
74.72000000000241, -47.6813532415966, 0.0, 6.951980639047379, 1.4079948800013062, 0.0, 2.840520394850014, 0.5409120000001912, 0.0, 0.831814473599915
74.73000000000242, -47.66724623400283, 0.0, 6.980427427732943, 1.413407957501311, 0.0, 2.8488367407149777, 0.5417032500001913, 0.0, 0.8314535471342881
74.74000000000242, -47.65308505609656, 0.0, 7.008957361715658, 1.4188289400013154, 0.0, 2.857149442769395, 0.5424930000001913, 0.0, 0.831085713674911
74.75000000000243, -47.63886962890279, 0.0, 7.037570404212296, 1.4242578125013203, 0.0, 2.865458432008859, 0.5432812500001913, 0.0, 0.8307109863280342
74.76000000000244, -47.62459987359652, 0.0, 7.066266517750221, 1.4296945600013249, 0.0, 2.8737636395600274, 0.5440680000001914, 0.0, 0.830329378199907
74.77000000000244, -47.61027571150275, 0.0, 7.095045664168739, 1.4351391675013296, 0.0, 2.882064996680616, 0.5448532500001915, 0.0, 0.8299409023967805
74.78000000000245, -47.59589706409648, 0.0, 7.1239078046203765, 1.4405916200013342, 0.0, 2.890362434759409, 0.5456370000001914, 0.0, 0.8295455720249035
74.79000000000245, -47.5814638530027, 0.0, 7.152852899572204, 1.446051902501339, 0.0, 2.8986558853162476, 0.5464192500001914, 0.0, 0.829143400190527
74.80000000000246, -47.56697599999644, 0.0, 7.181880908807149, 1.4515200000013437, 0.0, 2.90694528000204, 0.5472000000001915, 0.0, 0.8287343999998996
74.81000000000246, -47.55243342700266, 0.0, 7.210991791425298, 1.4569958975013484, 0.0, 2.915230550598754, 0.5479792500001915, 0.0, 0.8283185845592731
74.82000000000247, -47.537836056096396, 0.0, 7.240185505845217, 1.4624795800013533, 0.0, 2.923511629019421, 0.5487570000001917, 0.0, 0.8278959669748961
74.83000000000247, -47.523183809502626, 0.0, 7.269462009805261, 1.4679710325013577, 0.0, 2.9317884473081355, 0.5495332500001917, 0.0, 0.8274665603530194
74.84000000000248, -47.50847660959636, 0.0, 7.298821260364873, 1.4734702400013626, 0.0, 2.940060937640053, 0.5503080000001916, 0.0, 0.8270303777998922
74.85000000000248, -47.49371437890258, 0.0, 7.328263213905909, 1.4789771875013673, 0.0, 2.948329032321392, 0.5510812500001917, 0.0, 0.8265874324217656
74.86000000000249, -47.47889704009631, 0.0, 7.357787826133938, 1.4844918600013721, 0.0, 2.956592663789434, 0.5518530000001917, 0.0, 0.8261377373248883
74.87000000000249, -47.46402451600254, 0.0, 7.387395052079563, 1.4900142425013767, 0.0, 2.964851764612523, 0.5526232500001917, 0.0, 0.8256813056155118
74.8800000000025, -47.44909672959626, 0.0, 7.417084846099719, 1.4955443200013816, 0.0, 2.9731062674900652, 0.5533920000001917, 0.0, 0.8252181503998847
74.8900000000025, -47.4341136040025, 0.0, 7.446857161878998, 1.5010820775013864, 0.0, 2.9813561052525293, 0.5541592500001917, 0.0, 0.824748284784258
74.9000000000025, -47.41907506249622, 0.0, 7.476711952430941, 1.506627500001391, 0.0, 2.9896012108614465, 0.5549250000001918, 0.0, 0.8242717218748807
74.91000000000251, -47.40398102850245, 0.0, 7.506649170099371, 1.5121805725013957, 0.0, 2.9978415174094106, 0.5556892500001918, 0.0, 0.823788474778004
74.92000000000252, -47.38883142559618, 0.0, 7.536668766559688, 1.5177412800014007, 0.0, 3.006076958120078, 0.5564520000001918, 0.0, 0.8232985565998769
74.93000000000252, -47.37362617750241, 0.0, 7.56677069282018, 1.5233096075014054, 0.0, 3.014307466348167, 0.5572132500001918, 0.0, 0.8228019804467501
74.94000000000253, -47.35836520809614, 0.0, 7.596954899223346, 1.52888554000141, 0.0, 3.0225329755794585, 0.5579730000001918, 0.0, 0.8222987594248731
74.95000000000253, -47.34304844140237, 0.0, 7.627221335447185, 1.5344690625014148, 0.0, 3.030753419430797, 0.5587312500001919, 0.0, 0.8217889066404964
74.96000000000254, -47.327675801596094, 0.0, 7.657569950506537, 1.5400601600014197, 0.0, 3.0389687316500895, 0.5594880000001918, 0.0, 0.8212724351998693
74.97000000000254, -47.31224721300232, 0.0, 7.688000692754361, 1.5456588175014245, 0.0, 3.047178846116303, 0.5602432500001919, 0.0, 0.820749358209242
74.98000000000255, -47.296762600096045, 0.0, 7.71851350988307, 1.5512650200014293, 0.0, 3.0553836968394696, 0.5609970000001918, 0.0, 0.8202196887748653
74.99000000000255, -47.28122188750228, 0.0, 7.749108348925827, 1.556878752501434, 0.0, 3.063583217960684, 0.5617492500001918, 0.0, 0.8196834400029881
75.00000000000256, -47.265624999996, 0.0, 7.7797851562578675, 1.5625000000014388, 0.0, 3.0717773437521005, 0.5625000000001918, 0.0, 0.8191406249998615
75.01000000000256, -47.24997186250223, 0.0, 7.810543877597799, 1.5681287475014436, 0.0, 3.079966008616939, 0.5632492500001919, 0.0, 0.8185912568717345
75.02000000000257, -47.23426240009596, 0.0, 7.841384458008915, 1.5737649800014484, 0.0, 3.088149147089481, 0.5639970000001919, 0.0, 0.8180353487248575
75.03000000000257, -47.218496538002185, 0.0, 7.872306841900514, 1.579408682501453, 0.0, 3.096326693835069, 0.5647432500001919, 0.0, 0.8174729136654804
75.04000000000258, -47.20267420159592, 0.0, 7.903310973029199, 1.585059840001458, 0.0, 3.1044985836501113, 0.5654880000001918, 0.0, 0.8169039647998537
75.05000000000258, -47.18679531640214, 0.0, 7.934396794500191, 1.5907184375014627, 0.0, 3.112664751462075, 0.5662312500001918, 0.0, 0.8163285152342266
75.06000000000259, -47.17085980809587, 0.0, 7.965564248768643, 1.5963844600014678, 0.0, 3.120825132329492, 0.5669730000001918, 0.0, 0.8157465780748496
75.0700000000026, -47.154867602502094, 0.0, 7.996813277640949, 1.6020578925014723, 0.0, 3.128979661441955, 0.5677132500001919, 0.0, 0.8151581664279728
75.0800000000026, -47.13881862559582, 0.0, 8.028143822276052, 1.6077387200014772, 0.0, 3.1371282741201223, 0.5684520000001918, 0.0, 0.8145632933998459
75.0900000000026, -47.122712803502054, 0.0, 8.05955582318676, 1.613426927501482, 0.0, 3.145270905815711, 0.5691892500001917, 0.0, 0.8139619720967187
75.10000000000261, -47.10655006249577, 0.0, 8.09104922024105, 1.6191225000014868, 0.0, 3.153407492111502, 0.5699250000001919, 0.0, 0.813354215624842
75.11000000000261, -47.090330329002, 0.0, 8.122623952663389, 1.624825422501492, 0.0, 3.161537968721341, 0.5706592500001917, 0.0, 0.8127400370904645
75.12000000000262, -47.07405352959573, 0.0, 8.154279959036025, 1.6305356800014965, 0.0, 3.169662271490132, 0.5713920000001917, 0.0, 0.8121194495998378
75.13000000000262, -47.057719591001955, 0.0, 8.186017177300323, 1.6362532575015014, 0.0, 3.1777803363938464, 0.5721232500001917, 0.0, 0.8114924662592107
75.14000000000263, -47.04132844009568, 0.0, 8.217835544758058, 1.6419781400015063, 0.0, 3.1858920995395126, 0.5728530000001917, 0.0, 0.8108591001748338
75.15000000000263, -47.024880003901906, 0.0, 8.249734998072732, 1.6477103125015111, 0.0, 3.1939974971652254, 0.5735812500001918, 0.0, 0.8102193644529567
75.16000000000264, -47.00837420959564, 0.0, 8.281715473270879, 1.6534497600015161, 0.0, 3.202096465640143, 0.5743080000001917, 0.0, 0.8095732721998297
75.17000000000264, -46.99181098450186, 0.0, 8.313776905743385, 1.6591964675015207, 0.0, 3.210188941464481, 0.5750332500001917, 0.0, 0.8089208365217028
75.18000000000265, -46.97519025609559, 0.0, 8.34591923024679, 1.6649504200015257, 0.0, 3.2182748612695224, 0.5757570000001916, 0.0, 0.8082620705248259
75.19000000000266, -46.958511952001814, 0.0, 8.378142380904606, 1.6707116025015307, 0.0, 3.226354161817611, 0.5764792500001915, 0.0, 0.8075969873154486
75.20000000000266, -46.94177599999554, 0.0, 8.410446291208617, 1.6764800000015354, 0.0, 3.234426780002152, 0.5772000000001916, 0.0, 0.8069255999998215
75.21000000000267, -46.92498232800177, 0.0, 8.4428308940202, 1.6822555975015403, 0.0, 3.2424926528476155, 0.5779192500001915, 0.0, 0.8062479216841947
75.22000000000267, -46.9081308640955, 0.0, 8.475296121571642, 1.6880383800015448, 0.0, 3.250551717509531, 0.5786370000001916, 0.0, 0.8055639654748175
75.23000000000268, -46.89122153650172, 0.0, 8.507841905467421, 1.6938283325015502, 0.0, 3.258603911274495, 0.5793532500001914, 0.0, 0.8048737444779406
75.24000000000268, -46.87425427359545, 0.0, 8.540468176685552, 1.699625440001555, 0.0, 3.2666491715601613, 0.5800680000001914, 0.0, 0.8041772717998135
75.25000000000269, -46.85722900390167, 0.0, 8.573174865578874, 1.7054296875015598, 0.0, 3.2746874359152494, 0.5807812500001914, 0.0, 0.8034745605466864
75.26000000000269, -46.840145656095395, 0.0, 8.605961901876375, 1.7112410600015646, 0.0, 3.2827186420195402, 0.5814930000001913, 0.0, 0.8027656238248094
75.2700000000027, -46.82300415900162, 0.0, 8.638829214684485, 1.7170595425015698, 0.0, 3.2907427276838788, 0.5822032500001914, 0.0, 0.8020504747404325
75.2800000000027, -46.80580444159535, 0.0, 8.671776732488409, 1.7228851200015742, 0.0, 3.2987596308501703, 0.5829120000001913, 0.0, 0.8013291263998052
75.2900000000027, -46.78854643300157, 0.0, 8.704804383153425, 1.7287177775015796, 0.0, 3.3067692895913834, 0.5836192500001911, 0.0, 0.8006015919091783
75.30000000000271, -46.7712300624953, 0.0, 8.737912093926187, 1.7345575000015843, 0.0, 3.314771642111549, 0.5843250000001912, 0.0, 0.799867884374801
75.31000000000272, -46.75385525950152, 0.0, 8.771099791436056, 1.7404042725015894, 0.0, 3.3227666267457616, 0.5850292500001911, 0.0, 0.7991280169029243
75.32000000000272, -46.73642195359525, 0.0, 8.804367401696389, 1.7462580800015939, 0.0, 3.330754181960178, 0.5857320000001911, 0.0, 0.7983820025997972
75.33000000000273, -46.71893007450147, 0.0, 8.837714850105868, 1.752118907501599, 0.0, 3.3387342463520167, 0.586433250000191, 0.0, 0.7976298545716702
75.34000000000273, -46.7013795520952, 0.0, 8.871142061449802, 1.757986740001604, 0.0, 3.3467067586495576, 0.5871330000001909, 0.0, 0.7968715859247928
75.35000000000274, -46.68377031640142, 0.0, 8.904648959901431, 1.763861562501609, 0.0, 3.354671657712145, 0.587831250000191, 0.0, 0.796107209765416
75.36000000000274, -46.66610229759515, 0.0, 8.938235469023248, 1.769743360001614, 0.0, 3.3626288825301867, 0.5885280000001909, 0.0, 0.7953367391997888
75.37000000000275, -46.64837542600137, 0.0, 8.971901511768309, 1.7756321175016185, 0.0, 3.3705783722251494, 0.5892232500001908, 0.0, 0.7945601873341621
75.38000000000275, -46.630589632095095, 0.0, 9.005647010481535, 1.781527820001624, 0.0, 3.3785200660495667, 0.5899170000001908, 0.0, 0.7937775672747847
75.39000000000276, -46.61274484650132, 0.0, 9.039471886901032, 1.7874304525016282, 0.0, 3.386453903387028, 0.5906092500001907, 0.0, 0.792988892127908
75.40000000000276, -46.59484099999505, 0.0, 9.07337606215939, 1.7933400000016335, 0.0, 3.394379823752194, 0.5913000000001907, 0.0, 0.7921941749997805
75.41000000000277, -46.576878023501266, 0.0, 9.107359456785009, 1.7992564475016386, 0.0, 3.4022977667907823, 0.5919892500001905, 0.0, 0.7913934289966533
75.42000000000277, -46.558855848095, 0.0, 9.141421990703392, 1.8051797800016434, 0.0, 3.410207672279572, 0.5926770000001905, 0.0, 0.7905866672247766
75.43000000000278, -46.540774405001216, 0.0, 9.175563583238478, 1.8111099825016486, 0.0, 3.41810948012641, 0.5933632500001904, 0.0, 0.7897739027903992
75.44000000000278, -46.52263362559494, 0.0, 9.209784153113931, 1.8170470400016532, 0.0, 3.426003130370201, 0.5940480000001903, 0.0, 0.7889551487997724
75.45000000000279, -46.50443344140117, 0.0, 9.244083618454459, 1.822990937501658, 0.0, 3.433888563180914, 0.5947312500001903, 0.0, 0.7881304183591451
75.4600000000028, -46.486173784094895, 0.0, 9.278461896787132, 1.8289416600016632, 0.0, 3.4417657188595796, 0.5954130000001903, 0.0, 0.7872997245747684
75.4700000000028, -46.467854585501115, 0.0, 9.312918905042674, 1.834899192501668, 0.0, 3.4496345378382927, 0.5960932500001902, 0.0, 0.7864630805528909
75.4800000000028, -46.44947577759484, 0.0, 9.347454559556795, 1.8408635200016734, 0.0, 3.4574949606802083, 0.5967720000001902, 0.0, 0.785620499399764
75.49000000000281, -46.43103729250106, 0.0, 9.382068776071488, 1.846834627501678, 0.0, 3.4653469280795455, 0.59744925000019, 0.0, 0.7847719942216367
75.50000000000281, -46.41253906249479, 0.0, 9.416761469736347, 1.8528125000016828, 0.0, 3.4731903808615865, 0.59812500000019, 0.0, 0.7839175781247597
75.51000000000282, -46.393981020001014, 0.0, 9.45153255510987, 1.8587971225016877, 0.0, 3.4810252599826743, 0.5987992500001899, 0.0, 0.7830572642153824
75.52000000000282, -46.375363097594736, 0.0, 9.486381946160778, 1.864788480001693, 0.0, 3.4888515065302146, 0.5994720000001899, 0.0, 0.7821910655997556
75.53000000000283, -46.356685228000956, 0.0, 9.521309556269316, 1.8707865575016978, 0.0, 3.496669061722677, 0.6001432500001898, 0.0, 0.7813189953841284
75.54000000000283, -46.33794734409469, 0.0, 9.556315298228565, 1.8767913400017027, 0.0, 3.504477866909593, 0.6008130000001896, 0.0, 0.7804410666747514
75.55000000000284, -46.31914937890091, 0.0, 9.591399084245776, 1.882802812501708, 0.0, 3.512277863571556, 0.6014812500001896, 0.0, 0.7795572925778742
75.56000000000284, -46.30029126559463, 0.0, 9.626560825943644, 1.8888209600017127, 0.0, 3.52006899332022, 0.6021480000001894, 0.0, 0.7786676861997474
75.57000000000285, -46.28137293750085, 0.0, 9.661800434361634, 1.8948457675017178, 0.0, 3.5278511978983094, 0.6028132500001894, 0.0, 0.7777722606466198
75.58000000000285, -46.26239432809457, 0.0, 9.697117819957306, 1.9008772200017228, 0.0, 3.535624419179599, 0.6034770000001892, 0.0, 0.776871029024743
75.59000000000286, -46.243355371000796, 0.0, 9.732512892607607, 1.9069153025017276, 0.0, 3.543388599168936, 0.6041392500001892, 0.0, 0.775964004440366
75.60000000000286, -46.224255999994526, 0.0, 9.767985561610185, 1.9129600000017326, 0.0, 3.5511436800022262, 0.6048000000001891, 0.0, 0.7750511999997389
75.61000000000287, -46.20509614900074, 0.0, 9.803535735684711, 1.9190112975017377, 0.0, 3.5588896039464393, 0.605459250000189, 0.0, 0.7741326288091116
75.62000000000288, -46.18587575209447, 0.0, 9.83916332297417, 1.9250691800017428, 0.0, 3.566626313399604, 0.606117000000189, 0.0, 0.7732083039747347
75.63000000000288, -46.166594743500696, 0.0, 9.874868231046182, 1.9311336325017474, 0.0, 3.5743537508908165, 0.6067732500001888, 0.0, 0.772278238602857
75.64000000000289, -46.14725305759441, 0.0, 9.910650366894334, 1.9372046400017524, 0.0, 3.582071859080231, 0.6074280000001887, 0.0, 0.7713424457997298
75.65000000000289, -46.12785062890063, 0.0, 9.946509636939442, 1.9432821875017576, 0.0, 3.589780580759069, 0.6080812500001886, 0.0, 0.7704009386716031
75.6600000000029, -46.10838739209436, 0.0, 9.982445947030909, 1.949366260001763, 0.0, 3.597479858849609, 0.6087330000001885, 0.0, 0.7694537303247255
75.6700000000029, -46.088863282000574, 0.0, 10.018459202448007, 1.955456842501768, 0.0, 3.605169636405197, 0.6093832500001884, 0.0, 0.7685008338653485
75.6800000000029, -46.069278233594304, 0.0, 10.054549307901201, 1.9615539200017729, 0.0, 3.6128498566102363, 0.6100320000001883, 0.0, 0.7675422623997212
75.69000000000291, -46.04963218200052, 0.0, 10.09071616753345, 1.9676574775017774, 0.0, 3.620520462780198, 0.6106792500001882, 0.0, 0.7665780290340942
75.70000000000292, -46.02992506249425, 0.0, 10.12695968492153, 1.9737675000017827, 0.0, 3.6281813983616127, 0.6113250000001882, 0.0, 0.7656081468747175
75.71000000000292, -46.01015681050047, 0.0, 10.163279763077336, 1.979883972501788, 0.0, 3.6358326069320763, 0.611969250000188, 0.0, 0.7646326290278402
75.72000000000293, -45.99032736159419, 0.0, 10.199676304449188, 1.9860068800017927, 0.0, 3.643474032200241, 0.6126120000001879, 0.0, 0.763651488599713
75.73000000000293, -45.970436651500414, 0.0, 10.236149210923152, 1.9921362075017979, 0.0, 3.651105618005828, 0.6132532500001877, 0.0, 0.7626647386965859
75.74000000000294, -45.95048461609413, 0.0, 10.272698383824354, 1.9982719400018027, 0.0, 3.658727308319618, 0.6138930000001876, 0.0, 0.7616723924247084
75.75000000000294, -45.93047119140036, 0.0, 10.309323723918268, 2.0044140625018074, 0.0, 3.6663390472434543, 0.6145312500001876, 0.0, 0.7606744628903315
75.76000000000295, -45.91039631359408, 0.0, 10.346025131412055, 2.0105625600018127, 0.0, 3.6739407790102443, 0.6151680000001873, 0.0, 0.7596709631997042
75.77000000000295, -45.89025991900029, 0.0, 10.382802505955855, 2.016717417501818, 0.0, 3.6815324479839573, 0.6158032500001873, 0.0, 0.7586619064590774
75.78000000000296, -45.87006194409402, 0.0, 10.419655746644098, 2.0228786200018227, 0.0, 3.689113998659622, 0.6164370000001872, 0.0, 0.7576473057746997
75.79000000000296, -45.84980232550024, 0.0, 10.45658475201683, 2.029046152501828, 0.0, 3.6966853756633333, 0.6170692500001871, 0.0, 0.756627174252823
75.80000000000297, -45.82948099999396, 0.0, 10.493589420061006, 2.0352200000018326, 0.0, 3.704246523752248, 0.617700000000187, 0.0, 0.7556015249996958
75.81000000000297, -45.80909790450018, 0.0, 10.53066964821181, 2.0414001475018373, 0.0, 3.7117973878145847, 0.6183292500001869, 0.0, 0.7545703711215688
75.82000000000298, -45.7886529760939, 0.0, 10.567825333353962, 2.047586580001843, 0.0, 3.719337912869625, 0.6189570000001867, 0.0, 0.7535337257246914
75.83000000000298, -45.76814615200012, 0.0, 10.605056371823034, 2.0537792825018477, 0.0, 3.726868044067711, 0.6195832500001865, 0.0, 0.7524916019153145
75.84000000000299, -45.74757736959384, 0.0, 10.642362659406757, 2.059978240001853, 0.0, 3.7343877266902514, 0.6202080000001864, 0.0, 0.7514440127996871
75.85000000000299, -45.726946566400066, 0.0, 10.679744091346322, 2.0661834375018584, 0.0, 3.741896906149713, 0.6208312500001862, 0.0, 0.75039097148406
75.860000000003, -45.70625368009379, 0.0, 10.717200562337709, 2.0723948600018627, 0.0, 3.7493955279896274, 0.6214530000001861, 0.0, 0.7493324910746828
75.870000000003, -45.68549864850001, 0.0, 10.754731966532987, 2.078612492501868, 0.0, 3.7568835378845886, 0.6220732500001861, 0.0, 0.7482685846778055
75.88000000000301, -45.66468140959373, 0.0, 10.792338197541627, 2.084836320001873, 0.0, 3.764360881640254, 0.6226920000001859, 0.0, 0.7471992653996785
75.89000000000301, -45.64380190149995, 0.0, 10.830019148431806, 2.091066327501878, 0.0, 3.771827505193341, 0.6233092500001858, 0.0, 0.7461245463465511
75.90000000000302, -45.622860062493665, 0.0, 10.867774711731736, 2.097302500001883, 0.0, 3.7792833546116302, 0.6239250000001857, 0.0, 0.7450444406246741
75.91000000000302, -45.60185583099989, 0.0, 10.905604779430941, 2.1035448225018882, 0.0, 3.786728376093967, 0.6245392500001854, 0.0, 0.7439589613402964
75.92000000000303, -45.58078914559361, 0.0, 10.943509242981616, 2.1097932800018935, 0.0, 3.7941625159702568, 0.6251520000001853, 0.0, 0.7428681215996695
75.93000000000303, -45.55965994499983, 0.0, 10.98148799329989, 2.116047857501898, 0.0, 3.801585720701467, 0.6257632500001853, 0.0, 0.7417719345090423
75.94000000000304, -45.53846816809355, 0.0, 11.019540920767161, 2.1223085400019035, 0.0, 3.8089979368796327, 0.626373000000185, 0.0, 0.7406704131746653
75.95000000000304, -45.51721375389977, 0.0, 11.057667915231407, 2.1285753125019085, 0.0, 3.8163991112278435, 0.626981250000185, 0.0, 0.7395635707027881
75.96000000000305, -45.49589664159349, 0.0, 11.095868866008491, 2.134848160001914, 0.0, 3.8237891906002575, 0.6275880000001848, 0.0, 0.7384514201996613
75.97000000000305, -45.47451677049971, 0.0, 11.134143661883467, 2.1411270675019187, 0.0, 3.8311681219820937, 0.6281932500001847, 0.0, 0.7373339747715337
75.98000000000306, -45.45307408009344, 0.0, 11.17249219111191, 2.1474120200019238, 0.0, 3.838535852489634, 0.6287970000001846, 0.0, 0.7362112475246565
75.99000000000306, -45.43156850999965, 0.0, 11.210914341421194, 2.1537030025019286, 0.0, 3.8458923293702196, 0.6293992500001844, 0.0, 0.7350832515652792
76.00000000000307, -45.40999999999337, 0.0, 11.249410000011842, 2.1600000000019337, 0.0, 3.85323750000226, 0.6300000000001842, 0.0, 0.7339499999996524
76.01000000000307, -45.38836848999959, 0.0, 11.287979053558802, 2.1663029975019388, 0.0, 3.86057131189522, 0.630599250000184, 0.0, 0.7328115059340249
76.02000000000308, -45.36667392009331, 0.0, 11.326621388212777, 2.1726119800019434, 0.0, 3.8678937126896336, 0.6311970000001839, 0.0, 0.7316677824746483
76.03000000000308, -45.34491623049953, 0.0, 11.365336889601531, 2.178926932501949, 0.0, 3.8752046501570954, 0.6317932500001837, 0.0, 0.7305188427277702
76.04000000000309, -45.323095361593246, 0.0, 11.404125442831198, 2.1852478400019537, 0.0, 3.88250407220026, 0.6323880000001836, 0.0, 0.7293646997996438
76.0500000000031, -45.30121125389947, 0.0, 11.44298693248759, 2.1915746875019595, 0.0, 3.8897919268528462, 0.6329812500001835, 0.0, 0.728205366796516
76.0600000000031, -45.27926384809319, 0.0, 11.481921242637526, 2.1979074600019644, 0.0, 3.897068162279637, 0.6335730000001831, 0.0, 0.7270408568246391
76.0700000000031, -45.257253084999405, 0.0, 11.520928256830112, 2.2042461425019693, 0.0, 3.9043327267764703, 0.634163250000183, 0.0, 0.725871182990262
76.08000000000311, -45.23517890559312, 0.0, 11.560007858098068, 2.2105907200019743, 0.0, 3.9115855687702608, 0.634752000000183, 0.0, 0.7246963583996349
76.09000000000312, -45.213041250999346, 0.0, 11.599159928959057, 2.2169411775019796, 0.0, 3.918826636818972, 0.6353392500001827, 0.0, 0.7235163961590072
76.10000000000312, -45.190840062493066, 0.0, 11.638384351416956, 2.2232975000019843, 0.0, 3.926055879611635, 0.6359250000001826, 0.0, 0.7223313093746297
76.11000000000313, -45.16857528149928, 0.0, 11.677681006963196, 2.2296596725019895, 0.0, 3.9332732459683473, 0.6365092500001823, 0.0, 0.7211411111527533
76.12000000000313, -45.146246849593, 0.0, 11.717049776578065, 2.2360276800019947, 0.0, 3.94047868484026, 0.6370920000001822, 0.0, 0.7199458145996259
76.13000000000314, -45.12385470849922, 0.0, 11.756490540732017, 2.2424015075019996, 0.0, 3.9476721453095958, 0.637673250000182, 0.0, 0.7187454328214987
76.14000000000314, -45.10139880009294, 0.0, 11.796003179386984, 2.248781140002005, 0.0, 3.9548535765896355, 0.6382530000001818, 0.0, 0.7175399789246214
76.15000000000315, -45.07887906639915, 0.0, 11.835587571997687, 2.2551665625020103, 0.0, 3.962022928024721, 0.6388312500001817, 0.0, 0.7163294660152443
76.16000000000315, -45.056295449592874, 0.0, 11.87524359751294, 2.261557760002015, 0.0, 3.96918014909026, 0.6394080000001816, 0.0, 0.7151139071996168
76.17000000000316, -45.033647891999095, 0.0, 11.914971134376973, 2.26795471750202, 0.0, 3.9763251893927203, 0.6399832500001813, 0.0, 0.7138933155839897
76.18000000000316, -45.01093633609281, 0.0, 11.954770060530736, 2.2743574200020253, 0.0, 3.9834579986696346, 0.6405570000001812, 0.0, 0.7126677042746123
76.19000000000317, -44.98816072449903, 0.0, 11.994640253413205, 2.2807658525020305, 0.0, 3.9905785267895966, 0.641129250000181, 0.0, 0.7114370863777354
76.20000000000317, -44.96532099999275, 0.0, 12.034581589962698, 2.287180000002036, 0.0, 3.997686723752259, 0.6417000000001809, 0.0, 0.7102014749996076
76.21000000000318, -44.94241710549897, 0.0, 12.074593946618185, 2.2935998475020405, 0.0, 4.004782539688346, 0.6422692500001805, 0.0, 0.7089608832464809
76.22000000000318, -44.91944898409268, 0.0, 12.114677199320607, 2.3000253800020456, 0.0, 4.011865924859633, 0.6428370000001804, 0.0, 0.7077153242246037
76.23000000000319, -44.896416578998895, 0.0, 12.154831223514167, 2.306456582502051, 0.0, 4.018936829658969, 0.6434032500001803, 0.0, 0.7064648110402266
76.24000000000319, -44.87331983359262, 0.0, 12.19505589414765, 2.312893440002056, 0.0, 4.0259952046102585, 0.64396800000018, 0.0, 0.7052093567995991
76.2500000000032, -44.85015869139884, 0.0, 12.235351085675752, 2.319335937502061, 0.0, 4.033041000368469, 0.6445312500001799, 0.0, 0.7039489746089721
76.2600000000032, -44.82693309609255, 0.0, 12.27571667206036, 2.325784060002066, 0.0, 4.040074167719633, 0.6450930000001797, 0.0, 0.7026836775745943
76.27000000000321, -44.80364299149877, 0.0, 12.316152526771877, 2.332237792502071, 0.0, 4.047094657580842, 0.6456532500001795, 0.0, 0.7014134788027179
76.28000000000321, -44.78028832159249, 0.0, 12.356658522790532, 2.338697120002076, 0.0, 4.054102421000256, 0.6462120000001793, 0.0, 0.7001383913995902
76.29000000000322, -44.7568690304987, 0.0, 12.397234532607698, 2.3451620275020817, 0.0, 4.061097409157092, 0.646769250000179, 0.0, 0.6988584284714631
76.30000000000322, -44.73338506249242, 0.0, 12.43788042822719, 2.351632500002087, 0.0, 4.068079573361629, 0.6473250000001789, 0.0, 0.6975736031245855
76.31000000000323, -44.70983636199864, 0.0, 12.478596081166588, 2.358108522502092, 0.0, 4.075048865055215, 0.6478792500001787, 0.0, 0.6962839284652084
76.32000000000323, -44.68622287359236, 0.0, 12.519381362458525, 2.3645900800020967, 0.0, 4.082005235810254, 0.6484320000001784, 0.0, 0.6949894175995814
76.33000000000324, -44.66254454199858, 0.0, 12.560236142652037, 2.3710771575021017, 0.0, 4.088948637330214, 0.6489832500001783, 0.0, 0.6936900836339541
76.34000000000324, -44.63880131209229, 0.0, 12.601160291813821, 2.377569740002107, 0.0, 4.095879021449627, 0.649533000000178, 0.0, 0.6923859396745772
76.35000000000325, -44.614993128898504, 0.0, 12.642153679529605, 2.384067812502112, 0.0, 4.102796340134088, 0.6500812500001779, 0.0, 0.6910769988276996
76.36000000000325, -44.59111993759222, 0.0, 12.683216174905407, 2.390571360002117, 0.0, 4.109700545480251, 0.6506280000001776, 0.0, 0.6897632741995727
76.37000000000326, -44.56718168349844, 0.0, 12.724347646568868, 2.397080367502122, 0.0, 4.116591589715837, 0.6511732500001775, 0.0, 0.6884447788964452
76.38000000000326, -44.54317831209215, 0.0, 12.765547962670578, 2.403594820002127, 0.0, 4.123469425199623, 0.6517170000001773, 0.0, 0.6871215260245682
76.39000000000327, -44.51910976899837, 0.0, 12.806816990885352, 2.410114702502132, 0.0, 4.130334004421458, 0.652259250000177, 0.0, 0.6857935286901907
76.40000000000327, -44.494975999992086, 0.0, 12.848154598413565, 2.416640000002137, 0.0, 4.137185280002247, 0.6528000000001768, 0.0, 0.6844607999995638
76.41000000000328, -44.4707769509983, 0.0, 12.88956065198246, 2.4231706975021425, 0.0, 4.144023204693957, 0.6533392500001767, 0.0, 0.683123353058936
76.42000000000328, -44.44651256809202, 0.0, 12.931035017847451, 2.4297067800021477, 0.0, 4.1508477313796215, 0.6538770000001763, 0.0, 0.6817812009745593
76.43000000000329, -44.42218279749824, 0.0, 12.972577561793441, 2.4362482325021526, 0.0, 4.15765881307333, 0.6544132500001762, 0.0, 0.680434356852682
76.4400000000033, -44.39778758559195, 0.0, 13.014188149136123, 2.4427950400021583, 0.0, 4.164456402920245, 0.654948000000176, 0.0, 0.6790828337995545
76.4500000000033, -44.37332687889817, 0.0, 13.055866644723302, 2.4493471875021635, 0.0, 4.17124045419658, 0.6554812500001758, 0.0, 0.6777266449214273
76.4600000000033, -44.348800624091886, 0.0, 13.097612912936205, 2.455904660002168, 0.0, 4.178010920309616, 0.6560130000001755, 0.0, 0.6763658033245504
76.47000000000331, -44.3242087679981, 0.0, 13.139426817690774, 2.462467442502173, 0.0, 4.184767754797703, 0.6565432500001752, 0.0, 0.6750003221151726
76.48000000000332, -44.299551257591816, 0.0, 13.181308222439, 2.469035520002178, 0.0, 4.191510911330239, 0.6570720000001751, 0.0, 0.6736302143995462
76.49000000000332, -44.27482803999803, 0.0, 13.223256990170222, 2.475608877502183, 0.0, 4.198240343707699, 0.6575992500001748, 0.0, 0.6722554932839184
76.50000000000333, -44.250039062491744, 0.0, 13.265272983412439, 2.4821875000021882, 0.0, 4.2049560058616136, 0.6581250000001746, 0.0, 0.6708761718745413
76.51000000000333, -44.22518427249796, 0.0, 13.307356064233614, 2.488771372502194, 0.0, 4.211657851854573, 0.6586492500001744, 0.0, 0.6694922632776636
76.52000000000334, -44.20026361759168, 0.0, 13.349506094243, 2.4953604800021987, 0.0, 4.218345835880235, 0.6591720000001741, 0.0, 0.6681037805995371
76.53000000000334, -44.17527704549789, 0.0, 13.39172293459244, 2.501954807502204, 0.0, 4.2250199122633205, 0.659693250000174, 0.0, 0.6667107369464097
76.54000000000335, -44.150224504091604, 0.0, 13.434006445977671, 2.508554340002209, 0.0, 4.231680035459608, 0.6602130000001736, 0.0, 0.6653131454245322
76.55000000000335, -44.12510594139782, 0.0, 13.476356488639663, 2.5151590625022138, 0.0, 4.238326160055942, 0.6607312500001734, 0.0, 0.6639110191401554
76.56000000000336, -44.09992130559154, 0.0, 13.51877292236588, 2.5217689600022193, 0.0, 4.244958240770231, 0.6612480000001731, 0.0, 0.6625043711995277
76.57000000000336, -44.07467054499775, 0.0, 13.56125560649165, 2.528384017502224, 0.0, 4.25157623245144, 0.6617632500001729, 0.0, 0.6610932147089009
76.58000000000337, -44.04935360809147, 0.0, 13.603804399901428, 2.5350042200022296, 0.0, 4.258180090079603, 0.6622770000001728, 0.0, 0.6596775627745229
76.59000000000337, -44.02397044349768, 0.0, 13.646419161030133, 2.541629552502235, 0.0, 4.264769768765813, 0.6627892500001724, 0.0, 0.6582574285026459
76.60000000000338, -43.99852099999139, 0.0, 13.689099747864443, 2.5482600000022395, 0.0, 4.271345223752223, 0.6633000000001723, 0.0, 0.6568328249995189
76.61000000000338, -43.97300522649761, 0.0, 13.731846017944116, 2.5548955475022446, 0.0, 4.277906410412059, 0.663809250000172, 0.0, 0.6554037653713919
76.62000000000339, -43.947423072091325, 0.0, 13.774657828363303, 2.56153618000225, 0.0, 4.284453284249596, 0.6643170000001717, 0.0, 0.6539702627245141
76.63000000000339, -43.92177448599754, 0.0, 13.817535035771847, 2.568181882502255, 0.0, 4.290985800900181, 0.6648232500001715, 0.0, 0.6525323301651372
76.6400000000034, -43.89605941759125, 0.0, 13.860477496376603, 2.57483264000226, 0.0, 4.297503916130219, 0.6653280000001712, 0.0, 0.6510899807995101
76.6500000000034, -43.87027781639747, 0.0, 13.903485065942741, 2.5814884375022653, 0.0, 4.304007585837177, 0.665831250000171, 0.0, 0.6496432277338826
76.66000000000341, -43.844429632091185, 0.0, 13.946557599795062, 2.588149260002271, 0.0, 4.31049676604959, 0.6663330000001707, 0.0, 0.648192084074505
76.67000000000341, -43.8185148144974, 0.0, 13.989694952819312, 2.594815092502275, 0.0, 4.31697141292705, 0.6668332500001704, 0.0, 0.6467365629276285
76.68000000000342, -43.79253331359111, 0.0, 14.03289697946348, 2.601485920002281, 0.0, 4.323431482760213, 0.6673320000001701, 0.0, 0.6452766773995006
76.69000000000342, -43.76648507949733, 0.0, 14.076163533739134, 2.6081617275022855, 0.0, 4.329876931970797, 0.6678292500001701, 0.0, 0.6438124405963742
76.70000000000343, -43.74037006249104, 0.0, 14.119494469222694, 2.6148425000022906, 0.0, 4.336307717111583, 0.6683250000001697, 0.0, 0.6423438656244965
76.71000000000343, -43.71418821299725, 0.0, 14.162889639056775, 2.621528222502296, 0.0, 4.3427237948664175, 0.6688192500001694, 0.0, 0.6408709655901194
76.72000000000344, -43.68793948159096, 0.0, 14.206348895951482, 2.628218880002301, 0.0, 4.349125122050206, 0.6693120000001691, 0.0, 0.6393937535994917
76.73000000000344, -43.66162381899718, 0.0, 14.249872092185727, 2.634914457502306, 0.0, 4.3555116556089155, 0.6698032500001687, 0.0, 0.6379122427588646
76.74000000000345, -43.635241176090894, 0.0, 14.293459079608532, 2.6416149400023112, 0.0, 4.361883352619577, 0.6702930000001688, 0.0, 0.6364264461744873
76.75000000000345, -43.60879150389711, 0.0, 14.337109709640348, 2.648320312502316, 0.0, 4.368240170290286, 0.6707812500001684, 0.0, 0.6349363769526103
76.76000000000346, -43.582274753590816, 0.0, 14.380823833274365, 2.6550305600023214, 0.0, 4.3745820659601975, 0.6712680000001681, 0.0, 0.6334420481994829
76.77000000000346, -43.55569087649703, 0.0, 14.424601301077814, 2.6617456675023266, 0.0, 4.380908997099533, 0.6717532500001677, 0.0, 0.6319434730213552
76.78000000000347, -43.529039824090745, 0.0, 14.46844196319329, 2.668465620002332, 0.0, 4.387220921309569, 0.6722370000001674, 0.0, 0.6304406645244784
76.79000000000347, -43.50232154799696, 0.0, 14.512345669340045, 2.675190402502337, 0.0, 4.393517796322653, 0.6727192500001673, 0.0, 0.628933635815101
76.80000000000348, -43.47553599999067, 0.0, 14.556312268815326, 2.681920000002342, 0.0, 4.39979958000219, 0.673200000000167, 0.0, 0.6274223999994742
76.81000000000348, -43.44868313199688, 0.0, 14.600341610495656, 2.688654397502347, 0.0, 4.40606623034265, 0.6736792500001667, 0.0, 0.6259069701838468
76.82000000000349, -43.4217628960906, 0.0, 14.644433542838165, 2.695393580002352, 0.0, 4.412317705469562, 0.6741570000001664, 0.0, 0.6243873594744694
76.8300000000035, -43.394775244496806, 0.0, 14.688587913881888, 2.7021375325023573, 0.0, 4.4185539636395195, 0.674633250000166, 0.0, 0.6228635809775922
76.8400000000035, -43.367720129590516, 0.0, 14.732804571249087, 2.7088862400023626, 0.0, 4.424774963240182, 0.6751080000001659, 0.0, 0.6213356477994653
76.8500000000035, -43.34059750389673, 0.0, 14.777083362146554, 2.715639687502368, 0.0, 4.430980662790266, 0.6755812500001657, 0.0, 0.6198035730463376
76.86000000000351, -43.31340732009044, 0.0, 14.821424133366921, 2.7223978600023724, 0.0, 4.4371710209395525, 0.6760530000001653, 0.0, 0.618267369824461
76.87000000000351, -43.28614953099666, 0.0, 14.865826731289976, 2.7291607425023776, 0.0, 4.443345996468886, 0.676523250000165, 0.0, 0.6167270512400834
76.88000000000352, -43.25882408959037, 0.0, 14.910291001883968, 2.735928320002383, 0.0, 4.449505548290173, 0.6769920000001646, 0.0, 0.615182630399456
76.89000000000352, -43.23143094899658, 0.0, 14.954816790706927, 2.7427005775023874, 0.0, 4.45564963544638, 0.6774592500001646, 0.0, 0.6136341204088291
76.90000000000353, -43.20397006249029, 0.0, 14.999403942907954, 2.749477500002393, 0.0, 4.4617782171115445, 0.6779250000001642, 0.0, 0.6120815343744517
76.91000000000354, -43.17644138349651, 0.0, 15.044052303228565, 2.7562590725023983, 0.0, 4.467891252590752, 0.6783892500001638, 0.0, 0.610524885402574
76.92000000000354, -43.14884486559021, 0.0, 15.088761716003974, 2.7630452800024035, 0.0, 4.473988701320163, 0.6788520000001635, 0.0, 0.6089641865994477
76.93000000000355, -43.12118046249643, 0.0, 15.133532025164392, 2.7698361075024085, 0.0, 4.480070522866997, 0.6793132500001632, 0.0, 0.6073994510713201
76.94000000000355, -43.093448128090145, 0.0, 15.178363074236394, 2.7766315400024135, 0.0, 4.486136676929533, 0.679773000000163, 0.0, 0.605830691924443
76.95000000000356, -43.06564781639636, 0.0, 15.223254706344168, 2.783431562502418, 0.0, 4.492187123337116, 0.6802312500001627, 0.0, 0.6042579222650657
76.96000000000356, -43.037779481590064, 0.0, 15.268206764210856, 2.7902361600024235, 0.0, 4.4982218220501515, 0.6806880000001624, 0.0, 0.6026811551994388
76.97000000000357, -43.00984307799628, 0.0, 15.313219090159855, 2.797045317502429, 0.0, 4.504240733160113, 0.681143250000162, 0.0, 0.6011004038338109
76.98000000000357, -42.98183856008999, 0.0, 15.358291526116156, 2.8038590200024336, 0.0, 4.510243816889522, 0.6815970000001617, 0.0, 0.5995156812744342
76.99000000000358, -42.9537658824962, 0.0, 15.40342391360759, 2.8106772525024386, 0.0, 4.516231033591981, 0.6820492500001616, 0.0, 0.597927000627557
77.00000000000358, -42.92562499998991, 0.0, 15.448616093766217, 2.817500000002444, 0.0, 4.5222023437521415, 0.6825000000001612, 0.0, 0.5963343749994294
77.01000000000359, -42.89741586749612, 0.0, 15.49386790732958, 2.8243272475024495, 0.0, 4.528157707985726, 0.6829492500001608, 0.0, 0.594737817496302
77.02000000000359, -42.869138440089834, 0.0, 15.53917919464203, 2.831158980002454, 0.0, 4.534097087039512, 0.6833970000001606, 0.0, 0.5931373412244249
77.0300000000036, -42.840792672996045, 0.0, 15.58454979565606, 2.8379951825024596, 0.0, 4.540020441791345, 0.6838432500001601, 0.0, 0.591532959290048
77.0400000000036, -42.81237852158975, 0.0, 15.629979549933582, 2.8448358400024647, 0.0, 4.545927733250132, 0.68428800000016, 0.0, 0.5899246847994202
77.0500000000036, -42.78389594139596, 0.0, 15.675468296647251, 2.8516809375024694, 0.0, 4.55181892255584, 0.6847312500001597, 0.0, 0.5883125308587934
77.06000000000361, -42.75534488808968, 0.0, 15.721015874581786, 2.8585304600024743, 0.0, 4.557693970979501, 0.6851730000001592, 0.0, 0.5866965105744162
77.07000000000362, -42.726725317495884, 0.0, 15.766622122135274, 2.8653843925024796, 0.0, 4.563552839923209, 0.6856132500001589, 0.0, 0.5850766370525391
77.08000000000362, -42.6980371855896, 0.0, 15.812286877320464, 2.872242720002485, 0.0, 4.56939549092012, 0.6860520000001585, 0.0, 0.5834529233994112
77.09000000000363, -42.66928044849581, 0.0, 15.858009977766097, 2.87910542750249, 0.0, 4.575221885634454, 0.6864892500001585, 0.0, 0.5818253827212846
77.10000000000363, -42.640455062489515, 0.0, 15.903791260718226, 2.885972500002495, 0.0, 4.58103198586149, 0.6869250000001581, 0.0, 0.5801940281244068
77.11000000000364, -42.61156098399573, 0.0, 15.94963056304149, 2.8928439225025, 0.0, 4.586825753527574, 0.6873592500001577, 0.0, 0.5785588727150298
77.12000000000364, -42.58259816958943, 0.0, 15.995527721220464, 2.8997196800025056, 0.0, 4.59260315069011, 0.6877920000001574, 0.0, 0.5769199295994026
77.13000000000365, -42.55356657599565, 0.0, 16.04148257136094, 2.906599757502511, 0.0, 4.598364139537569, 0.6882232500001569, 0.0, 0.5752772118837755
77.14000000000365, -42.52446616008936, 0.0, 16.087494949191264, 2.9134841400025153, 0.0, 4.6041086823894775, 0.6886530000001568, 0.0, 0.5736307326743983
77.15000000000366, -42.49529687889557, 0.0, 16.13356469006361, 2.9203728125025203, 0.0, 4.6098367416964345, 0.6890812500001564, 0.0, 0.5719805050775213
77.16000000000366, -42.466058689589275, 0.0, 16.179691628955347, 2.9272657600025256, 0.0, 4.615548280040095, 0.6895080000001561, 0.0, 0.5703265421993938
77.17000000000367, -42.43675154949548, 0.0, 16.225875600470275, 2.934162967502531, 0.0, 4.62124326013318, 0.6899332500001556, 0.0, 0.5686688571462665
77.18000000000367, -42.407375416089195, 0.0, 16.27211643884002, 2.941064420002536, 0.0, 4.626921644819466, 0.6903570000001553, 0.0, 0.5670074630243892
77.19000000000368, -42.37793024699541, 0.0, 16.31841397792526, 2.947970102502541, 0.0, 4.632583397073796, 0.6907792500001552, 0.0, 0.5653423729400124
77.20000000000368, -42.348415999989115, 0.0, 16.36476805121711, 2.9548800000025457, 0.0, 4.638228480002081, 0.6912000000001548, 0.0, 0.5636735999993853
77.21000000000369, -42.318832632995324, 0.0, 16.411178491838374, 2.961794097502551, 0.0, 4.643856856841291, 0.6916192500001543, 0.0, 0.5620011573087577
77.2200000000037, -42.289180104089034, 0.0, 16.4576451325449, 2.9687123800025566, 0.0, 4.6494684909594515, 0.692037000000154, 0.0, 0.5603250579743807
77.2300000000037, -42.25945837149524, 0.0, 16.504167805726855, 2.975634832502561, 0.0, 4.655063345855661, 0.6924532500001537, 0.0, 0.5586453151025031
77.2400000000037, -42.229667393588954, 0.0, 16.550746343410072, 2.982561440002566, 0.0, 4.660641385160069, 0.6928680000001535, 0.0, 0.5569619417993763
77.25000000000371, -42.19980712889516, 0.0, 16.59738057725732, 2.9894921875025715, 0.0, 4.666202572633904, 0.6932812500001531, 0.0, 0.5552749511712489
77.26000000000371, -42.16987753608887, 0.0, 16.644070338569655, 2.9964270600025764, 0.0, 4.671746872169438, 0.6936930000001527, 0.0, 0.5535843563243718
77.27000000000372, -42.139878573995084, 0.0, 16.690815458287695, 3.0033660425025817, 0.0, 4.67727424779002, 0.6941032500001523, 0.0, 0.5518901703649945
77.28000000000372, -42.10981020158879, 0.0, 16.73761576699295, 3.0103091200025864, 0.0, 4.682784663650058, 0.6945120000001519, 0.0, 0.5501924063993674
77.29000000000373, -42.079672377995, 0.0, 16.784471094909147, 3.017256277502592, 0.0, 4.688278084035014, 0.6949192500001518, 0.0, 0.54849107753374
77.30000000000373, -42.04946506248871, 0.0, 16.831381271903492, 3.0242075000025967, 0.0, 4.693754473361423, 0.6953250000001513, 0.0, 0.546786196874363
77.31000000000374, -42.01918821449492, 0.0, 16.878346127488037, 3.0311627725026016, 0.0, 4.699213796176879, 0.695729250000151, 0.0, 0.5450777775274857
77.32000000000374, -41.98884179358863, 0.0, 16.925365490820955, 3.038122080002607, 0.0, 4.704656017160044, 0.6961320000001505, 0.0, 0.5433658325993588
77.33000000000375, -41.95842575949483, 0.0, 16.972439190707863, 3.0450854075026124, 0.0, 4.710081101120625, 0.6965332500001501, 0.0, 0.5416503751962312
77.34000000000376, -41.92794007208854, 0.0, 17.01956705560313, 3.0520527400026167, 0.0, 4.715489012999411, 0.6969330000001499, 0.0, 0.5399314184243544
77.35000000000376, -41.89738469139475, 0.0, 17.066748913611182, 3.0590240625026217, 0.0, 4.720879717868243, 0.6973312500001496, 0.0, 0.5382089753899768
77.36000000000377, -41.866759577588454, 0.0, 17.113984592487835, 3.0659993600026265, 0.0, 4.726253180930027, 0.6977280000001491, 0.0, 0.5364830591993498
77.37000000000377, -41.83606469099467, 0.0, 17.161273919641577, 3.072978617502632, 0.0, 4.731609367518736, 0.6981232500001487, 0.0, 0.5347536829587224
77.38000000000378, -41.80529999208837, 0.0, 17.208616722134888, 3.079961820002637, 0.0, 4.736948243099394, 0.6985170000001484, 0.0, 0.5330208597743455
77.39000000000378, -41.774465441494584, 0.0, 17.256012826685556, 3.086948952502642, 0.0, 4.742269773268101, 0.6989092500001481, 0.0, 0.5312846027524682
77.40000000000379, -41.74356099998829, 0.0, 17.303462059667996, 3.0939400000026476, 0.0, 4.747573923752012, 0.6993000000001477, 0.0, 0.529544924999341
77.41000000000379, -41.7125866284945, 0.0, 17.35096424711454, 3.1009349475026524, 0.0, 4.752860660409344, 0.6996892500001473, 0.0, 0.5278018396212139
77.4200000000038, -41.6815422880882, 0.0, 17.39851921471676, 3.1079337800026576, 0.0, 4.75812994922938, 0.7000770000001468, 0.0, 0.5260553597243368
77.4300000000038, -41.65042793999441, 0.0, 17.446126787826774, 3.114936482502662, 0.0, 4.763381756332461, 0.7004632500001464, 0.0, 0.5243054984149598
77.4400000000038, -41.61924354558812, 0.0, 17.493786791458565, 3.1219430400026678, 0.0, 4.7686160479699975, 0.7008480000001462, 0.0, 0.522552268799332
77.45000000000381, -41.58798906639433, 0.0, 17.541499050289264, 3.1289534375026733, 0.0, 4.7738327905244535, 0.7012312500001459, 0.0, 0.520795683983705
77.46000000000382, -41.55666446408804, 0.0, 17.589263388660516, 3.1359676600026773, 0.0, 4.779031950509365, 0.7016130000001455, 0.0, 0.5190357570743273
77.47000000000382, -41.525269700494235, 0.0, 17.637079630579734, 3.142985692502683, 0.0, 4.784213494569322, 0.7019932500001449, 0.0, 0.5172725011774506
77.48000000000383, -41.49380473758795, 0.0, 17.684947599721436, 3.1500075200026876, 0.0, 4.789377389479981, 0.7023720000001445, 0.0, 0.5155059293993234
77.49000000000383, -41.46226953749416, 0.0, 17.732867119428562, 3.157033127502693, 0.0, 4.794523602148063, 0.7027492500001444, 0.0, 0.5137360548461963
77.50000000000384, -41.43066406248786, 0.0, 17.780838012713758, 3.164062500002698, 0.0, 4.799652099611346, 0.7031250000001439, 0.0, 0.5119628906243189
77.51000000000384, -41.39898827499407, 0.0, 17.828860102260705, 3.171095622502702, 0.0, 4.80476284903868, 0.7034992500001436, 0.0, 0.5101864498399423
77.52000000000385, -41.36724213758777, 0.0, 17.876933210425438, 3.1781324800027075, 0.0, 4.809855817729963, 0.703872000000143, 0.0, 0.5084067455993146
77.53000000000385, -41.33542561299398, 0.0, 17.925057159237657, 3.1851730575027126, 0.0, 4.814930973116169, 0.7042432500001427, 0.0, 0.5066237910086877
77.54000000000386, -41.30353866408768, 0.0, 17.973231770401988, 3.192217340002718, 0.0, 4.81998828275933, 0.7046130000001425, 0.0, 0.5048375991743106
77.55000000000386, -41.27158125389389, 0.0, 18.02145686529938, 3.1992653125027237, 0.0, 4.825027714352537, 0.704981250000142, 0.0, 0.5030481832024335
77.56000000000387, -41.2395533455876, 0.0, 18.06973226498832, 3.2063169600027277, 0.0, 4.8300492357199465, 0.7053480000001415, 0.0, 0.5012555561993063
77.57000000000387, -41.20745490249381, 0.0, 18.118057790206247, 3.2133722675027325, 0.0, 4.835052814816777, 0.7057132500001412, 0.0, 0.4994597312711795
77.58000000000388, -41.175285888087515, 0.0, 18.16643326137075, 3.2204312200027374, 0.0, 4.840038419729312, 0.7060770000001407, 0.0, 0.4976607215243021
77.59000000000388, -41.14304626599372, 0.0, 18.214858498580973, 3.2274938025027433, 0.0, 4.845006018674894, 0.7064392500001404, 0.0, 0.4958585400649247
77.60000000000389, -41.110735999987426, 0.0, 18.26333332161888, 3.2345600000027486, 0.0, 4.8499555800019305, 0.70680000000014, 0.0, 0.4940531999992974
77.6100000000039, -41.078355053993626, 0.0, 18.31185754995058, 3.2416297975027533, 0.0, 4.854887072189884, 0.7071592500001396, 0.0, 0.4922447144336708
77.6200000000039, -41.04590339208734, 0.0, 18.360431002727623, 3.2487031800027584, 0.0, 4.859800463849293, 0.7075170000001392, 0.0, 0.4904330964742937
77.6300000000039, -41.01338097849354, 0.0, 18.409053498788317, 3.2557801325027635, 0.0, 4.864695723721751, 0.7078732500001387, 0.0, 0.4886183592274166
77.64000000000391, -40.98078777758725, 0.0, 18.457724856659045, 3.262860640002768, 0.0, 4.869572820679909, 0.7082280000001385, 0.0, 0.4868005157992892
77.65000000000391, -40.948123753893455, 0.0, 18.506444894555575, 3.2699446875027736, 0.0, 4.874431723727491, 0.708581250000138, 0.0, 0.4849795792961621
77.66000000000392, -40.915388872087156, 0.0, 18.555213430384377, 3.2770322600027786, 0.0, 4.879272401999278, 0.7089330000001376, 0.0, 0.48315556282428485
77.67000000000392, -40.882583096993365, 0.0, 18.6040302817439, 3.284123342502783, 0.0, 4.884094824761108, 0.7092832500001371, 0.0, 0.4813284794899072
77.68000000000393, -40.84970639358707, 0.0, 18.652895265925924, 3.2912179200027882, 0.0, 4.888898961409893, 0.7096320000001366, 0.0, 0.47949834239928046
77.69000000000393, -40.81675872699328, 0.0, 18.70180819991685, 3.298315977502794, 0.0, 4.893684781473597, 0.7099792500001364, 0.0, 0.47766516465865294
77.70000000000394, -40.78374006248698, 0.0, 18.75076890039901, 3.3054175000027985, 0.0, 4.898452254611256, 0.710325000000136, 0.0, 0.4758289593742763
77.71000000000394, -40.750650365493186, 0.0, 18.799777183751992, 3.3125224725028035, 0.0, 4.903201350612962, 0.7106692500001355, 0.0, 0.4739897396523989
77.72000000000395, -40.71748960158689, 0.0, 18.848832866053925, 3.3196308800028076, 0.0, 4.907932039399872, 0.7110120000001351, 0.0, 0.4721475185992725
77.73000000000395, -40.684257736493095, 0.0, 18.897935763082813, 3.3267427075028135, 0.0, 4.912644291024203, 0.7113532500001346, 0.0, 0.4703023093211447
77.74000000000396, -40.650954736086796, 0.0, 18.94708569031785, 3.333857940002818, 0.0, 4.917338075669237, 0.7116930000001344, 0.0, 0.46845412492426797
77.75000000000396, -40.61758056639301, 0.0, 18.99628246294068, 3.3409765625028234, 0.0, 4.922013363649318, 0.7120312500001339, 0.0, 0.4666029785148904
77.76000000000397, -40.58413519358671, 0.0, 19.045525895836803, 3.348098560002828, 0.0, 4.926670125409853, 0.7123680000001333, 0.0, 0.4647488831992632
77.77000000000398, -40.550618583992915, 0.0, 19.09481580359677, 3.355223917502833, 0.0, 4.931308331527311, 0.7127032500001329, 0.0, 0.46289185208363626
77.78000000000398, -40.51703070408662, 0.0, 19.1441520005176, 3.3623526200028375, 0.0, 4.935927952709216, 0.7130370000001325, 0.0, 0.4610318982742596
77.79000000000399, -40.483371520492824, 0.0, 19.193534300604007, 3.3694846525028432, 0.0, 4.9405289597941735, 0.7133692500001323, 0.0, 0.45916903487738225
77.80000000000399, -40.44964099998653, 0.0, 19.242962517569758, 3.3766200000028475, 0.0, 4.94511132375183, 0.7137000000001318, 0.0, 0.4573032749992556
77.810000000004, -40.41583910949273, 0.0, 19.292436464838985, 3.3837586475028525, 0.0, 4.949675015682914, 0.7140292500001313, 0.0, 0.45543463174612797
77.820000000004, -40.381965816086435, 0.0, 19.341955955547476, 3.3909005800028575, 0.0, 4.954220006819195, 0.7143570000001308, 0.0, 0.45356311822425077
77.830000000004, -40.34802108699264, 0.0, 19.39152080254397, 3.3980457825028627, 0.0, 4.958746268523528, 0.7146832500001303, 0.0, 0.4516887475398741
77.84000000000401, -40.31400488958634, 0.0, 19.441130818391525, 3.405194240002868, 0.0, 4.963253772289813, 0.71500800000013, 0.0, 0.4498115327992471
77.85000000000402, -40.27991719139255, 0.0, 19.490785815368756, 3.412345937502873, 0.0, 4.967742489743016, 0.7153312500001296, 0.0, 0.44793148710861974
77.86000000000402, -40.245757960086245, 0.0, 19.540485605471222, 3.419500860002878, 0.0, 4.972212392639176, 0.7156530000001291, 0.0, 0.4460486235742427
77.87000000000403, -40.211527163492455, 0.0, 19.59023000041268, 3.4266589925028828, 0.0, 4.976663452865382, 0.7159732500001286, 0.0, 0.4441629553023656
77.88000000000403, -40.177224769586154, 0.0, 19.640018811626394, 3.433820320002887, 0.0, 4.98109564243979, 0.716292000000128, 0.0, 0.4422744953992379
77.89000000000404, -40.142850746492364, 0.0, 19.6898518502665, 3.4409848275028927, 0.0, 4.985508933511621, 0.7166092500001279, 0.0, 0.4403832569711117
77.90000000000404, -40.108405062486064, 0.0, 19.739728927209256, 3.448152500002898, 0.0, 4.989903298361158, 0.7169250000001274, 0.0, 0.4384892531242337
77.91000000000405, -40.07388768599227, 0.0, 19.789649853054392, 3.455323322502903, 0.0, 4.994278709399735, 0.7172392500001269, 0.0, 0.43659249696485714
77.92000000000405, -40.039298585585975, 0.0, 19.839614438126393, 3.462497280002907, 0.0, 4.998635139169769, 0.7175520000001263, 0.0, 0.4346930015992294
77.93000000000406, -40.004637729992176, 0.0, 19.889622492475837, 3.469674357502912, 0.0, 5.002972560344725, 0.7178632500001259, 0.0, 0.43279078013360284
77.94000000000406, -39.96990508808588, 0.0, 19.93967382588069, 3.4768545400029174, 0.0, 5.007290945729135, 0.7181730000001256, 0.0, 0.4308858456742253
77.95000000000407, -39.93510062889208, 0.0, 19.989768247847607, 3.484037812502922, 0.0, 5.011590268258589, 0.7184812500001252, 0.0, 0.4289782113273488
77.96000000000407, -39.90022432158578, 0.0, 20.039905567613275, 3.4912241600029272, 0.0, 5.015870500999747, 0.7187880000001245, 0.0, 0.42706789019922153
77.97000000000408, -39.86527613549199, 0.0, 20.09008559414567, 3.4984135675029315, 0.0, 5.020131617150327, 0.7190932500001241, 0.0, 0.4251548953960944
77.98000000000408, -39.83025604008569, 0.0, 20.140308136145443, 3.5056060200029364, 0.0, 5.0243735900391115, 0.7193970000001236, 0.0, 0.42323924002421687
77.99000000000409, -39.79516400499189, 0.0, 20.19057300204715, 3.512801502502942, 0.0, 5.02859639312594, 0.7196992500001234, 0.0, 0.421320937189841
78.00000000000409, -39.759999999985595, 0.0, 20.240880000020624, 3.5200000000029474, 0.0, 5.032800000001723, 0.7200000000001229, 0.0, 0.4193999999992135
78.0100000000041, -39.7247639949918, 0.0, 20.29122893797226, 3.5272014975029524, 0.0, 5.036984384388429, 0.7202992500001223, 0.0, 0.4174764415585861
78.0200000000041, -39.6894559600855, 0.0, 20.341619623546315, 3.534405980002957, 0.0, 5.041149520139088, 0.7205970000001218, 0.0, 0.4155502749742088
78.03000000000411, -39.6540758654917, 0.0, 20.39205186412623, 3.5416134325029613, 0.0, 5.0452953812377945, 0.7208932500001213, 0.0, 0.413621513352332
78.04000000000411, -39.618623681585404, 0.0, 20.44252546683598, 3.5488238400029664, 0.0, 5.0494219417997, 0.7211880000001211, 0.0, 0.41169016979920503
78.05000000000412, -39.5830993788916, 0.0, 20.493040238541294, 3.5560371875029713, 0.0, 5.0535291760710335, 0.7214812500001205, 0.0, 0.40975625742107846
78.06000000000412, -39.54750292808531, 0.0, 20.543595985851056, 3.563253460002976, 0.0, 5.057617058429065, 0.7217730000001201, 0.0, 0.4078197893242015
78.07000000000413, -39.511834299991506, 0.0, 20.59419251511857, 3.570472642502981, 0.0, 5.061685563382143, 0.7220632500001195, 0.0, 0.4058807786148244
78.08000000000413, -39.476093465585215, 0.0, 20.64482963244286, 3.5776947200029867, 0.0, 5.065734665569678, 0.7223520000001189, 0.0, 0.4039392383991969
78.09000000000414, -39.44028039599141, 0.0, 20.695507143670024, 3.5849196775029917, 0.0, 5.069764339762132, 0.7226392500001186, 0.0, 0.40199518178356963
78.10000000000414, -39.404395062485115, 0.0, 20.746224854394487, 3.592147500002996, 0.0, 5.073774560861041, 0.7229250000001182, 0.0, 0.400048621874193
78.11000000000415, -39.36843743649131, 0.0, 20.796982569960406, 3.599378172503001, 0.0, 5.077765303898994, 0.7232092500001177, 0.0, 0.3980995717773155
78.12000000000415, -39.332407489585016, 0.0, 20.84778009546286, 3.606611680003006, 0.0, 5.081736544039653, 0.723492000000117, 0.0, 0.39614804459918873
78.13000000000416, -39.296305193491214, 0.0, 20.898617235749228, 3.613848007503011, 0.0, 5.085688256577733, 0.7237732500001166, 0.0, 0.3941940534460613
78.14000000000416, -39.26013052008492, 0.0, 20.94949379542052, 3.6210871400030147, 0.0, 5.089620416939016, 0.7240530000001164, 0.0, 0.39223761142418545
78.15000000000417, -39.223883441391116, 0.0, 21.000409578832645, 3.62832906250302, 0.0, 5.0935330006803445, 0.7243312500001158, 0.0, 0.3902787316398082
78.16000000000417, -39.18756392958482, 0.0, 21.05136439009772, 3.6355737600030245, 0.0, 5.0974259834896305, 0.7246080000001153, 0.0, 0.3883174271991805
78.17000000000418, -39.15117195699102, 0.0, 21.10235803308543, 3.642821217503029, 0.0, 5.101299341185832, 0.7248832500001148, 0.0, 0.38635371120855355
78.18000000000418, -39.114707496084726, 0.0, 21.15339031142427, 3.650071420003034, 0.0, 5.105153049718991, 0.7251570000001142, 0.0, 0.384387596774177
78.19000000000419, -39.078170519490925, 0.0, 21.204461028502905, 3.6573243525030397, 0.0, 5.108987085170199, 0.7254292500001138, 0.0, 0.38241909700229915
78.2000000000042, -39.041560999984625, 0.0, 21.25556998747148, 3.664580000003045, 0.0, 5.112801423751604, 0.7257000000001133, 0.0, 0.38044822499917275
78.2100000000042, -39.004878910490824, 0.0, 21.30671699124289, 3.671838347503049, 0.0, 5.116596041806433, 0.7259692500001128, 0.0, 0.3784749938710461
78.2200000000042, -38.96812422408453, 0.0, 21.35790184249414, 3.679099380003054, 0.0, 5.120370915808966, 0.7262370000001123, 0.0, 0.37649941672416865
78.23000000000421, -38.93129691399073, 0.0, 21.409124343667614, 3.6863630825030596, 0.0, 5.124126022364547, 0.7265032500001117, 0.0, 0.3745215066647911
78.24000000000422, -38.89439695358443, 0.0, 21.46038429697243, 3.693629440003064, 0.0, 5.127861338209579, 0.7267680000001114, 0.0, 0.37254127679916427
78.25000000000422, -38.85742431639063, 0.0, 21.511681504385695, 3.700898437503068, 0.0, 5.131576840211531, 0.7270312500001109, 0.0, 0.3705587402335375
78.26000000000423, -38.820378976084335, 0.0, 21.56301576765388, 3.7081700600030736, 0.0, 5.135272505368943, 0.7272930000001103, 0.0, 0.36857391007416074
78.27000000000423, -38.78326090649053, 0.0, 21.61438688829407, 3.7154442925030775, 0.0, 5.138948310811394, 0.7275532500001098, 0.0, 0.36658679942728445
78.28000000000424, -38.74607008158423, 0.0, 21.665794667595307, 3.722721120003083, 0.0, 5.142604233799553, 0.7278120000001093, 0.0, 0.36459742139915674
78.29000000000424, -38.70880647549043, 0.0, 21.71723890661989, 3.730000527503088, 0.0, 5.146240251725134, 0.7280692500001089, 0.0, 0.3626057890960297
78.30000000000425, -38.67147006248413, 0.0, 21.76871940620471, 3.7372825000030923, 0.0, 5.149856342110914, 0.7283250000001084, 0.0, 0.36061191562415296
78.31000000000425, -38.634060816990335, 0.0, 21.82023596696252, 3.744567022503098, 0.0, 5.153452482610744, 0.7285792500001078, 0.0, 0.35861581408977594
78.32000000000426, -38.59657871358403, 0.0, 21.871788389283296, 3.7518540800031017, 0.0, 5.157028651009523, 0.7288320000001073, 0.0, 0.3566174975991496
78.33000000000426, -38.559023726990226, 0.0, 21.923376473335473, 3.759143657503108, 0.0, 5.160584825223232, 0.7290832500001067, 0.0, 0.35461697925852165
78.34000000000427, -38.521395832083925, 0.0, 21.97500001906733, 3.766435740003112, 0.0, 5.164120983298888, 0.7293330000001064, 0.0, 0.35261427217414476
78.35000000000427, -38.483695003890126, 0.0, 22.026658826208283, 3.773730312503116, 0.0, 5.167637103414592, 0.7295812500001059, 0.0, 0.3506093894522686
78.36000000000428, -38.44592121758383, 0.0, 22.078352694270162, 3.781027360003121, 0.0, 5.171133163879499, 0.7298280000001053, 0.0, 0.34860234419914105
78.37000000000428, -38.40807444849003, 0.0, 22.130081422548546, 3.788326867503126, 0.0, 5.174609143133827, 0.7300732500001047, 0.0, 0.34659314952101394
78.38000000000429, -38.37015467208373, 0.0, 22.181844810124083, 3.7956288200031314, 0.0, 5.178065019748859, 0.7303170000001041, 0.0, 0.3445818185241365
78.39000000000429, -38.33216186398993, 0.0, 22.23364265586377, 3.8029332025031355, 0.0, 5.181500772426938, 0.7305592500001038, 0.0, 0.34256836431476034
78.4000000000043, -38.294095999983625, 0.0, 22.285474758422314, 3.81024000000314, 0.0, 5.184916380001471, 0.7308000000001033, 0.0, 0.3405527999991331
78.4100000000043, -38.255957055989825, 0.0, 22.33734091624337, 3.817549197503146, 0.0, 5.188311821436928, 0.7310392500001026, 0.0, 0.33853513868350626
78.42000000000431, -38.217745008083526, 0.0, 22.389240927560948, 3.82486078000315, 0.0, 5.191687075828835, 0.731277000000102, 0.0, 0.3365153934741283
78.43000000000431, -38.17945983248973, 0.0, 22.441174590400603, 3.8321747325031548, 0.0, 5.195042122403786, 0.7315132500001015, 0.0, 0.3344935774772526
78.44000000000432, -38.14110150558342, 0.0, 22.49314170258086, 3.8394910400031597, 0.0, 5.198376940519443, 0.7317480000001012, 0.0, 0.33246970379912555
78.45000000000432, -38.10267000388963, 0.0, 22.545142061714458, 3.846809687503165, 0.0, 5.201691509664522, 0.7319812500001006, 0.0, 0.33044378554599807
78.46000000000433, -38.064165304083325, 0.0, 22.597175465209688, 3.8541306600031695, 0.0, 5.204985809458806, 0.7322130000001, 0.0, 0.32841583582412115
78.47000000000433, -38.02558738298952, 0.0, 22.64924171027168, 3.861453942503174, 0.0, 5.208259819653135, 0.7324432500000994, 0.0, 0.3263858677397449
78.48000000000434, -37.98693621758322, 0.0, 22.70134059390373, 3.8687795200031783, 0.0, 5.211513520129417, 0.7326720000000988, 0.0, 0.3243538943991171
78.49000000000434, -37.94821178498942, 0.0, 22.753471912908616, 3.876107377503184, 0.0, 5.214746890900622, 0.7328992500000985, 0.0, 0.3223199289084908
78.50000000000435, -37.90941406248311, 0.0, 22.805635463889917, 3.883437500003188, 0.0, 5.217959912110775, 0.733125000000098, 0.0, 0.3202839843741143
78.51000000000435, -37.87054302748931, 0.0, 22.857831043253256, 3.8907698725031934, 0.0, 5.2211525640349805, 0.7333492500000973, 0.0, 0.31824607390223725
78.52000000000436, -37.83159865758301, 0.0, 22.910058447207714, 3.898104480003197, 0.0, 5.224324827079386, 0.7335720000000968, 0.0, 0.3162062105991108
78.53000000000436, -37.79258093048921, 0.0, 22.962317471767076, 3.9054413075032017, 0.0, 5.227476681781214, 0.7337932500000962, 0.0, 0.31416440757098396
78.54000000000437, -37.753489824082905, 0.0, 23.014607912751124, 3.912780340003207, 0.0, 5.230608108808747, 0.7340130000000958, 0.0, 0.3121206779241066
78.55000000000437, -37.7143253163891, 0.0, 23.066929565787046, 3.9201215625032115, 0.0, 5.233719088961324, 0.7342312500000953, 0.0, 0.3100750347647301
78.56000000000438, -37.675087385582806, 0.0, 23.11928222631058, 3.927464960003217, 0.0, 5.236809603169356, 0.7344480000000946, 0.0, 0.3080274911991019
78.57000000000438, -37.635776009989, 0.0, 23.17166568956752, 3.934810517503221, 0.0, 5.239879632494311, 0.734663250000094, 0.0, 0.30597806033347585
78.58000000000439, -37.5963911680827, 0.0, 23.224079750614877, 3.9421582200032255, 0.0, 5.242929158128716, 0.7348770000000935, 0.0, 0.3039267552740992
78.5900000000044, -37.55693283848889, 0.0, 23.276524204322243, 3.9495080525032304, 0.0, 5.245958161396169, 0.7350892500000931, 0.0, 0.3018735891272215
78.6000000000044, -37.51740099998259, 0.0, 23.328998845373125, 3.956860000003236, 0.0, 5.248966623751328, 0.7353000000000924, 0.0, 0.2998185749990949
78.6100000000044, -37.47779563148878, 0.0, 23.381503468266217, 3.9642140475032397, 0.0, 5.251954526779905, 0.7355092500000918, 0.0, 0.2977617259959682
78.62000000000441, -37.43811671208249, 0.0, 23.434037867316732, 3.9715701800032446, 0.0, 5.254921852198687, 0.7357170000000912, 0.0, 0.2957030552240911
78.63000000000442, -37.39836422098868, 0.0, 23.486601836657687, 3.978928382503249, 0.0, 5.257868581855517, 0.7359232500000907, 0.0, 0.2936425757897143
78.64000000000442, -37.35853813758238, 0.0, 23.539195170241268, 3.9862886400032536, 0.0, 5.260794697729295, 0.7361280000000904, 0.0, 0.29158030079908825
78.65000000000443, -37.31863844138858, 0.0, 23.591817661840075, 3.9936509375032587, 0.0, 5.263700181930001, 0.7363312500000897, 0.0, 0.2895162433584608
78.66000000000443, -37.27866511208227, 0.0, 23.644469105048472, 4.001015260003262, 0.0, 5.266585016698654, 0.736533000000089, 0.0, 0.2874504165740841
78.67000000000444, -37.23861812948847, 0.0, 23.697149293283893, 4.008381592503269, 0.0, 5.269449184407362, 0.7367332500000885, 0.0, 0.28538283355220684
78.68000000000444, -37.198497473582165, 0.0, 23.749858019788135, 4.015749920003272, 0.0, 5.272292667559264, 0.7369320000000879, 0.0, 0.28331350739908
78.69000000000445, -37.15830312448837, 0.0, 23.80259507762871, 4.023120227503278, 0.0, 5.275115448788597, 0.7371292500000874, 0.0, 0.2812424512209528
78.70000000000445, -37.11803506248206, 0.0, 23.855360259700085, 4.030492500003282, 0.0, 5.277917510860629, 0.7373250000000868, 0.0, 0.2791696781240769
78.71000000000446, -37.07769326798825, 0.0, 23.90815335872509, 4.037866722503287, 0.0, 5.2806988366717045, 0.7375192500000862, 0.0, 0.2770952012146992
78.72000000000446, -37.03727772158196, 0.0, 23.96097416725611, 4.045242880003292, 0.0, 5.283459409249236, 0.7377120000000856, 0.0, 0.2750190335990734
78.73000000000447, -36.99678840398815, 0.0, 24.01382247767652, 4.052620957503295, 0.0, 5.286199211751688, 0.737903250000085, 0.0, 0.27294118838344583
78.74000000000447, -36.95622529608185, 0.0, 24.066698082201903, 4.0600009400033, 0.0, 5.288918227468592, 0.7380930000000847, 0.0, 0.2708616786740703
78.75000000000448, -36.91558837888804, 0.0, 24.119600772881387, 4.067382812503304, 0.0, 5.291616439820547, 0.738281250000084, 0.0, 0.2687805175771927
78.76000000000448, -36.87487763358174, 0.0, 24.17253034159897, 4.07476656000331, 0.0, 5.294293832359203, 0.7384680000000834, 0.0, 0.2666977181990664
78.77000000000449, -36.83409304148794, 0.0, 24.225486580074836, 4.082152167503314, 0.0, 5.296950388767282, 0.7386532500000828, 0.0, 0.2646132936459389
78.78000000000449, -36.79323458408163, 0.0, 24.278469279866645, 4.089539620003319, 0.0, 5.299586092858562, 0.7388370000000821, 0.0, 0.2625272570240622
78.7900000000045, -36.75230224298783, 0.0, 24.331478232370824, 4.096928902503323, 0.0, 5.3022009285778875, 0.7390192500000817, 0.0, 0.2604396214396858
78.8000000000045, -36.71129599998152, 0.0, 24.38451322882392, 4.104320000003328, 0.0, 5.304794880001171, 0.7392000000000811, 0.0, 0.2583503999990584
78.81000000000451, -36.67021583698772, 0.0, 24.437574060303913, 4.111712897503333, 0.0, 5.307367931335374, 0.7393792500000805, 0.0, 0.25625960580843254
78.82000000000451, -36.62906173608141, 0.0, 24.4906605177315, 4.119107580003337, 0.0, 5.30992006691853, 0.7395570000000798, 0.0, 0.25416725197405543
78.83000000000452, -36.58783367948761, 0.0, 24.543772391871386, 4.126504032503341, 0.0, 5.3124512712197305, 0.7397332500000793, 0.0, 0.2520733516021787
78.84000000000452, -36.54653164958131, 0.0, 24.596909473333653, 4.133902240003346, 0.0, 5.314961528839136, 0.7399080000000788, 0.0, 0.24997791779905176
78.85000000000453, -36.5051556288875, 0.0, 24.650071552575035, 4.141302187503351, 0.0, 5.317450824507968, 0.7400812500000782, 0.0, 0.24788096367092516
78.86000000000453, -36.46370560008119, 0.0, 24.70325841990023, 4.148703860003356, 0.0, 5.319919143088497, 0.7402530000000775, 0.0, 0.2457825023240474
78.87000000000454, -36.42218154598739, 0.0, 24.756469865463195, 4.156107242503359, 0.0, 5.322366469574073, 0.7404232500000769, 0.0, 0.24368254686467195
78.88000000000454, -36.38058344958109, 0.0, 24.80970567926851, 4.163512320003365, 0.0, 5.324792789089106, 0.7405920000000762, 0.0, 0.2415811103990444
78.89000000000455, -36.33891129398728, 0.0, 24.862965651172637, 4.170919077503369, 0.0, 5.327198086889057, 0.7407592500000759, 0.0, 0.23947820603341818
78.90000000000455, -36.29716506248097, 0.0, 24.916249570885242, 4.178327500003374, 0.0, 5.329582348360464, 0.7409250000000752, 0.0, 0.23737384687404073
78.91000000000456, -36.255344738487175, 0.0, 24.969557227970512, 4.185737572503378, 0.0, 5.331945559020916, 0.7410892500000746, 0.0, 0.23526804602716456
78.92000000000456, -36.213450305580864, 0.0, 25.022888411848488, 4.193149280003383, 0.0, 5.334287704519074, 0.7412520000000739, 0.0, 0.2331608165990371
78.93000000000457, -36.17148174748706, 0.0, 25.076242911796328, 4.200562607503388, 0.0, 5.3366087706346494, 0.7414132500000732, 0.0, 0.2310521716959102
78.94000000000457, -36.129439048080755, 0.0, 25.129620516949647, 4.207977540003392, 0.0, 5.338908743278432, 0.7415730000000729, 0.0, 0.22894212442403394
78.95000000000458, -36.087322191386946, 0.0, 25.18302101630383, 4.215394062503396, 0.0, 5.341187608492257, 0.7417312500000722, 0.0, 0.2268306878896571
78.96000000000458, -36.04513116158065, 0.0, 25.236444198715343, 4.2228121600034, 0.0, 5.34344535244904, 0.7418880000000716, 0.0, 0.22471787519903108
78.97000000000459, -36.00286594298684, 0.0, 25.289889852903013, 4.230231817503406, 0.0, 5.345681961452742, 0.7420432500000709, 0.0, 0.22260369945840353
78.9800000000046, -35.960526520080535, 0.0, 25.343357767449383, 4.2376530200034095, 0.0, 5.347897421938395, 0.7421970000000703, 0.0, 0.22048817377402763
78.9900000000046, -35.91811287748673, 0.0, 25.396847730801976, 4.245075752503414, 0.0, 5.350091720472097, 0.7423492500000698, 0.0, 0.21837131125215103
79.0000000000046, -35.87562499998042, 0.0, 25.450359531274678, 4.252500000003419, 0.0, 5.352264843751001, 0.7425000000000691, 0.0, 0.2162531249990245
79.01000000000461, -35.833062872486614, 0.0, 25.503892957048954, 4.259925747503423, 0.0, 5.354416778603329, 0.7426492500000685, 0.0, 0.21413362812089765
79.02000000000461, -35.790426480080306, 0.0, 25.557447796175225, 4.2673529800034276, 0.0, 5.356547511988361, 0.7427970000000679, 0.0, 0.21201283372402036
79.03000000000462, -35.7477158079865, 0.0, 25.611023836574176, 4.2747816825034315, 0.0, 5.358657030996436, 0.7429432500000672, 0.0, 0.20989075491464382
79.04000000000462, -35.70493084158019, 0.0, 25.66462086603801, 4.282211840003437, 0.0, 5.360745322848967, 0.7430880000000668, 0.0, 0.20776740479901767
79.05000000000463, -35.662071566386395, 0.0, 25.718238672231845, 4.289643437503441, 0.0, 5.362812374898425, 0.7432312500000661, 0.0, 0.20564279648339023
79.06000000000464, -35.61913796808008, 0.0, 25.771877042694957, 4.297076460003446, 0.0, 5.364858174628326, 0.7433730000000653, 0.0, 0.20351694307401358
79.07000000000464, -35.576130032486276, 0.0, 25.825535764842108, 4.30451089250345, 0.0, 5.366882709653275, 0.7435132500000647, 0.0, 0.20138985767713735
79.08000000000465, -35.53304774557997, 0.0, 25.879214625964867, 4.311946720003454, 0.0, 5.36888596771893, 0.7436520000000642, 0.0, 0.19926155339901053
79.09000000000465, -35.489891093486165, 0.0, 25.93291341323292, 4.319383927503459, 0.0, 5.370867936702009, 0.7437892500000636, 0.0, 0.1971320433458834
79.10000000000466, -35.44666006247986, 0.0, 25.986631913695362, 4.326822500003463, 0.0, 5.3728286046102935, 0.743925000000063, 0.0, 0.19500134062400765
79.11000000000466, -35.40335463898605, 0.0, 26.040369914282046, 4.3342624225034685, 0.0, 5.3747679595826146, 0.7440592500000622, 0.0, 0.19286945833963087
79.12000000000467, -35.35997480957974, 0.0, 26.094127201804834, 4.341703680003472, 0.0, 5.376685989888896, 0.7441920000000616, 0.0, 0.1907364095990045
79.13000000000467, -35.316520560985936, 0.0, 26.147903562958984, 4.3491462575034765, 0.0, 5.378582683930103, 0.7443232500000609, 0.0, 0.18860220750837753
79.14000000000468, -35.27299188007963, 0.0, 26.201698784324368, 4.356590140003481, 0.0, 5.380458030238252, 0.7444530000000605, 0.0, 0.18646686517400135
79.15000000000468, -35.22938875388582, 0.0, 26.255512652366882, 4.364035312503485, 0.0, 5.382312017476456, 0.7445812500000598, 0.0, 0.1843303957021245
79.16000000000469, -35.18571116957951, 0.0, 26.309344953439687, 4.3714817600034905, 0.0, 5.3841446344388615, 0.7447080000000591, 0.0, 0.18219281219899752
79.17000000000469, -35.14195911448571, 0.0, 26.36319547378453, 4.378929467503495, 0.0, 5.385955870050691, 0.7448332500000584, 0.0, 0.18005412777087093
79.1800000000047, -35.0981325760794, 0.0, 26.417063999533095, 4.386378420003499, 0.0, 5.387745713368217, 0.7449570000000577, 0.0, 0.1779143555239946
79.1900000000047, -35.054231541985594, 0.0, 26.470950316708247, 4.393828602503503, 0.0, 5.389514153578794, 0.7450792500000573, 0.0, 0.17577350856461815
79.2000000000047, -35.010255999979286, 0.0, 26.52485421122541, 4.401280000003508, 0.0, 5.391261180000827, 0.7452000000000566, 0.0, 0.1736315999989908
79.21000000000471, -34.96620593798548, 0.0, 26.57877546889384, 4.408732597503511, 0.0, 5.392986782083774, 0.7453192500000559, 0.0, 0.17148864293336463
79.22000000000472, -34.92208134407917, 0.0, 26.632713875417938, 4.4161863800035155, 0.0, 5.394690949408181, 0.7454370000000552, 0.0, 0.1693446504739875
79.23000000000472, -34.87788220648537, 0.0, 26.686669216398546, 4.423641332503521, 0.0, 5.396373671685636, 0.7455532500000546, 0.0, 0.16719963572711216
79.24000000000473, -34.83360851357905, 0.0, 26.74064127733433, 4.431097440003525, 0.0, 5.398034938758791, 0.7456680000000541, 0.0, 0.16505361179898514
79.25000000000473, -34.789260253885246, 0.0, 26.794629843623007, 4.438554687503529, 0.0, 5.399674740601361, 0.7457812500000534, 0.0, 0.16290659179585854
79.26000000000474, -34.74483741607894, 0.0, 26.848634700562656, 4.4460130600035335, 0.0, 5.401293067318144, 0.7458930000000527, 0.0, 0.16075858882398153
79.27000000000474, -34.700339988985135, 0.0, 26.90265563335311, 4.453472542503539, 0.0, 5.402889909144975, 0.746003250000052, 0.0, 0.15860961598960488
79.28000000000475, -34.655767961578825, 0.0, 26.956692427097195, 4.460933120003542, 0.0, 5.404465256448749, 0.7461120000000512, 0.0, 0.15645968639897911
79.29000000000475, -34.611121322985014, 0.0, 27.010744866802035, 4.468394777503548, 0.0, 5.4060190997274535, 0.7462192500000507, 0.0, 0.15430881315835165
79.30000000000476, -34.566400062478706, 0.0, 27.064812737380464, 4.475857500003551, 0.0, 5.40755142961011, 0.74632500000005, 0.0, 0.15215700937397503
79.31000000000476, -34.521604169484895, 0.0, 27.118895823652164, 4.483321272503554, 0.0, 5.4090622368568075, 0.7464292500000493, 0.0, 0.15000428815209843
79.32000000000477, -34.47673363357859, 0.0, 27.17299391034515, 4.49078608000356, 0.0, 5.410551512358716, 0.7465320000000486, 0.0, 0.14785066259897195
79.33000000000477, -34.43178844448478, 0.0, 27.227106782096968, 4.498251907503564, 0.0, 5.4120192471380415, 0.746633250000048, 0.0, 0.1456961458208459
79.34000000000478, -34.38676859207847, 0.0, 27.281234223456057, 4.5057187400035685, 0.0, 5.413465432348071, 0.7467330000000474, 0.0, 0.14354075092396879
79.35000000000478, -34.34167406638466, 0.0, 27.335376018883018, 4.513186562503572, 0.0, 5.414890059273144, 0.7468312500000468, 0.0, 0.14138449101459227
79.36000000000479, -34.296504857578356, 0.0, 27.389531952751994, 4.520655360003577, 0.0, 5.416293119328675, 0.746928000000046, 0.0, 0.13922737919896644
79.3700000000048, -34.25126095598454, 0.0, 27.443701809351886, 4.528125117503581, 0.0, 5.417674604061126, 0.7470232500000453, 0.0, 0.13706942858333937
79.3800000000048, -34.20594235207824, 0.0, 27.497885372887765, 4.535595820003586, 0.0, 5.41903450514803, 0.7471170000000447, 0.0, 0.13491065227396337
79.3900000000048, -34.160549036484426, 0.0, 27.5520824274821, 4.543067452503589, 0.0, 5.4203728143979815, 0.7472092500000441, 0.0, 0.13275106337708653
79.40000000000481, -34.11508099997812, 0.0, 27.606292757176107, 4.550540000003593, 0.0, 5.421689523750637, 0.7473000000000434, 0.0, 0.1305906749989607
79.41000000000481, -34.06953823348431, 0.0, 27.660516145931076, 4.558013447503598, 0.0, 5.422984625276711, 0.7473892500000426, 0.0, 0.12842950024583422
79.42000000000482, -34.023920728078, 0.0, 27.71475237762961, 4.565487780003602, 0.0, 5.424258111177991, 0.7474770000000419, 0.0, 0.1262675522239567
79.43000000000482, -33.97822847498419, 0.0, 27.769001236077024, 4.572962982503606, 0.0, 5.4255099737873165, 0.7475632500000412, 0.0, 0.12410484403958089
79.44000000000483, -33.93246146557788, 0.0, 27.823262505002628, 4.580439040003611, 0.0, 5.4267402055686, 0.7476480000000407, 0.0, 0.12194138879895444
79.45000000000483, -33.88661969138407, 0.0, 27.877535968060997, 4.587915937503615, 0.0, 5.427948799116797, 0.74773125000004, 0.0, 0.11977719960832811
79.46000000000484, -33.84070314407776, 0.0, 27.931821408833322, 4.595393660003619, 0.0, 5.429135747157952, 0.7478130000000393, 0.0, 0.11761228957395176
79.47000000000484, -33.79471181548395, 0.0, 27.986118610828697, 4.602872192503623, 0.0, 5.430301042549151, 0.7478932500000386, 0.0, 0.11544667180207546
79.48000000000485, -33.74864569757764, 0.0, 28.04042735748547, 4.610351520003627, 0.0, 5.431444678278556, 0.7479720000000378, 0.0, 0.11328035939894843
79.49000000000485, -33.70250478248383, 0.0, 28.094747432172497, 4.617831627503632, 0.0, 5.432566647465383, 0.7480492500000373, 0.0, 0.11111336547082229
79.50000000000486, -33.65628906247752, 0.0, 28.149078618190522, 4.625312500003636, 0.0, 5.433666943359911, 0.7481250000000366, 0.0, 0.10894570312394558
79.51000000000487, -33.60999852998371, 0.0, 28.203420698773364, 4.632794122503641, 0.0, 5.434745559343487, 0.7481992500000357, 0.0, 0.10677738546456861
79.52000000000487, -33.5636331775774, 0.0, 28.257773457089417, 4.640276480003645, 0.0, 5.435802488928521, 0.748272000000035, 0.0, 0.10460842559894168
79.53000000000488, -33.51719299798359, 0.0, 28.312136676242794, 4.647759557503647, 0.0, 5.436837725758468, 0.7483432500000344, 0.0, 0.10243883663331665
79.54000000000488, -33.47067798407728, 0.0, 28.366510139274695, 4.655243340003652, 0.0, 5.437851263607872, 0.7484130000000337, 0.0, 0.10026863167394007
79.55000000000489, -33.42408812888347, 0.0, 28.420893629164745, 4.6627278125036575, 0.0, 5.4388430963823255, 0.7484812500000331, 0.0, 0.09809782382706245
79.56000000000489, -33.37742342557716, 0.0, 28.475286928832254, 4.670212960003661, 0.0, 5.43981321811848, 0.7485480000000323, 0.0, 0.09592642619893699
79.5700000000049, -33.33068386748335, 0.0, 28.529689821137584, 4.677698767503665, 0.0, 5.440761622984056, 0.7486132500000315, 0.0, 0.09375445189581044
79.5800000000049, -33.28386944807704, 0.0, 28.584102088883405, 4.685185220003669, 0.0, 5.441688305277832, 0.7486770000000309, 0.0, 0.09158191402393512
79.5900000000049, -33.23698016098323, 0.0, 28.63852351481605, 4.692672302503674, 0.0, 5.442593259429653, 0.7487392500000304, 0.0, 0.08940882568955777
79.60000000000491, -33.19001599997692, 0.0, 28.692953881626785, 4.700160000003678, 0.0, 5.443476480000437, 0.7488000000000296, 0.0, 0.0872351999989307
79.61000000000492, -33.142976958983105, 0.0, 28.747392971953143, 4.707648297503681, 0.0, 5.444337961682138, 0.7488592500000288, 0.0, 0.08506105005830533
79.62000000000492, -33.09586303207679, 0.0, 28.801840568380243, 4.715137180003685, 0.0, 5.445177699297789, 0.7489170000000281, 0.0, 0.0828863889739293
79.63000000000493, -33.04867421348298, 0.0, 28.8562964534421, 4.72262663250369, 0.0, 5.44599568780149, 0.7489732500000272, 0.0, 0.08071122985205248
79.64000000000493, -33.00141049757668, 0.0, 28.91076040962288, 4.730116640003694, 0.0, 5.446791922278394, 0.7490280000000268, 0.0, 0.07853558579892628
79.65000000000494, -32.95407187888286, 0.0, 28.96523221935833, 4.7376071875036985, 0.0, 5.447566397944722, 0.749081250000026, 0.0, 0.07635946992079967
79.66000000000494, -32.90665835207655, 0.0, 29.01971166503695, 4.745098260003702, 0.0, 5.44831911014775, 0.7491330000000254, 0.0, 0.07418289532392386
79.67000000000495, -32.85916991198274, 0.0, 29.07419852900138, 4.752589842503706, 0.0, 5.449050054365824, 0.7491832500000245, 0.0, 0.07200587511454715
79.68000000000495, -32.811606553576425, 0.0, 29.128692593549722, 4.760081920003711, 0.0, 5.449759226208355, 0.7492320000000238, 0.0, 0.06982842239892051
79.69000000000496, -32.76396827198262, 0.0, 29.1831936409368, 4.7675744775037145, 0.0, 5.450446621415805, 0.7492792500000233, 0.0, 0.06765055028329403
79.70000000000496, -32.71625506247631, 0.0, 29.237701453375536, 4.775067500003718, 0.0, 5.451112235859709, 0.7493250000000224, 0.0, 0.06547227187391846
79.71000000000497, -32.668466920482494, 0.0, 29.292215813038162, 4.782560972503724, 0.0, 5.4517560655426625, 0.7493692500000216, 0.0, 0.0632936002770419
79.72000000000497, -32.620603841576184, 0.0, 29.346736502057663, 4.790054880003726, 0.0, 5.452378106598313, 0.7494120000000208, 0.0, 0.06111454859891463
79.73000000000498, -32.57266582148237, 0.0, 29.40126330252896, 4.797549207503731, 0.0, 5.452978355291386, 0.74945325000002, 0.0, 0.058935129945788756
79.74000000000498, -32.52465285607606, 0.0, 29.45579599651031, 4.805043940003735, 0.0, 5.453556808017664, 0.7494930000000195, 0.0, 0.056755357423913466
79.75000000000499, -32.47656494138224, 0.0, 29.51033436602456, 4.812539062503738, 0.0, 5.454113461303988, 0.7495312500000189, 0.0, 0.05457524413953729
79.760000000005, -32.42840207357593, 0.0, 29.564878193060494, 4.820034560003743, 0.0, 5.454648311808268, 0.749568000000018, 0.0, 0.052394803198910544
79.770000000005, -32.38016424898212, 0.0, 29.61942725957413, 4.827530417503747, 0.0, 5.455161356319473, 0.7496032500000173, 0.0, 0.05021404770828353
79.780000000005, -32.33185146407581, 0.0, 29.67398134749002, 4.835026620003751, 0.0, 5.455652591757624, 0.7496370000000165, 0.0, 0.048032990773908324
79.79000000000501, -32.283463715482, 0.0, 29.72854023870258, 4.842523152503755, 0.0, 5.456122015173826, 0.7496692500000159, 0.0, 0.04585164550203169
79.80000000000501, -32.23500099997568, 0.0, 29.783103715077395, 4.8500200000037585, 0.0, 5.456569623750228, 0.7497000000000152, 0.0, 0.043670024998905266
79.81000000000502, -32.18646331448187, 0.0, 29.837671558452534, 4.857517147503762, 0.0, 5.456995414800054, 0.7497292500000144, 0.0, 0.04148814237077936
79.82000000000502, -32.13785065607556, 0.0, 29.89224355063983, 4.865014580003766, 0.0, 5.457399385767581, 0.7497570000000136, 0.0, 0.03930601072390294
79.83000000000503, -32.08916302198175, 0.0, 29.946819473426245, 4.87251228250377, 0.0, 5.457781534228154, 0.7497832500000128, 0.0, 0.03712364316452632
79.84000000000503, -32.04040040957544, 0.0, 30.001399108575107, 4.8800102400037755, 0.0, 5.4581418578881875, 0.7498080000000122, 0.0, 0.03494105279890025
79.85000000000504, -31.991562816381624, 0.0, 30.055982237827493, 4.8875084375037785, 0.0, 5.458480354585131, 0.7498312500000115, 0.0, 0.03275825273327371
79.86000000000504, -31.94265024007531, 0.0, 30.110568642903523, 4.895006860003782, 0.0, 5.458797022287539, 0.7498530000000106, 0.0, 0.03057525607389744
79.87000000000505, -31.893662678481498, 0.0, 30.165158105503643, 4.902505492503787, 0.0, 5.4590918590949835, 0.7498732500000099, 0.0, 0.02839207592702131
79.88000000000505, -31.844600129575184, 0.0, 30.219750407309924, 4.91000432000379, 0.0, 5.459364863238141, 0.7498920000000091, 0.0, 0.026208725398895183
79.89000000000506, -31.795462591481368, 0.0, 30.27434532998744, 4.917503327503795, 0.0, 5.459616033078717, 0.7499092500000085, 0.0, 0.024025217595769366
79.90000000000506, -31.746250062475056, 0.0, 30.3289426551855, 4.925002500003798, 0.0, 5.459845367109493, 0.7499250000000077, 0.0, 0.021841565623893278
79.91000000000507, -31.696962540981247, 0.0, 30.383542164539044, 4.932501822503802, 0.0, 5.460052863954321, 0.7499392500000069, 0.0, 0.01965778258951678
79.92000000000507, -31.64760002557493, 0.0, 30.438143639669867, 4.9400012800038064, 0.0, 5.4602385223680985, 0.7499520000000061, 0.0, 0.017473881598891072
79.93000000000508, -31.59816251498112, 0.0, 30.492746862187953, 4.947500857503811, 0.0, 5.460402341236802, 0.7499632500000053, 0.0, 0.01528987575826335
79.94000000000509, -31.548650008074805, 0.0, 30.54735161369288, 4.955000540003814, 0.0, 5.460544319577451, 0.7499730000000047, 0.0, 0.013105778173887916
79.95000000000509, -31.499062503880992, 0.0, 30.601957675774955, 4.962500312503817, 0.0, 5.460664456538149, 0.7499812500000039, 0.0, 0.01092160195201286
79.9600000000051, -31.44940000157468, 0.0, 30.65656483001669, 4.970000160003822, 0.0, 5.460762751398052, 0.7499880000000031, 0.0, 0.008737360198885824
79.9700000000051, -31.399662500480865, 0.0, 30.711172857993994, 4.977500067503825, 0.0, 5.4608392035673745, 0.7499932500000024, 0.0, 0.006553066020760223
79.9800000000051, -31.34985000007455, 0.0, 30.76578154127757, 4.985000020003829, 0.0, 5.460893812587408, 0.7499970000000015, 0.0, 0.004368732523882812
79.99000000000511, -31.299962499980733, 0.0, 30.8203906614342, 4.992500002503833, 0.0, 5.460926578130482, 0.7499992500000009, 0.0, 0.0021843728145078956
80.00000000000512, -31.249999999974424, 0.0, 30.875000000027985, 5.000000000003837, 0.0, 5.460937500000007, 0.75, 0.0, -1.1182166304024577e-12
80.01000000000512, -31.199962499980607, 0.0, 30.92960933862177, 5.0074999975038414, 0.0, 5.460926578130457, 0.7499992499999992, 0.0, -0.002184372816744329
80.02000000000513, -31.149850000074295, 0.0, 30.984218458778393, 5.014999980003845, 0.0, 5.460893812587359, 0.7499969999999985, 0.0, -0.004368732526120134
80.03000000000513, -31.09966250048048, 0.0, 31.03882714206197, 5.022499932503849, 0.0, 5.4608392035673115, 0.7499932499999975, 0.0, -0.0065530660229971005
80.04000000000514, -31.049400001574163, 0.0, 31.093435170039275, 5.0299998400038515, 0.0, 5.460762751397962, 0.749987999999997, 0.0, -0.008737360201123145
80.05000000000514, -30.99906250388035, 0.0, 31.148042324281, 5.037499687503856, 0.0, 5.460664456538037, 0.7499812499999962, 0.0, -0.01092160195424885
80.06000000000515, -30.948650008074036, 0.0, 31.202648386363066, 5.04499946000386, 0.0, 5.460544319577312, 0.7499729999999953, 0.0, -0.013105778176125238
80.07000000000515, -30.89816251498022, 0.0, 31.257253137867984, 5.052499142503864, 0.0, 5.460402341236639, 0.7499632499999945, 0.0, -0.015289875760500227
80.08000000000516, -30.84760002557391, 0.0, 31.31185636038609, 5.059998720003867, 0.0, 5.460238522367917, 0.7499519999999937, 0.0, -0.017473881601126617
80.09000000000516, -30.79696254098009, 0.0, 31.36645783551691, 5.06749817750387, 0.0, 5.460052863954114, 0.7499392499999932, 0.0, -0.01965778259175277
80.10000000000517, -30.746250062473777, 0.0, 31.421057344870448, 5.0749975000038745, 0.0, 5.459845367109269, 0.7499249999999923, 0.0, -0.021841565626129267
80.11000000000517, -30.695462591479963, 0.0, 31.475654670068515, 5.082496672503879, 0.0, 5.459616033078471, 0.7499092499999914, 0.0, -0.0240252175980058
80.12000000000518, -30.64460012957365, 0.0, 31.530249592746017, 5.089995680003883, 0.0, 5.459364863237873, 0.7498919999999906, 0.0, -0.026208725401131616
80.13000000000518, -30.593662678479834, 0.0, 31.584841894552298, 5.097494507503886, 0.0, 5.459091859094695, 0.7498732499999898, 0.0, -0.0283920759292573
80.14000000000519, -30.54265024007352, 0.0, 31.63943135715241, 5.10499314000389, 0.0, 5.458797022287224, 0.7498529999999892, 0.0, -0.030575256076132984
80.15000000000519, -30.491562816379698, 0.0, 31.69401776222844, 5.112491562503893, 0.0, 5.458480354584796, 0.7498312499999883, 0.0, -0.032758252735509696
80.1600000000052, -30.440400409573385, 0.0, 31.74860089148083, 5.119989760003897, 0.0, 5.458141857887826, 0.7498079999999875, 0.0, -0.034941052801134465
80.1700000000052, -30.389163021979577, 0.0, 31.80318052662969, 5.127487717503901, 0.0, 5.457781534227777, 0.7497832499999867, 0.0, -0.037123643166761866
80.18000000000521, -30.337850656073257, 0.0, 31.857756449416094, 5.134985420003904, 0.0, 5.457399385767178, 0.7497569999999858, 0.0, -0.03930601072613715
80.19000000000521, -30.286463314479448, 0.0, 31.91232844160338, 5.142482852503909, 0.0, 5.456995414799629, 0.7497292499999852, 0.0, -0.041488142373014014
80.20000000000522, -30.235000999973124, 0.0, 31.966896284978514, 5.149980000003911, 0.0, 5.456569623749777, 0.7496999999999844, 0.0, -0.04367002500113859
80.21000000000522, -30.183463715479313, 0.0, 32.02145976135333, 5.157476847503915, 0.0, 5.4561220151733565, 0.7496692499999835, 0.0, -0.045851645504265015
80.22000000000523, -30.131851464072994, 0.0, 32.07601865256591, 5.16497338000392, 0.0, 5.455652591757131, 0.7496369999999827, 0.0, -0.04803299077614209
80.23000000000523, -30.080164248979184, 0.0, 32.130572740481774, 5.172469582503924, 0.0, 5.455161356318958, 0.7496032499999818, 0.0, -0.05021404771051774
80.24000000000524, -30.028402073572863, 0.0, 32.18512180699541, 5.179965440003927, 0.0, 5.45464831180773, 0.7495679999999812, 0.0, -0.05239480320114298
80.25000000000524, -29.976564941379053, 0.0, 32.239665634031326, 5.18746093750393, 0.0, 5.45411346130343, 0.7495312499999804, 0.0, -0.054575244141769286
80.26000000000525, -29.924652856072736, 0.0, 32.294204003545566, 5.194956060003934, 0.0, 5.453556808017088, 0.7494929999999795, 0.0, -0.05675535742614546
80.27000000000525, -29.87266582147892, 0.0, 32.34873669752691, 5.202450792503937, 0.0, 5.452978355290781, 0.7494532499999786, 0.0, -0.05893512994802119
80.28000000000526, -29.820603841572602, 0.0, 32.403263497998196, 5.209945120003942, 0.0, 5.452378106597687, 0.7494119999999778, 0.0, -0.06111454860114751
80.29000000000526, -29.768466920478787, 0.0, 32.457784187017694, 5.217439027503945, 0.0, 5.4517560655420105, 0.7493692499999772, 0.0, -0.06329360027927322
80.30000000000527, -29.716255062472463, 0.0, 32.512298546680334, 5.224932500003948, 0.0, 5.451112235859035, 0.7493249999999764, 0.0, -0.06547227187614846
80.31000000000527, -29.663968271978653, 0.0, 32.566806359119056, 5.232425522503952, 0.0, 5.4504466214151135, 0.7492792499999754, 0.0, -0.06765055028552514
80.32000000000528, -29.61160655357234, 0.0, 32.62130740650612, 5.239918080003957, 0.0, 5.449759226207642, 0.7492319999999746, 0.0, -0.06982842240115117
80.33000000000528, -29.55916991197852, 0.0, 32.67580147105447, 5.2474101575039604, 0.0, 5.449050054365087, 0.7491832499999738, 0.0, -0.0720058751167767
80.34000000000529, -29.506658352072204, 0.0, 32.73028833501888, 5.254901740003962, 0.0, 5.4483191101469925, 0.7491329999999731, 0.0, -0.0741828953261523
80.3500000000053, -29.454071878878388, 0.0, 32.78476778069749, 5.2623928125039665, 0.0, 5.447566397943939, 0.7490812499999722, 0.0, -0.07635946992302944
80.3600000000053, -29.40141049757207, 0.0, 32.83923959043293, 5.26988336000397, 0.0, 5.446791922277592, 0.7490279999999713, 0.0, -0.07853558580115383
80.3700000000053, -29.348674213478255, 0.0, 32.893703546613715, 5.277373367503974, 0.0, 5.445995687800666, 0.7489732499999705, 0.0, -0.08071122985427959
80.38000000000531, -29.29586303207194, 0.0, 32.94815943167557, 5.284862820003977, 0.0, 5.445177699296945, 0.7489169999999695, 0.0, -0.08288638897615641
80.39000000000532, -29.24297695897812, 0.0, 33.00260702810266, 5.2923517025039795, 0.0, 5.444337961681264, 0.748859249999969, 0.0, -0.08506105006053133
80.40000000000532, -29.190015999971802, 0.0, 33.057046118429014, 5.299840000003984, 0.0, 5.443476479999542, 0.748799999999968, 0.0, -0.08723520000115803
80.41000000000533, -29.136980160977984, 0.0, 33.111476485239734, 5.307327697503989, 0.0, 5.442593259428746, 0.7487392499999672, 0.0, -0.08940882569178399
80.42000000000533, -29.083869448071667, 0.0, 33.165897911172365, 5.314814780003991, 0.0, 5.4416883052768945, 0.7486769999999664, 0.0, -0.0915819140261589
80.43000000000534, -29.03068386747785, 0.0, 33.220310178918155, 5.322301232503995, 0.0, 5.440761622983095, 0.7486132499999655, 0.0, -0.09375445189803555
80.44000000000534, -28.977423425571533, 0.0, 33.27471307122349, 5.329787040003996, 0.0, 5.439813218117493, 0.7485479999999649, 0.0, -0.09592642620116143
80.45000000000535, -28.924088128877717, 0.0, 33.32910637089098, 5.337272187504001, 0.0, 5.438843096381321, 0.7484812499999639, 0.0, -0.09809782382928711
80.46000000000535, -28.8706779840714, 0.0, 33.383489860781026, 5.3447566600040055, 0.0, 5.437851263606845, 0.748412999999963, 0.0, -0.10026863167616273
80.47000000000536, -28.817192997977582, 0.0, 33.43786332381293, 5.352240442504009, 0.0, 5.436837725757418, 0.7483432499999622, 0.0, -0.10243883663553799
80.48000000000536, -28.763633177571265, 0.0, 33.49222654296627, 5.359723520004011, 0.0, 5.435802488927449, 0.7482719999999613, 0.0, -0.10460842560116435
80.49000000000537, -28.709998529977444, 0.0, 33.546579301282335, 5.367205877504015, 0.0, 5.434745559342394, 0.7481992499999607, 0.0, -0.10677738546678972
80.50000000000537, -28.656289062471128, 0.0, 33.60092138186518, 5.374687500004018, 0.0, 5.433666943358797, 0.7481249999999597, 0.0, -0.10894570312616603
80.51000000000538, -28.60250478247731, 0.0, 33.65525256788315, 5.3821683725040215, 0.0, 5.4325666474642444, 0.7480492499999589, 0.0, -0.11111336547304118
80.52000000000538, -28.54864569757099, 0.0, 33.709572642570194, 5.389648480004025, 0.0, 5.431444678277395, 0.747971999999958, 0.0, -0.1132803594011671
80.53000000000539, -28.494711815477174, 0.0, 33.76388138922695, 5.39712780750403, 0.0, 5.430301042547974, 0.747893249999957, 0.0, -0.11544667180429302
80.54000000000539, -28.440703144070856, 0.0, 33.81817859122232, 5.404606340004033, 0.0, 5.429135747156748, 0.7478129999999563, 0.0, -0.1176122895761691
80.5500000000054, -28.386619691377042, 0.0, 33.872464031994625, 5.412084062504035, 0.0, 5.427948799115573, 0.7477312499999555, 0.0, -0.11977719961054456
80.5600000000054, -28.332461465570724, 0.0, 33.926737495052976, 5.419560960004038, 0.0, 5.42674020556735, 0.7476479999999546, 0.0, -0.12194138880117045
80.57000000000541, -28.278228474976903, 0.0, 33.980998763978576, 5.427037017504043, 0.0, 5.425509973786046, 0.7475632499999537, 0.0, -0.124104844041796
80.58000000000541, -28.22392072807059, 0.0, 34.03524762242598, 5.434512220004047, 0.0, 5.424258111176701, 0.7474769999999528, 0.0, -0.1262675522261718
80.59000000000542, -28.169538233476764, 0.0, 34.089483854124516, 5.44198655250405, 0.0, 5.422984625275397, 0.747389249999952, 0.0, -0.1284295002480471
80.60000000000542, -28.11508099997045, 0.0, 34.14370724287945, 5.449460000004052, 0.0, 5.421689523749298, 0.7472999999999512, 0.0, -0.13059067500117338
80.61000000000543, -28.060549036476633, 0.0, 34.19791757257345, 5.456932547504056, 0.0, 5.420372814396625, 0.7472092499999503, 0.0, -0.13275106337929898
80.62000000000543, -28.00594235207031, 0.0, 34.25211462716777, 5.46440418000406, 0.0, 5.419034505146645, 0.7471169999999494, 0.0, -0.13491065227617405
80.63000000000544, -27.951260955976494, 0.0, 34.30629819070363, 5.471874882504062, 0.0, 5.417674604059726, 0.7470232499999485, 0.0, -0.1370694285855505
80.64000000000544, -27.896504857570175, 0.0, 34.36046804730353, 5.479344640004064, 0.0, 5.416293119327246, 0.7469279999999479, 0.0, -0.13922737920117534
80.65000000000545, -27.841674066376356, 0.0, 34.414623981172475, 5.486813437504068, 0.0, 5.414890059271696, 0.746831249999947, 0.0, -0.1413844910168014
80.66000000000545, -27.78676859207004, 0.0, 34.46876577659942, 5.4942812600040725, 0.0, 5.413465432346602, 0.746732999999946, 0.0, -0.14354075092617657
80.67000000000546, -27.731788444476223, 0.0, 34.522893217958476, 5.5017480925040765, 0.0, 5.412019247136551, 0.7466332499999451, 0.0, -0.1456961458230528
80.68000000000546, -27.676733633569903, 0.0, 34.57700608971031, 5.509213920004079, 0.0, 5.4105515123572, 0.7465319999999441, 0.0, -0.14785066260117885
80.69000000000547, -27.62160416947608, 0.0, 34.63110417640328, 5.5166787275040825, 0.0, 5.409062236855273, 0.7464292499999434, 0.0, -0.15000428815430444
80.70000000000547, -27.56640006246976, 0.0, 34.68518726267497, 5.524142500004086, 0.0, 5.407551429608546, 0.7463249999999425, 0.0, -0.15215700937617926
80.71000000000548, -27.51112132297594, 0.0, 34.73925513325336, 5.531605222504089, 0.0, 5.406019099725873, 0.7462192499999416, 0.0, -0.15430881316055478
80.72000000000548, -27.455767961569627, 0.0, 34.793307572958184, 5.539066880004093, 0.0, 5.404465256447152, 0.7461119999999407, 0.0, -0.15645968640118157
80.73000000000549, -27.4003399889758, 0.0, 34.847344366702266, 5.546527457504094, 0.0, 5.402889909143345, 0.7460032499999398, 0.0, -0.15860961599180667
80.7400000000055, -27.34483741606949, 0.0, 34.9013652994927, 5.553986940004098, 0.0, 5.4012930673165, 0.7458929999999391, 0.0, -0.16075858882618155
80.7500000000055, -27.28926025387566, 0.0, 34.95537015643234, 5.5614453125041, 0.0, 5.399674740599694, 0.7457812499999382, 0.0, -0.16290659179805633
80.7600000000055, -27.233608513569347, 0.0, 35.00935872272097, 5.568902560004107, 0.0, 5.398034938757106, 0.7456679999999372, 0.0, -0.16505361180118383
80.77000000000551, -27.17788220647553, 0.0, 35.063330783656745, 5.576358667504108, 0.0, 5.396373671683922, 0.7455532499999363, 0.0, -0.16719963572930885
80.78000000000551, -27.122081344069205, 0.0, 35.11728612463736, 5.5838136200041095, 0.0, 5.394690949406445, 0.7454369999999354, 0.0, -0.1693446504761833
80.79000000000552, -27.066205937975386, 0.0, 35.17122453116143, 5.591267402504114, 0.0, 5.392986782082024, 0.7453192499999346, 0.0, -0.17148864293555954
80.80000000000553, -27.01025599996907, 0.0, 35.225145788829835, 5.598720000004118, 0.0, 5.391261179999047, 0.7451999999999337, 0.0, -0.1736316000011855
80.81000000000553, -26.954231541975247, 0.0, 35.27904968334698, 5.60617139750412, 0.0, 5.389514153577, 0.7450792499999328, 0.0, -0.1757735085668113
80.82000000000554, -26.898132576068924, 0.0, 35.33293600052213, 5.613621580004124, 0.0, 5.387745713366399, 0.7449569999999318, 0.0, -0.17791435552618662
80.83000000000554, -26.84195911447511, 0.0, 35.38680452627066, 5.6210705325041275, 0.0, 5.3859558700488455, 0.744833249999931, 0.0, -0.18005412777306162
80.84000000000555, -26.785711169568785, 0.0, 35.4406550466155, 5.62851824000413, 0.0, 5.384144634436993, 0.7447079999999302, 0.0, -0.18219281220118688
80.85000000000555, -26.729388753874964, 0.0, 35.49448734768829, 5.635964687504131, 0.0, 5.382312017474568, 0.7445812499999293, 0.0, -0.1843303957043121
80.86000000000556, -26.672991880068643, 0.0, 35.548301215730774, 5.643409860004137, 0.0, 5.380458030236344, 0.7444529999999283, 0.0, -0.1864668651761887
80.87000000000556, -26.616520560974823, 0.0, 35.60209643709616, 5.65085374250414, 0.0, 5.378582683928167, 0.7443232499999274, 0.0, -0.18860220751056378
80.88000000000557, -26.5599748095685, 0.0, 35.65587279825027, 5.658296320004142, 0.0, 5.376685989886942, 0.7441919999999265, 0.0, -0.19073640960118876
80.89000000000557, -26.50335463897469, 0.0, 35.70963008577304, 5.665737577504146, 0.0, 5.374767959580643, 0.7440592499999258, 0.0, -0.19286945834181424
80.90000000000558, -26.446660062468368, 0.0, 35.76336808635969, 5.673177500004148, 0.0, 5.372828604608294, 0.7439249999999248, 0.0, -0.19500134062619034
80.91000000000558, -26.389891093474546, 0.0, 35.81708658682212, 5.680616072504153, 0.0, 5.370867936699996, 0.7437892499999238, 0.0, -0.19713204334806456
80.92000000000559, -26.333047745568223, 0.0, 35.87078537409016, 5.688053280004155, 0.0, 5.368885967716893, 0.7436519999999228, 0.0, -0.19926155340119012
80.93000000000559, -26.276130032474406, 0.0, 35.924464235212895, 5.695489107504159, 0.0, 5.366882709651217, 0.743513249999922, 0.0, -0.20138985767931628
80.9400000000056, -26.21913796806808, 0.0, 35.97812295736003, 5.70292354000416, 0.0, 5.364858174626243, 0.7433729999999212, 0.0, -0.2035169430761914
80.9500000000056, -26.162071566374266, 0.0, 36.03176132782312, 5.710356562504163, 0.0, 5.362812374896318, 0.7432312499999202, 0.0, -0.20564279648556694
80.9600000000056, -26.104930841567942, 0.0, 36.08537913401693, 5.717788160004168, 0.0, 5.360745322846845, 0.7430879999999193, 0.0, -0.2077674048011926
80.97000000000561, -26.04771580797413, 0.0, 36.13897616348073, 5.72521831750417, 0.0, 5.3586570309942925, 0.7429432499999183, 0.0, -0.20989075491681763
80.98000000000562, -25.990426480067796, 0.0, 36.192552203879664, 5.732647020004173, 0.0, 5.35654751198619, 0.7427969999999173, 0.0, -0.2120128337261935
80.99000000000562, -25.933062872473982, 0.0, 36.246107043005914, 5.740074252504176, 0.0, 5.35441677860114, 0.7426492499999165, 0.0, -0.21413362812306813
81.00000000000563, -25.87562499996766, 0.0, 36.29964046878016, 5.7475000000041785, 0.0, 5.352264843748792, 0.7424999999999156, 0.0, -0.2162531250011943
81.01000000000563, -25.818112877473837, 0.0, 36.35315226925283, 5.7549242475041815, 0.0, 5.350091720469868, 0.7423492499999146, 0.0, -0.21837131125431952
81.02000000000564, -25.76052652006752, 0.0, 36.40664223260542, 5.7623469800041835, 0.0, 5.347897421936141, 0.7421969999999136, 0.0, -0.22048817377619523
81.03000000000564, -25.70286594297369, 0.0, 36.46011014715178, 5.769768182504188, 0.0, 5.345681961450465, 0.7420432499999127, 0.0, -0.22260369946056935
81.04000000000565, -25.64513116156737, 0.0, 36.51355580133942, 5.77718784000419, 0.0, 5.343445352446738, 0.741887999999912, 0.0, -0.22471787520119513
81.05000000000565, -25.58732219137355, 0.0, 36.5669789837509, 5.784605937504193, 0.0, 5.341187608489937, 0.741731249999911, 0.0, -0.22683068789182004
81.06000000000566, -25.52943904806723, 0.0, 36.62037948310508, 5.792022460004196, 0.0, 5.338908743276084, 0.7415729999999101, 0.0, -0.22894212442619555
81.07000000000566, -25.471481747473412, 0.0, 36.67375708825835, 5.799437392504199, 0.0, 5.336608770632289, 0.7414132499999091, 0.0, -0.2310521716980718
81.08000000000567, -25.413450305567082, 0.0, 36.72711158820617, 5.806850720004201, 0.0, 5.334287704516685, 0.7412519999999081, 0.0, -0.2331608166011958
81.09000000000567, -25.355344738473264, 0.0, 36.780442772084115, 5.814262427504206, 0.0, 5.331945559018507, 0.7410892499999073, 0.0, -0.23526804602932172
81.10000000000568, -25.297165062466945, 0.0, 36.833750429169385, 5.821672500004208, 0.0, 5.32958234835804, 0.7409249999999062, 0.0, -0.237373846876197
81.11000000000568, -25.23891129397312, 0.0, 36.887034348881954, 5.829080922504211, 0.0, 5.327198086886611, 0.7407592499999053, 0.0, -0.23947820603557268
81.12000000000569, -25.180583449566797, 0.0, 36.940294320786066, 5.836487680004213, 0.0, 5.324792789086629, 0.7405919999999044, 0.0, -0.24158111040119667
81.1300000000057, -25.12218154597298, 0.0, 36.99353013459135, 5.843892757504217, 0.0, 5.322366469571582, 0.7404232499999034, 0.0, -0.24368254686682356
81.1400000000057, -25.063705600066655, 0.0, 37.04674158015429, 5.851296140004219, 0.0, 5.319919143085988, 0.7402529999999026, 0.0, -0.24578250232619903
81.1500000000057, -25.005155628872835, 0.0, 37.099928447479456, 5.8586978125042215, 0.0, 5.31745082450543, 0.7400812499999017, 0.0, -0.2478809636730741
81.16000000000571, -24.946531649566516, 0.0, 37.1530905267208, 5.866097760004225, 0.0, 5.314961528836584, 0.7399079999999006, 0.0, -0.24997791780119805
81.17000000000571, -24.88783367947269, 0.0, 37.20622760818306, 5.873495967504228, 0.0, 5.312451271217151, 0.7397332499998996, 0.0, -0.25207335160432276
81.18000000000572, -24.829061736066368, 0.0, 37.25933948232293, 5.88089242000423, 0.0, 5.309920066915929, 0.7395569999998987, 0.0, -0.25416725197619794
81.19000000000572, -24.77021583697254, 0.0, 37.31242593975047, 5.888287102504233, 0.0, 5.307367931332751, 0.7393792499998979, 0.0, -0.25625960581057416
81.20000000000573, -24.711295999966218, 0.0, 37.36548677123044, 5.895680000004235, 0.0, 5.304794879998527, 0.7391999999998968, 0.0, -0.258350400001198
81.21000000000573, -24.652302242972393, 0.0, 37.41852176768354, 5.903071097504237, 0.0, 5.302200928575221, 0.739019249999896, 0.0, -0.2604396214418241
81.22000000000574, -24.593234584066074, 0.0, 37.47153072018767, 5.910460380004241, 0.0, 5.299586092855877, 0.7388369999998948, 0.0, -0.26252725702619895
81.23000000000575, -24.53409304147226, 0.0, 37.52451341997943, 5.917847832504243, 0.0, 5.296950388764573, 0.7386532499998939, 0.0, -0.2646132936480754
81.24000000000575, -24.47487763356593, 0.0, 37.57746965845529, 5.925233440004247, 0.0, 5.294293832356471, 0.7384679999998931, 0.0, -0.2666977182011987
81.25000000000576, -24.41558837887211, 0.0, 37.63039922717286, 5.932617187504249, 0.0, 5.291616439817794, 0.7382812499998922, 0.0, -0.26878051757932475
81.26000000000576, -24.356225296065787, 0.0, 37.68330191785228, 5.939999060004252, 0.0, 5.288918227465825, 0.7380929999998911, 0.0, -0.27086167867620103
81.27000000000577, -24.29678840397196, 0.0, 37.736177522377645, 5.947379042504256, 0.0, 5.286199211748897, 0.7379032499998901, 0.0, -0.272941188385575
81.28000000000577, -24.237277721565633, 0.0, 37.789025832798046, 5.954757120004256, 0.0, 5.283459409246417, 0.7377119999998891, 0.0, -0.27501903360120084
81.29000000000578, -24.17769326797182, 0.0, 37.84184664132901, 5.962133277504259, 0.0, 5.2806988366688685, 0.7375192499998884, 0.0, -0.2770952012168242
81.30000000000578, -24.11803506246549, 0.0, 37.89463974035401, 5.969507500004263, 0.0, 5.277917510857769, 0.7373249999998873, 0.0, -0.27916967812619964
81.31000000000579, -24.058303124471667, 0.0, 37.94740492242536, 5.976879772504265, 0.0, 5.2751154487857175, 0.7371292499998863, 0.0, -0.28124245122307556
81.32000000000579, -23.998497473565344, 0.0, 38.000141980265894, 5.984250080004269, 0.0, 5.272292667556368, 0.7369319999998852, 0.0, -0.2833135074012012
81.3300000000058, -23.938618129471525, 0.0, 38.0528507067701, 5.991618407504269, 0.0, 5.269449184404442, 0.7367332499998843, 0.0, -0.2853828335543245
81.3400000000058, -23.878665112065196, 0.0, 38.10553089500551, 5.998984740004275, 0.0, 5.266585016695718, 0.7365329999998834, 0.0, -0.2874504165762013
81.3500000000058, -23.818638441371377, 0.0, 38.15818233821387, 6.006349062504276, 0.0, 5.263700181927039, 0.7363312499998824, 0.0, -0.2895162433605769
81.36000000000581, -23.758538137565054, 0.0, 38.210804829812645, 6.0137113600042795, 0.0, 5.260794697726313, 0.7361279999998814, 0.0, -0.2915803008012019
81.37000000000582, -23.69836422097123, 0.0, 38.26339816339618, 6.021071617504282, 0.0, 5.257868581852513, 0.7359232499998803, 0.0, -0.2936425757918264
81.38000000000582, -23.638116712064903, 0.0, 38.31596213273711, 6.028429820004282, 0.0, 5.2549218521956576, 0.7357169999998794, 0.0, -0.29570305522620144
81.39000000000583, -23.57779563147108, 0.0, 38.3684965317876, 6.035785952504285, 0.0, 5.251954526776858, 0.7355092499998787, 0.0, -0.2977617259980745
81.40000000000583, -23.517400999964757, 0.0, 38.42100115468065, 6.043140000004288, 0.0, 5.248966623748254, 0.7352999999998776, 0.0, -0.2998185750011997
81.41000000000584, -23.456932838470934, 0.0, 38.47347579573152, 6.050491947504291, 0.0, 5.245958161393082, 0.7350892499998766, 0.0, -0.3018735891293258
81.42000000000584, -23.39639116806461, 0.0, 38.525920249438855, 6.057841780004295, 0.0, 5.242929158125607, 0.7348769999998754, 0.0, -0.3039267552762004
81.43000000000585, -23.33577600997078, 0.0, 38.57833431048619, 6.065189482504296, 0.0, 5.239879632491174, 0.7346632499998744, 0.0, -0.30597806033557484
81.44000000000585, -23.27508738556446, 0.0, 38.63071777374307, 6.072535040004299, 0.0, 5.236809603166206, 0.7344479999998736, 0.0, -0.3080274912012002
81.45000000000586, -23.214325316370637, 0.0, 38.68307043426661, 6.0798784375043, 0.0, 5.2337190889581535, 0.7342312499998727, 0.0, -0.3100750347668253
81.46000000000586, -23.153489824064316, 0.0, 38.73539208730246, 6.087219660004304, 0.0, 5.230608108805555, 0.7340129999998716, 0.0, -0.31212067792620024
81.47000000000587, -23.09258093047049, 0.0, 38.78768252828648, 6.094558692504307, 0.0, 5.227476681778002, 0.7337932499998706, 0.0, -0.31416440757307473
81.48000000000587, -23.031598657564164, 0.0, 38.839941552845815, 6.101895520004309, 0.0, 5.224324827076153, 0.7335719999998696, 0.0, -0.31620621060120113
81.49000000000588, -22.97054302747034, 0.0, 38.892168956800255, 6.1092301275043095, 0.0, 5.221152564031719, 0.7333492499998687, 0.0, -0.31824607390432513
81.50000000000588, -22.909414062464016, 0.0, 38.94436453616356, 6.116562500004313, 0.0, 5.2179599121074975, 0.7331249999998677, 0.0, -0.3202839843762004
81.51000000000589, -22.84821178497019, 0.0, 38.99652808714484, 6.123892622504316, 0.0, 5.214746890897322, 0.7328992499998666, 0.0, -0.32231992891057626
81.5200000000059, -22.78693621756387, 0.0, 39.04865940614967, 6.131220480004318, 0.0, 5.211513520126093, 0.7326719999998655, 0.0, -0.32435389440120055
81.5300000000059, -22.725587382970048, 0.0, 39.10075828978168, 6.138546057504321, 0.0, 5.208259819649795, 0.7324432499998645, 0.0, -0.32638586774182476
81.5400000000059, -22.66416530406371, 0.0, 39.152824534843674, 6.1458693400043245, 0.0, 5.204985809455444, 0.7322129999998637, 0.0, -0.32841583582619904
81.55000000000591, -22.60267000386989, 0.0, 39.20485793833885, 6.153190312504323, 0.0, 5.201691509661137, 0.7319812499998627, 0.0, -0.3304437855480731
81.56000000000591, -22.541101505563564, 0.0, 39.256858297472405, 6.160508960004329, 0.0, 5.198376940516043, 0.7317479999998616, 0.0, -0.33246970380120056
81.57000000000592, -22.479459832469743, 0.0, 39.308825409652655, 6.16782526750433, 0.0, 5.195042122400363, 0.7315132499998606, 0.0, -0.3344935774793245
81.58000000000592, -22.41774500806342, 0.0, 39.36075907249226, 6.175139220004334, 0.0, 5.191687075825389, 0.7312769999998595, 0.0, -0.3365153934761991
81.59000000000593, -22.35595705596959, 0.0, 39.41265908380981, 6.182450802504336, 0.0, 5.188311821433462, 0.7310392499998585, 0.0, -0.3385351386855744
81.60000000000593, -22.294095999963268, 0.0, 39.464525241630824, 6.189760000004336, 0.0, 5.184916379997988, 0.7307999999998577, 0.0, -0.34055280000119836
81.61000000000594, -22.232161863969445, 0.0, 39.51635734418934, 6.197066797504339, 0.0, 5.181500772423433, 0.7305592499998567, 0.0, -0.34256836431682336
81.62000000000594, -22.17015467206312, 0.0, 39.568155189928994, 6.20437118000434, 0.0, 5.178065019745333, 0.7303169999998557, 0.0, -0.3445818185261973
81.63000000000595, -22.10807444846929, 0.0, 39.6199185775045, 6.211673132504344, 0.0, 5.174609143130281, 0.7300732499998545, 0.0, -0.3465931495230725
81.64000000000595, -22.04592121756297, 0.0, 39.67164730578282, 6.218972640004347, 0.0, 5.171133163875933, 0.7298279999998535, 0.0, -0.34860234420119784
81.65000000000596, -21.98369500386914, 0.0, 39.72334117384467, 6.226269687504348, 0.0, 5.167637103411003, 0.7295812499998525, 0.0, -0.35060938945432296
81.66000000000597, -21.921395832062814, 0.0, 39.77499998098558, 6.23356426000435, 0.0, 5.164120983295277, 0.7293329999998516, 0.0, -0.3526142721761967
81.67000000000597, -21.859023726968996, 0.0, 39.8266235267174, 6.240856342504353, 0.0, 5.160584825219599, 0.7290832499998504, 0.0, -0.3546169792605718
81.68000000000598, -21.79657871356266, 0.0, 39.87821161076957, 6.248145920004355, 0.0, 5.157028651005875, 0.7288319999998493, 0.0, -0.3566174976011962
81.69000000000598, -21.734060816968842, 0.0, 39.929764033090294, 6.255432977504357, 0.0, 5.153452482607069, 0.7285792499998486, 0.0, -0.358615814091821
81.70000000000599, -21.67147006246251, 0.0, 39.98128059384808, 6.262717500004361, 0.0, 5.1498563421072205, 0.7283249999998472, 0.0, -0.3606119156261962
81.71000000000599, -21.60880647546869, 0.0, 40.03276109343285, 6.269999472504363, 0.0, 5.146240251721425, 0.7280692499998463, 0.0, -0.36260578909807073
81.720000000006, -21.546070081562362, 0.0, 40.08420533245741, 6.2772788800043635, 0.0, 5.14260423379582, 0.7278119999998452, 0.0, -0.3645974214011951
81.730000000006, -21.483260906468537, 0.0, 40.1356131117586, 6.284555707504366, 0.0, 5.138948310807642, 0.7275532499998442, 0.0, -0.36658679942931993
81.740000000006, -21.420378976062217, 0.0, 40.18698423239874, 6.291829940004368, 0.0, 5.135272505365167, 0.7272929999998433, 0.0, -0.36857391007619444
81.75000000000601, -21.357424316368387, 0.0, 40.23831849566689, 6.29910156250437, 0.0, 5.131576840207741, 0.7270312499998423, 0.0, -0.37055874023556923
81.76000000000602, -21.29439695356206, 0.0, 40.289615703080116, 6.306370560004373, 0.0, 5.127861338205767, 0.7267679999998412, 0.0, -0.37254127680119353
81.77000000000602, -21.231296913968233, 0.0, 40.34087565638491, 6.3136369175043745, 0.0, 5.124126022360715, 0.72650324999984, 0.0, -0.3745215066668188
81.78000000000603, -21.16812422406191, 0.0, 40.39209815755832, 6.320900620004378, 0.0, 5.1203709158051165, 0.7262369999998392, 0.0, -0.37649941672619347
81.79000000000603, -21.10487891046808, 0.0, 40.44328300880956, 6.328161652504378, 0.0, 5.116596041802554, 0.7259692499998381, 0.0, -0.37847499387306627
81.80000000000604, -21.041560999961753, 0.0, 40.49443001258092, 6.3354200000043805, 0.0, 5.112801423747712, 0.7256999999998371, 0.0, -0.3804482250011918
81.81000000000604, -20.97817051946793, 0.0, 40.54553897154943, 6.342675647504383, 0.0, 5.108987085166289, 0.7254292499998359, 0.0, -0.38241909700431753
81.82000000000605, -20.914707496061606, 0.0, 40.596609688628035, 6.349928580004386, 0.0, 5.10515304971506, 0.7251569999998347, 0.0, -0.3843875967761927
81.83000000000605, -20.85117195696778, 0.0, 40.64764196696685, 6.357178782504389, 0.0, 5.101299341181882, 0.7248832499998338, 0.0, -0.3863537112105657
81.84000000000606, -20.787563929561454, 0.0, 40.69863560995451, 6.3644262400043905, 0.0, 5.097425983485659, 0.7246079999998328, 0.0, -0.3883174272011911
81.85000000000606, -20.723883441367622, 0.0, 40.74959042121956, 6.371670937504391, 0.0, 5.09353300067635, 0.7243312499998317, 0.0, -0.39027873164181637
81.86000000000607, -20.6601305200613, 0.0, 40.80050620463164, 6.378912860004393, 0.0, 5.089620416935, 0.7240529999998307, 0.0, -0.39223761142618985
81.87000000000607, -20.596305193467472, 0.0, 40.85138276430289, 6.386151992504396, 0.0, 5.085688256573704, 0.7237732499998296, 0.0, -0.3941940534480639
81.88000000000608, -20.532407489561145, 0.0, 40.90221990458921, 6.393388320004398, 0.0, 5.0817365440356035, 0.7234919999998285, 0.0, -0.39614804460118913
81.89000000000608, -20.46843743646732, 0.0, 40.953017430091634, 6.400621827504399, 0.0, 5.0777653038949175, 0.7232092499998276, 0.0, -0.3980995717793139
81.90000000000609, -20.404395062460992, 0.0, 41.0037751456575, 6.407852500004401, 0.0, 5.073774560856949, 0.7229249999998267, 0.0, -0.4000486218761874
81.9100000000061, -20.340280395967163, 0.0, 41.05449285638193, 6.415080322504403, 0.0, 5.069764339758022, 0.7226392499998254, 0.0, -0.40199518178556115
81.9200000000061, -20.276093465560834, 0.0, 41.10517036760906, 6.422305280004405, 0.0, 5.065734665565541, 0.7223519999998244, 0.0, -0.40393923840118573
81.9300000000061, -20.211834299967006, 0.0, 41.15580748493331, 6.429527357504408, 0.0, 5.0616855633779885, 0.7220632499998233, 0.0, -0.4058807786168104
81.94000000000611, -20.147502928060682, 0.0, 41.20640401420077, 6.436746540004409, 0.0, 5.057617058424887, 0.7217729999998223, 0.0, -0.40781978932618523
81.95000000000611, -20.083099378866855, 0.0, 41.25695976151049, 6.443962812504411, 0.0, 5.053529176066839, 0.7214812499998212, 0.0, -0.4097562574230613
81.96000000000612, -20.018623681560527, 0.0, 41.30747453321578, 6.451176160004413, 0.0, 5.049421941795488, 0.7211879999998202, 0.0, -0.4116901698011848
81.97000000000612, -19.954075865466706, 0.0, 41.357948135925476, 6.458386567504414, 0.0, 5.045295381233556, 0.720893249999819, 0.0, -0.4136215133543093
81.98000000000613, -19.889455960060374, 0.0, 41.40838037650536, 6.465594020004417, 0.0, 5.041149520134832, 0.720596999999818, 0.0, -0.4155502749761837
81.99000000000613, -19.82476399496655, 0.0, 41.45877106207937, 6.472798502504419, 0.0, 5.036984384384159, 0.720299249999817, 0.0, -0.41747644156055985
82.00000000000614, -19.759999999960222, 0.0, 41.50912000003095, 6.48000000000442, 0.0, 5.032799999997437, 0.7199999999998158, 0.0, -0.4194000000011813
82.01000000000614, -19.695164004966394, 0.0, 41.5594269980044, 6.487198497504423, 0.0, 5.02859639312163, 0.7196992499998148, 0.0, -0.4213209371918052
82.02000000000615, -19.63025604006007, 0.0, 41.60969186390604, 6.494393980004425, 0.0, 5.0243735900347755, 0.7193969999998137, 0.0, -0.42323924002618085
82.03000000000615, -19.56527613546624, 0.0, 41.659914405905766, 6.501586432504426, 0.0, 5.020131617145976, 0.7190932499998125, 0.0, -0.4251548953980553
82.04000000000616, -19.500224321559912, 0.0, 41.710094432438126, 6.508775840004427, 0.0, 5.015870500995371, 0.7187879999998116, 0.0, -0.4270678902011782
82.05000000000616, -19.435100628866085, 0.0, 41.76023175220373, 6.51596218750443, 0.0, 5.011590268254203, 0.7184812499998104, 0.0, -0.4289782113293037
82.06000000000617, -19.369905088059753, 0.0, 41.81032617417064, 6.523145460004431, 0.0, 5.007290945724719, 0.7181729999998093, 0.0, -0.43088584567617927
82.07000000000617, -19.30463772996593, 0.0, 41.860377507575436, 6.530325642504434, 0.0, 5.002972560340295, 0.7178632499998082, 0.0, -0.43279078013555283
82.08000000000618, -19.239298585559602, 0.0, 41.91038556192484, 6.537502720004434, 0.0, 4.998635139165321, 0.7175519999998071, 0.0, -0.4346930016011754
82.09000000000619, -19.173887685965774, 0.0, 41.960350146996774, 6.544676677504437, 0.0, 4.994278709395267, 0.7172392499998058, 0.0, -0.4365924969668007
82.10000000000619, -19.108405062459447, 0.0, 42.010271072841874, 6.551847500004439, 0.0, 4.989903298356667, 0.716924999999805, 0.0, -0.43848925312617615
82.1100000000062, -19.042850746465618, 0.0, 42.06014814978462, 6.559015172504441, 0.0, 4.9855089335071145, 0.7166092499998039, 0.0, -0.44038325697305103
82.1200000000062, -18.97722476955929, 0.0, 42.109981188424655, 6.566179680004442, 0.0, 4.981095642435273, 0.7162919999998026, 0.0, -0.4422744954011737
82.1300000000062, -18.911527163465465, 0.0, 42.1597699996383, 6.573341007504443, 0.0, 4.976663452860841, 0.7159732499998016, 0.0, -0.4441629553042987
82.14000000000621, -18.84575796005914, 0.0, 42.20951439457975, 6.580499140004445, 0.0, 4.9722123926346065, 0.7156529999998006, 0.0, -0.4460486235761718
82.15000000000622, -18.779917191365307, 0.0, 42.259214184682136, 6.587654062504446, 0.0, 4.967742489738432, 0.7153312499997996, 0.0, -0.44793148711054664
82.16000000000622, -18.71400488955898, 0.0, 42.308869181659325, 6.594805760004449, 0.0, 4.963253772285208, 0.7150079999997986, 0.0, -0.44981153280117026
82.17000000000623, -18.648021086965148, 0.0, 42.35847919750685, 6.60195421750445, 0.0, 4.9587462685189045, 0.7146832499997972, 0.0, -0.451688747541795
82.18000000000623, -18.581965816058826, 0.0, 42.408044044503306, 6.609099420004451, 0.0, 4.954220006814555, 0.7143569999997962, 0.0, -0.4535631182261697
82.19000000000624, -18.51583910946499, 0.0, 42.45756353521175, 6.616241352504452, 0.0, 4.949675015678249, 0.714029249999795, 0.0, -0.4554346317480418
82.20000000000624, -18.44964099995866, 0.0, 42.507037482480925, 6.623380000004454, 0.0, 4.945111323747149, 0.713699999999794, 0.0, -0.4573032750011685
82.21000000000625, -18.383371520464834, 0.0, 42.55646569944665, 6.630515347504457, 0.0, 4.940528959789479, 0.7133692499997929, 0.0, -0.45916903487929206
82.22000000000625, -18.31703070405851, 0.0, 42.60584799953299, 6.6376473800044575, 0.0, 4.935927952704505, 0.7130369999997918, 0.0, -0.46103189827616475
82.23000000000626, -18.25061858396468, 0.0, 42.65518419645376, 6.6447760825044595, 0.0, 4.931308331522571, 0.7127032499997908, 0.0, -0.4628918520855385
82.24000000000626, -18.18413519355835, 0.0, 42.7044741042137, 6.651901440004461, 0.0, 4.9266701254050975, 0.7123679999997895, 0.0, -0.46474888320116303
82.25000000000627, -18.117580566364524, 0.0, 42.75371753710975, 6.659023437504463, 0.0, 4.922013363644542, 0.7120312499997886, 0.0, -0.46660297851678756
82.26000000000627, -18.050954736058188, 0.0, 42.80291430973256, 6.666142060004464, 0.0, 4.917338075664439, 0.7116929999997873, 0.0, -0.46845412492616134
82.27000000000628, -17.984257736464365, 0.0, 42.852064236967536, 6.6732572925044655, 0.0, 4.9126442910193955, 0.7113532499997862, 0.0, -0.47030230932303585
82.28000000000628, -17.91748960155803, 0.0, 42.901167133996374, 6.680369120004467, 0.0, 4.907932039395041, 0.7110119999997851, 0.0, -0.4721475186011599
82.29000000000629, -17.850650365464205, 0.0, 42.95022281629826, 6.687477527504468, 0.0, 4.903201350608114, 0.7106692499997839, 0.0, -0.47398973965428404
82.30000000000629, -17.783740062457873, 0.0, 42.9992310996512, 6.694582500004471, 0.0, 4.898452254606385, 0.7103249999997828, 0.0, -0.475828959376158
82.3100000000063, -17.716758726964045, 0.0, 43.04819180013331, 6.701684022504471, 0.0, 4.893684781468709, 0.7099792499997818, 0.0, -0.47766516466053144
82.3200000000063, -17.64970639355772, 0.0, 43.09710473412419, 6.708782080004472, 0.0, 4.888898961404985, 0.7096319999997808, 0.0, -0.47949834240115674
82.33000000000631, -17.582583096963887, 0.0, 43.14596971830617, 6.715876657504475, 0.0, 4.884094824756179, 0.7092832499997795, 0.0, -0.48132847949177915
82.34000000000631, -17.515388872057557, 0.0, 43.194786569665624, 6.722967740004475, 0.0, 4.879272401994331, 0.7089329999997783, 0.0, -0.48315556282615457
82.35000000000632, -17.448123753863726, 0.0, 43.243555105494394, 6.730055312504478, 0.0, 4.87443172372253, 0.7085812499997773, 0.0, -0.48497957929803004
82.36000000000632, -17.3807877775574, 0.0, 43.29227514339087, 6.7371393600044795, 0.0, 4.869572820674925, 0.7082279999997761, 0.0, -0.4868005158011526
82.37000000000633, -17.31338097846357, 0.0, 43.34094650126154, 6.74421986750448, 0.0, 4.86469572371675, 0.707873249999775, 0.0, -0.4886183592292772
82.38000000000633, -17.245903392057237, 0.0, 43.389568997322186, 6.751296820004482, 0.0, 4.859800463844278, 0.7075169999997738, 0.0, -0.4904330964761501
82.39000000000634, -17.178355053963415, 0.0, 43.4381424500992, 6.758370202504481, 0.0, 4.854887072184846, 0.7071592499997726, 0.0, -0.49224471443552353
82.40000000000634, -17.11073599995708, 0.0, 43.48666667843084, 6.765440000004485, 0.0, 4.84995557999687, 0.7067999999997717, 0.0, -0.49405320000114994
82.41000000000635, -17.043046265963255, 0.0, 43.53514150146869, 6.772506197504486, 0.0, 4.845006018669817, 0.7064392499997704, 0.0, -0.49585854006677277
82.42000000000635, -16.975285888056924, 0.0, 43.58356673867883, 6.779568780004487, 0.0, 4.8400384197242285, 0.7060769999997693, 0.0, -0.49766072152614615
82.43000000000636, -16.9074549024631, 0.0, 43.63194220984333, 6.7866277325044875, 0.0, 4.835052814811666, 0.7057132499997681, 0.0, -0.4994597312730189
82.44000000000636, -16.839553345556766, 0.0, 43.68026773506118, 6.793683040004489, 0.0, 4.830049235714812, 0.705347999999767, 0.0, -0.5012555562011434
82.45000000000637, -16.771581253862934, 0.0, 43.72854313475009, 6.80073468750449, 0.0, 4.825027714347383, 0.704981249999766, 0.0, -0.5030481832042684
82.46000000000637, -16.703538664056605, 0.0, 43.77676822964742, 6.807782660004492, 0.0, 4.819988282754162, 0.7046129999997649, 0.0, -0.5048375991761409
82.47000000000638, -16.635425612962774, 0.0, 43.8249428408117, 6.814826942504494, 0.0, 4.814930973110986, 0.7042432499997636, 0.0, -0.5066237910105151
82.48000000000638, -16.56724213755645, 0.0, 43.873066789623834, 6.821867520004495, 0.0, 4.8098558177247615, 0.7038719999997624, 0.0, -0.5084067456011399
82.49000000000639, -16.498988274962617, 0.0, 43.921139897788535, 6.828904377504496, 0.0, 4.804762849033457, 0.7034992499997611, 0.0, -0.5101864498417639
82.5000000000064, -16.43066406245628, 0.0, 43.969161987335426, 6.835937500004497, 0.0, 4.7996520996061065, 0.7031249999997603, 0.0, -0.5119628906261369
82.5100000000064, -16.36226953746246, 0.0, 44.01713288062057, 6.8429668725044985, 0.0, 4.794523602142808, 0.7027492499997591, 0.0, -0.5137360548480112
82.5200000000064, -16.293804737556126, 0.0, 44.06505240032766, 6.8499924800045005, 0.0, 4.789377389474707, 0.7023719999997579, 0.0, -0.5155059294011366
82.53000000000641, -16.2252697004623, 0.0, 44.112920369469286, 6.8570143075045005, 0.0, 4.784213494564028, 0.7019932499997567, 0.0, -0.5172725011792583
82.54000000000642, -16.15666446405596, 0.0, 44.16073661138849, 6.864032340004501, 0.0, 4.779031950504045, 0.7016129999997555, 0.0, -0.5190357570761313
82.55000000000642, -16.087989066362137, 0.0, 44.20850094975967, 6.871046562504502, 0.0, 4.773832790519126, 0.7012312499997545, 0.0, -0.5207956839855052
82.56000000000643, -16.01924354555581, 0.0, 44.25621320859033, 6.878056960004503, 0.0, 4.768616047964649, 0.7008479999997533, 0.0, -0.5225522688011299
82.57000000000643, -15.95042793996198, 0.0, 44.30387321222204, 6.885063517504505, 0.0, 4.763381756327096, 0.7004632499997522, 0.0, -0.5243054984167532
82.58000000000644, -15.881542288055646, 0.0, 44.35148078533201, 6.892066220004507, 0.0, 4.758129949223999, 0.7000769999997508, 0.0, -0.5260553597261275
82.59000000000644, -15.812586628461817, 0.0, 44.39903575293419, 6.899065052504507, 0.0, 4.752860660403945, 0.6996892499997497, 0.0, -0.5278018396230006
82.60000000000645, -15.743560999955482, 0.0, 44.446537940380644, 6.906060000004509, 0.0, 4.747573923746591, 0.6992999999997486, 0.0, -0.5295449250011259
82.61000000000645, -15.674465441461654, 0.0, 44.493987173363045, 6.913051047504508, 0.0, 4.74226977326267, 0.6989092499997475, 0.0, -0.5312846027542477
82.62000000000646, -15.605299992055325, 0.0, 44.54138327791368, 6.920038180004512, 0.0, 4.736948243093938, 0.6985169999997461, 0.0, -0.5330208597761228
82.63000000000646, -15.5360646909615, 0.0, 44.588726080406914, 6.927021382504511, 0.0, 4.731609367513265, 0.6981232499997451, 0.0, -0.5347536829604964
82.64000000000647, -15.466759577555164, 0.0, 44.63601540756059, 6.9340006400045135, 0.0, 4.726253180924536, 0.6977279999997438, 0.0, -0.5364830592011192
82.65000000000647, -15.397384691361333, 0.0, 44.6832510864372, 6.940975937504515, 0.0, 4.720879717862735, 0.6973312499997427, 0.0, -0.5382089753917434
82.66000000000648, -15.327940072055002, 0.0, 44.730432944445205, 6.947947260004514, 0.0, 4.715489012993881, 0.6969329999997417, 0.0, -0.5399314184261161
82.67000000000648, -15.258425759461174, 0.0, 44.77756080934043, 6.954914592504514, 0.0, 4.710081101115081, 0.6965332499997404, 0.0, -0.5416503751979898
82.68000000000649, -15.188841793554849, 0.0, 44.824634509227245, 6.961877920004516, 0.0, 4.704656017154479, 0.6961319999997392, 0.0, -0.543365832601113
82.69000000000649, -15.11918821446101, 0.0, 44.871653872560124, 6.968837227504516, 0.0, 4.699213796171298, 0.695729249999738, 0.0, -0.5450777775292375
82.7000000000065, -15.049465062454678, 0.0, 44.91861872814461, 6.975792500004519, 0.0, 4.693754473355829, 0.695324999999737, 0.0, -0.546786196876111
82.7100000000065, -14.979672377960854, 0.0, 44.96552890513888, 6.9827437225045195, 0.0, 4.688278084029404, 0.6949192499997358, 0.0, -0.548491077535485
82.72000000000651, -14.909810201554519, 0.0, 45.01238423305506, 6.989690880004519, 0.0, 4.682784663644426, 0.6945119999997346, 0.0, -0.5501924064011074
82.73000000000651, -14.839878573960688, 0.0, 45.05918454176025, 6.99663395750452, 0.0, 4.677274247784368, 0.6941032499997334, 0.0, -0.5518901703667307
82.74000000000652, -14.769877536054357, 0.0, 45.10592966147822, 7.0035729400045215, 0.0, 4.671746872163773, 0.693692999999732, 0.0, -0.5535843563261054
82.75000000000652, -14.69980712886053, 0.0, 45.152619422790494, 7.010507812504523, 0.0, 4.666202572628221, 0.6932812499997311, 0.0, -0.5552749511729784
82.76000000000653, -14.629667393554191, 0.0, 45.1992536566377, 7.017438560004523, 0.0, 4.6606413851543635, 0.6928679999997299, 0.0, -0.5569619418011014
82.77000000000653, -14.55945837146036, 0.0, 45.245832194320876, 7.024365167504523, 0.0, 4.655063345849934, 0.6924532499997286, 0.0, -0.5586453151042248
82.78000000000654, -14.489180104054027, 0.0, 45.29235486750278, 7.031287620004523, 0.0, 4.649468490953712, 0.6920369999997275, 0.0, -0.5603250579760992
82.79000000000654, -14.418832632960202, 0.0, 45.338821508209236, 7.038205902504526, 0.0, 4.6438568568355425, 0.6916192499997261, 0.0, -0.5620011573104717
82.80000000000655, -14.348415999953867, 0.0, 45.385231948830445, 7.045120000004525, 0.0, 4.638228479996313, 0.691199999999725, 0.0, -0.5636736000010956
82.81000000000655, -14.277930246960041, 0.0, 45.43158602212221, 7.052029897504527, 0.0, 4.632583397068018, 0.690779249999724, 0.0, -0.5653423729417195
82.82000000000656, -14.207375416053702, 0.0, 45.47788356120741, 7.058935580004529, 0.0, 4.626921644813656, 0.6903569999997227, 0.0, -0.5670074630260942
82.83000000000656, -14.136751549459879, 0.0, 45.52412439957708, 7.06583703250453, 0.0, 4.621243260127363, 0.6899332499997212, 0.0, -0.5686688571479666
82.84000000000657, -14.066058689553538, 0.0, 45.57030837109196, 7.072734240004529, 0.0, 4.615548280034261, 0.6895079999997201, 0.0, -0.570326542201089
82.85000000000657, -13.995296878859714, 0.0, 45.616435309983636, 7.07962718750453, 0.0, 4.609836741690582, 0.6890812499997191, 0.0, -0.571980505079213
82.86000000000658, -13.924466160053372, 0.0, 45.662505050855955, 7.086515860004531, 0.0, 4.6041086823836, 0.6886529999997179, 0.0, -0.5736307326760857
82.87000000000658, -13.853566575959553, 0.0, 45.70851742868618, 7.093400242504532, 0.0, 4.598364139531679, 0.6882232499997166, 0.0, -0.575277211885461
82.88000000000659, -13.78259816955322, 0.0, 45.754472278826604, 7.100280320004535, 0.0, 4.59260315068421, 0.6877919999997152, 0.0, -0.5769199296010843
82.8900000000066, -13.711560983959385, 0.0, 45.800369437005536, 7.107156077504534, 0.0, 4.586825753521655, 0.687359249999714, 0.0, -0.578558872716707
82.9000000000066, -13.640455062453055, 0.0, 45.84620873932873, 7.114027500004536, 0.0, 4.581031985855557, 0.686924999999713, 0.0, -0.5801940281260807
82.9100000000066, -13.569280448459219, 0.0, 45.89199002228081, 7.120894572504535, 0.0, 4.575221885628498, 0.6864892499997116, 0.0, -0.581825382722954
82.92000000000661, -13.498037185552887, 0.0, 45.937713122726386, 7.127757280004534, 0.0, 4.569395490914143, 0.6860519999997104, 0.0, -0.5834529234010759
82.93000000000661, -13.426725317459054, 0.0, 45.98337787791149, 7.134615607504535, 0.0, 4.56355283991722, 0.6856132499997091, 0.0, -0.5850766370541995
82.94000000000662, -13.355344888052729, 0.0, 46.02898412546492, 7.141469540004536, 0.0, 4.557693970973505, 0.6851729999997079, 0.0, -0.5866965105760746
82.95000000000663, -13.283895941358894, 0.0, 46.07453170339943, 7.148319062504537, 0.0, 4.551818922549813, 0.6847312499997068, 0.0, -0.5883125308604464
82.96000000000663, -13.212378521552564, 0.0, 46.120020450113, 7.155164160004537, 0.0, 4.545927733244092, 0.6842879999997057, 0.0, -0.5899246848010682
82.97000000000664, -13.140792672958726, 0.0, 46.165450204390474, 7.162004817504538, 0.0, 4.540020441785289, 0.6838432499997044, 0.0, -0.5915329592916923
82.98000000000664, -13.0691384400524, 0.0, 46.210820805404424, 7.168841020004538, 0.0, 4.534097087033437, 0.6833969999997033, 0.0, -0.5931373412260665
82.99000000000665, -12.997415867458558, 0.0, 46.25613209271684, 7.175672752504538, 0.0, 4.5281577079796325, 0.682949249999702, 0.0, -0.5947378174979399
83.00000000000665, -12.925624999952232, 0.0, 46.301383906280144, 7.182500000004539, 0.0, 4.5222023437460415, 0.6824999999997009, 0.0, -0.5963343750010628
83.01000000000666, -12.853765882458402, 0.0, 46.34657608643872, 7.18932274750454, 0.0, 4.516231033585866, 0.6820492499996994, 0.0, -0.5979270006291859
83.02000000000666, -12.781838560052071, 0.0, 46.39170847393007, 7.196140980004541, 0.0, 4.5102438168833885, 0.6815969999996981, 0.0, -0.5995156812760607
83.03000000000667, -12.709843077958238, 0.0, 46.43678090988632, 7.202954682504542, 0.0, 4.504240733153962, 0.6811432499996969, 0.0, -0.6011004038354324
83.04000000000667, -12.6377794815519, 0.0, 46.481793235835255, 7.209763840004541, 0.0, 4.4982218220439805, 0.6806879999996956, 0.0, -0.6026811552010543
83.05000000000668, -12.565647816358078, 0.0, 46.52674529370189, 7.2165684375045425, 0.0, 4.492187123330943, 0.6802312499996946, 0.0, -0.6042579222666804
83.06000000000668, -12.493448128051734, 0.0, 46.57163692580961, 7.223368460004542, 0.0, 4.48613667692333, 0.6797729999996934, 0.0, -0.6058306919260508
83.07000000000669, -12.42118046245791, 0.0, 46.61646797488151, 7.230163892504542, 0.0, 4.4800705228607836, 0.6793132499996922, 0.0, -0.6073994510729248
83.08000000000669, -12.348844865551582, 0.0, 46.66123828404187, 7.236954720004543, 0.0, 4.473988701313932, 0.6788519999996908, 0.0, -0.6089641866010478
83.0900000000067, -12.276441383457739, 0.0, 46.705947696817226, 7.243740927504542, 0.0, 4.467891252584501, 0.6783892499996894, 0.0, -0.6105248854041712
83.1000000000067, -12.203970062451406, 0.0, 46.75059605713779, 7.250522500004542, 0.0, 4.461778217105273, 0.6779249999996885, 0.0, -0.6120815343760428
83.1100000000067, -12.131430948957574, 0.0, 46.795183209338745, 7.257299422504545, 0.0, 4.4556496354401, 0.6774592499996871, 0.0, -0.6136341204104179
83.12000000000671, -12.058824089551253, 0.0, 46.83970899816163, 7.2640716800045455, 0.0, 4.449505548283877, 0.6769919999996857, 0.0, -0.6151826304010406
83.13000000000672, -11.98614953095741, 0.0, 46.88417326875557, 7.270839257504544, 0.0, 4.443345996462568, 0.6765232499996846, 0.0, -0.6167270512416634
83.14000000000672, -11.913407320051084, 0.0, 46.92857586667857, 7.277602140004544, 0.0, 4.437171020933228, 0.6760529999996833, 0.0, -0.618267369826035
83.15000000000673, -11.840597503857252, 0.0, 46.97291663789884, 7.284360312504546, 0.0, 4.430980662783924, 0.6755812499996822, 0.0, -0.6198035730479097
83.16000000000673, -11.767720129550915, 0.0, 47.017195428796256, 7.291113760004546, 0.0, 4.424774963233823, 0.6751079999996809, 0.0, -0.6213356478010335
83.17000000000674, -11.694775244457079, 0.0, 47.0614120861634, 7.297862467504546, 0.0, 4.418553963633141, 0.6746332499996796, 0.0, -0.6228635809791552
83.18000000000674, -11.621762896050742, 0.0, 47.10556645720708, 7.304606420004547, 0.0, 4.41231770546317, 0.6741569999996783, 0.0, -0.624387359476029
83.19000000000675, -11.548683131956919, 0.0, 47.14965838954952, 7.311345602504546, 0.0, 4.4060662303362506, 0.673679249999677, 0.0, -0.6259069701854019
83.20000000000675, -11.475535999950585, 0.0, 47.1936877312298, 7.318080000004546, 0.0, 4.399799579995761, 0.673199999999676, 0.0, -0.6274224000010236
83.21000000000676, -11.40232154795675, 0.0, 47.23765433070497, 7.324809597504546, 0.0, 4.3935177963162175, 0.6727192499996747, 0.0, -0.6289336358166473
83.22000000000676, -11.329039824050414, 0.0, 47.28155803685167, 7.331534380004546, 0.0, 4.387220921303115, 0.6722369999996735, 0.0, -0.6304406645260192
83.23000000000677, -11.255690876456582, 0.0, 47.3253986989671, 7.338254332504548, 0.0, 4.380908997093062, 0.671753249999672, 0.0, -0.6319434730228926
83.24000000000677, -11.182274753550255, 0.0, 47.369176166770465, 7.344969440004547, 0.0, 4.374582065953714, 0.6712679999996708, 0.0, -0.633442048201017
83.25000000000678, -11.108791503856414, 0.0, 47.41289029040443, 7.3516796875045465, 0.0, 4.368240170283784, 0.6707812499996696, 0.0, -0.6349363769541378
83.26000000000678, -11.035241176050087, 0.0, 47.456540920436176, 7.358385060004547, 0.0, 4.361883352613059, 0.6702929999996684, 0.0, -0.6364264461760119
83.27000000000679, -10.961623818956253, 0.0, 47.500127907858925, 7.3650855425045485, 0.0, 4.355511655602385, 0.669803249999667, 0.0, -0.6379122427603843
83.2800000000068, -10.887939481549916, 0.0, 47.54365110409313, 7.371781120004546, 0.0, 4.349125122043663, 0.6693119999996658, 0.0, -0.6393937536010066
83.2900000000068, -10.814188212956092, 0.0, 47.58711036098771, 7.37847177750455, 0.0, 4.3427237948598645, 0.6688192499996642, 0.0, -0.640870965591632
83.3000000000068, -10.74037006244975, 0.0, 47.630505530821786, 7.385157500004548, 0.0, 4.336307717105004, 0.6683249999996631, 0.0, -0.6423438656260032
83.31000000000681, -10.666485079455923, 0.0, 47.67383646630523, 7.391838272504547, 0.0, 4.329876931964208, 0.667829249999662, 0.0, -0.6438124405978751
83.32000000000681, -10.592533313549582, 0.0, 47.71710302058086, 7.398514080004549, 0.0, 4.323431482753602, 0.6673319999996606, 0.0, -0.6452766774010001
83.33000000000682, -10.518514814455754, 0.0, 47.760305047224975, 7.405184907504547, 0.0, 4.316971412920427, 0.6668332499996593, 0.0, -0.6467365629291209
83.34000000000682, -10.444429632049411, 0.0, 47.803442400249146, 7.411850740004546, 0.0, 4.310496766042952, 0.666332999999658, 0.0, -0.6481920840759932
83.35000000000683, -10.370277816355587, 0.0, 47.846514934101386, 7.4185115625045475, 0.0, 4.304007585830529, 0.6658312499996569, 0.0, -0.6496432277353659
83.36000000000683, -10.296059417549253, 0.0, 47.889522503667436, 7.42516736000455, 0.0, 4.29750391612356, 0.6653279999996552, 0.0, -0.6510899808009913
83.37000000000684, -10.22177448595542, 0.0, 47.93246496427214, 7.431818117504547, 0.0, 4.290985800893502, 0.6648232499996544, 0.0, -0.6525323301666122
83.38000000000685, -10.147423072049088, 0.0, 47.97534217168061, 7.4384638200045465, 0.0, 4.2844532842429075, 0.6643169999996533, 0.0, -0.6539702627259834
83.39000000000685, -10.07300522645526, 0.0, 48.01815398209973, 7.445104452504547, 0.0, 4.277906410405361, 0.6638092499996516, 0.0, -0.6554037653728582
83.40000000000686, -9.998520999948921, 0.0, 48.060900252179344, 7.451740000004546, 0.0, 4.271345223745502, 0.6632999999996504, 0.0, -0.6568328250009801
83.41000000000686, -9.923970443455088, 0.0, 48.10358083901358, 7.4583704475045485, 0.0, 4.264769768759081, 0.6627892499996487, 0.0, -0.658257428504105
83.42000000000687, -9.849353608048753, 0.0, 48.146195600142214, 7.464995780004546, 0.0, 4.258180090072845, 0.6622769999996477, 0.0, -0.6596775627759754
83.43000000000687, -9.774670544954917, 0.0, 48.18874439355193, 7.471615982504546, 0.0, 4.251576232444677, 0.6617632499996468, 0.0, -0.6610932147103483
83.44000000000688, -9.69992130554859, 0.0, 48.23122707767762, 7.478231040004547, 0.0, 4.244958240763456, 0.6612479999996451, 0.0, -0.6625043712009724
83.45000000000688, -9.625105941354748, 0.0, 48.273643511403804, 7.484840937504544, 0.0, 4.238326160049144, 0.6607312499996442, 0.0, -0.6639110191415938
83.46000000000689, -9.55022450404842, 0.0, 48.31599355406572, 7.491445660004546, 0.0, 4.231680035452808, 0.6602129999996423, 0.0, -0.6653131454259675
83.47000000000689, -9.47527704545458, 0.0, 48.358277065450906, 7.498045192504546, 0.0, 4.225019912256492, 0.6596932499996414, 0.0, -0.6667107369478389
83.4800000000069, -9.40026361754825, 0.0, 48.40049390580023, 7.504639520004546, 0.0, 4.2183458358733965, 0.6591719999996403, 0.0, -0.668103780600962
83.4900000000069, -9.32518427245442, 0.0, 48.442643935809556, 7.511228627504546, 0.0, 4.211657851847729, 0.6586492499996385, 0.0, -0.6694922632790847
83.5000000000069, -9.25003906244808, 0.0, 48.48472701663064, 7.517812500004544, 0.0, 4.204956005854751, 0.6581249999996376, 0.0, -0.6708761718759568
83.51000000000691, -9.174828039954248, 0.0, 48.526743009872824, 7.524391122504544, 0.0, 4.198240343700821, 0.657599249999636, 0.0, -0.6722554932853289
83.52000000000692, -9.099551257547917, 0.0, 48.568691777603966, 7.530964480004544, 0.0, 4.191510911323348, 0.657071999999635, 0.0, -0.6736302144009523
83.53000000000692, -9.024208767954077, 0.0, 48.61057318235213, 7.5375325575045435, 0.0, 4.184767754790791, 0.6565432499996336, 0.0, -0.6750003221165732
83.54000000000693, -8.94880062404775, 0.0, 48.65238708710663, 7.544095340004544, 0.0, 4.178010920302704, 0.6560129999996319, 0.0, -0.6763658033259485
83.55000000000693, -8.873326878853911, 0.0, 48.69413335531945, 7.550652812504543, 0.0, 4.17124045418964, 0.6554812499996309, 0.0, -0.677726644922819
83.56000000000694, -8.797787585547576, 0.0, 48.7358118509066, 7.557204960004544, 0.0, 4.164456402913295, 0.6549479999996294, 0.0, -0.6790828338009423
83.57000000000694, -8.722182797453753, 0.0, 48.77742243824914, 7.563751767504544, 0.0, 4.157658813066369, 0.6544132499996284, 0.0, -0.6804343568540654
83.58000000000695, -8.646512568047408, 0.0, 48.818964982195084, 7.570293220004542, 0.0, 4.150847731372643, 0.6538769999996271, 0.0, -0.6817812009759372
83.59000000000695, -8.570776950953581, 0.0, 48.86043934806003, 7.5768293025045415, 0.0, 4.14402320468697, 0.6533392499996254, 0.0, -0.6831233530603082
83.60000000000696, -8.494975999947245, 0.0, 48.90184540162883, 7.583360000004542, 0.0, 4.137185279995251, 0.6527999999996245, 0.0, -0.6844608000009309
83.61000000000696, -8.419109768953406, 0.0, 48.943183009157, 7.589885297504541, 0.0, 4.130334004414443, 0.6522592499996228, 0.0, -0.6857935286915531
83.62000000000697, -8.343178312047074, 0.0, 48.984452037371696, 7.596405180004542, 0.0, 4.123469425192599, 0.6517169999996216, 0.0, -0.6871215260259262
83.63000000000697, -8.267181683453243, 0.0, 49.02565235347333, 7.602919632504541, 0.0, 4.116591589708797, 0.6511732499996205, 0.0, -0.6884447788977992
83.64000000000698, -8.19111993754691, 0.0, 49.066783825136724, 7.60942864000454, 0.0, 4.109700545473196, 0.6506279999996188, 0.0, -0.6897632742009216
83.65000000000698, -8.114993128853074, 0.0, 49.10784632051247, 7.615932187504539, 0.0, 4.102796340127018, 0.6500812499996177, 0.0, -0.6910769988290442
83.66000000000699, -8.038801312046735, 0.0, 49.14883970822815, 7.622430260004538, 0.0, 4.095879021442542, 0.6495329999996161, 0.0, -0.6923859396759156
83.670000000007, -7.962544541952906, 0.0, 49.18976385738987, 7.628922842504538, 0.0, 4.088948637323114, 0.6489832499996152, 0.0, -0.6936900836352882
83.680000000007, -7.886222873546566, 0.0, 49.2306186375833, 7.635409920004538, 0.0, 4.082005235803145, 0.6484319999996139, 0.0, -0.6949894176009099
83.690000000007, -7.809836361952732, 0.0, 49.27140391887522, 7.6418914775045375, 0.0, 4.075048865048089, 0.6478792499996123, 0.0, -0.6962839284665332
83.70000000000701, -7.733385062446393, 0.0, 49.31211957181451, 7.648367500004538, 0.0, 4.068079573354492, 0.647324999999611, 0.0, -0.6975736031259059
83.71000000000701, -7.656869030452567, 0.0, 49.35276546743391, 7.654837972504538, 0.0, 4.061097409149948, 0.6467692499996095, 0.0, -0.6988584284727786
83.72000000000702, -7.580288321546226, 0.0, 49.39334147725102, 7.661302880004535, 0.0, 4.054102420993093, 0.6462119999996084, 0.0, -0.7001383914008983
83.73000000000702, -7.503642991452393, 0.0, 49.43384747326963, 7.667762207504535, 0.0, 4.047094657573663, 0.6456532499996074, 0.0, -0.70141347880402
83.74000000000703, -7.426933096046069, 0.0, 49.47428332798107, 7.674215940004534, 0.0, 4.040074167712444, 0.6450929999996057, 0.0, -0.7026836775758936
83.75000000000703, -7.3501586913522186, 0.0, 49.5146489143656, 7.680664062504532, 0.0, 4.0330410003612585, 0.6445312499996044, 0.0, -0.7039489746102658
83.76000000000704, -7.273319833545893, 0.0, 49.5549441058936, 7.687106560004534, 0.0, 4.025995204603042, 0.6439679999996027, 0.0, -0.7052093568008893
83.77000000000704, -7.196416578952052, 0.0, 49.59516877652705, 7.693543417504532, 0.0, 4.018936829651736, 0.6434032499996017, 0.0, -0.7064648110415099
83.78000000000705, -7.119448984045713, 0.0, 49.635322800720516, 7.69997462000453, 0.0, 4.011865924852383, 0.6428369999996005, 0.0, -0.7077153242258811
83.79000000000705, -7.042417105451895, 0.0, 49.67540605342287, 7.70640015250453, 0.0, 4.004782539681095, 0.6422692499995989, 0.0, -0.7089608832477552
83.80000000000706, -6.965320999945552, 0.0, 49.71541841007824, 7.71282000000453, 0.0, 3.9976867237450016, 0.6416999999995977, 0.0, -0.7102014750008774
83.81000000000707, -6.888160724451717, 0.0, 49.755359746627725, 7.719234147504528, 0.0, 3.9905785267823113, 0.6411292499995961, 0.0, -0.7114370863789974
83.82000000000707, -6.810936336045396, 0.0, 49.795229939510065, 7.725642580004529, 0.0, 3.9834579986623453, 0.6405569999995949, 0.0, -0.7126677042758729
83.83000000000708, -6.733647891951554, 0.0, 49.83502886566379, 7.732045282504529, 0.0, 3.976325189385417, 0.6399832499995936, 0.0, -0.7138933155852438
83.84000000000708, -6.65629544954521, 0.0, 49.87475640252779, 7.7384422400045265, 0.0, 3.9691801490829377, 0.6394079999995922, 0.0, -0.7151139072008634
83.85000000000709, -6.578879066351382, 0.0, 49.91441242804294, 7.744833437504527, 0.0, 3.96202292801739, 0.6388312499995908, 0.0, -0.7163294660164876
83.86000000000709, -6.501398800045044, 0.0, 49.95399682065353, 7.751218860004525, 0.0, 3.9548535765822947, 0.6382529999995893, 0.0, -0.717539978925859
83.8700000000071, -6.423854708451207, 0.0, 49.99350945930846, 7.757598492504524, 0.0, 3.947672145302235, 0.6376732499995882, 0.0, -0.7187454328227307
83.8800000000071, -6.346246849544878, 0.0, 50.032950223462336, 7.763972320004523, 0.0, 3.9404786848328897, 0.6370919999995869, 0.0, -0.7199458146008526
83.8900000000071, -6.268575281451044, 0.0, 50.07231899307712, 7.770340327504524, 0.0, 3.9332732459609687, 0.6365092499995854, 0.0, -0.7211411111539752
83.90000000000711, -6.190840062444705, 0.0, 50.111615648623285, 7.776702500004521, 0.0, 3.9260558796042417, 0.6359249999995841, 0.0, -0.7223313093758463
83.91000000000712, -6.113041250950866, 0.0, 50.1508400710811, 7.783058822504521, 0.0, 3.91882663681157, 0.6353392499995826, 0.0, -0.7235163961602185
83.92000000000712, -6.035178905544532, 0.0, 50.189992141942035, 7.789409280004518, 0.0, 3.9115855687628382, 0.6347519999995813, 0.0, -0.7246963584008395
83.93000000000713, -5.957253084950709, 0.0, 50.229071743209914, 7.795753857504518, 0.0, 3.9043327267690486, 0.6341632499995801, 0.0, -0.7258711829914617
83.94000000000713, -5.879263848044369, 0.0, 50.26807875740241, 7.802092540004519, 0.0, 3.897068162272202, 0.6335729999995784, 0.0, -0.7270408568258357
83.95000000000714, -5.801211253850534, 0.0, 50.30701306755227, 7.808425312504518, 0.0, 3.8897919268453975, 0.6329812499995772, 0.0, -0.7282053667977078
83.96000000000714, -5.723095361544191, 0.0, 50.34587455720864, 7.814752160004515, 0.0, 3.8825040721927913, 0.6323879999995757, 0.0, -0.7293646998008274
83.97000000000715, -5.644916230450358, 0.0, 50.3846631104382, 7.821073067504515, 0.0, 3.8752046501496196, 0.6317932499995743, 0.0, -0.7305188427289515
83.98000000000715, -5.566673920044019, 0.0, 50.42337861182688, 7.827388020004513, 0.0, 3.867893712682143, 0.6311969999995733, 0.0, -0.7316677824758209
83.99000000000716, -5.488368489950192, 0.0, 50.46202094648077, 7.833697002504513, 0.0, 3.8605713118877247, 0.6305992499995715, 0.0, -0.732811505935195
84.00000000000716, -5.409999999943848, 0.0, 50.50059000002768, 7.840000000004511, 0.0, 3.8532374999947407, 0.6299999999995703, 0.0, -0.7339500000008155
84.01000000000717, -5.3315685099500225, 0.0, 50.539085658618234, 7.846296997504512, 0.0, 3.8458923293626945, 0.6293992499995688, 0.0, -0.7350832515664383
84.02000000000717, -5.253074080043669, 0.0, 50.57750780892748, 7.85258798000451, 0.0, 3.838535852482096, 0.6287969999995674, 0.0, -0.7362112475258105
84.03000000000718, -5.174516770449843, 0.0, 50.615856338155815, 7.858872932504508, 0.0, 3.831168121974546, 0.6281932499995663, 0.0, -0.7373339747726817
84.04000000000718, -5.09589664154351, 0.0, 50.65413113403071, 7.865151840004507, 0.0, 3.8237891905926986, 0.6275879999995647, 0.0, -0.7384514202008035
84.05000000000719, -5.017213753849683, 0.0, 50.6923320848077, 7.871424687504506, 0.0, 3.816399111220271, 0.6269812499995636, 0.0, -0.7395635707039236
84.0600000000072, -4.938468168043341, 0.0, 50.730459079271895, 7.877691460004505, 0.0, 3.8089979368720464, 0.6263729999995619, 0.0, -0.7406704131757955
84.0700000000072, -4.859659944949508, 0.0, 50.76851200673908, 7.883952142504505, 0.0, 3.801585720693879, 0.6257632499995606, 0.0, -0.7417719345101688
84.0800000000072, -4.780789145543162, 0.0, 50.80649075705732, 7.890206720004502, 0.0, 3.794162515962654, 0.6251519999995593, 0.0, -0.7428681216007913
84.09000000000721, -4.701855830949333, 0.0, 50.84439522060788, 7.896455177504501, 0.0, 3.786728376086348, 0.6245392499995578, 0.0, -0.743958961341411
84.10000000000721, -4.622860062442994, 0.0, 50.882225288307026, 7.9026975000045, 0.0, 3.7792833546040043, 0.6239249999995565, 0.0, -0.745044440625783
84.11000000000722, -4.543801901449163, 0.0, 50.91998085160688, 7.908933672504499, 0.0, 3.771827505185705, 0.6233092499995548, 0.0, -0.746124546347656
84.12000000000722, -4.464681409542829, 0.0, 50.95766180249695, 7.915163680004496, 0.0, 3.764360881632605, 0.6226919999995536, 0.0, -0.7471992654007762
84.13000000000723, -4.385498648448989, 0.0, 50.99526803350553, 7.921387507504495, 0.0, 3.75688353787692, 0.6220732499995524, 0.0, -0.7482685846788968
84.14000000000723, -4.30625368004265, 0.0, 51.03279943770075, 7.927605140004494, 0.0, 3.7493955279819566, 0.6214529999995507, 0.0, -0.7493324910757693
84.15000000000724, -4.226946566348817, 0.0, 51.07025590869202, 7.933816562504494, 0.0, 3.7418969061420313, 0.6208312499995495, 0.0, -0.7503909714851416
84.16000000000724, -4.14757736954248, 0.0, 51.107637340631555, 7.940021760004493, 0.0, 3.7343877266825523, 0.6202079999995477, 0.0, -0.7514440128007642
84.17000000000725, -4.0681461519486515, 0.0, 51.14494362821518, 7.946220717504491, 0.0, 3.726868044060012, 0.6195832499995465, 0.0, -0.7524916019163843
84.18000000000725, -3.9886529760423226, 0.0, 51.18217466668415, 7.95241342000449, 0.0, 3.719337912861917, 0.6189569999995453, 0.0, -0.7535337257257559
84.19000000000726, -3.909097904448485, 0.0, 51.21933035182623, 7.958599852504488, 0.0, 3.7117973878068717, 0.6183292499995438, 0.0, -0.7545703711226279
84.20000000000726, -3.8294809999421364, 0.0, 51.25641057997697, 7.964780000004486, 0.0, 3.7042465237445157, 0.6176999999995424, 0.0, -0.7556015250007508
84.21000000000727, -3.7498023254483126, 0.0, 51.293415248021084, 7.970953847504486, 0.0, 3.696685375655587, 0.6170692499995408, 0.0, -0.7566271742538726
84.22000000000727, -3.6700619440419704, 0.0, 51.330344253393726, 7.977121380004484, 0.0, 3.689113998651873, 0.6164369999995395, 0.0, -0.7576473057757438
84.23000000000728, -3.590259918948144, 0.0, 51.36719749408188, 7.983282582504482, 0.0, 3.681532447976192, 0.6158032499995384, 0.0, -0.758661906460115
84.24000000000729, -3.510396313541799, 0.0, 51.40397486862561, 7.989437440004482, 0.0, 3.673940779002475, 0.6151679999995366, 0.0, -0.7596709632007359
84.25000000000729, -3.430471191347957, 0.0, 51.44067627611933, 7.995585937504479, 0.0, 3.6663390472356703, 0.6145312499995353, 0.0, -0.7606744628913571
84.2600000000073, -3.3504846160416353, 0.0, 51.477301616213154, 8.001728060004481, 0.0, 3.6587273083118355, 0.6138929999995336, 0.0, -0.7616723924257292
84.2700000000073, -3.2704366514477865, 0.0, 51.513850789114315, 8.007863792504477, 0.0, 3.6511056179980272, 0.6132532499995323, 0.0, -0.7626647386976
84.2800000000073, -3.190327361541451, 0.0, 51.55032369558816, 8.013993120004475, 0.0, 3.6434740321924224, 0.6126119999995313, 0.0, -0.7636514886007211
84.29000000000731, -3.1101568104476147, 0.0, 51.58672023695995, 8.020116027504475, 0.0, 3.6358326069242537, 0.6119692499995294, 0.0, -0.7646326290288439
84.30000000000732, -3.0299250624412988, 0.0, 51.62304031511566, 8.026232500004472, 0.0, 3.628181398353778, 0.6113249999995284, 0.0, -0.7656081468757137
84.31000000000732, -2.9496321819474485, 0.0, 51.65928383250369, 8.03234252250447, 0.0, 3.620520462772344, 0.6106792499995267, 0.0, -0.7665780290350837
84.32000000000733, -2.8692782335411113, 0.0, 51.695450692135836, 8.03844608000447, 0.0, 3.61284985660237, 0.6100319999995253, 0.0, -0.7675422624007071
84.33000000000733, -2.788863281947277, 0.0, 51.73154079758899, 8.044543157504467, 0.0, 3.6051696363973242, 0.6093832499995241, 0.0, -0.7685008338663293
84.34000000000734, -2.708387392040949, 0.0, 51.76755405300594, 8.050633740004468, 0.0, 3.597479858841737, 0.6087329999995222, 0.0, -0.7694537303257007
84.35000000000734, -2.627850628847094, 0.0, 51.803490363097396, 8.056717812504465, 0.0, 3.589780580751178, 0.6080812499995211, 0.0, -0.7704009386725703
84.36000000000735, -2.547253057540777, 0.0, 51.839349633142405, 8.062795360004465, 0.0, 3.5820718590723395, 0.6074279999995192, 0.0, -0.771342445800693
84.37000000000735, -2.466594743446942, 0.0, 51.87513176899047, 8.068866367504462, 0.0, 3.5743537508829206, 0.6067732499995181, 0.0, -0.7722782386038158
84.38000000000736, -2.385875752040599, 0.0, 51.91083667706239, 8.074930820004461, 0.0, 3.5666263133916836, 0.606116999999517, 0.0, -0.7732083039756841
84.39000000000736, -2.3050961489467614, 0.0, 51.9464642643518, 8.080988702504456, 0.0, 3.558889603938507, 0.6054592499995152, 0.0, -0.7741326288100545
84.40000000000737, -2.2242559999404303, 0.0, 51.98201443842623, 8.087040000004453, 0.0, 3.551143679994283, 0.6047999999995141, 0.0, -0.775051200000676
84.41000000000737, -2.1433553709465922, 0.0, 52.01748710742875, 8.093084697504453, 0.0, 3.543388599160995, 0.6041392499995123, 0.0, -0.7759640044412981
84.42000000000738, -2.0623943280402575, 0.0, 52.05288218007895, 8.099122780004452, 0.0, 3.535624419171647, 0.603476999999511, 0.0, -0.7768710290256697
84.43000000000738, -1.9813729374464284, 0.0, 52.08819956567454, 8.10515423250445, 0.0, 3.527851197890353, 0.6028132499995096, 0.0, -0.7777722606475406
84.44000000000739, -1.9002912655400745, 0.0, 52.123439174092496, 8.11117904000445, 0.0, 3.5200689933122433, 0.6021479999995079, 0.0, -0.7786676862006612
84.45000000000739, -1.8191493788462534, 0.0, 52.15860091579022, 8.117197187504448, 0.0, 3.512277863563586, 0.6014812499995066, 0.0, -0.779557292578783
84.4600000000074, -1.7379473440399185, 0.0, 52.19368470180737, 8.123208660004444, 0.0, 3.5044778669016097, 0.6008129999995049, 0.0, -0.7804410666756549
84.4700000000074, -1.6566852279460758, 0.0, 52.22869044376655, 8.129213442504444, 0.0, 3.496669061714684, 0.6001432499995036, 0.0, -0.7813189953850248
84.48000000000741, -1.5753630975397304, 0.0, 52.26361805387501, 8.13521152000444, 0.0, 3.4888515065222023, 0.5994719999995024, 0.0, -0.7821910656006459
84.49000000000741, -1.4939810199459043, 0.0, 52.29846744492582, 8.141202877504437, 0.0, 3.481025259974654, 0.5987992499995005, 0.0, -0.783057264216267
84.50000000000742, -1.4125390624395653, 0.0, 52.33323853029927, 8.147187500004438, 0.0, 3.4731903808535733, 0.5981249999994993, 0.0, -0.7839175781256387
84.51000000000742, -1.33103729244573, 0.0, 52.367931223964064, 8.153165372504436, 0.0, 3.465346928071522, 0.5974492499994974, 0.0, -0.7847719942225098
84.52000000000743, -1.2494757775393897, 0.0, 52.402545440478676, 8.159136480004435, 0.0, 3.4574949606721574, 0.5967719999994963, 0.0, -0.7856204994006308
84.53000000000743, -1.1678545854455482, 0.0, 52.43708109499269, 8.16510080750443, 0.0, 3.4496345378302387, 0.5960932499994951, 0.0, -0.7864630805537516
84.54000000000744, -1.086173784039227, 0.0, 52.47153810324818, 8.17105834000443, 0.0, 3.4417657188515136, 0.5954129999994933, 0.0, -0.7872997245756226
84.55000000000744, -1.0044334413453964, 0.0, 52.50591638158073, 8.177009062504428, 0.0, 3.43388856317285, 0.5947312499994919, 0.0, -0.7881304183599944
84.56000000000745, -0.9226336255390617, 0.0, 52.54021584692117, 8.182952960004425, 0.0, 3.4260031303621403, 0.5940479999994903, 0.0, -0.788955148800615
84.57000000000745, -0.8407744049452202, 0.0, 52.574436416796544, 8.188890017504422, 0.0, 3.4181094801183214, 0.593363249999489, 0.0, -0.7897739027912349
84.58000000000746, -0.7588558480388752, 0.0, 52.608578009331595, 8.194820220004424, 0.0, 3.410207672271479, 0.5926769999994876, 0.0, -0.7905866672256066
84.59000000000746, -0.6768780234450437, 0.0, 52.64264054324987, 8.200743552504418, 0.0, 3.402297766782688, 0.5919892499994861, 0.0, -0.7913934289974769
84.60000000000747, -0.5948409999387022, 0.0, 52.67662393787543, 8.206660000004415, 0.0, 3.394379823744078, 0.5912999999994846, 0.0, -0.7921941750005983
84.61000000000747, -0.5127448464448731, 0.0, 52.71052811313368, 8.212569547504412, 0.0, 3.3864539033789, 0.590609249999483, 0.0, -0.7929888921287178
84.62000000000748, -0.4305896320385348, 0.0, 52.74435298955309, 8.218472180004412, 0.0, 3.3785200660414283, 0.5899169999994818, 0.0, -0.7937775672755905
84.63000000000748, -0.34837542594470083, 0.0, 52.77809848826625, 8.224367882504408, 0.0, 3.3705783722170146, 0.5892232499994803, 0.0, -0.7945601873349597
84.64000000000749, -0.2661022975383657, 0.0, 52.811764531011235, 8.23025664000441, 0.0, 3.3626288825220527, 0.5885279999994786, 0.0, -0.7953367392005815
84.6500000000075, -0.1837703163445231, 0.0, 52.845351040132954, 8.236138437504405, 0.0, 3.3546716577039994, 0.5878312499994773, 0.0, -0.7961072097662028
84.6600000000075, -0.10137955203818026, 0.0, 52.87885793858453, 8.242013260004406, 0.0, 3.3467067586414068, 0.5871329999994754, 0.0, -0.7968715859255742
84.6700000000075, -0.01893007444434691, 0.0, 52.912285149928366, 8.247881092504404, 0.0, 3.3387342463438543, 0.5864332499994742, 0.0, -0.7976298545724454
84.68000000000751, 0.06357804646198228, 0.0, 52.945632598337795, 8.253741920004398, 0.0, 3.3307541819520097, 0.585731999999473, 0.0, -0.7983820026005644
84.69000000000752, 0.1461447405558064, 0.0, 52.978900208598006, 8.259595727504399, 0.0, 3.322766626737593, 0.5850292499994711, 0.0, -0.7991280169036861
84.70000000000752, 0.22876993756214667, 0.0, 53.01208790610781, 8.265442500004394, 0.0, 3.3147716421033735, 0.58432499999947, 0.0, -0.7998678843755576
84.71000000000753, 0.31145356705599336, 0.0, 53.04519561688049, 8.271282222504391, 0.0, 3.306769289583187, 0.5836192499994681, 0.0, -0.8006015919099276
84.72000000000753, 0.39419555846232673, 0.0, 53.0782232675454, 8.277114880004389, 0.0, 3.2987596308419675, 0.5829119999994667, 0.0, -0.8013291264005487
84.73000000000754, 0.47699584105616727, 0.0, 53.11117078534926, 8.28294045750439, 0.0, 3.2907427276756778, 0.5822032499994654, 0.0, -0.8020504747411694
84.74000000000754, 0.5598543439624971, 0.0, 53.14403809815731, 8.288758940004385, 0.0, 3.282718642011332, 0.5814929999994638, 0.0, -0.8027656238255405
84.75000000000755, 0.6427709961563418, 0.0, 53.1768251344547, 8.294570312504382, 0.0, 3.274687435907019, 0.5807812499994625, 0.0, -0.8034745605474107
84.76000000000755, 0.7257457264626817, 0.0, 53.20953182334799, 8.300374560004379, 0.0, 3.2666491715519257, 0.5800679999994607, 0.0, -0.8041772718005307
84.77000000000756, 0.8087784635565123, 0.0, 53.24215809456598, 8.306171667504378, 0.0, 3.2586039112662633, 0.5793532499994594, 0.0, -0.8048737444786509
84.78000000000756, 0.8918691359628477, 0.0, 53.27470387846169, 8.311961620004375, 0.0, 3.250551717501285, 0.5786369999994581, 0.0, -0.805563965475522
84.79000000000757, 0.9750176720566743, 0.0, 53.30716910601302, 8.317744402504372, 0.0, 3.2424926528393776, 0.5779192499994561, 0.0, -0.8062479216848946
84.80000000000757, 1.0582240000630223, 0.0, 53.33955370882454, 8.323520000004372, 0.0, 3.234426779993889, 0.5771999999994548, 0.0, -0.8069256000005138
84.81000000000758, 1.141488048056862, 0.0, 53.37185761912848, 8.329288397504367, 0.0, 3.2263541618093505, 0.5764792499994531, 0.0, -0.8075969873161339
84.82000000000758, 1.2248097439631864, 0.0, 53.40408076978622, 8.335049580004366, 0.0, 3.2182748612612464, 0.5757569999994518, 0.0, -0.8082620705255046
84.83000000000759, 1.308189015557028, 0.0, 53.43622309428956, 8.34080353250436, 0.0, 3.2101889414561953, 0.5750332499994506, 0.0, -0.8089208365223737
84.84000000000759, 1.3916257904633669, 0.0, 53.46828452676198, 8.346550240004362, 0.0, 3.2020964656318576, 0.5743079999994485, 0.0, -0.8095732722004954
84.8500000000076, 1.475119996157195, 0.0, 53.500265001960045, 8.352289687504358, 0.0, 3.193997497156932, 0.5735812499994473, 0.0, -0.8102193644536175
84.8600000000076, 1.558671559963537, 0.0, 53.53216445527461, 8.358021860004355, 0.0, 3.1858920995312126, 0.5728529999994456, 0.0, -0.8108591001754855
84.87000000000761, 1.6422804090573757, 0.0, 53.56398282273226, 8.363746742504354, 0.0, 3.177780336385542, 0.5721232499994442, 0.0, -0.8114924662598586
84.88000000000761, 1.7259464704637197, 0.0, 53.59572004099654, 8.36946432000435, 0.0, 3.1696622714818226, 0.5713919999994428, 0.0, -0.8121194496004787
84.89000000000762, 1.809669671057543, 0.0, 53.627376047369054, 8.375174577504346, 0.0, 3.1615379687130165, 0.5706592499994412, 0.0, -0.8127400370910962
84.90000000000762, 1.8934499375638774, 0.0, 53.6589507797913, 8.380877500004347, 0.0, 3.1534074921031774, 0.5699249999994398, 0.0, -0.813354215625469
84.91000000000763, 1.9772871965577161, 0.0, 53.69044417684549, 8.38657307250434, 0.0, 3.145270905807376, 0.569189249999438, 0.0, -0.8139619720973394
84.92000000000763, 2.06118137446405, 0.0, 53.72185617775612, 8.39226128000434, 0.0, 3.1371282741117987, 0.5684519999994366, 0.0, -0.8145632934004619
84.93000000000764, 2.145132397557885, 0.0, 53.753186722391135, 8.39794210750434, 0.0, 3.128979661433622, 0.5677132499994353, 0.0, -0.8151581664285805
84.94000000000764, 2.2291401919642353, 0.0, 53.78443575126339, 8.403615540004337, 0.0, 3.1208251323211478, 0.5669729999994333, 0.0, -0.8157465780754496
84.95000000000765, 2.3132046836580726, 0.0, 53.81560320553176, 8.409281562504331, 0.0, 3.112664751453714, 0.5662312499994322, 0.0, -0.8163285152348196
84.96000000000765, 2.397325798464395, 0.0, 53.846689027002654, 8.414940160004328, 0.0, 3.104498583641753, 0.5654879999994302, 0.0, -0.8169039648004421
84.97000000000766, 2.481503462058226, 0.0, 53.87769315813124, 8.420591317504325, 0.0, 3.0963266938267076, 0.5647432499994289, 0.0, -0.8174729136660623
84.98000000000766, 2.5657375999645686, 0.0, 53.908615542022744, 8.426235020004324, 0.0, 3.0881491470811184, 0.5639969999994277, 0.0, -0.8180353487254317
84.99000000000767, 2.6500281375584165, 0.0, 53.939456122433796, 8.43187125250432, 0.0, 3.0799660086085474, 0.5632492499994259, 0.0, -0.8185912568722991
85.00000000000767, 2.734375000064746, 0.0, 53.970214843773675, 8.437500000004317, 0.0, 3.071777343743708, 0.5624999999994245, 0.0, -0.819140625000423
85.01000000000768, 2.8187781125585842, 0.0, 54.00089165110562, 8.443121247504312, 0.0, 3.0635832179522957, 0.5617492499994228, 0.0, -0.8196834400035407
85.02000000000768, 2.90323739996492, 0.0, 54.03148649014828, 8.448734980004309, 0.0, 3.055383696831079, 0.5609969999994213, 0.0, -0.8202196887754125
85.03000000000769, 2.9877527870587612, 0.0, 54.06199930727692, 8.454341182504306, 0.0, 3.0471788461079043, 0.5602432499994201, 0.0, -0.8207493582097811
85.0400000000077, 3.0723241984650946, 0.0, 54.09243004952464, 8.459939840004305, 0.0, 3.038968731641681, 0.5594879999994182, 0.0, -0.8212724352004024
85.0500000000077, 3.1569515586589154, 0.0, 54.12277866458389, 8.465530937504301, 0.0, 3.0307534194223855, 0.5587312499994168, 0.0, -0.8217889066410224
85.0600000000077, 3.2416347919652515, 0.0, 54.15304510080766, 8.4711144600043, 0.0, 3.022532975571039, 0.557972999999415, 0.0, -0.8222987594253937
85.07000000000771, 3.3263738225591033, 0.0, 54.183229307210766, 8.476690392504297, 0.0, 3.0143074663397336, 0.5572132499994136, 0.0, -0.8228019804472622
85.08000000000771, 3.41116857446544, 0.0, 54.21333123347114, 8.482258720004292, 0.0, 3.0060769581116524, 0.5564519999994122, 0.0, -0.823298556600383
85.09000000000772, 3.496018971559271, 0.0, 54.243350829931416, 8.487819427504292, 0.0, 2.997841517400971, 0.5556892499994106, 0.0, -0.8237884747785014
85.10000000000773, 3.580924937565617, 0.0, 54.27328804759975, 8.49337250000429, 0.0, 2.9896012108530066, 0.554924999999409, 0.0, -0.8242717218753723
85.11000000000773, 3.6658863960594323, 0.0, 54.30314283815159, 8.498917922504287, 0.0, 2.9813561052440853, 0.5541592499994072, 0.0, -0.8247482847847438
85.12000000000774, 3.7509032704657748, 0.0, 54.332915153930756, 8.50445568000428, 0.0, 2.973106267481622, 0.5533919999994059, 0.0, -0.8252181504003628
85.13000000000774, 3.8359754840596145, 0.0, 54.362604947950885, 8.509985757504278, 0.0, 2.9648517646040773, 0.5526232499994046, 0.0, -0.8256813056159844
85.14000000000775, 3.9211029599659546, 0.0, 54.39221217389644, 8.515508140004274, 0.0, 2.9565926637809703, 0.5518529999994028, 0.0, -0.826137737325352
85.15000000000775, 4.0062856211597815, 0.0, 54.421736786124356, 8.52102281250427, 0.0, 2.9483290323129268, 0.5510812499994011, 0.0, -0.8265874324222224
85.16000000000776, 4.0915233904661195, 0.0, 54.45117873966527, 8.526529760004266, 0.0, 2.940060937631582, 0.5503079999993996, 0.0, -0.8270303778003427
85.17000000000776, 4.176816190559959, 0.0, 54.48053799022479, 8.532028967504266, 0.0, 2.931788447299674, 0.5495332499993981, 0.0, -0.8274665603534652
85.18000000000777, 4.26216394396629, 0.0, 54.509814494184766, 8.537520420004263, 0.0, 2.923511629010946, 0.5487569999993966, 0.0, -0.8278959669753352
85.19000000000777, 4.347566573060132, 0.0, 54.53900820860457, 8.543004102504257, 0.0, 2.9152305505902802, 0.5479792499993947, 0.0, -0.8283185845597032
85.20000000000778, 4.433024000066458, 0.0, 54.568119091222684, 8.548480000004258, 0.0, 2.906945279993568, 0.5471999999993935, 0.0, -0.8287344000003234
85.21000000000778, 4.518536147060307, 0.0, 54.59714710045755, 8.553948097504252, 0.0, 2.898655885307768, 0.5464192499993918, 0.0, -0.8291434001909437
85.22000000000779, 4.604102935966648, 0.0, 54.62609219540927, 8.55940838000425, 0.0, 2.8903624347509087, 0.5456369999993902, 0.0, -0.829545572025312
85.23000000000779, 4.689724288560488, 0.0, 54.654954335860864, 8.564860832504245, 0.0, 2.88206499667211, 0.544853249999389, 0.0, -0.8299409023971815
85.2400000000078, 4.775400126466818, 0.0, 54.683733482279294, 8.570305440004242, 0.0, 2.8737636395515196, 0.5440679999993872, 0.0, -0.8303293782003012
85.2500000000078, 4.86113037116066, 0.0, 54.71242959581717, 8.575742187504238, 0.0, 2.865458432000345, 0.5432812499993858, 0.0, -0.8307109863284223
85.2600000000078, 4.946914943966985, 0.0, 54.74104263831367, 8.581171060004237, 0.0, 2.8571494427608926, 0.5424929999993837, 0.0, -0.831085713675292
85.27000000000781, 5.032753766060819, 0.0, 54.7695725722963, 8.58659204250423, 0.0, 2.848836740706467, 0.5417032499993826, 0.0, -0.8314535471346618
85.28000000000782, 5.118646758467162, 0.0, 54.79801936098177, 8.59200512000423, 0.0, 2.8405203948414943, 0.5409119999993812, 0.0, -0.8318144736002822
85.29000000000782, 5.204593842060999, 0.0, 54.826382968277585, 8.597410277504226, 0.0, 2.832200474301448, 0.5401192499993792, 0.0, -0.8321684799659019
85.30000000000783, 5.290594937567332, 0.0, 54.85466335878307, 8.602807500004223, 0.0, 2.823877048352859, 0.5393249999993779, 0.0, -0.8325155531252717
85.31000000000783, 5.376649965561168, 0.0, 54.88286049779123, 8.608196772504222, 0.0, 2.815550186393324, 0.5385292499993759, 0.0, -0.8328556799721438
85.32000000000784, 5.462758846467513, 0.0, 54.91097435128938, 8.613578080004217, 0.0, 2.8072199579514816, 0.5377319999993746, 0.0, -0.8331888474002609
85.33000000000784, 5.548921500561339, 0.0, 54.939004885960884, 8.61895140750421, 0.0, 2.798886432687052, 0.5369332499993731, 0.0, -0.8335150423033797
85.34000000000785, 5.635137847967674, 0.0, 54.96695206918636, 8.624316740004208, 0.0, 2.790549680390832, 0.5361329999993711, 0.0, -0.8338342515752517
85.35000000000785, 5.721407808661515, 0.0, 54.994815869045, 8.629674062504204, 0.0, 2.7822097709846574, 0.5353312499993699, 0.0, -0.8341464621096186
85.36000000000786, 5.807731302467855, 0.0, 55.0225962543159, 8.635023360004201, 0.0, 2.7738667745214514, 0.534527999999368, 0.0, -0.8344516608002408
85.37000000000786, 5.894108249061692, 0.0, 55.050293194479266, 8.640364617504197, 0.0, 2.7655207611851473, 0.5337232499993665, 0.0, -0.834749834540859
85.38000000000787, 5.980538567968023, 0.0, 55.07790665971778, 8.645697820004196, 0.0, 2.757171801290802, 0.532916999999365, 0.0, -0.8350409702252293
85.39000000000787, 6.067022178561861, 0.0, 55.10543662091803, 8.651022952504189, 0.0, 2.748819965284511, 0.5321092499993634, 0.0, -0.8353250547470958
85.40000000000788, 6.1535590000681895, 0.0, 55.13288304967166, 8.656340000004187, 0.0, 2.7404653237434147, 0.531299999999362, 0.0, -0.8356020750002182
85.41000000000788, 6.240148951562017, 0.0, 55.16024591827673, 8.661648947504183, 0.0, 2.732107947375752, 0.5304892499993601, 0.0, -0.8358720178783381
85.42000000000789, 6.326791951968365, 0.0, 55.18752519973924, 8.66694978000418, 0.0, 2.7237479070207726, 0.5296769999993587, 0.0, -0.8361348702752078
85.4300000000079, 6.4134879200622, 0.0, 55.21472086777388, 8.672242482504176, 0.0, 2.7153852736488666, 0.5288632499993571, 0.0, -0.8363906190845771
85.4400000000079, 6.500236774468537, 0.0, 55.241832896805874, 8.67752704000417, 0.0, 2.7070201183613953, 0.5280479999993555, 0.0, -0.836639251200193
85.4500000000079, 6.587038433662376, 0.0, 55.268861261972134, 8.682803437504168, 0.0, 2.6986525123908542, 0.5272312499993539, 0.0, -0.8368807535158158
85.46000000000791, 6.673892815968711, 0.0, 55.2958059391226, 8.688071660004166, 0.0, 2.6902825271007558, 0.5264129999993521, 0.0, -0.8371151129251846
85.47000000000791, 6.760799839562549, 0.0, 55.32266690482136, 8.693331692504161, 0.0, 2.681910233985718, 0.5255932499993505, 0.0, -0.8373423163220544
85.48000000000792, 6.8477594224688945, 0.0, 55.34944413634838, 8.698583520004155, 0.0, 2.673535704671366, 0.5247719999993492, 0.0, -0.837562350600173
85.49000000000792, 6.934771482562721, 0.0, 55.376137611700074, 8.703827127504153, 0.0, 2.66515901091444, 0.5239492499993472, 0.0, -0.8377752026532939
85.50000000000793, 7.0218359375690556, 0.0, 55.402747309591405, 8.70906250000415, 0.0, 2.656780224602727, 0.5231249999993459, 0.0, -0.837980859375163
85.51000000000793, 7.108952705062895, 0.0, 55.42927320945698, 8.714289622504145, 0.0, 2.6483994177550585, 0.522299249999344, 0.0, -0.8381793076595319
85.52000000000794, 7.196121702469225, 0.0, 55.45571529145198, 8.71950848000414, 0.0, 2.6400166625213473, 0.5214719999993425, 0.0, -0.838370534400152
85.53000000000795, 7.283342847063058, 0.0, 55.48207353645377, 8.724719057504137, 0.0, 2.631632031182548, 0.5206432499993412, 0.0, -0.8385545264907712
85.54000000000795, 7.37061605596939, 0.0, 55.50834792606325, 8.729921340004132, 0.0, 2.6232455961507206, 0.519812999999339, 0.0, -0.8387312708251411
85.55000000000796, 7.457941246163235, 0.0, 55.534538442606234, 8.735115312504131, 0.0, 2.6148574299689145, 0.5189812499993376, 0.0, -0.8389007542970113
85.56000000000796, 7.545318334469568, 0.0, 55.56064506913445, 8.740300960004124, 0.0, 2.606467605311316, 0.5181479999993359, 0.0, -0.8390629638001279
85.57000000000797, 7.632747237563405, 0.0, 55.58666778942698, 8.745478267504119, 0.0, 2.5980761949831503, 0.5173132499993345, 0.0, -0.8392178862282496
85.58000000000797, 7.720227871969738, 0.0, 55.61260658799169, 8.750647220004119, 0.0, 2.589683271920684, 0.516476999999333, 0.0, -0.839365508475117
85.59000000000798, 7.807760154063584, 0.0, 55.63846145006649, 8.755807802504114, 0.0, 2.581288909191265, 0.515639249999331, 0.0, -0.8395058174344872
85.60000000000798, 7.895344000069916, 0.0, 55.66423236162059, 8.760960000004106, 0.0, 2.5728931799932866, 0.5147999999993298, 0.0, -0.8396388000001043
85.61000000000799, 7.982979326063746, 0.0, 55.68991930935587, 8.766103797504105, 0.0, 2.564496157656251, 0.5139592499993277, 0.0, -0.8397644430657252
85.62000000000799, 8.070666047970091, 0.0, 55.71552228070813, 8.7712391800041, 0.0, 2.556097915640663, 0.5131169999993261, 0.0, -0.8398827335250925
85.630000000008, 8.158404081563914, 0.0, 55.7410412638484, 8.776366132504098, 0.0, 2.547698527538124, 0.5122732499993248, 0.0, -0.8399936582719647
85.640000000008, 8.246193342470269, 0.0, 55.76647624768441, 8.781484640004091, 0.0, 2.5392980670712646, 0.511427999999323, 0.0, -0.8400972042000827
85.650000000008, 8.334033746164094, 0.0, 55.79182722186157, 8.78659468750409, 0.0, 2.5308966080938617, 0.5105812499993214, 0.0, -0.8401933582032033
85.66000000000801, 8.42192520797043, 0.0, 55.8170941767645, 8.791696260004084, 0.0, 2.5224942245906448, 0.5097329999993196, 0.0, -0.840282107175069
85.67000000000802, 8.509867643064267, 0.0, 55.84227710351861, 8.796789342504082, 0.0, 2.514090990677481, 0.5088832499993181, 0.0, -0.8403634380094402
85.68000000000802, 8.597860966470597, 0.0, 55.86737599399092, 8.801873920004077, 0.0, 2.5056869806012685, 0.5080319999993166, 0.0, -0.840437337600056
85.69000000000803, 8.68590509306444, 0.0, 55.89239084079141, 8.806949977504074, 0.0, 2.4972822687399585, 0.5071792499993146, 0.0, -0.8405037928406784
85.70000000000803, 8.773999937570776, 0.0, 55.91732163727475, 8.812017500004067, 0.0, 2.4888769296026183, 0.5063249999993134, 0.0, -0.8405627906250466
85.71000000000804, 8.862145414564614, 0.0, 55.94216837754131, 8.817076472504064, 0.0, 2.480471037829332, 0.5054692499993114, 0.0, -0.8406143178469172
85.72000000000804, 8.950341438470941, 0.0, 55.96693105643841, 8.822126880004062, 0.0, 2.472064668191237, 0.50461199999931, 0.0, -0.8406583614000347
85.73000000000805, 9.038587923564787, 0.0, 55.99160966956197, 8.827168707504054, 0.0, 2.463657895590572, 0.5037532499993085, 0.0, -0.8406949081781541
85.74000000000805, 9.12688478397111, 0.0, 56.016204213257225, 8.832201940004051, 0.0, 2.455250795060607, 0.5028929999993066, 0.0, -0.8407239450750215
85.75000000000806, 9.215231933664949, 0.0, 56.04071468462065, 8.837226562504046, 0.0, 2.4468434417656866, 0.5020312499993052, 0.0, -0.8407454589843919
85.76000000000806, 9.303629286471288, 0.0, 56.06514108150094, 8.84224256000404, 0.0, 2.4384359110012213, 0.5011679999993031, 0.0, -0.8407594368000133
85.77000000000807, 9.392076756065112, 0.0, 56.08948340250048, 8.847249917504037, 0.0, 2.4300282781936886, 0.5003032499993016, 0.0, -0.8407658654156283
85.78000000000807, 9.480574255971451, 0.0, 56.11374164697652, 8.852248620004033, 0.0, 2.42162061890059, 0.49943699999930025, 0.0, -0.8407647317249953
85.79000000000808, 9.569121699565283, 0.0, 56.13791581504255, 8.857238652504027, 0.0, 2.413213008810544, 0.4985692499992984, 0.0, -0.840756022621866
85.80000000000808, 9.657719000071626, 0.0, 56.16200590756948, 8.862220000004026, 0.0, 2.404805523743221, 0.4976999999992968, 0.0, -0.8407397249999882
85.81000000000809, 9.746366070565461, 0.0, 56.18601192618732, 8.86719264750402, 0.0, 2.3963982396492867, 0.4968292499992948, 0.0, -0.8407158257531044
85.8200000000081, 9.8350628239718, 0.0, 56.20993387328605, 8.872156580004017, 0.0, 2.387991232610574, 0.49595699999929344, 0.0, -0.8406843117749734
85.8300000000081, 9.923809173065631, 0.0, 56.23377175201705, 8.87711178250401, 0.0, 2.3795845788399106, 0.4950832499992921, 0.0, -0.8406451699593429
85.8400000000081, 10.01260503047197, 0.0, 56.25752556629489, 8.882058240004005, 0.0, 2.3711783546811915, 0.4942079999992899, 0.0, -0.8405983871999627
85.85000000000811, 10.101450308665807, 0.0, 56.28119532079772, 8.886995937503999, 0.0, 2.3627726366093995, 0.49333124999928857, 0.0, -0.8405439503905807
85.86000000000811, 10.19034491997213, 0.0, 56.304781020969344, 8.891924860003995, 0.0, 2.3543675012305627, 0.4924529999992866, 0.0, -0.8404818464249502
85.87000000000812, 10.279288776565974, 0.0, 56.3282826730204, 8.896844992503992, 0.0, 2.345963025281769, 0.4915732499992851, 0.0, -0.8404120621968172
85.88000000000812, 10.368281790472313, 0.0, 56.35170028392935, 8.901756320003988, 0.0, 2.337559285631187, 0.4906919999992836, 0.0, -0.8403345845999368
85.89000000000813, 10.457323873566143, 0.0, 56.37503386144401, 8.906658827503984, 0.0, 2.3291563592780093, 0.48980924999928166, 0.0, -0.840249400528057
85.90000000000813, 10.546414937572482, 0.0, 56.398283414083, 8.911552500003978, 0.0, 2.3207543233525385, 0.4889249999992802, 0.0, -0.8401564968749238
85.91000000000814, 10.635554894066313, 0.0, 56.421448951136725, 8.916437322503972, 0.0, 2.312353255116129, 0.4880392499992783, 0.0, -0.8400558605342905
85.92000000000814, 10.724743654472665, 0.0, 56.44453048266898, 8.921313280003968, 0.0, 2.3039532319611595, 0.4871519999992766, 0.0, -0.8399474783999104
85.93000000000815, 10.813981130066491, 0.0, 56.46752801951794, 8.926180357503961, 0.0, 2.295554331411118, 0.48626324999927517, 0.0, -0.8398313373655295
85.94000000000815, 10.903267231972823, 0.0, 56.49044157329804, 8.931038540003955, 0.0, 2.2871566311205314, 0.4853729999992733, 0.0, -0.8397074243248976
85.95000000000816, 10.992601871166666, 0.0, 56.51327115640055, 8.935887812503951, 0.0, 2.278760208874978, 0.4844812499992719, 0.0, -0.839575726171768
85.96000000000816, 11.081984958472997, 0.0, 56.53601678199544, 8.940728160003946, 0.0, 2.270365142591153, 0.4835879999992698, 0.0, -0.8394362297998885
85.97000000000817, 11.17141640456683, 0.0, 56.55867846403241, 8.945559567503944, 0.0, 2.261971510316741, 0.4826932499992682, 0.0, -0.8392889221030035
85.98000000000818, 11.260896119973165, 0.0, 56.5812562172424, 8.95038202000394, 0.0, 2.253579390230513, 0.48179699999926684, 0.0, -0.8391337899748699
85.99000000000818, 11.350424015067002, 0.0, 56.60375005713864, 8.955195502503932, 0.0, 2.245188860642344, 0.4808992499992648, 0.0, -0.8389708203092425
86.00000000000819, 11.440000000073336, 0.0, 56.626160000018345, 8.96000000000393, 0.0, 2.2367999999931314, 0.47999999999926346, 0.0, -0.8387999999998588
86.01000000000819, 11.529623985067179, 0.0, 56.64848606296361, 8.96479549750392, 0.0, 2.2284128868548336, 0.47909924999926146, 0.0, -0.8386213159404736
86.0200000000082, 11.61929587997351, 0.0, 56.67072826384292, 8.96958198000392, 0.0, 2.2200275999304964, 0.4781969999992597, 0.0, -0.8384347550248474
86.0300000000082, 11.709015594567344, 0.0, 56.69288662131238, 8.974359432503915, 0.0, 2.2116442180542037, 0.47729324999925815, 0.0, -0.8382403041467157
86.0400000000082, 11.798783038473676, 0.0, 56.714961154817374, 8.97912784000391, 0.0, 2.203262820191128, 0.4763879999992562, 0.0, -0.8380379501998334
86.05000000000821, 11.888598121167508, 0.0, 56.736951884593225, 8.983887187503903, 0.0, 2.194883485437458, 0.4754812499992551, 0.0, -0.8378276800779485
86.06000000000822, 11.97846075197383, 0.0, 56.75885883166714, 8.988637460003897, 0.0, 2.186506293020514, 0.47457299999925295, 0.0, -0.8376094806748213
86.07000000000822, 12.068370840067676, 0.0, 56.78068201785925, 8.993378642503895, 0.0, 2.178131322298583, 0.47366324999925147, 0.0, -0.8373833388841874
86.08000000000823, 12.158328294474014, 0.0, 56.802421465783794, 8.998110720003888, 0.0, 2.169758652761111, 0.47275199999925, 0.0, -0.837149241599807
86.09000000000823, 12.248333024067843, 0.0, 56.8240771988506, 9.002833677503887, 0.0, 2.161388364028589, 0.47183924999924787, 0.0, -0.836907175715428
86.10000000000824, 12.338384937574165, 0.0, 56.84564924126617, 9.007547500003877, 0.0, 2.153020535852505, 0.4709249999992464, 0.0, -0.8366571281247914
86.11000000000824, 12.428483943568029, 0.0, 56.867137618035784, 9.012252172503873, 0.0, 2.144655248115434, 0.47000924999924454, 0.0, -0.836399085721661
86.12000000000825, 12.518629950474352, 0.0, 56.88854235496332, 9.016947680003868, 0.0, 2.1362925808311175, 0.4690919999992431, 0.0, -0.8361330353997793
86.13000000000825, 12.6088228665682, 0.0, 56.909863478654344, 9.021634007503861, 0.0, 2.1279326141441857, 0.4681732499992415, 0.0, -0.8358589640528962
86.14000000000826, 12.699062599974528, 0.0, 56.93110101651587, 9.026311140003857, 0.0, 2.119575428330471, 0.4672529999992394, 0.0, -0.8355768585747647
86.15000000000826, 12.78934905866836, 0.0, 56.95225499675858, 9.030979062503851, 0.0, 2.111221103796815, 0.4663312499992378, 0.0, -0.8352867058591364
86.16000000000827, 12.879682150474697, 0.0, 56.973325448397915, 9.03563776000385, 0.0, 2.102869721081099, 0.46540799999923577, 0.0, -0.8349884927997522
86.17000000000827, 12.97006178306852, 0.0, 56.994312401255144, 9.040287217503844, 0.0, 2.094521360852312, 0.4644832499992344, 0.0, -0.8346822062903687
86.18000000000828, 13.060487863974881, 0.0, 57.01521588595931, 9.04492742000384, 0.0, 2.086176103910468, 0.4635569999992326, 0.0, -0.8343678332247411
86.19000000000828, 13.150960300568688, 0.0, 57.03603593394739, 9.049558352503832, 0.0, 2.07783403118669, 0.46262924999923083, 0.0, -0.8340453604966065
86.20000000000829, 13.241479000075028, 0.0, 57.056772577467186, 9.054180000003827, 0.0, 2.069495223743097, 0.4616999999992293, 0.0, -0.8337147749997236
86.21000000000829, 13.33204386956886, 0.0, 57.07742584957717, 9.058792347503822, 0.0, 2.061159762772924, 0.4607692499992273, 0.0, -0.8333760636278438
86.2200000000083, 13.42265481597521, 0.0, 57.09799578414868, 9.063395380003815, 0.0, 2.052827729600459, 0.4598369999992258, 0.0, -0.8330292132747132
86.2300000000083, 13.513311746069046, 0.0, 57.11848241586678, 9.067989082503813, 0.0, 2.0444992056810563, 0.45890324999922405, 0.0, -0.8326742108340799
86.24000000000831, 13.604014566475389, 0.0, 57.138885780231846, 9.072573440003804, 0.0, 2.036174272601073, 0.4579679999992221, 0.0, -0.832311043199697
86.25000000000831, 13.694763183669199, 0.0, 57.1592059135606, 9.077148437503796, 0.0, 2.0278530120780545, 0.45703124999922085, 0.0, -0.8319396972653141
86.26000000000832, 13.78555750397555, 0.0, 57.179442852988046, 9.081714060003796, 0.0, 2.019535505960448, 0.4560929999992185, 0.0, -0.8315601599246847
86.27000000000832, 13.876397433569391, 0.0, 57.199596636467916, 9.086270292503785, 0.0, 2.011221836227911, 0.45515324999921725, 0.0, -0.8311724180715494
86.28000000000833, 13.96728287847571, 0.0, 57.21966730277421, 9.09081712000378, 0.0, 2.002912084991081, 0.4542119999992158, 0.0, -0.8307764585996669
86.29000000000833, 14.058213744569546, 0.0, 57.23965489150345, 9.095354527503774, 0.0, 1.9946063344916638, 0.4532692499992137, 0.0, -0.8303722684027868
86.30000000000834, 14.149189937575887, 0.0, 57.259559443074494, 9.09988250000377, 0.0, 1.986304667102452, 0.4523249999992123, 0.0, -0.8299598343746517
86.31000000000834, 14.240211363069715, 0.0, 57.27938099873087, 9.104401022503765, 0.0, 1.9780071653272842, 0.4513792499992102, 0.0, -0.829539143409022
86.32000000000835, 14.331277926476037, 0.0, 57.29911960054177, 9.108910080003758, 0.0, 1.9697139118010938, 0.4504319999992086, 0.0, -0.8291101823996421
86.33000000000835, 14.422389533069879, 0.0, 57.31877529140358, 9.113409657503755, 0.0, 1.961424989289796, 0.44948324999920675, 0.0, -0.8286729382402598
86.34000000000836, 14.51354608797622, 0.0, 57.338348115040674, 9.117899740003745, 0.0, 1.9531404806904433, 0.44853299999920515, 0.0, -0.8282273978246266
86.35000000000836, 14.604747496170045, 0.0, 57.3578381160072, 9.122380312503742, 0.0, 1.9448604690311768, 0.44758124999920335, 0.0, -0.8277735480464941
86.36000000000837, 14.69599366247638, 0.0, 57.3772453396883, 9.126851360003736, 0.0, 1.936585037471076, 0.44662799999920133, 0.0, -0.82731137579961
86.37000000000837, 14.787284491570208, 0.0, 57.39656983230125, 9.131312867503734, 0.0, 1.9283142693004294, 0.44567324999919955, 0.0, -0.826840867977733
86.38000000000838, 14.878619887976537, 0.0, 57.415811640896976, 9.135764820003727, 0.0, 1.9200482479404712, 0.444716999999198, 0.0, -0.8263620114746004
86.39000000000838, 14.969999756070376, 0.0, 57.43497081336133, 9.140207202503724, 0.0, 1.9117870569435524, 0.44375924999919625, 0.0, -0.8258747931839672
86.40000000000839, 15.061424000076723, 0.0, 57.45404739841601, 9.144640000003717, 0.0, 1.9035307799930763, 0.4427999999991943, 0.0, -0.825379199999583
86.4100000000084, 15.152892524070563, 0.0, 57.47304144562074, 9.149063197503706, 0.0, 1.8952795009035341, 0.441839249999193, 0.0, -0.8248752188152011
86.4200000000084, 15.244405231976895, 0.0, 57.49195300537346, 9.153476780003702, 0.0, 1.8870333036204556, 0.44087699999919105, 0.0, -0.8243628365245659
86.4300000000084, 15.335962027570726, 0.0, 57.51078212891275, 9.157880732503697, 0.0, 1.8787922722204158, 0.43991324999918935, 0.0, -0.8238420400214377
86.44000000000841, 15.427562814477053, 0.0, 57.52952886831824, 9.16227504000369, 0.0, 1.8705564909110777, 0.43894799999918743, 0.0, -0.8233128161995555
86.45000000000842, 15.519207496170889, 0.0, 57.548193276512364, 9.166659687503683, 0.0, 1.8623260440311569, 0.4379812499991862, 0.0, -0.8227751519526709
86.46000000000842, 15.610895975977218, 0.0, 57.56677540726179, 9.171034660003683, 0.0, 1.854101016050457, 0.43701299999918386, 0.0, -0.8222290341745406
86.47000000000843, 15.702628157071043, 0.0, 57.585275315178336, 9.175399942503674, 0.0, 1.8458814915697985, 0.4360432499991822, 0.0, -0.821674449758909
86.48000000000843, 15.794403942477391, 0.0, 57.60369305572067, 9.179755520003667, 0.0, 1.837667555321083, 0.4350719999991808, 0.0, -0.8211113855995258
86.49000000000844, 15.886223235071224, 0.0, 57.622028685195176, 9.18410137750366, 0.0, 1.829459292167293, 0.4340992499991787, 0.0, -0.8205398285901424
86.50000000000844, 15.97808593757755, 0.0, 57.64028226075757, 9.188437500003655, 0.0, 1.821256787102449, 0.4331249999991773, 0.0, -0.8199597656245103
86.51000000000845, 16.06999195257139, 0.0, 57.65845384041458, 9.19276387250365, 0.0, 1.813060125251667, 0.4321492499991752, 0.0, -0.8193711835963775
86.52000000000845, 16.161941182477722, 0.0, 57.676543483024204, 9.197080480003644, 0.0, 1.8048693918710939, 0.4311719999991734, 0.0, -0.8187740693994936
86.53000000000846, 16.253933529571572, 0.0, 57.69455124829824, 9.201387307503635, 0.0, 1.796684672347908, 0.4301932499991718, 0.0, -0.8181684099276101
86.54000000000846, 16.3459688959779, 0.0, 57.71247719680244, 9.205684340003629, 0.0, 1.7885060522004537, 0.42921299999917, 0.0, -0.8175541920744767
86.55000000000847, 16.43804718367174, 0.0, 57.730321389959016, 9.209971562503627, 0.0, 1.7803336170780355, 0.428231249999168, 0.0, -0.8169314027338466
86.56000000000847, 16.53016829447807, 0.0, 57.74808389004673, 9.21424896000362, 0.0, 1.7721674527610887, 0.42724799999916624, 0.0, -0.8163000287994642
86.57000000000848, 16.62233213007188, 0.0, 57.76576476020321, 9.218516517503613, 0.0, 1.7640076451610582, 0.42626324999916426, 0.0, -0.8156600571650827
86.58000000000848, 16.71453859197823, 0.0, 57.78336406442577, 9.222774220003608, 0.0, 1.7558542803204702, 0.42527699999916296, 0.0, -0.8150114747244483
86.59000000000849, 16.80678758157207, 0.0, 57.80088186757274, 9.2270220525036, 0.0, 1.7477074444129244, 0.424289249999161, 0.0, -0.8143542683713143
86.60000000000849, 16.899079000078384, 0.0, 57.81831823536481, 9.231260000003592, 0.0, 1.7395672237430873, 0.4232999999991593, 0.0, -0.8136884249994338
86.6100000000085, 16.991412748572213, 0.0, 57.835673234386576, 9.23548804750359, 0.0, 1.7314337047466921, 0.4223092499991569, 0.0, -0.8130139315025531
86.6200000000085, 17.083788727978547, 0.0, 57.85294693208721, 9.239706180003584, 0.0, 1.723306973990475, 0.4213169999991557, 0.0, -0.8123307747744164
86.63000000000851, 17.176206839072403, 0.0, 57.870139396782776, 9.243914382503574, 0.0, 1.7151871181722953, 0.4203232499991542, 0.0, -0.8116389417087824
86.64000000000851, 17.268666982478738, 0.0, 57.88725069765664, 9.248112640003566, 0.0, 1.7070742241210795, 0.4193279999991521, 0.0, -0.8109384191993989
86.65000000000852, 17.361169058672555, 0.0, 57.90428090476095, 9.252300937503565, 0.0, 1.6989683787968062, 0.4183312499991502, 0.0, -0.8102291941400175
86.66000000000852, 17.45371296797889, 0.0, 57.92123008901862, 9.256479260003559, 0.0, 1.6908696692904783, 0.41733299999914814, 0.0, -0.8095112534243878
86.67000000000853, 17.546298610572737, 0.0, 57.93809832222368, 9.260647592503547, 0.0, 1.6827781828241797, 0.4163332499991467, 0.0, -0.8087845839462542
86.68000000000853, 17.638925886479054, 0.0, 57.95488567704302, 9.264805920003544, 0.0, 1.6746940067511105, 0.4153319999991451, 0.0, -0.8080491725993717
86.69000000000854, 17.7315946955729, 0.0, 57.97159222701825, 9.268954227503537, 0.0, 1.666617228555431, 0.41432924999914283, 0.0, -0.8073050062774882
86.70000000000854, 17.824304937579225, 0.0, 57.98821804656572, 9.273092500003527, 0.0, 1.6585479358524893, 0.4133249999991417, 0.0, -0.8065520718743535
86.71000000000855, 17.917056512073056, 0.0, 58.00476321097943, 9.277220722503527, 0.0, 1.650486216388579, 0.412319249999139, 0.0, -0.8057903562837261
86.72000000000855, 18.009849318479393, 0.0, 58.021227796430594, 9.281338880003515, 0.0, 1.6424321580411174, 0.41131199999913787, 0.0, -0.8050198463993379
86.73000000000856, 18.102683256073217, 0.0, 58.037611879970655, 9.28544695750351, 0.0, 1.6343858488185674, 0.4103032499991361, 0.0, -0.8042405291149581
86.74000000000856, 18.195558223979557, 0.0, 58.053915539531204, 9.289544940003502, 0.0, 1.6263473768604868, 0.4092929999991341, 0.0, -0.8034523913243241
86.75000000000857, 18.288474121173383, 0.0, 58.070138853926295, 9.2936328125035, 0.0, 1.6183168304374504, 0.40828124999913235, 0.0, -0.802655419921189
86.76000000000857, 18.38143084647972, 0.0, 58.08628190285313, 9.297710560003493, 0.0, 1.6102942979511141, 0.4072679999991304, 0.0, -0.8018496017993098
86.77000000000858, 18.474428298573546, 0.0, 58.10234476689354, 9.301778167503485, 0.0, 1.6022798679342358, 0.40625324999912865, 0.0, -0.801034923852427
86.78000000000858, 18.567466375979873, 0.0, 58.118327527515504, 9.305835620003478, 0.0, 1.5942736290505053, 0.40523699999912716, 0.0, -0.8002113729742906
86.79000000000859, 18.66054497707371, 0.0, 58.134230267074344, 9.309882902503471, 0.0, 1.5862756700948495, 0.404219249999125, 0.0, -0.799378936058659
86.8000000000086, 18.753664000080054, 0.0, 58.15005306881366, 9.313920000003463, 0.0, 1.5782860799931342, 0.40319999999912354, 0.0, -0.7985375999992765
86.8100000000086, 18.84682334307389, 0.0, 58.16579601686726, 9.317946897503456, 0.0, 1.5703049478023487, 0.4021792499991214, 0.0, -0.7976873516898877
86.8200000000086, 18.940022903980203, 0.0, 58.18145919625994, 9.321963580003455, 0.0, 1.562332362710535, 0.4011569999991195, 0.0, -0.7968281780242599
86.83000000000861, 19.033262580574043, 0.0, 58.19704269290949, 9.325970032503445, 0.0, 1.5543684140367375, 0.40013324999911787, 0.0, -0.7959600658961268
86.84000000000862, 19.126542270480382, 0.0, 58.212546593627025, 9.329966240003438, 0.0, 1.54641319123116, 0.39910799999911556, 0.0, -0.795083002199247
86.85000000000862, 19.219861871174214, 0.0, 58.22797098611903, 9.333952187503428, 0.0, 1.5384667838749735, 0.3980812499991144, 0.0, -0.794196973827356
86.86000000000863, 19.313221279980542, 0.0, 58.24331595898835, 9.337927860003424, 0.0, 1.5305292816805292, 0.3970529999991121, 0.0, -0.7933019676742266
86.87000000000863, 19.40662039407437, 0.0, 58.25858160173587, 9.34189324250342, 0.0, 1.5226007744911314, 0.3960232499991105, 0.0, -0.7923979706335942
86.88000000000864, 19.500059110480695, 0.0, 58.27376800476142, 9.34584832000341, 0.0, 1.5146813522811655, 0.3949919999991091, 0.0, -0.7914849695992086
86.89000000000864, 19.593537326074543, 0.0, 58.28887525936517, 9.349793077503401, 0.0, 1.506771105156119, 0.3939592499991071, 0.0, -0.7905629514648265
86.90000000000865, 19.687054937580857, 0.0, 58.3039034577489, 9.353727500003398, 0.0, 1.498870123352546, 0.3929249999991053, 0.0, -0.7896319031241958
86.91000000000865, 19.7806118415747, 0.0, 58.318852693017845, 9.35765157250339, 0.0, 1.490978497238018, 0.39188924999910285, 0.0, -0.7886918114710593
86.92000000000866, 19.874207934481017, 0.0, 58.33372305918104, 9.361565280003385, 0.0, 1.483096317311194, 0.39085199999910153, 0.0, -0.7877426633991789
86.93000000000866, 19.967843112574865, 0.0, 58.34851465115344, 9.365468607503377, 0.0, 1.4752236742017786, 0.38981324999909955, 0.0, -0.7867844458022972
86.94000000000867, 20.06151727198119, 0.0, 58.36322756475701, 9.36936154000337, 0.0, 1.4673606586705716, 0.38877299999909737, 0.0, -0.7858171455741587
86.95000000000867, 20.155230308675026, 0.0, 58.37786189672178, 9.373244062503362, 0.0, 1.4595073616094112, 0.3877312499990963, 0.0, -0.7848407496085272
86.96000000000868, 20.248982118481354, 0.0, 58.392417744687464, 9.377116160003354, 0.0, 1.4516638740412162, 0.3866879999990937, 0.0, -0.7838552447991471
86.97000000000868, 20.34277259707518, 0.0, 58.40689520720477, 9.380977817503345, 0.0, 1.4438302871199156, 0.3856432499990922, 0.0, -0.7828606180397593
86.98000000000869, 20.436601639981507, 0.0, 58.421294383736296, 9.384829020003343, 0.0, 1.4360066921305972, 0.3845969999990905, 0.0, -0.7818568562241275
86.99000000000869, 20.530469142575345, 0.0, 58.4356153746584, 9.388669752503333, 0.0, 1.428193180489309, 0.3835492499990886, 0.0, -0.7808439462459944
87.0000000000087, 20.624375000081695, 0.0, 58.44985828126249, 9.392500000003325, 0.0, 1.4203898437432159, 0.38249999999908696, 0.0, -0.7798218749991079
87.0100000000087, 20.71831910757552, 0.0, 58.464023205755296, 9.396319747503316, 0.0, 1.4125967735705558, 0.38144924999908464, 0.0, -0.7787906293772231
87.02000000000871, 20.812301359981834, 0.0, 58.478110251261825, 9.400128980003315, 0.0, 1.4048140617806055, 0.380396999999083, 0.0, -0.7777501962740931
87.03000000000871, 20.906321652075665, 0.0, 58.492119521825316, 9.403927682503308, 0.0, 1.3970418003137013, 0.37934324999908114, 0.0, -0.7767005625834589
87.04000000000872, 21.000379878482004, 0.0, 58.50605112240933, 9.407715840003295, 0.0, 1.3892800812412318, 0.3782879999990795, 0.0, -0.7756417151990718
87.05000000000872, 21.09447593367584, 0.0, 58.51990515889881, 9.41149343750329, 0.0, 1.3815289967657023, 0.3772312499990777, 0.0, -0.7745736410146922
87.06000000000873, 21.188609711982178, 0.0, 58.53368173810114, 9.41526046000328, 0.0, 1.3737886392206207, 0.37617299999907566, 0.0, -0.7734963269240556
87.07000000000873, 21.282781107576003, 0.0, 58.5473809677479, 9.419016892503276, 0.0, 1.36605910107059, 0.37511324999907386, 0.0, -0.7724097598209241
87.08000000000874, 21.376990014482327, 0.0, 58.56100295649577, 9.422762720003268, 0.0, 1.3583404749112589, 0.3740519999990723, 0.0, -0.7713139265990403
87.09000000000874, 21.47123632657615, 0.0, 58.57454781392843, 9.426497927503263, 0.0, 1.3506328534693637, 0.37298924999907007, 0.0, -0.770208814152161
87.10000000000875, 21.565519937582504, 0.0, 58.588015650557224, 9.430222500003252, 0.0, 1.3429363296026366, 0.37192499999906853, 0.0, -0.76909440937402
87.11000000000875, 21.65984074107632, 0.0, 58.60140657782242, 9.433936422503246, 0.0, 1.3352509962999903, 0.37085924999906633, 0.0, -0.7679706991583917
87.12000000000876, 21.75419863048265, 0.0, 58.61472070809543, 9.43763968000324, 0.0, 1.3275769466812761, 0.36979199999906437, 0.0, -0.7668376703990099
87.13000000000876, 21.84859349907649, 0.0, 58.62795815467916, 9.44133225750323, 0.0, 1.3199142739974974, 0.3687232499990631, 0.0, -0.7656953099896207
87.14000000000877, 21.94302523998282, 0.0, 58.64111903180972, 9.445014140003222, 0.0, 1.3122630716306745, 0.3676529999990607, 0.0, -0.7645436048239862
87.15000000000877, 22.037493746176654, 0.0, 58.654203454657846, 9.448685312503216, 0.0, 1.3046234330938873, 0.366581249999059, 0.0, -0.7633825417958526
87.16000000000878, 22.131998910482967, 0.0, 58.66721153932994, 9.452345760003208, 0.0, 1.2969954520313038, 0.3655079999990571, 0.0, -0.7622121077989696
87.17000000000878, 22.226540625576806, 0.0, 58.680143402869334, 9.455995467503204, 0.0, 1.2893792222181588, 0.36443324999905496, 0.0, -0.7610322897270869
87.18000000000879, 22.32111878398314, 0.0, 58.692999163258065, 9.459634420003193, 0.0, 1.2817748375606897, 0.3633569999990535, 0.0, -0.7598430744739542
87.1900000000088, 22.415733278076974, 0.0, 58.705778939417854, 9.463262602503187, 0.0, 1.2741823920962858, 0.3622792499990514, 0.0, -0.7586444489333193
87.2000000000088, 22.510384000083288, 0.0, 58.718482851211206, 9.466880000003181, 0.0, 1.2666019799933395, 0.36119999999904956, 0.0, -0.7574363999989355
87.2100000000088, 22.60507084207713, 0.0, 58.73111101944329, 9.47048659750317, 0.0, 1.2590336955512953, 0.36011924999904793, 0.0, -0.7562189145645508
87.22000000000881, 22.699793695983463, 0.0, 58.743663565862505, 9.47408238000316, 0.0, 1.2514776332007287, 0.35903699999904565, 0.0, -0.7549919795239184
87.23000000000881, 22.7945524535773, 0.0, 58.756140613162756, 9.477667332503154, 0.0, 1.2439338875031893, 0.3579532499990445, 0.0, -0.7537555817707808
87.24000000000882, 22.889347006483607, 0.0, 58.768542284983766, 9.481241440003148, 0.0, 1.2364025531513647, 0.3568679999990418, 0.0, -0.7525097081989003
87.25000000000882, 22.984177246177456, 0.0, 58.780868705913036, 9.484804687503138, 0.0, 1.2288837249689522, 0.3557812499990402, 0.0, -0.7512543457020158
87.26000000000883, 23.079043063983757, 0.0, 58.79312000148681, 9.48835706000313, 0.0, 1.2213774979107583, 0.3546929999990384, 0.0, -0.7499894811738823
87.27000000000884, 23.173944351077605, 0.0, 58.805296298191905, 9.491898542503122, 0.0, 1.2138839670625785, 0.35360324999903686, 0.0, -0.7487151015082443
87.28000000000884, 23.268880998483933, 0.0, 58.81739772346617, 9.495429120003115, 0.0, 1.2064032276413883, 0.3525119999990351, 0.0, -0.747431193598862
87.29000000000885, 23.363852897077773, 0.0, 58.82942440570065, 9.498948777503106, 0.0, 1.1989353749951093, 0.3514192499990327, 0.0, -0.7461377443394781
87.30000000000885, 23.458859937584112, 0.0, 58.84137647424029, 9.5024575000031, 0.0, 1.1914805046027794, 0.35032499999903094, 0.0, -0.744834740623844
87.31000000000886, 23.553902010577918, 0.0, 58.85325405938559, 9.50595527250309, 0.0, 1.1840387120745035, 0.349229249999029, 0.0, -0.7435221693457095
87.32000000000886, 23.64897900648425, 0.0, 58.86505729239383, 9.509442080003081, 0.0, 1.1766100931514103, 0.34813199999902683, 0.0, -0.7422000173988259
87.33000000000887, 23.7440908155781, 0.0, 58.876786305480266, 9.512917907503075, 0.0, 1.1691947437057522, 0.34703324999902535, 0.0, -0.7408682716769395
87.34000000000887, 23.83923732798443, 0.0, 58.88844123181957, 9.51638274000307, 0.0, 1.1617927597408269, 0.3459329999990232, 0.0, -0.7395269190738087
87.35000000000888, 23.93441843367825, 0.0, 58.90002220554709, 9.519836562503063, 0.0, 1.1544042373909136, 0.3448312499990213, 0.0, -0.7381759464831745
87.36000000000888, 24.02963402248457, 0.0, 58.91152936176027, 9.523279360003052, 0.0, 1.1470292729214435, 0.3437279999990192, 0.0, -0.7368153407987901
87.37000000000889, 24.12488398407839, 0.0, 58.9229628365197, 9.526711117503046, 0.0, 1.139667962728936, 0.34262324999901733, 0.0, -0.7354450889144051
87.38000000000889, 24.220168207984724, 0.0, 58.934322766850926, 9.530131820003039, 0.0, 1.132320403340863, 0.3415169999990157, 0.0, -0.7340651777237746
87.3900000000089, 24.315486583578558, 0.0, 58.945609290744756, 9.533541452503027, 0.0, 1.1249866914158062, 0.34040924999901384, 0.0, -0.7326755941206358
87.4000000000089, 24.410839000084888, 0.0, 58.956822547160016, 9.53694000000302, 0.0, 1.1176669237435064, 0.3392999999990118, 0.0, -0.7312763249987526
87.4100000000089, 24.506225346578713, 0.0, 58.96796267602355, 9.540327447503012, 0.0, 1.1103611972445933, 0.33818924999900996, 0.0, -0.7298673572518695
87.42000000000891, 24.60164551198506, 0.0, 58.97902981823239, 9.543703780003003, 0.0, 1.103069608970884, 0.3370769999990079, 0.0, -0.728448677773736
87.43000000000892, 24.69709938507889, 0.0, 58.990024115654364, 9.547068982502994, 0.0, 1.0957922561052342, 0.3359632499990061, 0.0, -0.7270202734580984
87.44000000000892, 24.79258685448519, 0.0, 59.00094571113013, 9.550423040002988, 0.0, 1.0885292359615377, 0.3348479999990041, 0.0, -0.7255821311987152
87.45000000000893, 24.88810780867905, 0.0, 59.01179474847419, 9.553765937502979, 0.0, 1.0812806459847266, 0.33373124999900233, 0.0, -0.724134237889329
87.46000000000893, 24.98366213598536, 0.0, 59.022571372475625, 9.55709766000297, 0.0, 1.0740465837509205, 0.33261299999900035, 0.0, -0.7226765804236965
87.47000000000894, 25.079249724579203, 0.0, 59.03327572890058, 9.560418192502963, 0.0, 1.0668271469671424, 0.3314932499989986, 0.0, -0.721209145695564
87.48000000000894, 25.17487046248552, 0.0, 59.04390796449263, 9.563727520002953, 0.0, 1.059622433471553, 0.3303719999989971, 0.0, -0.7197319205986741
87.49000000000895, 25.27052423757934, 0.0, 59.05446822697428, 9.567025627502945, 0.0, 1.0524325412334008, 0.32924924999899446, 0.0, -0.7182448920267923
87.50000000000895, 25.36621093758568, 0.0, 59.0649566650485, 9.570312500002935, 0.0, 1.0452575683529588, 0.32812499999899297, 0.0, -0.7167480468736578
87.51000000000896, 25.46193045007951, 0.0, 59.07537342839987, 9.573588122502931, 0.0, 1.0380976130615593, 0.3269992499989908, 0.0, -0.7152413720330237
87.52000000000896, 25.557682662485835, 0.0, 59.08571866769614, 9.576852480002922, 0.0, 1.0309527737216087, 0.3258719999989889, 0.0, -0.7137248543986363
87.53000000000897, 25.653467462079657, 0.0, 59.09599253458916, 9.58010555750291, 0.0, 1.0238231488265725, 0.32474324999898724, 0.0, -0.7121984808642523
87.54000000000897, 25.749284735985963, 0.0, 59.10619518171626, 9.583347340002904, 0.0, 1.016708837001012, 0.3236129999989849, 0.0, -0.7106622383236214
87.55000000000898, 25.845134371179807, 0.0, 59.1163267627019, 9.586577812502892, 0.0, 1.0096099370004623, 0.32248124999898325, 0.0, -0.7091161136704844
87.56000000000898, 25.941016254486147, 0.0, 59.12638743215874, 9.589796960002888, 0.0, 1.0025265477116392, 0.32134799999898095, 0.0, -0.7075600937986
87.57000000000899, 26.03693027257997, 0.0, 59.136377345688686, 9.59300476750288, 0.0, 0.9954587681522327, 0.3202132499989793, 0.0, -0.7059941656017159
87.580000000009, 26.132876311986298, 0.0, 59.14629665988477, 9.596201220002868, 0.0, 0.9884066974710279, 0.3190769999989775, 0.0, -0.7044183159735784
87.590000000009, 26.22885425908012, 0.0, 59.15614553233192, 9.599386302502863, 0.0, 0.981370434947884, 0.317939249998975, 0.0, -0.702832531807946
87.600000000009, 26.324864000086468, 0.0, 59.16592412160887, 9.602560000002853, 0.0, 0.974350079993684, 0.3167999999989736, 0.0, -0.7012367999985614
87.61000000000901, 26.420905421080295, 0.0, 59.17563258728882, 9.605722297502842, 0.0, 0.967345732150406, 0.3156592499989716, 0.0, -0.6996311074391759
87.62000000000901, 26.51697840798661, 0.0, 59.1852710899411, 9.608873180002835, 0.0, 0.9603574910910808, 0.3145169999989698, 0.0, -0.6980154410235375
87.63000000000902, 26.61308284658043, 0.0, 59.19483979113252, 9.612012632502825, 0.0, 0.953385456619813, 0.3133732499989678, 0.0, -0.6963897876454084
87.64000000000902, 26.709218622486777, 0.0, 59.204338853428624, 9.615140640002817, 0.0, 0.9464297286717311, 0.3122279999989656, 0.0, -0.6947541341985204
87.65000000000903, 26.8053856211806, 0.0, 59.21376844039466, 9.61825718750281, 0.0, 0.9394904073130732, 0.31108124999896364, 0.0, -0.6931084675766357
87.66000000000903, 26.901583727986935, 0.0, 59.2231287165975, 9.621362260002797, 0.0, 0.9325675927411226, 0.30993299999896184, 0.0, -0.6914527746735004
87.67000000000904, 26.997812828080743, 0.0, 59.23241984760645, 9.624455842502794, 0.0, 0.9256613852842293, 0.3087832499989599, 0.0, -0.6897870423828696
87.68000000000904, 27.094072806487066, 0.0, 59.24164199999504, 9.62753792000278, 0.0, 0.9187718854017746, 0.3076319999989582, 0.0, -0.6881112575984805
87.69000000000905, 27.1903635480809, 0.0, 59.2507953413417, 9.630608477502774, 0.0, 0.9118991936842562, 0.3064792499989558, 0.0, -0.6864254072140987
87.70000000000906, 27.28668493758723, 0.0, 59.25988004023171, 9.633667500002764, 0.0, 0.9050434108531817, 0.3053249999989541, 0.0, -0.6847294781234616
87.71000000000906, 27.383036859581065, 0.0, 59.26889626625788, 9.636714972502753, 0.0, 0.8982046377611468, 0.3041692499989518, 0.0, -0.6830234572203278
87.72000000000907, 27.479419198487403, 0.0, 59.277844190022705, 9.639750880002747, 0.0, 0.8913829753918208, 0.3030119999989501, 0.0, -0.6813073313984432
87.73000000000907, 27.5758318385812, 0.0, 59.28672398313864, 9.642775207502739, 0.0, 0.8845785248599256, 0.30185324999894825, 0.0, -0.6795810875515578
87.74000000000908, 27.67227466398752, 0.0, 59.29553581823009, 9.645787940002727, 0.0, 0.8777913874112215, 0.30069299999894616, 0.0, -0.6778447125734193
87.75000000000908, 27.76874755868135, 0.0, 59.30427986893494, 9.648789062502718, 0.0, 0.8710216644225781, 0.2995312499989443, 0.0, -0.6760981933577863
87.76000000000909, 27.865250406487686, 0.0, 59.31295630990513, 9.651778560002711, 0.0, 0.8642694574018819, 0.2983679999989418, 0.0, -0.6743415167984015
87.77000000000909, 27.96178309108151, 0.0, 59.32156531680832, 9.6547564175027, 0.0, 0.8575348679880932, 0.29720324999894043, 0.0, -0.6725746697890145
87.7800000000091, 28.058345495987854, 0.0, 59.330107066329504, 9.657722620002692, 0.0, 0.8508179979512676, 0.29603699999893884, 0.0, -0.6707976392233785
87.7900000000091, 28.15493750458167, 0.0, 59.33858173617173, 9.660677152502682, 0.0, 0.8441189491924774, 0.2948692499989366, 0.0, -0.6690104119952434
87.8000000000091, 28.251559000088005, 0.0, 59.346989505057735, 9.663620000002677, 0.0, 0.837437823743926, 0.2936999999989346, 0.0, -0.6672129749983622
87.81000000000911, 28.348209865581833, 0.0, 59.35533055273146, 9.666551147502666, 0.0, 0.8307747237687693, 0.29252924999893193, 0.0, -0.6654053151264794
87.82000000000912, 28.444889983988137, 0.0, 59.3636050599589, 9.669470580002653, 0.0, 0.8241297515613226, 0.29135699999893083, 0.0, -0.6635874192733393
87.83000000000912, 28.54159923808196, 0.0, 59.371813208529915, 9.672378282502647, 0.0, 0.8175030095469396, 0.29018324999892864, 0.0, -0.6617592743327076
87.84000000000913, 28.63833751048831, 0.0, 59.37995518125902, 9.67527424000264, 0.0, 0.8108946002819906, 0.28900799999892623, 0.0, -0.6599208671983217
87.85000000000913, 28.735104683682128, 0.0, 59.3880311619871, 9.678158437502626, 0.0, 0.8043046264539484, 0.28783124999892495, 0.0, -0.6580721847639328
87.86000000000914, 28.831900639988458, 0.0, 59.39604133558228, 9.681030860002622, 0.0, 0.797733190881381, 0.28665299999892213, 0.0, -0.6562132139233032
87.87000000000914, 28.92872526158229, 0.0, 59.403985887942014, 9.68389149250261, 0.0, 0.7911803965138589, 0.28547324999892043, 0.0, -0.6543439415701631
87.88000000000915, 29.025578430488583, 0.0, 59.41186500599346, 9.6867403200026, 0.0, 0.7846463464320408, 0.28429199999891896, 0.0, -0.652464354598278
87.89000000000915, 29.122460028582434, 0.0, 59.41967887769573, 9.68957732750259, 0.0, 0.7781311438476308, 0.28310924999891685, 0.0, -0.6505744399013906
87.90000000000916, 29.21936993758875, 0.0, 59.427427692039856, 9.692402500002581, 0.0, 0.7716348921034353, 0.28192499999891496, 0.0, -0.6486741843732595
87.91000000000916, 29.316308039082596, 0.0, 59.435111639052195, 9.695215822502574, 0.0, 0.7651576946732774, 0.2807392499989124, 0.0, -0.6467635749076219
87.92000000000917, 29.41327421448889, 0.0, 59.44273090979314, 9.698017280002562, 0.0, 0.758699655162097, 0.279551999998911, 0.0, -0.6448425983982347
87.93000000000917, 29.510268345082704, 0.0, 59.45028569636088, 9.700806857502554, 0.0, 0.7522608773058153, 0.27836324999890893, 0.0, -0.6429112417388527
87.94000000000918, 29.607290311989043, 0.0, 59.457776191890986, 9.703584540002547, 0.0, 0.7458414649714982, 0.27717299999890666, 0.0, -0.6409694918232169
87.95000000000918, 29.704339996182878, 0.0, 59.46520259055865, 9.706350312502536, 0.0, 0.7394415221572359, 0.27598124999890505, 0.0, -0.6390173355450806
87.96000000000919, 29.801417278489208, 0.0, 59.472565087579625, 9.709104160002523, 0.0, 0.7330611529921427, 0.2747879999989028, 0.0, -0.6370547597981933
87.9700000000092, 29.898522039583025, 0.0, 59.47986387921151, 9.711846067502513, 0.0, 0.726700461736506, 0.2735932499989012, 0.0, -0.6350817514763083
87.9800000000092, 29.99565415998934, 0.0, 59.4870991627553, 9.714576020002504, 0.0, 0.7203595527815452, 0.272396999998899, 0.0, -0.6330982974731718
87.9900000000092, 30.09281352008318, 0.0, 59.494271136556506, 9.717294002502495, 0.0, 0.7140385306496455, 0.271199249998897, 0.0, -0.631104384682537
88.00000000000921, 30.190000000089523, 0.0, 59.50138000000658, 9.720000000002486, 0.0, 0.7077374999941881, 0.2699999999988948, 0.0, -0.6290999999981484
88.01000000000921, 30.287213480083334, 0.0, 59.508425953543934, 9.722693997502478, 0.0, 0.7014565655996918, 0.2687992499988928, 0.0, -0.6270851303137679
88.02000000000922, 30.38445383998967, 0.0, 59.51540919865579, 9.725375980002465, 0.0, 0.6951958323816001, 0.2675969999988911, 0.0, -0.6250597625231276
88.03000000000922, 30.481720959583495, 0.0, 59.522329937878965, 9.728045932502459, 0.0, 0.6889554053865865, 0.26639324999888914, 0.0, -0.6230238835199948
88.04000000000923, 30.5790147184898, 0.0, 59.52918837480152, 9.730703840002446, 0.0, 0.6827353897922706, 0.265187999998887, 0.0, -0.6209774801981087
88.05000000000923, 30.676334996183638, 0.0, 59.535984714063886, 9.733349687502434, 0.0, 0.6765358909073527, 0.26398124999888506, 0.0, -0.6189205394512189
88.06000000000924, 30.77368167198997, 0.0, 59.54271916136025, 9.735983460002425, 0.0, 0.6703570141716568, 0.26277299999888293, 0.0, -0.6168530481730876
88.07000000000924, 30.871054625083765, 0.0, 59.549391923439714, 9.738605142502415, 0.0, 0.6641988651560027, 0.26156324999888103, 0.0, -0.6147749932574484
88.08000000000925, 30.968453734490105, 0.0, 59.556003208107995, 9.741214720002407, 0.0, 0.6580615495623263, 0.26035199999887937, 0.0, -0.6126863615980636
88.09000000000925, 31.065878879083904, 0.0, 59.56255322422845, 9.743812177502397, 0.0, 0.6519451732235666, 0.25913924999887705, 0.0, -0.6105871400886791
88.10000000000926, 31.163329937590227, 0.0, 59.56904218172323, 9.74639750000239, 0.0, 0.6458498421037646, 0.25792499999887497, 0.0, -0.6084773156230447
88.11000000000926, 31.26080678858407, 0.0, 59.5754702915749, 9.748970672502377, 0.0, 0.6397756622979642, 0.2567092499988727, 0.0, -0.6063568750949084
88.12000000000927, 31.35830931049039, 0.0, 59.58183776582766, 9.751531680002369, 0.0, 0.6337227400323968, 0.2554919999988706, 0.0, -0.6042258053980234
88.13000000000928, 31.45583738158421, 0.0, 59.58814481758856, 9.754080507502357, 0.0, 0.6276911816642397, 0.25427324999886924, 0.0, -0.6020840934261376
88.14000000000928, 31.553390879990538, 0.0, 59.59439166102891, 9.756617140002348, 0.0, 0.6216810936817865, 0.25305299999886677, 0.0, -0.599931726072997
88.15000000000929, 31.650969683684373, 0.0, 59.60057851138558, 9.759141562502338, 0.0, 0.6156925827044049, 0.25183124999886497, 0.0, -0.5977686902323622
88.16000000000929, 31.748573670490693, 0.0, 59.606705584962214, 9.761653760002325, 0.0, 0.6097257554824438, 0.25060799999886296, 0.0, -0.5955949727979775
88.1700000000093, 31.846202718084506, 0.0, 59.61277309913066, 9.764153717502316, 0.0, 0.6037807188974327, 0.24938324999886075, 0.0, -0.5934105606635907
88.1800000000093, 31.943856703990825, 0.0, 59.61878127233231, 9.766641420002307, 0.0, 0.5978575799618611, 0.24815699999885876, 0.0, -0.5912154407229568
88.1900000000093, 32.041535505584655, 0.0, 59.62473032407914, 9.7691168525023, 0.0, 0.5919564458193491, 0.24692924999885657, 0.0, -0.5890095998698186
88.20000000000931, 32.139239000090974, 0.0, 59.63062047495555, 9.771580000002285, 0.0, 0.5860774237445554, 0.24569999999885506, 0.0, -0.586793024997931
88.21000000000932, 32.236967064584825, 0.0, 59.63645194661902, 9.774030847502278, 0.0, 0.5802206211431482, 0.24446924999885244, 0.0, -0.5845657030010472
88.22000000000932, 32.33471957599112, 0.0, 59.64222496180176, 9.776469380002268, 0.0, 0.5743861455519266, 0.2432369999988505, 0.0, -0.5823276207729098
88.23000000000933, 32.43249641108495, 0.0, 59.6479397443122, 9.778895582502258, 0.0, 0.5685741046387847, 0.2420032499988488, 0.0, -0.5800787652072721
88.24000000000933, 32.53029744649128, 0.0, 59.653596519036086, 9.781309440002246, 0.0, 0.562784606202591, 0.24076799999884646, 0.0, -0.5778191231978855
88.25000000000934, 32.628122558685085, 0.0, 59.65919551193764, 9.783710937502239, 0.0, 0.557017758173366, 0.2395312499988448, 0.0, -0.5755486816385016
88.26000000000934, 32.72597162399142, 0.0, 59.66473695006121, 9.786100060002227, 0.0, 0.5512736686120405, 0.23829299999884246, 0.0, -0.5732674274228646
88.27000000000935, 32.82384451858524, 0.0, 59.67022106153206, 9.788476792502218, 0.0, 0.5455524457107472, 0.23705324999884037, 0.0, -0.5709753474447297
88.28000000000935, 32.92174111849156, 0.0, 59.6756480755586, 9.790841120002204, 0.0, 0.5398541977926641, 0.23581199999883895, 0.0, -0.5686724285978411
88.29000000000936, 33.01966129958539, 0.0, 59.68101822243278, 9.793193027502195, 0.0, 0.5341790333120287, 0.23456924999883644, 0.0, -0.5663586577759556
88.30000000000936, 33.1176049375917, 0.0, 59.686331733531546, 9.795532500002182, 0.0, 0.5285270608540884, 0.2333249999988346, 0.0, -0.5640340218728177
88.31000000000937, 33.21557190808553, 0.0, 59.69158884131886, 9.797859522502176, 0.0, 0.5228983891352144, 0.23207924999883212, 0.0, -0.5616985077821841
88.32000000000937, 33.31356208649185, 0.0, 59.69678977934626, 9.800174080002165, 0.0, 0.5172931270027519, 0.2308319999988303, 0.0, -0.5593521023977974
88.33000000000938, 33.41157534808564, 0.0, 59.70193478225411, 9.802476157502154, 0.0, 0.5117113834352551, 0.2295832499988283, 0.0, -0.5569947926134162
88.34000000000938, 33.509611567991975, 0.0, 59.70702408577381, 9.804765740002145, 0.0, 0.5061532675421887, 0.22833299999882606, 0.0, -0.5546265653227742
88.35000000000939, 33.60767062118581, 0.0, 59.71205792672808, 9.807042812502132, 0.0, 0.5006188885641762, 0.22708124999882406, 0.0, -0.5522474074196388
88.36000000000939, 33.70575238249213, 0.0, 59.717036543032776, 9.809307360002121, 0.0, 0.49510835587282287, 0.22582799999882186, 0.0, -0.5498573057977492
88.3700000000094, 33.80385672658594, 0.0, 59.721960173698136, 9.811559367502111, 0.0, 0.4896217789709638, 0.2245732499988199, 0.0, -0.5474562473508655
88.3800000000094, 33.90198352799228, 0.0, 59.72682905883025, 9.813798820002098, 0.0, 0.48415926749223814, 0.22331699999881816, 0.0, -0.5450442189727269
88.39000000000941, 34.00013266108609, 0.0, 59.73164343963194, 9.816025702502088, 0.0, 0.4787209312016145, 0.22205924999881577, 0.0, -0.5426212075570938
88.40000000000941, 34.09830400009242, 0.0, 59.73640355840453, 9.81824000000208, 0.0, 0.4733068799949294, 0.22079999999881406, 0.0, -0.5401871999977068
88.41000000000942, 34.19649741908625, 0.0, 59.741109658548964, 9.820441697502066, 0.0, 0.4679172238991356, 0.2195392499988117, 0.0, -0.5377421831883193
88.42000000000942, 34.29471279199257, 0.0, 59.74576198456677, 9.822630780002054, 0.0, 0.4625520730723096, 0.21827699999881, 0.0, -0.535286144022681
88.43000000000943, 34.3929499925864, 0.0, 59.75036078206213, 9.824807232502046, 0.0, 0.45721153780355905, 0.21701324999880808, 0.0, -0.5328190693945452
88.44000000000943, 34.49120889449272, 0.0, 59.754906297742764, 9.826971040002032, 0.0, 0.4518957285129872, 0.21574799999880553, 0.0, -0.5303409461976596
88.45000000000944, 34.589489371186524, 0.0, 59.75939877942088, 9.829122187502026, 0.0, 0.44660475575187064, 0.21448124999880366, 0.0, -0.527851761325774
88.46000000000944, 34.68779129599283, 0.0, 59.763838476015025, 9.831260660002014, 0.0, 0.44133873020242476, 0.21321299999880158, 0.0, -0.5253515016726329
88.47000000000945, 34.78611454208666, 0.0, 59.76822563755164, 9.833386442502004, 0.0, 0.436097762678024, 0.2119432499987993, 0.0, -0.5228401541320018
88.48000000000945, 34.88445898249298, 0.0, 59.77256051516514, 9.83549952000199, 0.0, 0.43088196412310253, 0.21067199999879768, 0.0, -0.5203177055976109
88.49000000000946, 34.98282449008679, 0.0, 59.77684336110087, 9.83759987750198, 0.0, 0.4256914456130616, 0.20939924999879542, 0.0, -0.5177841429632242
88.50000000000946, 35.08121093759312, 0.0, 59.781074428715016, 9.839687500001967, 0.0, 0.42052631835446874, 0.2081249999987934, 0.0, -0.5152394531225859
88.51000000000947, 35.179618197586954, 0.0, 59.78525397247665, 9.84176237250196, 0.0, 0.4153866936850079, 0.2068492499987907, 0.0, -0.5126836229694529
88.52000000000947, 35.278046142493274, 0.0, 59.78938224796889, 9.843824480001947, 0.0, 0.4102726830731598, 0.20557199999878914, 0.0, -0.5101166393975642
88.53000000000948, 35.376494644587076, 0.0, 59.79345951189026, 9.845873807501935, 0.0, 0.4051843981187915, 0.20429324999878737, 0.0, -0.5075384893006767
88.54000000000948, 35.47496357599338, 0.0, 59.79748602205589, 9.847910340001926, 0.0, 0.40012195055261657, 0.20301299999878494, 0.0, -0.5049491595725399
88.55000000000949, 35.57345280868723, 0.0, 59.80146203739886, 9.849934062501914, 0.0, 0.39508545223644376, 0.2017312499987832, 0.0, -0.5023486371069037
88.5600000000095, 35.67196221449354, 0.0, 59.80538781797151, 9.851944960001903, 0.0, 0.39007501516324794, 0.20044799999878035, 0.0, -0.4997369087975141
88.5700000000095, 35.77049166508737, 0.0, 59.80926362494668, 9.853943017501889, 0.0, 0.38509075145698546, 0.19916324999877863, 0.0, -0.4971139615381297
88.5800000000095, 35.86904103199368, 0.0, 59.813089720619246, 9.855928220001884, 0.0, 0.38013277337267937, 0.1978769999987767, 0.0, -0.4944797822224931
88.59000000000951, 35.96761018658747, 0.0, 59.81686636840732, 9.857900552501873, 0.0, 0.37520119329641943, 0.1965892499987741, 0.0, -0.4918343577443576
88.60000000000952, 36.066199000093825, 0.0, 59.820593832853746, 9.859860000001861, 0.0, 0.37029612374536214, 0.1952999999987722, 0.0, -0.4891776749974692
88.61000000000952, 36.16480734358765, 0.0, 59.82427237962631, 9.861806547501848, 0.0, 0.36541767736770225, 0.1940092499987701, 0.0, -0.4865097208755813
88.62000000000953, 36.26343508799395, 0.0, 59.82790227552081, 9.863740180001832, 0.0, 0.3605659669427581, 0.1927169999987682, 0.0, -0.4838304822724453
88.63000000000953, 36.362082104087754, 0.0, 59.83148378846121, 9.865660882501826, 0.0, 0.3557411053808863, 0.19142324999876612, 0.0, -0.4811399460818073
88.64000000000954, 36.46074826249407, 0.0, 59.83501718750145, 9.867568640001815, 0.0, 0.3509432057234676, 0.1901279999987638, 0.0, -0.4784380991974224
88.65000000000954, 36.55943343368792, 0.0, 59.838502742825995, 9.869463437501802, 0.0, 0.3461723811429209, 0.1888312499987622, 0.0, -0.47572492851303494
88.66000000000955, 36.65813748799422, 0.0, 59.84194072575221, 9.871345260001787, 0.0, 0.3414287449428741, 0.18753299999875991, 0.0, -0.4730004209223946
88.67000000000955, 36.75686029558805, 0.0, 59.84533140873094, 9.873214092501781, 0.0, 0.33671241055785117, 0.18623324999875743, 0.0, -0.4702645633192599
88.68000000000956, 36.85560172649436, 0.0, 59.848675065348004, 9.875069920001769, 0.0, 0.33202349155354227, 0.18493199999875562, 0.0, -0.46751734259737177
88.69000000000956, 36.95436165058819, 0.0, 59.85197197032542, 9.87691272750176, 0.0, 0.3273621016266617, 0.18362924999875316, 0.0, -0.46475874565048514
88.70000000000957, 37.05313993759449, 0.0, 59.855222399523456, 9.878742500001744, 0.0, 0.32272835460496196, 0.18232499999875182, 0.0, -0.46198875937234796
88.71000000000957, 37.15193645708832, 0.0, 59.85842662994051, 9.880559222501732, 0.0, 0.31812236444731923, 0.18101924999874938, 0.0, -0.45920737065670814
88.72000000000958, 37.25075107849465, 0.0, 59.861584939715584, 9.88236288000172, 0.0, 0.31354424524363367, 0.17971199999874718, 0.0, -0.4564145663973207
88.73000000000958, 37.34958367108846, 0.0, 59.86469760812926, 9.884153457501709, 0.0, 0.308994111214858, 0.17840324999874566, 0.0, -0.4536103334879318
88.74000000000959, 37.44843410399478, 0.0, 59.86776491560494, 9.885930940001701, 0.0, 0.3044720767130542, 0.17709299999874303, 0.0, -0.4507946588222982
88.75000000000959, 37.5473022461886, 0.0, 59.87078714371023, 9.887695312501682, 0.0, 0.29997825622128005, 0.1757812499987411, 0.0, -0.4479675292941607
88.7600000000096, 37.6461879664949, 0.0, 59.873764575158134, 9.889446560001675, 0.0, 0.295512764353731, 0.17446799999873894, 0.0, -0.44512893179727087
88.7700000000096, 37.74509113358871, 0.0, 59.87669749380845, 9.89118466750166, 0.0, 0.2910757158555839, 0.17315324999873702, 0.0, -0.44227885322538185
88.78000000000961, 37.844011615995036, 0.0, 59.879586184669364, 9.892909620001651, 0.0, 0.2866672256031535, 0.1718369999987349, 0.0, -0.43941728047224693
88.79000000000961, 37.942949282088854, 0.0, 59.88243093389801, 9.89462140250164, 0.0, 0.28228740860376433, 0.17051924999873255, 0.0, -0.4365442004316069
88.80000000000962, 38.041904000095165, 0.0, 59.885232028802704, 9.896320000001628, 0.0, 0.2779363799958361, 0.16919999999873045, 0.0, -0.43365959999722037
88.81000000000962, 38.14087563808898, 0.0, 59.88798975784351, 9.898005397501619, 0.0, 0.27361425504881254, 0.16787924999872814, 0.0, -0.430763466062837
88.82000000000963, 38.23986406399532, 0.0, 59.89070441063399, 9.899677580001603, 0.0, 0.2693211491632468, 0.16655699999872606, 0.0, -0.42785578552219405
88.83000000000963, 38.33886914558912, 0.0, 59.893376277942025, 9.901336532501597, 0.0, 0.26505717787075866, 0.1652332499987242, 0.0, -0.42493654526906255
88.84000000000964, 38.43789075049545, 0.0, 59.896005651692235, 9.90298224000158, 0.0, 0.260822456833921, 0.16390799999872172, 0.0, -0.42200573219717263
88.85000000000964, 38.536928746189254, 0.0, 59.89859282496559, 9.904614687501569, 0.0, 0.25661710184652975, 0.1625812499987199, 0.0, -0.41906333320028466
88.86000000000965, 38.63598299999557, 0.0, 59.90113809200233, 9.906233860001555, 0.0, 0.25244122883334796, 0.16125299999871742, 0.0, -0.41610933517214477
88.87000000000965, 38.7350533790894, 0.0, 59.90364174820229, 9.907839742501546, 0.0, 0.2482949538502197, 0.15992324999871563, 0.0, -0.413143725006508
88.88000000000966, 38.83413975049569, 0.0, 59.90610409012669, 9.909432320001534, 0.0, 0.24417839308405576, 0.15859199999871362, 0.0, -0.41016648959712043
88.89000000000966, 38.933241981089516, 0.0, 59.90852541549907, 9.91101157750152, 0.0, 0.24009166285280514, 0.15725924999871096, 0.0, -0.4071776158377354
88.90000000000967, 39.032359937595835, 0.0, 59.91090602320702, 9.912577500001506, 0.0, 0.23603487960546943, 0.1559249999987094, 0.0, -0.4041770906220936
88.91000000000967, 39.131493486589655, 0.0, 59.913246213303125, 9.914130072501498, 0.0, 0.23200815992221635, 0.15458924999870677, 0.0, -0.40116490084395906
88.92000000000968, 39.23064249449599, 0.0, 59.91554628700641, 9.915669280001483, 0.0, 0.22801162051413826, 0.1532519999987048, 0.0, -0.3981410333970672
88.93000000000968, 39.329806827589785, 0.0, 59.91780654670379, 9.917195107501469, 0.0, 0.2240453782235221, 0.1519132499987031, 0.0, -0.39510547517518013
88.94000000000969, 39.42898635199611, 0.0, 59.920027295951115, 9.918707540001458, 0.0, 0.22010955002356525, 0.15057299999870072, 0.0, -0.3920582130720405
88.9500000000097, 39.52818093368992, 0.0, 59.92220883947488, 9.920206562501443, 0.0, 0.21620425301867385, 0.14923124999869858, 0.0, -0.38899923398140324
88.9600000000097, 39.62739043849623, 0.0, 59.924351483172984, 9.921692160001433, 0.0, 0.21232960444424975, 0.14788799999869623, 0.0, -0.38592852479701634
88.9700000000097, 39.72661473209005, 0.0, 59.92645553411643, 9.923164317501422, 0.0, 0.20848572166674728, 0.14654324999869411, 0.0, -0.3828460724126277
88.98000000000971, 39.825853679996364, 0.0, 59.92852130055053, 9.92462302000141, 0.0, 0.20467272218368748, 0.14519699999869223, 0.0, -0.37975186372199055
88.99000000000972, 39.925107147590175, 0.0, 59.93054909189647, 9.9260682525014, 0.0, 0.20089072362367233, 0.1438492499986897, 0.0, -0.3766458856188546
89.00000000000972, 40.024375000096505, 0.0, 59.93253921875214, 9.927500000001386, 0.0, 0.1971398437463563, 0.14249999999868784, 0.0, -0.3735281249969642
89.01000000000973, 40.12365710259031, 0.0, 59.934491992893356, 9.92891824750137, 0.0, 0.19342020044248898, 0.14114924999868533, 0.0, -0.3703985687500744
89.02000000000973, 40.22295331999661, 0.0, 59.93640772727605, 9.930322980001362, 0.0, 0.18973191173378723, 0.13979699999868306, 0.0, -0.36725720377194015
89.03000000000974, 40.32226351709043, 0.0, 59.93828673603707, 9.93171418250135, 0.0, 0.1860750957731625, 0.13844324999868146, 0.0, -0.3641040169562988
89.04000000000974, 40.42158755849672, 0.0, 59.94012933449494, 9.933091840001337, 0.0, 0.1824498708445077, 0.13708799999867877, 0.0, -0.36093899519691597
89.05000000000975, 40.52092530869056, 0.0, 59.941935839152165, 9.934455937501324, 0.0, 0.1788563553627256, 0.13573124999867675, 0.0, -0.3577621253875254
89.06000000000975, 40.62027663199688, 0.0, 59.94370656769553, 9.935806460001308, 0.0, 0.17529466787391357, 0.13437299999867497, 0.0, -0.3545733944218856
89.07000000000976, 40.719641392590695, 0.0, 59.94544183899859, 9.937143392501296, 0.0, 0.17176492705513624, 0.13301324999867253, 0.0, -0.35137278919374815
89.08000000000976, 40.81901945449702, 0.0, 59.94714197312163, 9.938466720001285, 0.0, 0.168267251714596, 0.13165199999867033, 0.0, -0.3481602965968591
89.09000000000977, 40.91841068159079, 0.0, 59.9488072913141, 9.93977642750127, 0.0, 0.1648017607914909, 0.13028924999866837, 0.0, -0.3449359035249717
89.10000000000977, 41.01781493759713, 0.0, 59.950438116015675, 9.94107250000126, 0.0, 0.16136857335604304, 0.1289249999986662, 0.0, -0.3416995968718375
89.11000000000978, 41.117232086090944, 0.0, 59.95203477085687, 9.94235492250125, 0.0, 0.1579678086096692, 0.1275592499986638, 0.0, -0.3384513635311954
89.12000000000978, 41.21666199049725, 0.0, 59.95359758066127, 9.943623680001233, 0.0, 0.1545995858847391, 0.12619199999866165, 0.0, -0.3351911903968059
89.13000000000979, 41.31610451409109, 0.0, 59.95512687144634, 9.944878757501224, 0.0, 0.15126402464471767, 0.12482324999865974, 0.0, -0.3319190643624168
89.14000000000979, 41.415559519997366, 0.0, 59.956622970424405, 9.946120140001211, 0.0, 0.14796124448417913, 0.12345299999865716, 0.0, -0.3286349723217814
89.1500000000098, 41.5150268711912, 0.0, 59.958086206005134, 9.947347812501194, 0.0, 0.14469136512865077, 0.12208124999865527, 0.0, -0.32533890116864406
89.1600000000098, 41.61450643049751, 0.0, 59.95951690779583, 9.948561760001182, 0.0, 0.14145450643485447, 0.12070799999865317, 0.0, -0.3220308377967491
89.17000000000981, 41.713998060591315, 0.0, 59.96091540660274, 9.94976196750117, 0.0, 0.13825078839047933, 0.11933324999865086, 0.0, -0.3187107690998676
89.18000000000981, 41.813501623997645, 0.0, 59.96228203443292, 9.950948420001156, 0.0, 0.13508033111425277, 0.11795699999864923, 0.0, -0.31537868197172614
89.19000000000982, 41.91301698309143, 0.0, 59.9636171244951, 9.952121102501147, 0.0, 0.13194325485618208, 0.1165792499986465, 0.0, -0.3120345633060886
89.20000000000982, 42.012544000097755, 0.0, 59.96492101120151, 9.953280000001135, 0.0, 0.12883967999697177, 0.11519999999864444, 0.0, -0.3086783999967011
89.21000000000983, 42.11208253709159, 0.0, 59.9661940301682, 9.954425097501117, 0.0, 0.1257697270486915, 0.11381924999864218, 0.0, -0.30531017893730805
89.22000000000983, 42.21163245599788, 0.0, 59.967436518217596, 9.955556380001104, 0.0, 0.12273351665440657, 0.11243699999864015, 0.0, -0.30192988702167156
89.23000000000984, 42.31119361859168, 0.0, 59.96864881337888, 9.956673832501094, 0.0, 0.11973116958814956, 0.11105324999863792, 0.0, -0.2985375111435342
89.24000000000984, 42.410765886498005, 0.0, 59.96983125489004, 9.95777744000108, 0.0, 0.11676280675507655, 0.10966799999863591, 0.0, -0.29513303819664216
89.25000000000985, 42.510349121191815, 0.0, 59.970984183198254, 9.958867187501069, 0.0, 0.11382854919146723, 0.10828124999863369, 0.0, -0.29171645507475574
89.26000000000985, 42.60994318399813, 0.0, 59.97210793996197, 9.959943060001054, 0.0, 0.11092851806452586, 0.10689299999863082, 0.0, -0.2882877486716158
89.27000000000986, 42.70954793609193, 0.0, 59.97320286805194, 9.961005042501041, 0.0, 0.10806283467267974, 0.10550324999862908, 0.0, -0.2848469058809773
89.28000000000986, 42.80916323849822, 0.0, 59.974269311552575, 9.962053120001029, 0.0, 0.10523162044522394, 0.10411199999862712, 0.0, -0.28139391359658816
89.29000000000987, 42.90878895209206, 0.0, 59.9753076157632, 9.963087277501016, 0.0, 0.10243499694271918, 0.10271924999862451, 0.0, -0.2779287587121999
89.30000000000987, 43.008424937598384, 0.0, 59.976318127199534, 9.964107500001, 0.0, 0.09967308585666501, 0.10132499999862259, 0.0, -0.2744514281215622
89.31000000000988, 43.1080710555922, 0.0, 59.97730119359454, 9.965113772500986, 0.0, 0.09694600900965611, 0.09992924999862, 0.0, -0.27096190871842474
89.32000000000988, 43.20772716649849, 0.0, 59.978257163900366, 9.966106080000971, 0.0, 0.09425388835536808, 0.09853199999861854, 0.0, -0.2674601873965301
89.33000000000989, 43.30739313059231, 0.0, 59.97918638828918, 9.96708440750096, 0.0, 0.09159684597845796, 0.09713324999861643, 0.0, -0.263946251049644
89.3400000000099, 43.407068807998606, 0.0, 59.98008921815489, 9.968048740000947, 0.0, 0.08897500409479164, 0.09573299999861366, 0.0, -0.2604200865715054
89.3500000000099, 43.50675405869243, 0.0, 59.98096600611399, 9.968999062500933, 0.0, 0.08638848505115959, 0.09433124999861202, 0.0, -0.25688168085586405
89.3600000000099, 43.606448742498735, 0.0, 59.981817106006986, 9.969935360000923, 0.0, 0.08383741132550426, 0.09292799999860928, 0.0, -0.2533310207964803
89.37000000000991, 43.70615271909252, 0.0, 59.982642872900044, 9.97085761750091, 0.0, 0.08132190552674956, 0.09152324999860721, 0.0, -0.24976809328708782
89.38000000000991, 43.80586584799884, 0.0, 59.98344366308635, 9.971765820000892, 0.0, 0.07884209039494294, 0.09011699999860538, 0.0, -0.24619288522145055
89.39000000000992, 43.905587988592664, 0.0, 59.98421983408639, 9.972659952500878, 0.0, 0.07639808880118437, 0.0887092499986029, 0.0, -0.24260538349331107
89.40000000000992, 44.005319000098986, 0.0, 59.98497174465086, 9.973540000000865, 0.0, 0.07399002374764052, 0.08729999999860065, 0.0, -0.23900557499642083
89.41000000000993, 44.10505874159279, 0.0, 59.98569975476045, 9.974405947500854, 0.0, 0.07161801836748793, 0.08588924999859819, 0.0, -0.23539344662453132
89.42000000000994, 44.20480707199906, 0.0, 59.98640422562789, 9.975257780000844, 0.0, 0.06928219592509777, 0.08447699999859597, 0.0, -0.23176898527139578
89.43000000000994, 44.3045638500929, 0.0, 59.98708551969986, 9.976095482500826, 0.0, 0.06698267981568051, 0.08306324999859442, 0.0, -0.22813217783075146
89.44000000000995, 44.4043289344992, 0.0, 59.98774400065713, 9.97691904000081, 0.0, 0.06471959356576917, 0.08164799999859133, 0.0, -0.22448301119636938
89.45000000000995, 44.504102183693014, 0.0, 59.98838003341626, 9.977728437500796, 0.0, 0.06249306083276451, 0.08023124999858981, 0.0, -0.2208214722619779
89.46000000000996, 44.60388345599933, 0.0, 59.988993984131355, 9.978523660000784, 0.0, 0.06030320540520506, 0.07881299999858675, 0.0, -0.21714754792133917
89.47000000000996, 44.70367260959312, 0.0, 59.98958622019512, 9.979304692500774, 0.0, 0.0581501512027387, 0.0773932499985848, 0.0, -0.2134612250682011
89.48000000000997, 44.803469502499446, 0.0, 59.99015711023975, 9.980071520000758, 0.0, 0.05603402227589527, 0.07597199999858265, 0.0, -0.20976249059630447
89.49000000000997, 44.90327399259328, 0.0, 59.990707024138885, 9.980824127500744, 0.0, 0.05395494280652713, 0.07454924999858029, 0.0, -0.2060513313994221
89.50000000000998, 45.00308593759957, 0.0, 59.99123633300843, 9.981562500000726, 0.0, 0.05191303710734019, 0.0731249999985786, 0.0, -0.20232773437127705
89.51000000000998, 45.10290519509339, 0.0, 59.991745409208306, 9.982286622500714, 0.0, 0.04990842962222075, 0.07169924999857583, 0.0, -0.19859168640564206
89.52000000000999, 45.20273162249969, 0.0, 59.992234626343475, 9.982996480000702, 0.0, 0.047941244926036575, 0.07027199999857373, 0.0, -0.19484317439624732
89.53000000000999, 45.30256507709351, 0.0, 59.9927043592653, 9.983692057500688, 0.0, 0.04601160772479318, 0.06884324999857186, 0.0, -0.1910821852368585
89.54000000001, 45.4024054159998, 0.0, 59.993154984072476, 9.984373340000674, 0.0, 0.04411964285552017, 0.06741299999856934, 0.0, -0.1873087058212235
89.55000000001, 45.502252496193584, 0.0, 59.99358687811326, 9.985040312500663, 0.0, 0.042265475286257015, 0.06598124999856705, 0.0, -0.18352272304308315
89.56000000001, 45.6021061744999, 0.0, 59.99400041998621, 9.985692960000646, 0.0, 0.04044923011620938, 0.064547999998565, 0.0, -0.17972422379619246
89.57000000001001, 45.70196630759373, 0.0, 59.99439598954086, 9.986331267500633, 0.0, 0.03867103257559279, 0.06311324999856274, 0.0, -0.1759131949743029
89.58000000001002, 45.80183275200002, 0.0, 59.99477396788086, 9.986955220000619, 0.0, 0.03693100802567528, 0.061676999998560716, 0.0, -0.1720896234711624
89.59000000001002, 45.90170536409382, 0.0, 59.99513473736306, 9.987564802500605, 0.0, 0.0352292819587916, 0.060239249998558037, 0.0, -0.16825349618052599
89.60000000001003, 46.001584000100145, 0.0, 59.99547868160033, 9.988160000000589, 0.0, 0.03356597999837163, 0.05879999999855648, 0.0, -0.16440479999613444
89.61000000001003, 46.10146851609395, 0.0, 59.99580618546264, 9.988740797500574, 0.0, 0.03194122789886933, 0.057359249998553824, 0.0, -0.1605435218117499
89.62000000001004, 46.201358768000254, 0.0, 59.996117635077496, 9.989307180000557, 0.0, 0.03035515154581958, 0.05591699999855185, 0.0, -0.15666964852110254
89.63000000001004, 46.30125461159407, 0.0, 59.996413417832684, 9.98985913250055, 0.0, 0.028807876955795564, 0.05447324999854921, 0.0, -0.15278316701796868
89.64000000001005, 46.40115590250037, 0.0, 59.99669392237627, 9.990396640000531, 0.0, 0.02729953027650822, 0.053027999998546814, 0.0, -0.14888406419607847
89.65000000001005, 46.50106249619416, 0.0, 59.99695953861868, 9.990919687500517, 0.0, 0.025830237786635735, 0.051581249998545096, 0.0, -0.14497232694918694
89.66000000001006, 46.600974248000476, 0.0, 59.997210657734115, 9.991428260000502, 0.0, 0.02440012589595142, 0.05013299999854228, 0.0, -0.1410479421710491
89.67000000001006, 46.7008910130943, 0.0, 59.99744767216049, 9.991922342500489, 0.0, 0.023009321145337935, 0.048683249998540144, 0.0, -0.13711089675540933
89.68000000001007, 46.80081264650057, 0.0, 59.997670975603, 9.992401920000477, 0.0, 0.021657950206687815, 0.04723199999853824, 0.0, -0.13316117759601553
89.69000000001007, 46.900739003094394, 0.0, 59.99788096303337, 9.992866977500464, 0.0, 0.02034613988291767, 0.045779249998535686, 0.0, -0.12919877158662985
89.70000000001008, 47.0006699376007, 0.0, 59.99807803069234, 9.993317500000446, 0.0, 0.019074017108096086, 0.04432499999853381, 0.0, -0.12522366562098952
89.71000000001008, 47.1006053045945, 0.0, 59.99826257609084, 9.993753472500432, 0.0, 0.01784170894734416, 0.04286924999853128, 0.0, -0.12123584659284603
89.72000000001009, 47.20054495850081, 0.0, 59.99843499801068, 9.994174880000417, 0.0, 0.01664934259682127, 0.04141199999852898, 0.0, -0.1172353013959615
89.7300000000101, 47.30048875359463, 0.0, 59.9985956965067, 9.994581707500403, 0.0, 0.015497045383696673, 0.03995324999852692, 0.0, -0.11322201692406964
89.7400000000101, 47.40043654400093, 0.0, 59.99874507290707, 9.99497394000039, 0.0, 0.014384944766248964, 0.03849299999852464, 0.0, -0.10919598007092901
89.7500000000101, 47.50038818369473, 0.0, 59.998883529815885, 9.995351562500373, 0.0, 0.01331316833389451, 0.037031249998522156, 0.0, -0.10515717773028754
89.76000000001011, 47.60034352650103, 0.0, 59.99901147111342, 9.99571456000036, 0.0, 0.01228184380698849, 0.03556799999851991, 0.0, -0.10110559679590025
89.77000000001011, 47.700302426094844, 0.0, 59.999129301957964, 9.996062917500344, 0.0, 0.011291099036981223, 0.03410324999851745, 0.0, -0.09704122416151151
89.78000000001012, 47.80026473600116, 0.0, 59.99923742878667, 9.996396620000331, 0.0, 0.010341062006446577, 0.03263699999851567, 0.0, -0.09296404672086922
89.79000000001012, 47.90023030959495, 0.0, 59.99933625931743, 9.996715652500315, 0.0, 0.009431860828954086, 0.03116924999851324, 0.0, -0.08887405136772841
89.80000000001013, 48.000199000101254, 0.0, 59.99942620255007, 9.9970200000003, 0.0, 0.008563623749139992, 0.029699999998511042, 0.0, -0.084771224995837
89.81000000001013, 48.10017066059509, 0.0, 59.999507668767365, 9.997309647500286, 0.0, 0.007736479142764097, 0.02822924999850819, 0.0, -0.08065555449895001
89.82000000001014, 48.20014514400136, 0.0, 59.99958106953625, 9.997584580000273, 0.0, 0.0069505555166102795, 0.026756999998506458, 0.0, -0.07652702677080825
89.83000000001014, 48.30012230309516, 0.0, 59.99964681770962, 9.997844782500257, 0.0, 0.006205981508486502, 0.025283249998504075, 0.0, -0.07238562870517029
89.84000000001015, 48.400101990501476, 0.0, 59.99970532742776, 9.998090240000243, 0.0, 0.0055028858873242825, 0.023807999998501483, 0.0, -0.0682313471957734
89.85000000001016, 48.50008405869527, 0.0, 59.99975701411853, 9.99832093750023, 0.0, 0.004841397553065008, 0.02233124999849957, 0.0, -0.06406416913639035
89.86000000001016, 48.600068360001565, 0.0, 59.99980229449966, 9.998536860000216, 0.0, 0.004221645536802043, 0.020852999998497, 0.0, -0.0598840814207513
89.87000000001017, 48.70005474659536, 0.0, 59.999841586580715, 9.998737992500194, 0.0, 0.0036437590005249376, 0.019373249998495108, 0.0, -0.05569107094260772
89.88000000001017, 48.800043070501665, 0.0, 59.99987530966234, 9.998924320000183, 0.0, 0.003107867237488904, 0.017891999998492565, 0.0, -0.05148512459571819
89.89000000001018, 48.900033183595475, 0.0, 59.99990388433952, 9.999095827500165, 0.0, 0.002614099671859549, 0.016409249998490257, 0.0, -0.047266229273827065
89.90000000001018, 49.00002493760177, 0.0, 59.99992773250165, 9.999252500000152, 0.0, 0.002162585858940247, 0.014924999998488182, 0.0, -0.04303437187068582
89.91000000001019, 49.100018184095596, 0.0, 59.99994727733474, 9.99939432250014, 0.0, 0.0017534554850726636, 0.013439249998485453, 0.0, -0.038789539280045915
89.92000000001019, 49.20001277450188, 0.0, 59.99996294332226, 9.999521280000126, 0.0, 0.0013868383676509666, 0.011951999998483403, 0.0, -0.034531718395655275
89.9300000000102, 49.3000085600957, 0.0, 59.99997515624608, 9.999633357500107, 0.0, 0.0010628644551644584, 0.010463249998481144, 0.0, -0.030260896111261815
89.9400000000102, 49.400005392001994, 0.0, 59.99998434318894, 9.999730540000089, 0.0, 0.0007816638270981002, 0.008972999998479118, 0.0, -0.025977059320620555
89.9500000000102, 49.500003121195796, 0.0, 59.99999093253422, 9.999812812500076, 0.0, 0.0005433666941030424, 0.007481249998476883, 0.0, -0.021680194917482964
89.96000000001021, 49.6000015985021, 0.0, 59.999995353968814, 9.999880160000062, 0.0, 0.00034810339784030475, 0.005987999998473994, 0.0, -0.01737028979559696
89.97000000001022, 49.700000674595906, 0.0, 59.999998038483284, 9.999932567500045, 0.0, 0.00019600441096656596, 0.004493249998472228, 0.0, -0.013047330848703353
89.98000000001022, 49.80000020000222, 0.0, 59.99999941837359, 9.999970020000033, 0.0, 8.720033729048282e-05, 0.0029969999984698083, 0.0, -0.008711304970560718
89.99000000001023, 49.90000002509603, 0.0, 59.999999927242186, 9.999992502500016, 0.0, 2.182191165900349e-05, 0.0014992499984671788, 0.0, -0.004362199054920524
90.00000000001023, 50.00000000010232, 0.0, 60.0, 10.0, 0.0, 0.0, 0.0, 0.0, 0.0
90.01000000001024, 50.10000000010237, 0.0, 60.0, 10.0, 0.0, 0.0, 0.0, 0.0, 0.0
90.02000000001024, 50.20000000010242, 0.0, 60.0, 10.0, 0.0, 0.0, 0.0, 0.0, 0.0
90.03000000001025, 50.30000000010247, 0.0, 60.0, 10.0, 0.0, 0.0, 0.0, 0.0, 0.0
90.04000000001025, 50.40000000010252, 0.0, 60.0, 10.0, 0.0, 0.0, 0.0, 0.0, 0.0
90.05000000001026, 50.500000000102574, 0.0, 60.0, 10.0, 0.0, 0.0, 0.0, 0.0, 0.0
90.06000000001026, 50.600000000102625, 0.0, 60.0, 10.0, 0.0, 0.0, 0.0, 0.0, 0.0
90.07000000001027, 50.700000000102676, 0.0, 60.0, 10.0, 0.0, 0.0, 0.0, 0.0, 0.0
90.08000000001027, 50.80000000010273, 0.0, 60.0, 10.0, 0.0, 0.0, 0.0, 0.0, 0.0
90.09000000001028, 50.90000000010278, 0.0, 60.0, 10.0, 0.0, 0.0, 0.0, 0.0, 0.0
90.10000000001028, 51.00000000010283, 0.0, 60.0, 10.0, 0.0, 0.0, 0.0, 0.0, 0.0
90.11000000001029, 51.10000000010288, 0.0, 60.0, 10.0, 0.0, 0.0, 0.0, 0.0, 0.0
90.1200000000103, 51.20000000010293, 0.0, 60.0, 10.0, 0.0, 0.0, 0.0, 0.0, 0.0
90.1300000000103, 51.30000000010298, 0.0, 60.0, 10.0, 0.0, 0.0, 0.0, 0.0, 0.0
90.1400000000103, 51.400000000103034, 0.0, 60.0, 10.0, 0.0, 0.0, 0.0, 0.0, 0.0
90.15000000001031, 51.500000000103086, 0.0, 60.0, 10.0, 0.0, 0.0, 0.0, 0.0, 0.0
90.16000000001031, 51.60000000010314, 0.0, 60.0, 10.0, 0.0, 0.0, 0.0, 0.0, 0.0
90.17000000001032, 51.70000000010319, 0.0, 60.0, 10.0, 0.0, 0.0, 0.0, 0.0, 0.0
90.18000000001032, 51.80000000010324, 0.0, 60.0, 10.0, 0.0, 0.0, 0.0, 0.0, 0.0
90.19000000001033, 51.90000000010329, 0.0, 60.0, 10.0, 0.0, 0.0, 0.0, 0.0, 0.0
90.20000000001033, 52.00000000010334, 0.0, 60.0, 10.0, 0.0, 0.0, 0.0, 0.0, 0.0
90.21000000001034, 52.10000000010339, 0.0, 60.0, 10.0, 0.0, 0.0, 0.0, 0.0, 0.0
90.22000000001034, 52.200000000103444, 0.0, 60.0, 10.0, 0.0, 0.0, 0.0, 0.0, 0.0
90.23000000001035, 52.300000000103495, 0.0, 60.0, 10.0, 0.0, 0.0, 0.0, 0.0, 0.0
90.24000000001035, 52.400000000103546, 0.0, 60.0, 10.0, 0.0, 0.0, 0.0, 0.0, 0.0
90.25000000001036, 52.5000000001036, 0.0, 60.0, 10.0, 0.0, 0.0, 0.0, 0.0, 0.0
90.26000000001036, 52.60000000010365, 0.0, 60.0, 10.0, 0.0, 0.0, 0.0, 0.0, 0.0
90.27000000001037, 52.7000000001037, 0.0, 60.0, 10.0, 0.0, 0.0, 0.0, 0.0, 0.0
90.28000000001038, 52.80000000010375, 0.0, 60.0, 10.0, 0.0, 0.0, 0.0, 0.0, 0.0
90.29000000001038, 52.9000000001038, 0.0, 60.0, 10.0, 0.0, 0.0, 0.0, 0.0, 0.0
90.30000000001039, 53.00000000010385, 0.0, 60.0, 10.0, 0.0, 0.0, 0.0, 0.0, 0.0
90.31000000001039, 53.100000000103904, 0.0, 60.0, 10.0, 0.0, 0.0, 0.0, 0.0, 0.0
90.3200000000104, 53.200000000103955, 0.0, 60.0, 10.0, 0.0, 0.0, 0.0, 0.0, 0.0
90.3300000000104, 53.300000000104006, 0.0, 60.0, 10.0, 0.0, 0.0, 0.0, 0.0, 0.0
90.3400000000104, 53.40000000010406, 0.0, 60.0, 10.0, 0.0, 0.0, 0.0, 0.0, 0.0
90.35000000001041, 53.50000000010411, 0.0, 60.0, 10.0, 0.0, 0.0, 0.0, 0.0, 0.0
90.36000000001042, 53.60000000010416, 0.0, 60.0, 10.0, 0.0, 0.0, 0.0, 0.0, 0.0
90.37000000001042, 53.70000000010421, 0.0, 60.0, 10.0, 0.0, 0.0, 0.0, 0.0, 0.0
90.38000000001043, 53.80000000010426, 0.0, 60.0, 10.0, 0.0, 0.0, 0.0, 0.0, 0.0
90.39000000001043, 53.90000000010431, 0.0, 60.0, 10.0, 0.0, 0.0, 0.0, 0.0, 0.0
90.40000000001044, 54.000000000104365, 0.0, 60.0, 10.0, 0.0, 0.0, 0.0, 0.0, 0.0
90.41000000001044, 54.100000000104416, 0.0, 60.0, 10.0, 0.0, 0.0, 0.0, 0.0, 0.0
90.42000000001045, 54.20000000010447, 0.0, 60.0, 10.0, 0.0, 0.0, 0.0, 0.0, 0.0
90.43000000001045, 54.30000000010452, 0.0, 60.0, 10.0, 0.0, 0.0, 0.0, 0.0, 0.0
90.44000000001046, 54.40000000010457, 0.0, 60.0, 10.0, 0.0, 0.0, 0.0, 0.0, 0.0
90.45000000001046, 54.50000000010462, 0.0, 60.0, 10.0, 0.0, 0.0, 0.0, 0.0, 0.0
90.46000000001047, 54.60000000010467, 0.0, 60.0, 10.0, 0.0, 0.0, 0.0, 0.0, 0.0
90.47000000001047, 54.70000000010472, 0.0, 60.0, 10.0, 0.0, 0.0, 0.0, 0.0, 0.0
90.48000000001048, 54.800000000104774, 0.0, 60.0, 10.0, 0.0, 0.0, 0.0, 0.0, 0.0
90.49000000001048, 54.900000000104825, 0.0, 60.0, 10.0, 0.0, 0.0, 0.0, 0.0, 0.0
90.50000000001049, 55.000000000104876, 0.0, 60.0, 10.0, 0.0, 0.0, 0.0, 0.0, 0.0
90.51000000001049, 55.10000000010493, 0.0, 60.0, 10.0, 0.0, 0.0, 0.0, 0.0, 0.0
90.5200000000105, 55.20000000010498, 0.0, 60.0, 10.0, 0.0, 0.0, 0.0, 0.0, 0.0
90.5300000000105, 55.30000000010503, 0.0, 60.0, 10.0, 0.0, 0.0, 0.0, 0.0, 0.0
90.54000000001051, 55.40000000010508, 0.0, 60.0, 10.0, 0.0, 0.0, 0.0, 0.0, 0.0
90.55000000001051, 55.50000000010513, 0.0, 60.0, 10.0, 0.0, 0.0, 0.0, 0.0, 0.0
90.56000000001052, 55.60000000010518, 0.0, 60.0, 10.0, 0.0, 0.0, 0.0, 0.0, 0.0
90.57000000001052, 55.700000000105234, 0.0, 60.0, 10.0, 0.0, 0.0, 0.0, 0.0, 0.0
90.58000000001053, 55.800000000105285, 0.0, 60.0, 10.0, 0.0, 0.0, 0.0, 0.0, 0.0
90.59000000001053, 55.90000000010534, 0.0, 60.0, 10.0, 0.0, 0.0, 0.0, 0.0, 0.0
90.60000000001054, 56.00000000010539, 0.0, 60.0, 10.0, 0.0, 0.0, 0.0, 0.0, 0.0
90.61000000001054, 56.10000000010544, 0.0, 60.0, 10.0, 0.0, 0.0, 0.0, 0.0, 0.0
90.62000000001055, 56.20000000010549, 0.0, 60.0, 10.0, 0.0, 0.0, 0.0, 0.0, 0.0
90.63000000001055, 56.30000000010554, 0.0, 60.0, 10.0, 0.0, 0.0, 0.0, 0.0, 0.0
90.64000000001056, 56.40000000010559, 0.0, 60.0, 10.0, 0.0, 0.0, 0.0, 0.0, 0.0
90.65000000001056, 56.50000000010564, 0.0, 60.0, 10.0, 0.0, 0.0, 0.0, 0.0, 0.0
90.66000000001057, 56.600000000105695, 0.0, 60.0, 10.0, 0.0, 0.0, 0.0, 0.0, 0.0
90.67000000001057, 56.700000000105746, 0.0, 60.0, 10.0, 0.0, 0.0, 0.0, 0.0, 0.0
90.68000000001058, 56.8000000001058, 0.0, 60.0, 10.0, 0.0, 0.0, 0.0, 0.0, 0.0
90.69000000001058, 56.90000000010585, 0.0, 60.0, 10.0, 0.0, 0.0, 0.0, 0.0, 0.0
90.70000000001059, 57.0000000001059, 0.0, 60.0, 10.0, 0.0, 0.0, 0.0, 0.0, 0.0
90.7100000000106, 57.10000000010595, 0.0, 60.0, 10.0, 0.0, 0.0, 0.0, 0.0, 0.0
90.7200000000106, 57.200000000106, 0.0, 60.0, 10.0, 0.0, 0.0, 0.0, 0.0, 0.0
90.7300000000106, 57.30000000010605, 0.0, 60.0, 10.0, 0.0, 0.0, 0.0, 0.0, 0.0
90.74000000001061, 57.400000000106104, 0.0, 60.0, 10.0, 0.0, 0.0, 0.0, 0.0, 0.0
90.75000000001062, 57.500000000106155, 0.0, 60.0, 10.0, 0.0, 0.0, 0.0, 0.0, 0.0
90.76000000001062, 57.600000000106206, 0.0, 60.0, 10.0, 0.0, 0.0, 0.0, 0.0, 0.0
90.77000000001063, 57.70000000010626, 0.0, 60.0, 10.0, 0.0, 0.0, 0.0, 0.0, 0.0
90.78000000001063, 57.80000000010631, 0.0, 60.0, 10.0, 0.0, 0.0, 0.0, 0.0, 0.0
90.79000000001064, 57.90000000010636, 0.0, 60.0, 10.0, 0.0, 0.0, 0.0, 0.0, 0.0
90.80000000001064, 58.00000000010641, 0.0, 60.0, 10.0, 0.0, 0.0, 0.0, 0.0, 0.0
90.81000000001065, 58.10000000010646, 0.0, 60.0, 10.0, 0.0, 0.0, 0.0, 0.0, 0.0
90.82000000001065, 58.20000000010651, 0.0, 60.0, 10.0, 0.0, 0.0, 0.0, 0.0, 0.0
90.83000000001066, 58.300000000106564, 0.0, 60.0, 10.0, 0.0, 0.0, 0.0, 0.0, 0.0
90.84000000001066, 58.400000000106616, 0.0, 60.0, 10.0, 0.0, 0.0, 0.0, 0.0, 0.0
90.85000000001067, 58.50000000010667, 0.0, 60.0, 10.0, 0.0, 0.0, 0.0, 0.0, 0.0
90.86000000001067, 58.60000000010672, 0.0, 60.0, 10.0, 0.0, 0.0, 0.0, 0.0, 0.0
90.87000000001068, 58.70000000010677, 0.0, 60.0, 10.0, 0.0, 0.0, 0.0, 0.0, 0.0
90.88000000001068, 58.80000000010682, 0.0, 60.0, 10.0, 0.0, 0.0, 0.0, 0.0, 0.0
90.89000000001069, 58.90000000010687, 0.0, 60.0, 10.0, 0.0, 0.0, 0.0, 0.0, 0.0
90.90000000001069, 59.00000000010692, 0.0, 60.0, 10.0, 0.0, 0.0, 0.0, 0.0, 0.0
90.9100000000107, 59.100000000106974, 0.0, 60.0, 10.0, 0.0, 0.0, 0.0, 0.0, 0.0
90.9200000000107, 59.200000000107025, 0.0, 60.0, 10.0, 0.0, 0.0, 0.0, 0.0, 0.0
90.93000000001071, 59.300000000107076, 0.0, 60.0, 10.0, 0.0, 0.0, 0.0, 0.0, 0.0
90.94000000001071, 59.40000000010713, 0.0, 60.0, 10.0, 0.0, 0.0, 0.0, 0.0, 0.0
90.95000000001072, 59.50000000010718, 0.0, 60.0, 10.0, 0.0, 0.0, 0.0, 0.0, 0.0
90.96000000001072, 59.60000000010723, 0.0, 60.0, 10.0, 0.0, 0.0, 0.0, 0.0, 0.0
90.97000000001073, 59.70000000010728, 0.0, 60.0, 10.0, 0.0, 0.0, 0.0, 0.0, 0.0
90.98000000001073, 59.80000000010733, 0.0, 60.0, 10.0, 0.0, 0.0, 0.0, 0.0, 0.0
90.99000000001074, 59.90000000010738, 0.0, 60.0, 10.0, 0.0, 0.0, 0.0, 0.0, 0.0
91.00000000001074, 60.000000000107434, 0.0, 60.0, 10.0, 0.0, 0.0, 0.0, 0.0, 0.0
91.01000000001075, 60.100000000107485, 0.0, 60.0, 10.0, 0.0, 0.0, 0.0, 0.0, 0.0
91.02000000001075, 60.200000000107536, 0.0, 60.0, 10.0, 0.0, 0.0, 0.0, 0.0, 0.0
91.03000000001076, 60.30000000010759, 0.0, 60.0, 10.0, 0.0, 0.0, 0.0, 0.0, 0.0
91.04000000001076, 60.40000000010764, 0.0, 60.0, 10.0, 0.0, 0.0, 0.0, 0.0, 0.0
91.05000000001077, 60.50000000010769, 0.0, 60.0, 10.0, 0.0, 0.0, 0.0, 0.0, 0.0
91.06000000001077, 60.60000000010774, 0.0, 60.0, 10.0, 0.0, 0.0, 0.0, 0.0, 0.0
91.07000000001078, 60.70000000010779, 0.0, 60.0, 10.0, 0.0, 0.0, 0.0, 0.0, 0.0
91.08000000001078, 60.80000000010784, 0.0, 60.0, 10.0, 0.0, 0.0, 0.0, 0.0, 0.0
91.09000000001079, 60.900000000107894, 0.0, 60.0, 10.0, 0.0, 0.0, 0.0, 0.0, 0.0
91.1000000000108, 61.000000000107946, 0.0, 60.0, 10.0, 0.0, 0.0, 0.0, 0.0, 0.0
91.1100000000108, 61.100000000108, 0.0, 60.0, 10.0, 0.0, 0.0, 0.0, 0.0, 0.0
91.1200000000108, 61.20000000010805, 0.0, 60.0, 10.0, 0.0, 0.0, 0.0, 0.0, 0.0
91.13000000001081, 61.3000000001081, 0.0, 60.0, 10.0, 0.0, 0.0, 0.0, 0.0, 0.0
91.14000000001082, 61.40000000010815, 0.0, 60.0, 10.0, 0.0, 0.0, 0.0, 0.0, 0.0
91.15000000001082, 61.5000000001082, 0.0, 60.0, 10.0, 0.0, 0.0, 0.0, 0.0, 0.0
91.16000000001083, 61.60000000010825, 0.0, 60.0, 10.0, 0.0, 0.0, 0.0, 0.0, 0.0
91.17000000001083, 61.700000000108304, 0.0, 60.0, 10.0, 0.0, 0.0, 0.0, 0.0, 0.0
91.18000000001084, 61.800000000108355, 0.0, 60.0, 10.0, 0.0, 0.0, 0.0, 0.0, 0.0
91.19000000001084, 61.900000000108406, 0.0, 60.0, 10.0, 0.0, 0.0, 0.0, 0.0, 0.0
91.20000000001085, 62.00000000010846, 0.0, 60.0, 10.0, 0.0, 0.0, 0.0, 0.0, 0.0
91.21000000001085, 62.10000000010851, 0.0, 60.0, 10.0, 0.0, 0.0, 0.0, 0.0, 0.0
91.22000000001086, 62.20000000010856, 0.0, 60.0, 10.0, 0.0, 0.0, 0.0, 0.0, 0.0
91.23000000001086, 62.30000000010861, 0.0, 60.0, 10.0, 0.0, 0.0, 0.0, 0.0, 0.0
91.24000000001087, 62.40000000010866, 0.0, 60.0, 10.0, 0.0, 0.0, 0.0, 0.0, 0.0
91.25000000001087, 62.50000000010871, 0.0, 60.0, 10.0, 0.0, 0.0, 0.0, 0.0, 0.0
91.26000000001088, 62.600000000108764, 0.0, 60.0, 10.0, 0.0, 0.0, 0.0, 0.0, 0.0
91.27000000001088, 62.700000000108815, 0.0, 60.0, 10.0, 0.0, 0.0, 0.0, 0.0, 0.0
91.28000000001089, 62.80000000010887, 0.0, 60.0, 10.0, 0.0, 0.0, 0.0, 0.0, 0.0
91.29000000001089, 62.90000000010892, 0.0, 60.0, 10.0, 0.0, 0.0, 0.0, 0.0, 0.0
91.3000000000109, 63.00000000010897, 0.0, 60.0, 10.0, 0.0, 0.0, 0.0, 0.0, 0.0
91.3100000000109, 63.10000000010902, 0.0, 60.0, 10.0, 0.0, 0.0, 0.0, 0.0, 0.0
91.32000000001091, 63.20000000010907, 0.0, 60.0, 10.0, 0.0, 0.0, 0.0, 0.0, 0.0
91.33000000001091, 63.30000000010912, 0.0, 60.0, 10.0, 0.0, 0.0, 0.0, 0.0, 0.0
91.34000000001092, 63.40000000010917, 0.0, 60.0, 10.0, 0.0, 0.0, 0.0, 0.0, 0.0
91.35000000001092, 63.500000000109225, 0.0, 60.0, 10.0, 0.0, 0.0, 0.0, 0.0, 0.0
91.36000000001093, 63.600000000109276, 0.0, 60.0, 10.0, 0.0, 0.0, 0.0, 0.0, 0.0
91.37000000001093, 63.70000000010933, 0.0, 60.0, 10.0, 0.0, 0.0, 0.0, 0.0, 0.0
91.38000000001094, 63.80000000010938, 0.0, 60.0, 10.0, 0.0, 0.0, 0.0, 0.0, 0.0
91.39000000001094, 63.90000000010943, 0.0, 60.0, 10.0, 0.0, 0.0, 0.0, 0.0, 0.0
91.40000000001095, 64.00000000010948, 0.0, 60.0, 10.0, 0.0, 0.0, 0.0, 0.0, 0.0
91.41000000001095, 64.10000000010953, 0.0, 60.0, 10.0, 0.0, 0.0, 0.0, 0.0, 0.0
91.42000000001096, 64.20000000010958, 0.0, 60.0, 10.0, 0.0, 0.0, 0.0, 0.0, 0.0
91.43000000001096, 64.30000000010963, 0.0, 60.0, 10.0, 0.0, 0.0, 0.0, 0.0, 0.0
91.44000000001097, 64.40000000010969, 0.0, 60.0, 10.0, 0.0, 0.0, 0.0, 0.0, 0.0
91.45000000001097, 64.50000000010974, 0.0, 60.0, 10.0, 0.0, 0.0, 0.0, 0.0, 0.0
91.46000000001098, 64.60000000010979, 0.0, 60.0, 10.0, 0.0, 0.0, 0.0, 0.0, 0.0
91.47000000001098, 64.70000000010984, 0.0, 60.0, 10.0, 0.0, 0.0, 0.0, 0.0, 0.0
91.48000000001099, 64.80000000010989, 0.0, 60.0, 10.0, 0.0, 0.0, 0.0, 0.0, 0.0
91.490000000011, 64.90000000010994, 0.0, 60.0, 10.0, 0.0, 0.0, 0.0, 0.0, 0.0
91.500000000011, 65.00000000010999, 0.0, 60.0, 10.0, 0.0, 0.0, 0.0, 0.0, 0.0
91.510000000011, 65.10000000011004, 0.0, 60.0, 10.0, 0.0, 0.0, 0.0, 0.0, 0.0
91.52000000001101, 65.2000000001101, 0.0, 60.0, 10.0, 0.0, 0.0, 0.0, 0.0, 0.0
91.53000000001101, 65.30000000011015, 0.0, 60.0, 10.0, 0.0, 0.0, 0.0, 0.0, 0.0
91.54000000001102, 65.4000000001102, 0.0, 60.0, 10.0, 0.0, 0.0, 0.0, 0.0, 0.0
91.55000000001102, 65.50000000011025, 0.0, 60.0, 10.0, 0.0, 0.0, 0.0, 0.0, 0.0
91.56000000001103, 65.6000000001103, 0.0, 60.0, 10.0, 0.0, 0.0, 0.0, 0.0, 0.0
91.57000000001104, 65.70000000011035, 0.0, 60.0, 10.0, 0.0, 0.0, 0.0, 0.0, 0.0
91.58000000001104, 65.8000000001104, 0.0, 60.0, 10.0, 0.0, 0.0, 0.0, 0.0, 0.0
91.59000000001105, 65.90000000011045, 0.0, 60.0, 10.0, 0.0, 0.0, 0.0, 0.0, 0.0
91.60000000001105, 66.0000000001105, 0.0, 60.0, 10.0, 0.0, 0.0, 0.0, 0.0, 0.0
91.61000000001106, 66.10000000011055, 0.0, 60.0, 10.0, 0.0, 0.0, 0.0, 0.0, 0.0
91.62000000001106, 66.2000000001106, 0.0, 60.0, 10.0, 0.0, 0.0, 0.0, 0.0, 0.0
91.63000000001107, 66.30000000011066, 0.0, 60.0, 10.0, 0.0, 0.0, 0.0, 0.0, 0.0
91.64000000001107, 66.40000000011071, 0.0, 60.0, 10.0, 0.0, 0.0, 0.0, 0.0, 0.0
91.65000000001108, 66.50000000011076, 0.0, 60.0, 10.0, 0.0, 0.0, 0.0, 0.0, 0.0
91.66000000001108, 66.60000000011081, 0.0, 60.0, 10.0, 0.0, 0.0, 0.0, 0.0, 0.0
91.67000000001109, 66.70000000011086, 0.0, 60.0, 10.0, 0.0, 0.0, 0.0, 0.0, 0.0
91.68000000001109, 66.80000000011091, 0.0, 60.0, 10.0, 0.0, 0.0, 0.0, 0.0, 0.0
91.6900000000111, 66.90000000011096, 0.0, 60.0, 10.0, 0.0, 0.0, 0.0, 0.0, 0.0
91.7000000000111, 67.00000000011102, 0.0, 60.0, 10.0, 0.0, 0.0, 0.0, 0.0, 0.0
91.7100000000111, 67.10000000011107, 0.0, 60.0, 10.0, 0.0, 0.0, 0.0, 0.0, 0.0
91.72000000001111, 67.20000000011112, 0.0, 60.0, 10.0, 0.0, 0.0, 0.0, 0.0, 0.0
91.73000000001112, 67.30000000011117, 0.0, 60.0, 10.0, 0.0, 0.0, 0.0, 0.0, 0.0
91.74000000001112, 67.40000000011122, 0.0, 60.0, 10.0, 0.0, 0.0, 0.0, 0.0, 0.0
91.75000000001113, 67.50000000011127, 0.0, 60.0, 10.0, 0.0, 0.0, 0.0, 0.0, 0.0
91.76000000001113, 67.60000000011132, 0.0, 60.0, 10.0, 0.0, 0.0, 0.0, 0.0, 0.0
91.77000000001114, 67.70000000011137, 0.0, 60.0, 10.0, 0.0, 0.0, 0.0, 0.0, 0.0
91.78000000001114, 67.80000000011142, 0.0, 60.0, 10.0, 0.0, 0.0, 0.0, 0.0, 0.0
91.79000000001115, 67.90000000011148, 0.0, 60.0, 10.0, 0.0, 0.0, 0.0, 0.0, 0.0
91.80000000001115, 68.00000000011153, 0.0, 60.0, 10.0, 0.0, 0.0, 0.0, 0.0, 0.0
91.81000000001116, 68.10000000011158, 0.0, 60.0, 10.0, 0.0, 0.0, 0.0, 0.0, 0.0
91.82000000001116, 68.20000000011163, 0.0, 60.0, 10.0, 0.0, 0.0, 0.0, 0.0, 0.0
91.83000000001117, 68.30000000011168, 0.0, 60.0, 10.0, 0.0, 0.0, 0.0, 0.0, 0.0
91.84000000001117, 68.40000000011173, 0.0, 60.0, 10.0, 0.0, 0.0, 0.0, 0.0, 0.0
91.85000000001118, 68.50000000011178, 0.0, 60.0, 10.0, 0.0, 0.0, 0.0, 0.0, 0.0
91.86000000001118, 68.60000000011183, 0.0, 60.0, 10.0, 0.0, 0.0, 0.0, 0.0, 0.0
91.87000000001119, 68.70000000011188, 0.0, 60.0, 10.0, 0.0, 0.0, 0.0, 0.0, 0.0
91.8800000000112, 68.80000000011194, 0.0, 60.0, 10.0, 0.0, 0.0, 0.0, 0.0, 0.0
91.8900000000112, 68.90000000011199, 0.0, 60.0, 10.0, 0.0, 0.0, 0.0, 0.0, 0.0
91.9000000000112, 69.00000000011204, 0.0, 60.0, 10.0, 0.0, 0.0, 0.0, 0.0, 0.0
91.91000000001121, 69.10000000011209, 0.0, 60.0, 10.0, 0.0, 0.0, 0.0, 0.0, 0.0
91.92000000001121, 69.20000000011214, 0.0, 60.0, 10.0, 0.0, 0.0, 0.0, 0.0, 0.0
91.93000000001122, 69.30000000011219, 0.0, 60.0, 10.0, 0.0, 0.0, 0.0, 0.0, 0.0
91.94000000001122, 69.40000000011224, 0.0, 60.0, 10.0, 0.0, 0.0, 0.0, 0.0, 0.0
91.95000000001123, 69.5000000001123, 0.0, 60.0, 10.0, 0.0, 0.0, 0.0, 0.0, 0.0
91.96000000001123, 69.60000000011235, 0.0, 60.0, 10.0, 0.0, 0.0, 0.0, 0.0, 0.0
91.97000000001124, 69.7000000001124, 0.0, 60.0, 10.0, 0.0, 0.0, 0.0, 0.0, 0.0
91.98000000001124, 69.80000000011245, 0.0, 60.0, 10.0, 0.0, 0.0, 0.0, 0.0, 0.0
91.99000000001125, 69.9000000001125, 0.0, 60.0, 10.0, 0.0, 0.0, 0.0, 0.0, 0.0
92.00000000001125, 70.00000000011255, 0.0, 60.0, 10.0, 0.0, 0.0, 0.0, 0.0, 0.0
92.01000000001126, 70.1000000001126, 0.0, 60.0, 10.0, 0.0, 0.0, 0.0, 0.0, 0.0
92.02000000001127, 70.20000000011265, 0.0, 60.0, 10.0, 0.0, 0.0, 0.0, 0.0, 0.0
92.03000000001127, 70.3000000001127, 0.0, 60.0, 10.0, 0.0, 0.0, 0.0, 0.0, 0.0
92.04000000001128, 70.40000000011275, 0.0, 60.0, 10.0, 0.0, 0.0, 0.0, 0.0, 0.0
92.05000000001128, 70.5000000001128, 0.0, 60.0, 10.0, 0.0, 0.0, 0.0, 0.0, 0.0
92.06000000001129, 70.60000000011286, 0.0, 60.0, 10.0, 0.0, 0.0, 0.0, 0.0, 0.0
92.07000000001129, 70.70000000011291, 0.0, 60.0, 10.0, 0.0, 0.0, 0.0, 0.0, 0.0
92.0800000000113, 70.80000000011296, 0.0, 60.0, 10.0, 0.0, 0.0, 0.0, 0.0, 0.0
92.0900000000113, 70.90000000011301, 0.0, 60.0, 10.0, 0.0, 0.0, 0.0, 0.0, 0.0
92.1000000000113, 71.00000000011306, 0.0, 60.0, 10.0, 0.0, 0.0, 0.0, 0.0, 0.0
92.11000000001131, 71.10000000011311, 0.0, 60.0, 10.0, 0.0, 0.0, 0.0, 0.0, 0.0
92.12000000001132, 71.20000000011316, 0.0, 60.0, 10.0, 0.0, 0.0, 0.0, 0.0, 0.0
92.13000000001132, 71.30000000011322, 0.0, 60.0, 10.0, 0.0, 0.0, 0.0, 0.0, 0.0
92.14000000001133, 71.40000000011327, 0.0, 60.0, 10.0, 0.0, 0.0, 0.0, 0.0, 0.0
92.15000000001133, 71.50000000011332, 0.0, 60.0, 10.0, 0.0, 0.0, 0.0, 0.0, 0.0
92.16000000001134, 71.60000000011337, 0.0, 60.0, 10.0, 0.0, 0.0, 0.0, 0.0, 0.0
92.17000000001134, 71.70000000011342, 0.0, 60.0, 10.0, 0.0, 0.0, 0.0, 0.0, 0.0
92.18000000001135, 71.80000000011347, 0.0, 60.0, 10.0, 0.0, 0.0, 0.0, 0.0, 0.0
92.19000000001135, 71.90000000011352, 0.0, 60.0, 10.0, 0.0, 0.0, 0.0, 0.0, 0.0
92.20000000001136, 72.00000000011357, 0.0, 60.0, 10.0, 0.0, 0.0, 0.0, 0.0, 0.0
92.21000000001136, 72.10000000011362, 0.0, 60.0, 10.0, 0.0, 0.0, 0.0, 0.0, 0.0
92.22000000001137, 72.20000000011368, 0.0, 60.0, 10.0, 0.0, 0.0, 0.0, 0.0, 0.0
92.23000000001137, 72.30000000011373, 0.0, 60.0, 10.0, 0.0, 0.0, 0.0, 0.0, 0.0
92.24000000001138, 72.40000000011378, 0.0, 60.0, 10.0, 0.0, 0.0, 0.0, 0.0, 0.0
92.25000000001138, 72.50000000011383, 0.0, 60.0, 10.0, 0.0, 0.0, 0.0, 0.0, 0.0
92.26000000001139, 72.60000000011388, 0.0, 60.0, 10.0, 0.0, 0.0, 0.0, 0.0, 0.0
92.2700000000114, 72.70000000011393, 0.0, 60.0, 10.0, 0.0, 0.0, 0.0, 0.0, 0.0
92.2800000000114, 72.80000000011398, 0.0, 60.0, 10.0, 0.0, 0.0, 0.0, 0.0, 0.0
92.2900000000114, 72.90000000011403, 0.0, 60.0, 10.0, 0.0, 0.0, 0.0, 0.0, 0.0
92.30000000001141, 73.00000000011408, 0.0, 60.0, 10.0, 0.0, 0.0, 0.0, 0.0, 0.0
92.31000000001141, 73.10000000011414, 0.0, 60.0, 10.0, 0.0, 0.0, 0.0, 0.0, 0.0
92.32000000001142, 73.20000000011419, 0.0, 60.0, 10.0, 0.0, 0.0, 0.0, 0.0, 0.0
92.33000000001142, 73.30000000011424, 0.0, 60.0, 10.0, 0.0, 0.0, 0.0, 0.0, 0.0
92.34000000001143, 73.40000000011429, 0.0, 60.0, 10.0, 0.0, 0.0, 0.0, 0.0, 0.0
92.35000000001143, 73.50000000011434, 0.0, 60.0, 10.0, 0.0, 0.0, 0.0, 0.0, 0.0
92.36000000001144, 73.60000000011439, 0.0, 60.0, 10.0, 0.0, 0.0, 0.0, 0.0, 0.0
92.37000000001144, 73.70000000011444, 0.0, 60.0, 10.0, 0.0, 0.0, 0.0, 0.0, 0.0
92.38000000001145, 73.8000000001145, 0.0, 60.0, 10.0, 0.0, 0.0, 0.0, 0.0, 0.0
92.39000000001145, 73.90000000011455, 0.0, 60.0, 10.0, 0.0, 0.0, 0.0, 0.0, 0.0
92.40000000001146, 74.0000000001146, 0.0, 60.0, 10.0, 0.0, 0.0, 0.0, 0.0, 0.0
92.41000000001146, 74.10000000011465, 0.0, 60.0, 10.0, 0.0, 0.0, 0.0, 0.0, 0.0
92.42000000001147, 74.2000000001147, 0.0, 60.0, 10.0, 0.0, 0.0, 0.0, 0.0, 0.0
92.43000000001147, 74.30000000011475, 0.0, 60.0, 10.0, 0.0, 0.0, 0.0, 0.0, 0.0
92.44000000001148, 74.4000000001148, 0.0, 60.0, 10.0, 0.0, 0.0, 0.0, 0.0, 0.0
92.45000000001149, 74.50000000011485, 0.0, 60.0, 10.0, 0.0, 0.0, 0.0, 0.0, 0.0
92.46000000001149, 74.6000000001149, 0.0, 60.0, 10.0, 0.0, 0.0, 0.0, 0.0, 0.0
92.4700000000115, 74.70000000011495, 0.0, 60.0, 10.0, 0.0, 0.0, 0.0, 0.0, 0.0
92.4800000000115, 74.800000000115, 0.0, 60.0, 10.0, 0.0, 0.0, 0.0, 0.0, 0.0
92.4900000000115, 74.90000000011506, 0.0, 60.0, 10.0, 0.0, 0.0, 0.0, 0.0, 0.0
92.50000000001151, 75.00000000011511, 0.0, 60.0, 10.0, 0.0, 0.0, 0.0, 0.0, 0.0
92.51000000001152, 75.10000000011516, 0.0, 60.0, 10.0, 0.0, 0.0, 0.0, 0.0, 0.0
92.52000000001152, 75.20000000011521, 0.0, 60.0, 10.0, 0.0, 0.0, 0.0, 0.0, 0.0
92.53000000001153, 75.30000000011526, 0.0, 60.0, 10.0, 0.0, 0.0, 0.0, 0.0, 0.0
92.54000000001153, 75.40000000011531, 0.0, 60.0, 10.0, 0.0, 0.0, 0.0, 0.0, 0.0
92.55000000001154, 75.50000000011536, 0.0, 60.0, 10.0, 0.0, 0.0, 0.0, 0.0, 0.0
92.56000000001154, 75.60000000011541, 0.0, 60.0, 10.0, 0.0, 0.0, 0.0, 0.0, 0.0
92.57000000001155, 75.70000000011547, 0.0, 60.0, 10.0, 0.0, 0.0, 0.0, 0.0, 0.0
92.58000000001155, 75.80000000011552, 0.0, 60.0, 10.0, 0.0, 0.0, 0.0, 0.0, 0.0
92.59000000001156, 75.90000000011557, 0.0, 60.0, 10.0, 0.0, 0.0, 0.0, 0.0, 0.0
92.60000000001156, 76.00000000011562, 0.0, 60.0, 10.0, 0.0, 0.0, 0.0, 0.0, 0.0
92.61000000001157, 76.10000000011567, 0.0, 60.0, 10.0, 0.0, 0.0, 0.0, 0.0, 0.0
92.62000000001157, 76.20000000011572, 0.0, 60.0, 10.0, 0.0, 0.0, 0.0, 0.0, 0.0
92.63000000001158, 76.30000000011577, 0.0, 60.0, 10.0, 0.0, 0.0, 0.0, 0.0, 0.0
92.64000000001158, 76.40000000011582, 0.0, 60.0, 10.0, 0.0, 0.0, 0.0, 0.0, 0.0
92.65000000001159, 76.50000000011588, 0.0, 60.0, 10.0, 0.0, 0.0, 0.0, 0.0, 0.0
92.66000000001159, 76.60000000011593, 0.0, 60.0, 10.0, 0.0, 0.0, 0.0, 0.0, 0.0
92.6700000000116, 76.70000000011598, 0.0, 60.0, 10.0, 0.0, 0.0, 0.0, 0.0, 0.0
92.6800000000116, 76.80000000011603, 0.0, 60.0, 10.0, 0.0, 0.0, 0.0, 0.0, 0.0
92.69000000001161, 76.90000000011608, 0.0, 60.0, 10.0, 0.0, 0.0, 0.0, 0.0, 0.0
92.70000000001161, 77.00000000011613, 0.0, 60.0, 10.0, 0.0, 0.0, 0.0, 0.0, 0.0
92.71000000001162, 77.10000000011618, 0.0, 60.0, 10.0, 0.0, 0.0, 0.0, 0.0, 0.0
92.72000000001162, 77.20000000011623, 0.0, 60.0, 10.0, 0.0, 0.0, 0.0, 0.0, 0.0
92.73000000001163, 77.30000000011628, 0.0, 60.0, 10.0, 0.0, 0.0, 0.0, 0.0, 0.0
92.74000000001163, 77.40000000011634, 0.0, 60.0, 10.0, 0.0, 0.0, 0.0, 0.0, 0.0
92.75000000001164, 77.50000000011639, 0.0, 60.0, 10.0, 0.0, 0.0, 0.0, 0.0, 0.0
92.76000000001164, 77.60000000011644, 0.0, 60.0, 10.0, 0.0, 0.0, 0.0, 0.0, 0.0
92.77000000001165, 77.70000000011649, 0.0, 60.0, 10.0, 0.0, 0.0, 0.0, 0.0, 0.0
92.78000000001165, 77.80000000011654, 0.0, 60.0, 10.0, 0.0, 0.0, 0.0, 0.0, 0.0
92.79000000001166, 77.90000000011659, 0.0, 60.0, 10.0, 0.0, 0.0, 0.0, 0.0, 0.0
92.80000000001166, 78.00000000011664, 0.0, 60.0, 10.0, 0.0, 0.0, 0.0, 0.0, 0.0
92.81000000001167, 78.1000000001167, 0.0, 60.0, 10.0, 0.0, 0.0, 0.0, 0.0, 0.0
92.82000000001167, 78.20000000011675, 0.0, 60.0, 10.0, 0.0, 0.0, 0.0, 0.0, 0.0
92.83000000001168, 78.3000000001168, 0.0, 60.0, 10.0, 0.0, 0.0, 0.0, 0.0, 0.0
92.84000000001168, 78.40000000011685, 0.0, 60.0, 10.0, 0.0, 0.0, 0.0, 0.0, 0.0
92.85000000001169, 78.5000000001169, 0.0, 60.0, 10.0, 0.0, 0.0, 0.0, 0.0, 0.0
92.8600000000117, 78.60000000011695, 0.0, 60.0, 10.0, 0.0, 0.0, 0.0, 0.0, 0.0
92.8700000000117, 78.700000000117, 0.0, 60.0, 10.0, 0.0, 0.0, 0.0, 0.0, 0.0
92.8800000000117, 78.80000000011705, 0.0, 60.0, 10.0, 0.0, 0.0, 0.0, 0.0, 0.0
92.89000000001171, 78.9000000001171, 0.0, 60.0, 10.0, 0.0, 0.0, 0.0, 0.0, 0.0
92.90000000001172, 79.00000000011715, 0.0, 60.0, 10.0, 0.0, 0.0, 0.0, 0.0, 0.0
92.91000000001172, 79.1000000001172, 0.0, 60.0, 10.0, 0.0, 0.0, 0.0, 0.0, 0.0
92.92000000001173, 79.20000000011726, 0.0, 60.0, 10.0, 0.0, 0.0, 0.0, 0.0, 0.0
92.93000000001173, 79.30000000011731, 0.0, 60.0, 10.0, 0.0, 0.0, 0.0, 0.0, 0.0
92.94000000001174, 79.40000000011736, 0.0, 60.0, 10.0, 0.0, 0.0, 0.0, 0.0, 0.0
92.95000000001174, 79.50000000011741, 0.0, 60.0, 10.0, 0.0, 0.0, 0.0, 0.0, 0.0
92.96000000001175, 79.60000000011746, 0.0, 60.0, 10.0, 0.0, 0.0, 0.0, 0.0, 0.0
92.97000000001175, 79.70000000011751, 0.0, 60.0, 10.0, 0.0, 0.0, 0.0, 0.0, 0.0
92.98000000001176, 79.80000000011756, 0.0, 60.0, 10.0, 0.0, 0.0, 0.0, 0.0, 0.0
92.99000000001176, 79.90000000011761, 0.0, 60.0, 10.0, 0.0, 0.0, 0.0, 0.0, 0.0
93.00000000001177, 80.00000000011767, 0.0, 60.0, 10.0, 0.0, 0.0, 0.0, 0.0, 0.0
93.01000000001177, 80.10000000011772, 0.0, 60.0, 10.0, 0.0, 0.0, 0.0, 0.0, 0.0
93.02000000001178, 80.20000000011777, 0.0, 60.0, 10.0, 0.0, 0.0, 0.0, 0.0, 0.0
93.03000000001178, 80.30000000011782, 0.0, 60.0, 10.0, 0.0, 0.0, 0.0, 0.0, 0.0
93.04000000001179, 80.40000000011787, 0.0, 60.0, 10.0, 0.0, 0.0, 0.0, 0.0, 0.0
93.05000000001179, 80.50000000011792, 0.0, 60.0, 10.0, 0.0, 0.0, 0.0, 0.0, 0.0
93.0600000000118, 80.60000000011797, 0.0, 60.0, 10.0, 0.0, 0.0, 0.0, 0.0, 0.0
93.0700000000118, 80.70000000011802, 0.0, 60.0, 10.0, 0.0, 0.0, 0.0, 0.0, 0.0
93.08000000001181, 80.80000000011808, 0.0, 60.0, 10.0, 0.0, 0.0, 0.0, 0.0, 0.0
93.09000000001181, 80.90000000011813, 0.0, 60.0, 10.0, 0.0, 0.0, 0.0, 0.0, 0.0
93.10000000001182, 81.00000000011818, 0.0, 60.0, 10.0, 0.0, 0.0, 0.0, 0.0, 0.0
93.11000000001182, 81.10000000011823, 0.0, 60.0, 10.0, 0.0, 0.0, 0.0, 0.0, 0.0
93.12000000001183, 81.20000000011828, 0.0, 60.0, 10.0, 0.0, 0.0, 0.0, 0.0, 0.0
93.13000000001183, 81.30000000011833, 0.0, 60.0, 10.0, 0.0, 0.0, 0.0, 0.0, 0.0
93.14000000001184, 81.40000000011838, 0.0, 60.0, 10.0, 0.0, 0.0, 0.0, 0.0, 0.0
93.15000000001184, 81.50000000011843, 0.0, 60.0, 10.0, 0.0, 0.0, 0.0, 0.0, 0.0
93.16000000001185, 81.60000000011848, 0.0, 60.0, 10.0, 0.0, 0.0, 0.0, 0.0, 0.0
93.17000000001185, 81.70000000011854, 0.0, 60.0, 10.0, 0.0, 0.0, 0.0, 0.0, 0.0
93.18000000001186, 81.80000000011859, 0.0, 60.0, 10.0, 0.0, 0.0, 0.0, 0.0, 0.0
93.19000000001186, 81.90000000011864, 0.0, 60.0, 10.0, 0.0, 0.0, 0.0, 0.0, 0.0
93.20000000001187, 82.00000000011869, 0.0, 60.0, 10.0, 0.0, 0.0, 0.0, 0.0, 0.0
93.21000000001187, 82.10000000011874, 0.0, 60.0, 10.0, 0.0, 0.0, 0.0, 0.0, 0.0
93.22000000001188, 82.20000000011879, 0.0, 60.0, 10.0, 0.0, 0.0, 0.0, 0.0, 0.0
93.23000000001188, 82.30000000011884, 0.0, 60.0, 10.0, 0.0, 0.0, 0.0, 0.0, 0.0
93.24000000001189, 82.4000000001189, 0.0, 60.0, 10.0, 0.0, 0.0, 0.0, 0.0, 0.0
93.2500000000119, 82.50000000011894, 0.0, 60.0, 10.0, 0.0, 0.0, 0.0, 0.0, 0.0
93.2600000000119, 82.600000000119, 0.0, 60.0, 10.0, 0.0, 0.0, 0.0, 0.0, 0.0
93.2700000000119, 82.70000000011905, 0.0, 60.0, 10.0, 0.0, 0.0, 0.0, 0.0, 0.0
93.28000000001191, 82.8000000001191, 0.0, 60.0, 10.0, 0.0, 0.0, 0.0, 0.0, 0.0
93.29000000001191, 82.90000000011915, 0.0, 60.0, 10.0, 0.0, 0.0, 0.0, 0.0, 0.0
93.30000000001192, 83.0000000001192, 0.0, 60.0, 10.0, 0.0, 0.0, 0.0, 0.0, 0.0
93.31000000001193, 83.10000000011925, 0.0, 60.0, 10.0, 0.0, 0.0, 0.0, 0.0, 0.0
93.32000000001193, 83.2000000001193, 0.0, 60.0, 10.0, 0.0, 0.0, 0.0, 0.0, 0.0
93.33000000001194, 83.30000000011935, 0.0, 60.0, 10.0, 0.0, 0.0, 0.0, 0.0, 0.0
93.34000000001194, 83.4000000001194, 0.0, 60.0, 10.0, 0.0, 0.0, 0.0, 0.0, 0.0
93.35000000001195, 83.50000000011946, 0.0, 60.0, 10.0, 0.0, 0.0, 0.0, 0.0, 0.0
93.36000000001195, 83.60000000011951, 0.0, 60.0, 10.0, 0.0, 0.0, 0.0, 0.0, 0.0
93.37000000001196, 83.70000000011956, 0.0, 60.0, 10.0, 0.0, 0.0, 0.0, 0.0, 0.0
93.38000000001196, 83.80000000011961, 0.0, 60.0, 10.0, 0.0, 0.0, 0.0, 0.0, 0.0
93.39000000001197, 83.90000000011966, 0.0, 60.0, 10.0, 0.0, 0.0, 0.0, 0.0, 0.0
93.40000000001197, 84.00000000011971, 0.0, 60.0, 10.0, 0.0, 0.0, 0.0, 0.0, 0.0
93.41000000001198, 84.10000000011976, 0.0, 60.0, 10.0, 0.0, 0.0, 0.0, 0.0, 0.0
93.42000000001198, 84.20000000011981, 0.0, 60.0, 10.0, 0.0, 0.0, 0.0, 0.0, 0.0
93.43000000001199, 84.30000000011987, 0.0, 60.0, 10.0, 0.0, 0.0, 0.0, 0.0, 0.0
93.44000000001199, 84.40000000011992, 0.0, 60.0, 10.0, 0.0, 0.0, 0.0, 0.0, 0.0
93.450000000012, 84.50000000011997, 0.0, 60.0, 10.0, 0.0, 0.0, 0.0, 0.0, 0.0
93.460000000012, 84.60000000012002, 0.0, 60.0, 10.0, 0.0, 0.0, 0.0, 0.0, 0.0
93.470000000012, 84.70000000012007, 0.0, 60.0, 10.0, 0.0, 0.0, 0.0, 0.0, 0.0
93.48000000001201, 84.80000000012012, 0.0, 60.0, 10.0, 0.0, 0.0, 0.0, 0.0, 0.0
93.49000000001202, 84.90000000012017, 0.0, 60.0, 10.0, 0.0, 0.0, 0.0, 0.0, 0.0
93.50000000001202, 85.00000000012022, 0.0, 60.0, 10.0, 0.0, 0.0, 0.0, 0.0, 0.0
93.51000000001203, 85.10000000012027, 0.0, 60.0, 10.0, 0.0, 0.0, 0.0, 0.0, 0.0
93.52000000001203, 85.20000000012033, 0.0, 60.0, 10.0, 0.0, 0.0, 0.0, 0.0, 0.0
93.53000000001204, 85.30000000012038, 0.0, 60.0, 10.0, 0.0, 0.0, 0.0, 0.0, 0.0
93.54000000001204, 85.40000000012043, 0.0, 60.0, 10.0, 0.0, 0.0, 0.0, 0.0, 0.0
93.55000000001205, 85.50000000012048, 0.0, 60.0, 10.0, 0.0, 0.0, 0.0, 0.0, 0.0
93.56000000001205, 85.60000000012053, 0.0, 60.0, 10.0, 0.0, 0.0, 0.0, 0.0, 0.0
93.57000000001206, 85.70000000012058, 0.0, 60.0, 10.0, 0.0, 0.0, 0.0, 0.0, 0.0
93.58000000001206, 85.80000000012063, 0.0, 60.0, 10.0, 0.0, 0.0, 0.0, 0.0, 0.0
93.59000000001207, 85.90000000012068, 0.0, 60.0, 10.0, 0.0, 0.0, 0.0, 0.0, 0.0
93.60000000001207, 86.00000000012074, 0.0, 60.0, 10.0, 0.0, 0.0, 0.0, 0.0, 0.0
93.61000000001208, 86.10000000012079, 0.0, 60.0, 10.0, 0.0, 0.0, 0.0, 0.0, 0.0
93.62000000001208, 86.20000000012084, 0.0, 60.0, 10.0, 0.0, 0.0, 0.0, 0.0, 0.0
93.63000000001209, 86.30000000012089, 0.0, 60.0, 10.0, 0.0, 0.0, 0.0, 0.0, 0.0
93.6400000000121, 86.40000000012094, 0.0, 60.0, 10.0, 0.0, 0.0, 0.0, 0.0, 0.0
93.6500000000121, 86.50000000012099, 0.0, 60.0, 10.0, 0.0, 0.0, 0.0, 0.0, 0.0
93.6600000000121, 86.60000000012104, 0.0, 60.0, 10.0, 0.0, 0.0, 0.0, 0.0, 0.0
93.67000000001211, 86.7000000001211, 0.0, 60.0, 10.0, 0.0, 0.0, 0.0, 0.0, 0.0
93.68000000001211, 86.80000000012114, 0.0, 60.0, 10.0, 0.0, 0.0, 0.0, 0.0, 0.0
93.69000000001212, 86.9000000001212, 0.0, 60.0, 10.0, 0.0, 0.0, 0.0, 0.0, 0.0
93.70000000001212, 87.00000000012125, 0.0, 60.0, 10.0, 0.0, 0.0, 0.0, 0.0, 0.0
93.71000000001213, 87.1000000001213, 0.0, 60.0, 10.0, 0.0, 0.0, 0.0, 0.0, 0.0
93.72000000001213, 87.20000000012135, 0.0, 60.0, 10.0, 0.0, 0.0, 0.0, 0.0, 0.0
93.73000000001214, 87.3000000001214, 0.0, 60.0, 10.0, 0.0, 0.0, 0.0, 0.0, 0.0
93.74000000001215, 87.40000000012145, 0.0, 60.0, 10.0, 0.0, 0.0, 0.0, 0.0, 0.0
93.75000000001215, 87.5000000001215, 0.0, 60.0, 10.0, 0.0, 0.0, 0.0, 0.0, 0.0
93.76000000001216, 87.60000000012155, 0.0, 60.0, 10.0, 0.0, 0.0, 0.0, 0.0, 0.0
93.77000000001216, 87.7000000001216, 0.0, 60.0, 10.0, 0.0, 0.0, 0.0, 0.0, 0.0
93.78000000001217, 87.80000000012166, 0.0, 60.0, 10.0, 0.0, 0.0, 0.0, 0.0, 0.0
93.79000000001217, 87.90000000012171, 0.0, 60.0, 10.0, 0.0, 0.0, 0.0, 0.0, 0.0
93.80000000001218, 88.00000000012176, 0.0, 60.0, 10.0, 0.0, 0.0, 0.0, 0.0, 0.0
93.81000000001218, 88.10000000012181, 0.0, 60.0, 10.0, 0.0, 0.0, 0.0, 0.0, 0.0
93.82000000001219, 88.20000000012186, 0.0, 60.0, 10.0, 0.0, 0.0, 0.0, 0.0, 0.0
93.83000000001219, 88.30000000012191, 0.0, 60.0, 10.0, 0.0, 0.0, 0.0, 0.0, 0.0
93.8400000000122, 88.40000000012196, 0.0, 60.0, 10.0, 0.0, 0.0, 0.0, 0.0, 0.0
93.8500000000122, 88.50000000012201, 0.0, 60.0, 10.0, 0.0, 0.0, 0.0, 0.0, 0.0
93.8600000000122, 88.60000000012207, 0.0, 60.0, 10.0, 0.0, 0.0, 0.0, 0.0, 0.0
93.87000000001221, 88.70000000012212, 0.0, 60.0, 10.0, 0.0, 0.0, 0.0, 0.0, 0.0
93.88000000001222, 88.80000000012217, 0.0, 60.0, 10.0, 0.0, 0.0, 0.0, 0.0, 0.0
93.89000000001222, 88.90000000012222, 0.0, 60.0, 10.0, 0.0, 0.0, 0.0, 0.0, 0.0
93.90000000001223, 89.00000000012227, 0.0, 60.0, 10.0, 0.0, 0.0, 0.0, 0.0, 0.0
93.91000000001223, 89.10000000012232, 0.0, 60.0, 10.0, 0.0, 0.0, 0.0, 0.0, 0.0
93.92000000001224, 89.20000000012237, 0.0, 60.0, 10.0, 0.0, 0.0, 0.0, 0.0, 0.0
93.93000000001224, 89.30000000012242, 0.0, 60.0, 10.0, 0.0, 0.0, 0.0, 0.0, 0.0
93.94000000001225, 89.40000000012247, 0.0, 60.0, 10.0, 0.0, 0.0, 0.0, 0.0, 0.0
93.95000000001225, 89.50000000012253, 0.0, 60.0, 10.0, 0.0, 0.0, 0.0, 0.0, 0.0
93.96000000001226, 89.60000000012258, 0.0, 60.0, 10.0, 0.0, 0.0, 0.0, 0.0, 0.0
93.97000000001226, 89.70000000012263, 0.0, 60.0, 10.0, 0.0, 0.0, 0.0, 0.0, 0.0
93.98000000001227, 89.80000000012268, 0.0, 60.0, 10.0, 0.0, 0.0, 0.0, 0.0, 0.0
93.99000000001227, 89.90000000012273, 0.0, 60.0, 10.0, 0.0, 0.0, 0.0, 0.0, 0.0
94.00000000001228, 90.00000000012278, 0.0, 60.0, 10.0, 0.0, 0.0, 0.0, 0.0, 0.0
94.01000000001228, 90.10000000012283, 0.0, 60.0, 10.0, 0.0, 0.0, 0.0, 0.0, 0.0
94.02000000001229, 90.20000000012288, 0.0, 60.0, 10.0, 0.0, 0.0, 0.0, 0.0, 0.0
94.0300000000123, 90.30000000012294, 0.0, 60.0, 10.0, 0.0, 0.0, 0.0, 0.0, 0.0
94.0400000000123, 90.40000000012299, 0.0, 60.0, 10.0, 0.0, 0.0, 0.0, 0.0, 0.0
94.0500000000123, 90.50000000012304, 0.0, 60.0, 10.0, 0.0, 0.0, 0.0, 0.0, 0.0
94.06000000001231, 90.60000000012309, 0.0, 60.0, 10.0, 0.0, 0.0, 0.0, 0.0, 0.0
94.07000000001231, 90.70000000012314, 0.0, 60.0, 10.0, 0.0, 0.0, 0.0, 0.0, 0.0
94.08000000001232, 90.80000000012319, 0.0, 60.0, 10.0, 0.0, 0.0, 0.0, 0.0, 0.0
94.09000000001232, 90.90000000012324, 0.0, 60.0, 10.0, 0.0, 0.0, 0.0, 0.0, 0.0
94.10000000001233, 91.0000000001233, 0.0, 60.0, 10.0, 0.0, 0.0, 0.0, 0.0, 0.0
94.11000000001233, 91.10000000012334, 0.0, 60.0, 10.0, 0.0, 0.0, 0.0, 0.0, 0.0
94.12000000001234, 91.2000000001234, 0.0, 60.0, 10.0, 0.0, 0.0, 0.0, 0.0, 0.0
94.13000000001234, 91.30000000012345, 0.0, 60.0, 10.0, 0.0, 0.0, 0.0, 0.0, 0.0
94.14000000001235, 91.4000000001235, 0.0, 60.0, 10.0, 0.0, 0.0, 0.0, 0.0, 0.0
94.15000000001235, 91.50000000012355, 0.0, 60.0, 10.0, 0.0, 0.0, 0.0, 0.0, 0.0
94.16000000001236, 91.6000000001236, 0.0, 60.0, 10.0, 0.0, 0.0, 0.0, 0.0, 0.0
94.17000000001237, 91.70000000012365, 0.0, 60.0, 10.0, 0.0, 0.0, 0.0, 0.0, 0.0
94.18000000001237, 91.8000000001237, 0.0, 60.0, 10.0, 0.0, 0.0, 0.0, 0.0, 0.0
94.19000000001238, 91.90000000012375, 0.0, 60.0, 10.0, 0.0, 0.0, 0.0, 0.0, 0.0
94.20000000001238, 92.0000000001238, 0.0, 60.0, 10.0, 0.0, 0.0, 0.0, 0.0, 0.0
94.21000000001239, 92.10000000012386, 0.0, 60.0, 10.0, 0.0, 0.0, 0.0, 0.0, 0.0
94.22000000001239, 92.20000000012391, 0.0, 60.0, 10.0, 0.0, 0.0, 0.0, 0.0, 0.0
94.2300000000124, 92.30000000012396, 0.0, 60.0, 10.0, 0.0, 0.0, 0.0, 0.0, 0.0
94.2400000000124, 92.40000000012401, 0.0, 60.0, 10.0, 0.0, 0.0, 0.0, 0.0, 0.0
94.2500000000124, 92.50000000012406, 0.0, 60.0, 10.0, 0.0, 0.0, 0.0, 0.0, 0.0
94.26000000001241, 92.60000000012411, 0.0, 60.0, 10.0, 0.0, 0.0, 0.0, 0.0, 0.0
94.27000000001242, 92.70000000012416, 0.0, 60.0, 10.0, 0.0, 0.0, 0.0, 0.0, 0.0
94.28000000001242, 92.80000000012421, 0.0, 60.0, 10.0, 0.0, 0.0, 0.0, 0.0, 0.0
94.29000000001243, 92.90000000012427, 0.0, 60.0, 10.0, 0.0, 0.0, 0.0, 0.0, 0.0
94.30000000001243, 93.00000000012432, 0.0, 60.0, 10.0, 0.0, 0.0, 0.0, 0.0, 0.0
94.31000000001244, 93.10000000012437, 0.0, 60.0, 10.0, 0.0, 0.0, 0.0, 0.0, 0.0
94.32000000001244, 93.20000000012442, 0.0, 60.0, 10.0, 0.0, 0.0, 0.0, 0.0, 0.0
94.33000000001245, 93.30000000012447, 0.0, 60.0, 10.0, 0.0, 0.0, 0.0, 0.0, 0.0
94.34000000001245, 93.40000000012452, 0.0, 60.0, 10.0, 0.0, 0.0, 0.0, 0.0, 0.0
94.35000000001246, 93.50000000012457, 0.0, 60.0, 10.0, 0.0, 0.0, 0.0, 0.0, 0.0
94.36000000001246, 93.60000000012462, 0.0, 60.0, 10.0, 0.0, 0.0, 0.0, 0.0, 0.0
94.37000000001247, 93.70000000012467, 0.0, 60.0, 10.0, 0.0, 0.0, 0.0, 0.0, 0.0
94.38000000001247, 93.80000000012473, 0.0, 60.0, 10.0, 0.0, 0.0, 0.0, 0.0, 0.0
94.39000000001248, 93.90000000012478, 0.0, 60.0, 10.0, 0.0, 0.0, 0.0, 0.0, 0.0
94.40000000001248, 94.00000000012483, 0.0, 60.0, 10.0, 0.0, 0.0, 0.0, 0.0, 0.0
94.41000000001249, 94.10000000012488, 0.0, 60.0, 10.0, 0.0, 0.0, 0.0, 0.0, 0.0
94.4200000000125, 94.20000000012493, 0.0, 60.0, 10.0, 0.0, 0.0, 0.0, 0.0, 0.0
94.4300000000125, 94.30000000012498, 0.0, 60.0, 10.0, 0.0, 0.0, 0.0, 0.0, 0.0
94.4400000000125, 94.40000000012503, 0.0, 60.0, 10.0, 0.0, 0.0, 0.0, 0.0, 0.0
94.45000000001251, 94.50000000012508, 0.0, 60.0, 10.0, 0.0, 0.0, 0.0, 0.0, 0.0
94.46000000001251, 94.60000000012514, 0.0, 60.0, 10.0, 0.0, 0.0, 0.0, 0.0, 0.0
94.47000000001252, 94.70000000012519, 0.0, 60.0, 10.0, 0.0, 0.0, 0.0, 0.0, 0.0
94.48000000001252, 94.80000000012524, 0.0, 60.0, 10.0, 0.0, 0.0, 0.0, 0.0, 0.0
94.49000000001253, 94.90000000012529, 0.0, 60.0, 10.0, 0.0, 0.0, 0.0, 0.0, 0.0
94.50000000001253, 95.00000000012534, 0.0, 60.0, 10.0, 0.0, 0.0, 0.0, 0.0, 0.0
94.51000000001254, 95.10000000012539, 0.0, 60.0, 10.0, 0.0, 0.0, 0.0, 0.0, 0.0
94.52000000001254, 95.20000000012544, 0.0, 60.0, 10.0, 0.0, 0.0, 0.0, 0.0, 0.0
94.53000000001255, 95.3000000001255, 0.0, 60.0, 10.0, 0.0, 0.0, 0.0, 0.0, 0.0
94.54000000001255, 95.40000000012554, 0.0, 60.0, 10.0, 0.0, 0.0, 0.0, 0.0, 0.0
94.55000000001256, 95.5000000001256, 0.0, 60.0, 10.0, 0.0, 0.0, 0.0, 0.0, 0.0
94.56000000001256, 95.60000000012565, 0.0, 60.0, 10.0, 0.0, 0.0, 0.0, 0.0, 0.0
94.57000000001257, 95.7000000001257, 0.0, 60.0, 10.0, 0.0, 0.0, 0.0, 0.0, 0.0
94.58000000001257, 95.80000000012575, 0.0, 60.0, 10.0, 0.0, 0.0, 0.0, 0.0, 0.0
94.59000000001258, 95.9000000001258, 0.0, 60.0, 10.0, 0.0, 0.0, 0.0, 0.0, 0.0
94.60000000001259, 96.00000000012585, 0.0, 60.0, 10.0, 0.0, 0.0, 0.0, 0.0, 0.0
94.61000000001259, 96.1000000001259, 0.0, 60.0, 10.0, 0.0, 0.0, 0.0, 0.0, 0.0
94.6200000000126, 96.20000000012595, 0.0, 60.0, 10.0, 0.0, 0.0, 0.0, 0.0, 0.0
94.6300000000126, 96.300000000126, 0.0, 60.0, 10.0, 0.0, 0.0, 0.0, 0.0, 0.0
94.6400000000126, 96.40000000012606, 0.0, 60.0, 10.0, 0.0, 0.0, 0.0, 0.0, 0.0
94.65000000001261, 96.50000000012611, 0.0, 60.0, 10.0, 0.0, 0.0, 0.0, 0.0, 0.0
94.66000000001262, 96.60000000012616, 0.0, 60.0, 10.0, 0.0, 0.0, 0.0, 0.0, 0.0
94.67000000001262, 96.70000000012621, 0.0, 60.0, 10.0, 0.0, 0.0, 0.0, 0.0, 0.0
94.68000000001263, 96.80000000012626, 0.0, 60.0, 10.0, 0.0, 0.0, 0.0, 0.0, 0.0
94.69000000001263, 96.90000000012631, 0.0, 60.0, 10.0, 0.0, 0.0, 0.0, 0.0, 0.0
94.70000000001264, 97.00000000012636, 0.0, 60.0, 10.0, 0.0, 0.0, 0.0, 0.0, 0.0
94.71000000001264, 97.10000000012641, 0.0, 60.0, 10.0, 0.0, 0.0, 0.0, 0.0, 0.0
94.72000000001265, 97.20000000012647, 0.0, 60.0, 10.0, 0.0, 0.0, 0.0, 0.0, 0.0
94.73000000001265, 97.30000000012652, 0.0, 60.0, 10.0, 0.0, 0.0, 0.0, 0.0, 0.0
94.74000000001266, 97.40000000012657, 0.0, 60.0, 10.0, 0.0, 0.0, 0.0, 0.0, 0.0
94.75000000001266, 97.50000000012662, 0.0, 60.0, 10.0, 0.0, 0.0, 0.0, 0.0, 0.0
94.76000000001267, 97.60000000012667, 0.0, 60.0, 10.0, 0.0, 0.0, 0.0, 0.0, 0.0
94.77000000001267, 97.70000000012672, 0.0, 60.0, 10.0, 0.0, 0.0, 0.0, 0.0, 0.0
94.78000000001268, 97.80000000012677, 0.0, 60.0, 10.0, 0.0, 0.0, 0.0, 0.0, 0.0
94.79000000001268, 97.90000000012682, 0.0, 60.0, 10.0, 0.0, 0.0, 0.0, 0.0, 0.0
94.80000000001269, 98.00000000012687, 0.0, 60.0, 10.0, 0.0, 0.0, 0.0, 0.0, 0.0
94.81000000001269, 98.10000000012693, 0.0, 60.0, 10.0, 0.0, 0.0, 0.0, 0.0, 0.0
94.8200000000127, 98.20000000012698, 0.0, 60.0, 10.0, 0.0, 0.0, 0.0, 0.0, 0.0
94.8300000000127, 98.30000000012703, 0.0, 60.0, 10.0, 0.0, 0.0, 0.0, 0.0, 0.0
94.84000000001271, 98.40000000012708, 0.0, 60.0, 10.0, 0.0, 0.0, 0.0, 0.0, 0.0
94.85000000001271, 98.50000000012713, 0.0, 60.0, 10.0, 0.0, 0.0, 0.0, 0.0, 0.0
94.86000000001272, 98.60000000012718, 0.0, 60.0, 10.0, 0.0, 0.0, 0.0, 0.0, 0.0
94.87000000001272, 98.70000000012723, 0.0, 60.0, 10.0, 0.0, 0.0, 0.0, 0.0, 0.0
94.88000000001273, 98.80000000012728, 0.0, 60.0, 10.0, 0.0, 0.0, 0.0, 0.0, 0.0
94.89000000001273, 98.90000000012733, 0.0, 60.0, 10.0, 0.0, 0.0, 0.0, 0.0, 0.0
94.90000000001274, 99.00000000012739, 0.0, 60.0, 10.0, 0.0, 0.0, 0.0, 0.0, 0.0
94.91000000001274, 99.10000000012744, 0.0, 60.0, 10.0, 0.0, 0.0, 0.0, 0.0, 0.0
94.92000000001275, 99.20000000012749, 0.0, 60.0, 10.0, 0.0, 0.0, 0.0, 0.0, 0.0
94.93000000001275, 99.30000000012754, 0.0, 60.0, 10.0, 0.0, 0.0, 0.0, 0.0, 0.0
94.94000000001276, 99.40000000012759, 0.0, 60.0, 10.0, 0.0, 0.0, 0.0, 0.0, 0.0
94.95000000001276, 99.50000000012764, 0.0, 60.0, 10.0, 0.0, 0.0, 0.0, 0.0, 0.0
94.96000000001277, 99.6000000001277, 0.0, 60.0, 10.0, 0.0, 0.0, 0.0, 0.0, 0.0
94.97000000001277, 99.70000000012774, 0.0, 60.0, 10.0, 0.0, 0.0, 0.0, 0.0, 0.0
94.98000000001278, 99.8000000001278, 0.0, 60.0, 10.0, 0.0, 0.0, 0.0, 0.0, 0.0
94.99000000001278, 99.90000000012785, 0.0, 60.0, 10.0, 0.0, 0.0, 0.0, 0.0, 0.0
95.00000000001279, 100.0000000001279, 0.0, 60.0, 10.0, 0.0, 0.0, 0.0, 0.0, 0.0
95.0100000000128, 100.10000000012795, 0.0, 60.0, 10.0, 0.0, 0.0, 0.0, 0.0, 0.0
95.0200000000128, 100.200000000128, 0.0, 60.0, 10.0, 0.0, 0.0, 0.0, 0.0, 0.0
95.0300000000128, 100.30000000012805, 0.0, 60.0, 10.0, 0.0, 0.0, 0.0, 0.0, 0.0
95.04000000001281, 100.4000000001281, 0.0, 60.0, 10.0, 0.0, 0.0, 0.0, 0.0, 0.0
95.05000000001282, 100.50000000012815, 0.0, 60.0, 10.0, 0.0, 0.0, 0.0, 0.0, 0.0
95.06000000001282, 100.6000000001282, 0.0, 60.0, 10.0, 0.0, 0.0, 0.0, 0.0, 0.0
95.07000000001283, 100.70000000012826, 0.0, 60.0, 10.0, 0.0, 0.0, 0.0, 0.0, 0.0
95.08000000001283, 100.8000000001283, 0.0, 60.0, 10.0, 0.0, 0.0, 0.0, 0.0, 0.0
95.09000000001284, 100.90000000012836, 0.0, 60.0, 10.0, 0.0, 0.0, 0.0, 0.0, 0.0
95.10000000001284, 101.00000000012841, 0.0, 60.0, 10.0, 0.0, 0.0, 0.0, 0.0, 0.0
95.11000000001285, 101.10000000012846, 0.0, 60.0, 10.0, 0.0, 0.0, 0.0, 0.0, 0.0
95.12000000001285, 101.20000000012851, 0.0, 60.0, 10.0, 0.0, 0.0, 0.0, 0.0, 0.0
95.13000000001286, 101.30000000012856, 0.0, 60.0, 10.0, 0.0, 0.0, 0.0, 0.0, 0.0
95.14000000001286, 101.40000000012861, 0.0, 60.0, 10.0, 0.0, 0.0, 0.0, 0.0, 0.0
95.15000000001287, 101.50000000012867, 0.0, 60.0, 10.0, 0.0, 0.0, 0.0, 0.0, 0.0
95.16000000001287, 101.60000000012872, 0.0, 60.0, 10.0, 0.0, 0.0, 0.0, 0.0, 0.0
95.17000000001288, 101.70000000012877, 0.0, 60.0, 10.0, 0.0, 0.0, 0.0, 0.0, 0.0
95.18000000001288, 101.80000000012882, 0.0, 60.0, 10.0, 0.0, 0.0, 0.0, 0.0, 0.0
95.19000000001289, 101.90000000012887, 0.0, 60.0, 10.0, 0.0, 0.0, 0.0, 0.0, 0.0
95.20000000001289, 102.00000000012892, 0.0, 60.0, 10.0, 0.0, 0.0, 0.0, 0.0, 0.0
95.2100000000129, 102.10000000012897, 0.0, 60.0, 10.0, 0.0, 0.0, 0.0, 0.0, 0.0
95.2200000000129, 102.20000000012902, 0.0, 60.0, 10.0, 0.0, 0.0, 0.0, 0.0, 0.0
95.23000000001291, 102.30000000012907, 0.0, 60.0, 10.0, 0.0, 0.0, 0.0, 0.0, 0.0
95.24000000001291, 102.40000000012913, 0.0, 60.0, 10.0, 0.0, 0.0, 0.0, 0.0, 0.0
95.25000000001292, 102.50000000012918, 0.0, 60.0, 10.0, 0.0, 0.0, 0.0, 0.0, 0.0
95.26000000001292, 102.60000000012923, 0.0, 60.0, 10.0, 0.0, 0.0, 0.0, 0.0, 0.0
95.27000000001293, 102.70000000012928, 0.0, 60.0, 10.0, 0.0, 0.0, 0.0, 0.0, 0.0
95.28000000001293, 102.80000000012933, 0.0, 60.0, 10.0, 0.0, 0.0, 0.0, 0.0, 0.0
95.29000000001294, 102.90000000012938, 0.0, 60.0, 10.0, 0.0, 0.0, 0.0, 0.0, 0.0
95.30000000001294, 103.00000000012943, 0.0, 60.0, 10.0, 0.0, 0.0, 0.0, 0.0, 0.0
95.31000000001295, 103.10000000012948, 0.0, 60.0, 10.0, 0.0, 0.0, 0.0, 0.0, 0.0
95.32000000001295, 103.20000000012953, 0.0, 60.0, 10.0, 0.0, 0.0, 0.0, 0.0, 0.0
95.33000000001296, 103.30000000012959, 0.0, 60.0, 10.0, 0.0, 0.0, 0.0, 0.0, 0.0
95.34000000001296, 103.40000000012964, 0.0, 60.0, 10.0, 0.0, 0.0, 0.0, 0.0, 0.0
95.35000000001297, 103.50000000012969, 0.0, 60.0, 10.0, 0.0, 0.0, 0.0, 0.0, 0.0
95.36000000001297, 103.60000000012974, 0.0, 60.0, 10.0, 0.0, 0.0, 0.0, 0.0, 0.0
95.37000000001298, 103.70000000012979, 0.0, 60.0, 10.0, 0.0, 0.0, 0.0, 0.0, 0.0
95.38000000001298, 103.80000000012984, 0.0, 60.0, 10.0, 0.0, 0.0, 0.0, 0.0, 0.0
95.39000000001299, 103.9000000001299, 0.0, 60.0, 10.0, 0.0, 0.0, 0.0, 0.0, 0.0
95.400000000013, 104.00000000012994, 0.0, 60.0, 10.0, 0.0, 0.0, 0.0, 0.0, 0.0
95.410000000013, 104.10000000013, 0.0, 60.0, 10.0, 0.0, 0.0, 0.0, 0.0, 0.0
95.420000000013, 104.20000000013005, 0.0, 60.0, 10.0, 0.0, 0.0, 0.0, 0.0, 0.0
95.43000000001301, 104.3000000001301, 0.0, 60.0, 10.0, 0.0, 0.0, 0.0, 0.0, 0.0
95.44000000001301, 104.40000000013015, 0.0, 60.0, 10.0, 0.0, 0.0, 0.0, 0.0, 0.0
95.45000000001302, 104.5000000001302, 0.0, 60.0, 10.0, 0.0, 0.0, 0.0, 0.0, 0.0
95.46000000001303, 104.60000000013025, 0.0, 60.0, 10.0, 0.0, 0.0, 0.0, 0.0, 0.0
95.47000000001303, 104.7000000001303, 0.0, 60.0, 10.0, 0.0, 0.0, 0.0, 0.0, 0.0
95.48000000001304, 104.80000000013035, 0.0, 60.0, 10.0, 0.0, 0.0, 0.0, 0.0, 0.0
95.49000000001304, 104.9000000001304, 0.0, 60.0, 10.0, 0.0, 0.0, 0.0, 0.0, 0.0
95.50000000001305, 105.00000000013046, 0.0, 60.0, 10.0, 0.0, 0.0, 0.0, 0.0, 0.0
95.51000000001305, 105.1000000001305, 0.0, 60.0, 10.0, 0.0, 0.0, 0.0, 0.0, 0.0
95.52000000001306, 105.20000000013056, 0.0, 60.0, 10.0, 0.0, 0.0, 0.0, 0.0, 0.0
95.53000000001306, 105.30000000013061, 0.0, 60.0, 10.0, 0.0, 0.0, 0.0, 0.0, 0.0
95.54000000001307, 105.40000000013066, 0.0, 60.0, 10.0, 0.0, 0.0, 0.0, 0.0, 0.0
95.55000000001307, 105.50000000013071, 0.0, 60.0, 10.0, 0.0, 0.0, 0.0, 0.0, 0.0
95.56000000001308, 105.60000000013076, 0.0, 60.0, 10.0, 0.0, 0.0, 0.0, 0.0, 0.0
95.57000000001308, 105.70000000013081, 0.0, 60.0, 10.0, 0.0, 0.0, 0.0, 0.0, 0.0
95.58000000001309, 105.80000000013086, 0.0, 60.0, 10.0, 0.0, 0.0, 0.0, 0.0, 0.0
95.59000000001309, 105.90000000013092, 0.0, 60.0, 10.0, 0.0, 0.0, 0.0, 0.0, 0.0
95.6000000000131, 106.00000000013097, 0.0, 60.0, 10.0, 0.0, 0.0, 0.0, 0.0, 0.0
95.6100000000131, 106.10000000013102, 0.0, 60.0, 10.0, 0.0, 0.0, 0.0, 0.0, 0.0
95.6200000000131, 106.20000000013107, 0.0, 60.0, 10.0, 0.0, 0.0, 0.0, 0.0, 0.0
95.63000000001311, 106.30000000013112, 0.0, 60.0, 10.0, 0.0, 0.0, 0.0, 0.0, 0.0
95.64000000001312, 106.40000000013117, 0.0, 60.0, 10.0, 0.0, 0.0, 0.0, 0.0, 0.0
95.65000000001312, 106.50000000013122, 0.0, 60.0, 10.0, 0.0, 0.0, 0.0, 0.0, 0.0
95.66000000001313, 106.60000000013127, 0.0, 60.0, 10.0, 0.0, 0.0, 0.0, 0.0, 0.0
95.67000000001313, 106.70000000013133, 0.0, 60.0, 10.0, 0.0, 0.0, 0.0, 0.0, 0.0
95.68000000001314, 106.80000000013138, 0.0, 60.0, 10.0, 0.0, 0.0, 0.0, 0.0, 0.0
95.69000000001314, 106.90000000013143, 0.0, 60.0, 10.0, 0.0, 0.0, 0.0, 0.0, 0.0
95.70000000001315, 107.00000000013148, 0.0, 60.0, 10.0, 0.0, 0.0, 0.0, 0.0, 0.0
95.71000000001315, 107.10000000013153, 0.0, 60.0, 10.0, 0.0, 0.0, 0.0, 0.0, 0.0
95.72000000001316, 107.20000000013158, 0.0, 60.0, 10.0, 0.0, 0.0, 0.0, 0.0, 0.0
95.73000000001316, 107.30000000013163, 0.0, 60.0, 10.0, 0.0, 0.0, 0.0, 0.0, 0.0
95.74000000001317, 107.40000000013168, 0.0, 60.0, 10.0, 0.0, 0.0, 0.0, 0.0, 0.0
95.75000000001317, 107.50000000013173, 0.0, 60.0, 10.0, 0.0, 0.0, 0.0, 0.0, 0.0
95.76000000001318, 107.60000000013179, 0.0, 60.0, 10.0, 0.0, 0.0, 0.0, 0.0, 0.0
95.77000000001318, 107.70000000013184, 0.0, 60.0, 10.0, 0.0, 0.0, 0.0, 0.0, 0.0
95.78000000001319, 107.80000000013189, 0.0, 60.0, 10.0, 0.0, 0.0, 0.0, 0.0, 0.0
95.7900000000132, 107.90000000013194, 0.0, 60.0, 10.0, 0.0, 0.0, 0.0, 0.0, 0.0
95.8000000000132, 108.00000000013199, 0.0, 60.0, 10.0, 0.0, 0.0, 0.0, 0.0, 0.0
95.8100000000132, 108.10000000013204, 0.0, 60.0, 10.0, 0.0, 0.0, 0.0, 0.0, 0.0
95.82000000001321, 108.20000000013209, 0.0, 60.0, 10.0, 0.0, 0.0, 0.0, 0.0, 0.0
95.83000000001321, 108.30000000013214, 0.0, 60.0, 10.0, 0.0, 0.0, 0.0, 0.0, 0.0
95.84000000001322, 108.4000000001322, 0.0, 60.0, 10.0, 0.0, 0.0, 0.0, 0.0, 0.0
95.85000000001322, 108.50000000013225, 0.0, 60.0, 10.0, 0.0, 0.0, 0.0, 0.0, 0.0
95.86000000001323, 108.6000000001323, 0.0, 60.0, 10.0, 0.0, 0.0, 0.0, 0.0, 0.0
95.87000000001323, 108.70000000013235, 0.0, 60.0, 10.0, 0.0, 0.0, 0.0, 0.0, 0.0
95.88000000001324, 108.8000000001324, 0.0, 60.0, 10.0, 0.0, 0.0, 0.0, 0.0, 0.0
95.89000000001325, 108.90000000013245, 0.0, 60.0, 10.0, 0.0, 0.0, 0.0, 0.0, 0.0
95.90000000001325, 109.0000000001325, 0.0, 60.0, 10.0, 0.0, 0.0, 0.0, 0.0, 0.0
95.91000000001326, 109.10000000013255, 0.0, 60.0, 10.0, 0.0, 0.0, 0.0, 0.0, 0.0
95.92000000001326, 109.2000000001326, 0.0, 60.0, 10.0, 0.0, 0.0, 0.0, 0.0, 0.0
95.93000000001327, 109.30000000013266, 0.0, 60.0, 10.0, 0.0, 0.0, 0.0, 0.0, 0.0
95.94000000001327, 109.4000000001327, 0.0, 60.0, 10.0, 0.0, 0.0, 0.0, 0.0, 0.0
95.95000000001328, 109.50000000013276, 0.0, 60.0, 10.0, 0.0, 0.0, 0.0, 0.0, 0.0
95.96000000001328, 109.60000000013281, 0.0, 60.0, 10.0, 0.0, 0.0, 0.0, 0.0, 0.0
95.97000000001329, 109.70000000013286, 0.0, 60.0, 10.0, 0.0, 0.0, 0.0, 0.0, 0.0
95.98000000001329, 109.80000000013291, 0.0, 60.0, 10.0, 0.0, 0.0, 0.0, 0.0, 0.0
95.9900000000133, 109.90000000013296, 0.0, 60.0, 10.0, 0.0, 0.0, 0.0, 0.0, 0.0
96.0000000000133, 110.00000000013301, 0.0, 60.0, 10.0, 0.0, 0.0, 0.0, 0.0, 0.0
96.0100000000133, 110.10000000013306, 0.0, 60.0, 10.0, 0.0, 0.0, 0.0, 0.0, 0.0
96.02000000001331, 110.20000000013312, 0.0, 60.0, 10.0, 0.0, 0.0, 0.0, 0.0, 0.0
96.03000000001332, 110.30000000013317, 0.0, 60.0, 10.0, 0.0, 0.0, 0.0, 0.0, 0.0
96.04000000001332, 110.40000000013322, 0.0, 60.0, 10.0, 0.0, 0.0, 0.0, 0.0, 0.0
96.05000000001333, 110.50000000013327, 0.0, 60.0, 10.0, 0.0, 0.0, 0.0, 0.0, 0.0
96.06000000001333, 110.60000000013332, 0.0, 60.0, 10.0, 0.0, 0.0, 0.0, 0.0, 0.0
96.07000000001334, 110.70000000013337, 0.0, 60.0, 10.0, 0.0, 0.0, 0.0, 0.0, 0.0
96.08000000001334, 110.80000000013342, 0.0, 60.0, 10.0, 0.0, 0.0, 0.0, 0.0, 0.0
96.09000000001335, 110.90000000013347, 0.0, 60.0, 10.0, 0.0, 0.0, 0.0, 0.0, 0.0
96.10000000001335, 111.00000000013353, 0.0, 60.0, 10.0, 0.0, 0.0, 0.0, 0.0, 0.0
96.11000000001336, 111.10000000013358, 0.0, 60.0, 10.0, 0.0, 0.0, 0.0, 0.0, 0.0
96.12000000001336, 111.20000000013363, 0.0, 60.0, 10.0, 0.0, 0.0, 0.0, 0.0, 0.0
96.13000000001337, 111.30000000013368, 0.0, 60.0, 10.0, 0.0, 0.0, 0.0, 0.0, 0.0
96.14000000001337, 111.40000000013373, 0.0, 60.0, 10.0, 0.0, 0.0, 0.0, 0.0, 0.0
96.15000000001338, 111.50000000013378, 0.0, 60.0, 10.0, 0.0, 0.0, 0.0, 0.0, 0.0
96.16000000001338, 111.60000000013383, 0.0, 60.0, 10.0, 0.0, 0.0, 0.0, 0.0, 0.0
96.17000000001339, 111.70000000013388, 0.0, 60.0, 10.0, 0.0, 0.0, 0.0, 0.0, 0.0
96.1800000000134, 111.80000000013393, 0.0, 60.0, 10.0, 0.0, 0.0, 0.0, 0.0, 0.0
96.1900000000134, 111.90000000013399, 0.0, 60.0, 10.0, 0.0, 0.0, 0.0, 0.0, 0.0
96.2000000000134, 112.00000000013404, 0.0, 60.0, 10.0, 0.0, 0.0, 0.0, 0.0, 0.0
96.21000000001341, 112.10000000013409, 0.0, 60.0, 10.0, 0.0, 0.0, 0.0, 0.0, 0.0
96.22000000001341, 112.20000000013414, 0.0, 60.0, 10.0, 0.0, 0.0, 0.0, 0.0, 0.0
96.23000000001342, 112.30000000013419, 0.0, 60.0, 10.0, 0.0, 0.0, 0.0, 0.0, 0.0
96.24000000001342, 112.40000000013424, 0.0, 60.0, 10.0, 0.0, 0.0, 0.0, 0.0, 0.0
96.25000000001343, 112.50000000013429, 0.0, 60.0, 10.0, 0.0, 0.0, 0.0, 0.0, 0.0
96.26000000001343, 112.60000000013434, 0.0, 60.0, 10.0, 0.0, 0.0, 0.0, 0.0, 0.0
96.27000000001344, 112.7000000001344, 0.0, 60.0, 10.0, 0.0, 0.0, 0.0, 0.0, 0.0
96.28000000001344, 112.80000000013445, 0.0, 60.0, 10.0, 0.0, 0.0, 0.0, 0.0, 0.0
96.29000000001345, 112.9000000001345, 0.0, 60.0, 10.0, 0.0, 0.0, 0.0, 0.0, 0.0
96.30000000001345, 113.00000000013455, 0.0, 60.0, 10.0, 0.0, 0.0, 0.0, 0.0, 0.0
96.31000000001346, 113.1000000001346, 0.0, 60.0, 10.0, 0.0, 0.0, 0.0, 0.0, 0.0
96.32000000001347, 113.20000000013465, 0.0, 60.0, 10.0, 0.0, 0.0, 0.0, 0.0, 0.0
96.33000000001347, 113.3000000001347, 0.0, 60.0, 10.0, 0.0, 0.0, 0.0, 0.0, 0.0
96.34000000001348, 113.40000000013475, 0.0, 60.0, 10.0, 0.0, 0.0, 0.0, 0.0, 0.0
96.35000000001348, 113.5000000001348, 0.0, 60.0, 10.0, 0.0, 0.0, 0.0, 0.0, 0.0
96.36000000001349, 113.60000000013486, 0.0, 60.0, 10.0, 0.0, 0.0, 0.0, 0.0, 0.0
96.37000000001349, 113.7000000001349, 0.0, 60.0, 10.0, 0.0, 0.0, 0.0, 0.0, 0.0
96.3800000000135, 113.80000000013496, 0.0, 60.0, 10.0, 0.0, 0.0, 0.0, 0.0, 0.0
96.3900000000135, 113.90000000013501, 0.0, 60.0, 10.0, 0.0, 0.0, 0.0, 0.0, 0.0
96.4000000000135, 114.00000000013506, 0.0, 60.0, 10.0, 0.0, 0.0, 0.0, 0.0, 0.0
96.41000000001351, 114.10000000013511, 0.0, 60.0, 10.0, 0.0, 0.0, 0.0, 0.0, 0.0
96.42000000001352, 114.20000000013516, 0.0, 60.0, 10.0, 0.0, 0.0, 0.0, 0.0, 0.0
96.43000000001352, 114.30000000013521, 0.0, 60.0, 10.0, 0.0, 0.0, 0.0, 0.0, 0.0
96.44000000001353, 114.40000000013526, 0.0, 60.0, 10.0, 0.0, 0.0, 0.0, 0.0, 0.0
96.45000000001353, 114.50000000013532, 0.0, 60.0, 10.0, 0.0, 0.0, 0.0, 0.0, 0.0
96.46000000001354, 114.60000000013537, 0.0, 60.0, 10.0, 0.0, 0.0, 0.0, 0.0, 0.0
96.47000000001354, 114.70000000013542, 0.0, 60.0, 10.0, 0.0, 0.0, 0.0, 0.0, 0.0
96.48000000001355, 114.80000000013547, 0.0, 60.0, 10.0, 0.0, 0.0, 0.0, 0.0, 0.0
96.49000000001355, 114.90000000013552, 0.0, 60.0, 10.0, 0.0, 0.0, 0.0, 0.0, 0.0
96.50000000001356, 115.00000000013557, 0.0, 60.0, 10.0, 0.0, 0.0, 0.0, 0.0, 0.0
96.51000000001356, 115.10000000013562, 0.0, 60.0, 10.0, 0.0, 0.0, 0.0, 0.0, 0.0
96.52000000001357, 115.20000000013567, 0.0, 60.0, 10.0, 0.0, 0.0, 0.0, 0.0, 0.0
96.53000000001357, 115.30000000013573, 0.0, 60.0, 10.0, 0.0, 0.0, 0.0, 0.0, 0.0
96.54000000001358, 115.40000000013578, 0.0, 60.0, 10.0, 0.0, 0.0, 0.0, 0.0, 0.0
96.55000000001358, 115.50000000013583, 0.0, 60.0, 10.0, 0.0, 0.0, 0.0, 0.0, 0.0
96.56000000001359, 115.60000000013588, 0.0, 60.0, 10.0, 0.0, 0.0, 0.0, 0.0, 0.0
96.5700000000136, 115.70000000013593, 0.0, 60.0, 10.0, 0.0, 0.0, 0.0, 0.0, 0.0
96.5800000000136, 115.80000000013598, 0.0, 60.0, 10.0, 0.0, 0.0, 0.0, 0.0, 0.0
96.5900000000136, 115.90000000013603, 0.0, 60.0, 10.0, 0.0, 0.0, 0.0, 0.0, 0.0
96.60000000001361, 116.00000000013608, 0.0, 60.0, 10.0, 0.0, 0.0, 0.0, 0.0, 0.0
96.61000000001361, 116.10000000013613, 0.0, 60.0, 10.0, 0.0, 0.0, 0.0, 0.0, 0.0
96.62000000001362, 116.20000000013619, 0.0, 60.0, 10.0, 0.0, 0.0, 0.0, 0.0, 0.0
96.63000000001362, 116.30000000013624, 0.0, 60.0, 10.0, 0.0, 0.0, 0.0, 0.0, 0.0
96.64000000001363, 116.40000000013629, 0.0, 60.0, 10.0, 0.0, 0.0, 0.0, 0.0, 0.0
96.65000000001363, 116.50000000013634, 0.0, 60.0, 10.0, 0.0, 0.0, 0.0, 0.0, 0.0
96.66000000001364, 116.60000000013639, 0.0, 60.0, 10.0, 0.0, 0.0, 0.0, 0.0, 0.0
96.67000000001364, 116.70000000013644, 0.0, 60.0, 10.0, 0.0, 0.0, 0.0, 0.0, 0.0
96.68000000001365, 116.80000000013649, 0.0, 60.0, 10.0, 0.0, 0.0, 0.0, 0.0, 0.0
96.69000000001365, 116.90000000013654, 0.0, 60.0, 10.0, 0.0, 0.0, 0.0, 0.0, 0.0
96.70000000001366, 117.0000000001366, 0.0, 60.0, 10.0, 0.0, 0.0, 0.0, 0.0, 0.0
96.71000000001366, 117.10000000013665, 0.0, 60.0, 10.0, 0.0, 0.0, 0.0, 0.0, 0.0
96.72000000001367, 117.2000000001367, 0.0, 60.0, 10.0, 0.0, 0.0, 0.0, 0.0, 0.0
96.73000000001367, 117.30000000013675, 0.0, 60.0, 10.0, 0.0, 0.0, 0.0, 0.0, 0.0
96.74000000001368, 117.4000000001368, 0.0, 60.0, 10.0, 0.0, 0.0, 0.0, 0.0, 0.0
96.75000000001369, 117.50000000013685, 0.0, 60.0, 10.0, 0.0, 0.0, 0.0, 0.0, 0.0
96.76000000001369, 117.6000000001369, 0.0, 60.0, 10.0, 0.0, 0.0, 0.0, 0.0, 0.0
96.7700000000137, 117.70000000013695, 0.0, 60.0, 10.0, 0.0, 0.0, 0.0, 0.0, 0.0
96.7800000000137, 117.800000000137, 0.0, 60.0, 10.0, 0.0, 0.0, 0.0, 0.0, 0.0
96.7900000000137, 117.90000000013706, 0.0, 60.0, 10.0, 0.0, 0.0, 0.0, 0.0, 0.0
96.80000000001371, 118.0000000001371, 0.0, 60.0, 10.0, 0.0, 0.0, 0.0, 0.0, 0.0
96.81000000001372, 118.10000000013716, 0.0, 60.0, 10.0, 0.0, 0.0, 0.0, 0.0, 0.0
96.82000000001372, 118.20000000013721, 0.0, 60.0, 10.0, 0.0, 0.0, 0.0, 0.0, 0.0
96.83000000001373, 118.30000000013726, 0.0, 60.0, 10.0, 0.0, 0.0, 0.0, 0.0, 0.0
96.84000000001373, 118.40000000013731, 0.0, 60.0, 10.0, 0.0, 0.0, 0.0, 0.0, 0.0
96.85000000001374, 118.50000000013736, 0.0, 60.0, 10.0, 0.0, 0.0, 0.0, 0.0, 0.0
96.86000000001374, 118.60000000013741, 0.0, 60.0, 10.0, 0.0, 0.0, 0.0, 0.0, 0.0
96.87000000001375, 118.70000000013746, 0.0, 60.0, 10.0, 0.0, 0.0, 0.0, 0.0, 0.0
96.88000000001375, 118.80000000013752, 0.0, 60.0, 10.0, 0.0, 0.0, 0.0, 0.0, 0.0
96.89000000001376, 118.90000000013757, 0.0, 60.0, 10.0, 0.0, 0.0, 0.0, 0.0, 0.0
96.90000000001376, 119.00000000013762, 0.0, 60.0, 10.0, 0.0, 0.0, 0.0, 0.0, 0.0
96.91000000001377, 119.10000000013767, 0.0, 60.0, 10.0, 0.0, 0.0, 0.0, 0.0, 0.0
96.92000000001377, 119.20000000013772, 0.0, 60.0, 10.0, 0.0, 0.0, 0.0, 0.0, 0.0
96.93000000001378, 119.30000000013777, 0.0, 60.0, 10.0, 0.0, 0.0, 0.0, 0.0, 0.0
96.94000000001378, 119.40000000013782, 0.0, 60.0, 10.0, 0.0, 0.0, 0.0, 0.0, 0.0
96.95000000001379, 119.50000000013787, 0.0, 60.0, 10.0, 0.0, 0.0, 0.0, 0.0, 0.0
96.96000000001379, 119.60000000013792, 0.0, 60.0, 10.0, 0.0, 0.0, 0.0, 0.0, 0.0
96.9700000000138, 119.70000000013798, 0.0, 60.0, 10.0, 0.0, 0.0, 0.0, 0.0, 0.0
96.9800000000138, 119.80000000013803, 0.0, 60.0, 10.0, 0.0, 0.0, 0.0, 0.0, 0.0
96.99000000001381, 119.90000000013808, 0.0, 60.0, 10.0, 0.0, 0.0, 0.0, 0.0, 0.0
97.00000000001381, 120.00000000013813, 0.0, 60.0, 10.0, 0.0, 0.0, 0.0, 0.0, 0.0
97.01000000001382, 120.10000000013818, 0.0, 60.0, 10.0, 0.0, 0.0, 0.0, 0.0, 0.0
97.02000000001382, 120.20000000013823, 0.0, 60.0, 10.0, 0.0, 0.0, 0.0, 0.0, 0.0
97.03000000001383, 120.30000000013828, 0.0, 60.0, 10.0, 0.0, 0.0, 0.0, 0.0, 0.0
97.04000000001383, 120.40000000013833, 0.0, 60.0, 10.0, 0.0, 0.0, 0.0, 0.0, 0.0
97.05000000001384, 120.50000000013839, 0.0, 60.0, 10.0, 0.0, 0.0, 0.0, 0.0, 0.0
97.06000000001384, 120.60000000013844, 0.0, 60.0, 10.0, 0.0, 0.0, 0.0, 0.0, 0.0
97.07000000001385, 120.70000000013849, 0.0, 60.0, 10.0, 0.0, 0.0, 0.0, 0.0, 0.0
97.08000000001385, 120.80000000013854, 0.0, 60.0, 10.0, 0.0, 0.0, 0.0, 0.0, 0.0
97.09000000001386, 120.90000000013859, 0.0, 60.0, 10.0, 0.0, 0.0, 0.0, 0.0, 0.0
97.10000000001386, 121.00000000013864, 0.0, 60.0, 10.0, 0.0, 0.0, 0.0, 0.0, 0.0
97.11000000001387, 121.10000000013869, 0.0, 60.0, 10.0, 0.0, 0.0, 0.0, 0.0, 0.0
97.12000000001387, 121.20000000013874, 0.0, 60.0, 10.0, 0.0, 0.0, 0.0, 0.0, 0.0
97.13000000001388, 121.3000000001388, 0.0, 60.0, 10.0, 0.0, 0.0, 0.0, 0.0, 0.0
97.14000000001388, 121.40000000013885, 0.0, 60.0, 10.0, 0.0, 0.0, 0.0, 0.0, 0.0
97.15000000001389, 121.5000000001389, 0.0, 60.0, 10.0, 0.0, 0.0, 0.0, 0.0, 0.0
97.1600000000139, 121.60000000013895, 0.0, 60.0, 10.0, 0.0, 0.0, 0.0, 0.0, 0.0
97.1700000000139, 121.700000000139, 0.0, 60.0, 10.0, 0.0, 0.0, 0.0, 0.0, 0.0
97.1800000000139, 121.80000000013905, 0.0, 60.0, 10.0, 0.0, 0.0, 0.0, 0.0, 0.0
97.19000000001391, 121.9000000001391, 0.0, 60.0, 10.0, 0.0, 0.0, 0.0, 0.0, 0.0
97.20000000001392, 122.00000000013915, 0.0, 60.0, 10.0, 0.0, 0.0, 0.0, 0.0, 0.0
97.21000000001392, 122.1000000001392, 0.0, 60.0, 10.0, 0.0, 0.0, 0.0, 0.0, 0.0
97.22000000001393, 122.20000000013926, 0.0, 60.0, 10.0, 0.0, 0.0, 0.0, 0.0, 0.0
97.23000000001393, 122.3000000001393, 0.0, 60.0, 10.0, 0.0, 0.0, 0.0, 0.0, 0.0
97.24000000001394, 122.40000000013936, 0.0, 60.0, 10.0, 0.0, 0.0, 0.0, 0.0, 0.0
97.25000000001394, 122.50000000013941, 0.0, 60.0, 10.0, 0.0, 0.0, 0.0, 0.0, 0.0
97.26000000001395, 122.60000000013946, 0.0, 60.0, 10.0, 0.0, 0.0, 0.0, 0.0, 0.0
97.27000000001395, 122.70000000013951, 0.0, 60.0, 10.0, 0.0, 0.0, 0.0, 0.0, 0.0
97.28000000001396, 122.80000000013956, 0.0, 60.0, 10.0, 0.0, 0.0, 0.0, 0.0, 0.0
97.29000000001396, 122.90000000013961, 0.0, 60.0, 10.0, 0.0, 0.0, 0.0, 0.0, 0.0
97.30000000001397, 123.00000000013966, 0.0, 60.0, 10.0, 0.0, 0.0, 0.0, 0.0, 0.0
97.31000000001397, 123.10000000013972, 0.0, 60.0, 10.0, 0.0, 0.0, 0.0, 0.0, 0.0
97.32000000001398, 123.20000000013977, 0.0, 60.0, 10.0, 0.0, 0.0, 0.0, 0.0, 0.0
97.33000000001398, 123.30000000013982, 0.0, 60.0, 10.0, 0.0, 0.0, 0.0, 0.0, 0.0
97.34000000001399, 123.40000000013987, 0.0, 60.0, 10.0, 0.0, 0.0, 0.0, 0.0, 0.0
97.35000000001399, 123.50000000013992, 0.0, 60.0, 10.0, 0.0, 0.0, 0.0, 0.0, 0.0
97.360000000014, 123.60000000013997, 0.0, 60.0, 10.0, 0.0, 0.0, 0.0, 0.0, 0.0
97.370000000014, 123.70000000014002, 0.0, 60.0, 10.0, 0.0, 0.0, 0.0, 0.0, 0.0
97.38000000001401, 123.80000000014007, 0.0, 60.0, 10.0, 0.0, 0.0, 0.0, 0.0, 0.0
97.39000000001401, 123.90000000014012, 0.0, 60.0, 10.0, 0.0, 0.0, 0.0, 0.0, 0.0
97.40000000001402, 124.00000000014018, 0.0, 60.0, 10.0, 0.0, 0.0, 0.0, 0.0, 0.0
97.41000000001402, 124.10000000014023, 0.0, 60.0, 10.0, 0.0, 0.0, 0.0, 0.0, 0.0
97.42000000001403, 124.20000000014028, 0.0, 60.0, 10.0, 0.0, 0.0, 0.0, 0.0, 0.0
97.43000000001403, 124.30000000014033, 0.0, 60.0, 10.0, 0.0, 0.0, 0.0, 0.0, 0.0
97.44000000001404, 124.40000000014038, 0.0, 60.0, 10.0, 0.0, 0.0, 0.0, 0.0, 0.0
97.45000000001404, 124.50000000014043, 0.0, 60.0, 10.0, 0.0, 0.0, 0.0, 0.0, 0.0
97.46000000001405, 124.60000000014048, 0.0, 60.0, 10.0, 0.0, 0.0, 0.0, 0.0, 0.0
97.47000000001405, 124.70000000014053, 0.0, 60.0, 10.0, 0.0, 0.0, 0.0, 0.0, 0.0
97.48000000001406, 124.80000000014059, 0.0, 60.0, 10.0, 0.0, 0.0, 0.0, 0.0, 0.0
97.49000000001406, 124.90000000014064, 0.0, 60.0, 10.0, 0.0, 0.0, 0.0, 0.0, 0.0
97.50000000001407, 125.00000000014069, 0.0, 60.0, 10.0, 0.0, 0.0, 0.0, 0.0, 0.0
97.51000000001407, 125.10000000014074, 0.0, 60.0, 10.0, 0.0, 0.0, 0.0, 0.0, 0.0
97.52000000001408, 125.20000000014079, 0.0, 60.0, 10.0, 0.0, 0.0, 0.0, 0.0, 0.0
97.53000000001408, 125.30000000014084, 0.0, 60.0, 10.0, 0.0, 0.0, 0.0, 0.0, 0.0
97.54000000001409, 125.40000000014089, 0.0, 60.0, 10.0, 0.0, 0.0, 0.0, 0.0, 0.0
97.5500000000141, 125.50000000014094, 0.0, 60.0, 10.0, 0.0, 0.0, 0.0, 0.0, 0.0
97.5600000000141, 125.600000000141, 0.0, 60.0, 10.0, 0.0, 0.0, 0.0, 0.0, 0.0
97.5700000000141, 125.70000000014105, 0.0, 60.0, 10.0, 0.0, 0.0, 0.0, 0.0, 0.0
97.58000000001411, 125.8000000001411, 0.0, 60.0, 10.0, 0.0, 0.0, 0.0, 0.0, 0.0
97.59000000001411, 125.90000000014115, 0.0, 60.0, 10.0, 0.0, 0.0, 0.0, 0.0, 0.0
97.60000000001412, 126.0000000001412, 0.0, 60.0, 10.0, 0.0, 0.0, 0.0, 0.0, 0.0
97.61000000001413, 126.10000000014125, 0.0, 60.0, 10.0, 0.0, 0.0, 0.0, 0.0, 0.0
97.62000000001413, 126.2000000001413, 0.0, 60.0, 10.0, 0.0, 0.0, 0.0, 0.0, 0.0
97.63000000001414, 126.30000000014135, 0.0, 60.0, 10.0, 0.0, 0.0, 0.0, 0.0, 0.0
97.64000000001414, 126.4000000001414, 0.0, 60.0, 10.0, 0.0, 0.0, 0.0, 0.0, 0.0
97.65000000001415, 126.50000000014145, 0.0, 60.0, 10.0, 0.0, 0.0, 0.0, 0.0, 0.0
97.66000000001415, 126.6000000001415, 0.0, 60.0, 10.0, 0.0, 0.0, 0.0, 0.0, 0.0
97.67000000001416, 126.70000000014156, 0.0, 60.0, 10.0, 0.0, 0.0, 0.0, 0.0, 0.0
97.68000000001416, 126.80000000014161, 0.0, 60.0, 10.0, 0.0, 0.0, 0.0, 0.0, 0.0
97.69000000001417, 126.90000000014166, 0.0, 60.0, 10.0, 0.0, 0.0, 0.0, 0.0, 0.0
97.70000000001417, 127.00000000014171, 0.0, 60.0, 10.0, 0.0, 0.0, 0.0, 0.0, 0.0
97.71000000001418, 127.10000000014176, 0.0, 60.0, 10.0, 0.0, 0.0, 0.0, 0.0, 0.0
97.72000000001418, 127.20000000014181, 0.0, 60.0, 10.0, 0.0, 0.0, 0.0, 0.0, 0.0
97.73000000001419, 127.30000000014186, 0.0, 60.0, 10.0, 0.0, 0.0, 0.0, 0.0, 0.0
97.74000000001419, 127.40000000014192, 0.0, 60.0, 10.0, 0.0, 0.0, 0.0, 0.0, 0.0
97.7500000000142, 127.50000000014197, 0.0, 60.0, 10.0, 0.0, 0.0, 0.0, 0.0, 0.0
97.7600000000142, 127.60000000014202, 0.0, 60.0, 10.0, 0.0, 0.0, 0.0, 0.0, 0.0
97.7700000000142, 127.70000000014207, 0.0, 60.0, 10.0, 0.0, 0.0, 0.0, 0.0, 0.0
97.78000000001421, 127.80000000014212, 0.0, 60.0, 10.0, 0.0, 0.0, 0.0, 0.0, 0.0
97.79000000001422, 127.90000000014217, 0.0, 60.0, 10.0, 0.0, 0.0, 0.0, 0.0, 0.0
97.80000000001422, 128.00000000014222, 0.0, 60.0, 10.0, 0.0, 0.0, 0.0, 0.0, 0.0
97.81000000001423, 128.10000000014227, 0.0, 60.0, 10.0, 0.0, 0.0, 0.0, 0.0, 0.0
97.82000000001423, 128.20000000014232, 0.0, 60.0, 10.0, 0.0, 0.0, 0.0, 0.0, 0.0
97.83000000001424, 128.30000000014238, 0.0, 60.0, 10.0, 0.0, 0.0, 0.0, 0.0, 0.0
97.84000000001424, 128.40000000014243, 0.0, 60.0, 10.0, 0.0, 0.0, 0.0, 0.0, 0.0
97.85000000001425, 128.50000000014248, 0.0, 60.0, 10.0, 0.0, 0.0, 0.0, 0.0, 0.0
97.86000000001425, 128.60000000014253, 0.0, 60.0, 10.0, 0.0, 0.0, 0.0, 0.0, 0.0
97.87000000001426, 128.70000000014258, 0.0, 60.0, 10.0, 0.0, 0.0, 0.0, 0.0, 0.0
97.88000000001426, 128.80000000014263, 0.0, 60.0, 10.0, 0.0, 0.0, 0.0, 0.0, 0.0
97.89000000001427, 128.90000000014268, 0.0, 60.0, 10.0, 0.0, 0.0, 0.0, 0.0, 0.0
97.90000000001427, 129.00000000014273, 0.0, 60.0, 10.0, 0.0, 0.0, 0.0, 0.0, 0.0
97.91000000001428, 129.10000000014278, 0.0, 60.0, 10.0, 0.0, 0.0, 0.0, 0.0, 0.0
97.92000000001428, 129.20000000014284, 0.0, 60.0, 10.0, 0.0, 0.0, 0.0, 0.0, 0.0
97.93000000001429, 129.3000000001429, 0.0, 60.0, 10.0, 0.0, 0.0, 0.0, 0.0, 0.0
97.9400000000143, 129.40000000014294, 0.0, 60.0, 10.0, 0.0, 0.0, 0.0, 0.0, 0.0
97.9500000000143, 129.500000000143, 0.0, 60.0, 10.0, 0.0, 0.0, 0.0, 0.0, 0.0
97.9600000000143, 129.60000000014304, 0.0, 60.0, 10.0, 0.0, 0.0, 0.0, 0.0, 0.0
97.97000000001431, 129.7000000001431, 0.0, 60.0, 10.0, 0.0, 0.0, 0.0, 0.0, 0.0
97.98000000001431, 129.80000000014314, 0.0, 60.0, 10.0, 0.0, 0.0, 0.0, 0.0, 0.0
97.99000000001432, 129.9000000001432, 0.0, 60.0, 10.0, 0.0, 0.0, 0.0, 0.0, 0.0
98.00000000001432, 130.00000000014325, 0.0, 60.0, 10.0, 0.0, 0.0, 0.0, 0.0, 0.0
98.01000000001433, 130.1000000001433, 0.0, 60.0, 10.0, 0.0, 0.0, 0.0, 0.0, 0.0
98.02000000001433, 130.20000000014335, 0.0, 60.0, 10.0, 0.0, 0.0, 0.0, 0.0, 0.0
98.03000000001434, 130.3000000001434, 0.0, 60.0, 10.0, 0.0, 0.0, 0.0, 0.0, 0.0
98.04000000001435, 130.40000000014345, 0.0, 60.0, 10.0, 0.0, 0.0, 0.0, 0.0, 0.0
98.05000000001435, 130.5000000001435, 0.0, 60.0, 10.0, 0.0, 0.0, 0.0, 0.0, 0.0
98.06000000001436, 130.60000000014355, 0.0, 60.0, 10.0, 0.0, 0.0, 0.0, 0.0, 0.0
98.07000000001436, 130.7000000001436, 0.0, 60.0, 10.0, 0.0, 0.0, 0.0, 0.0, 0.0
98.08000000001437, 130.80000000014365, 0.0, 60.0, 10.0, 0.0, 0.0, 0.0, 0.0, 0.0
98.09000000001437, 130.9000000001437, 0.0, 60.0, 10.0, 0.0, 0.0, 0.0, 0.0, 0.0
98.10000000001438, 131.00000000014376, 0.0, 60.0, 10.0, 0.0, 0.0, 0.0, 0.0, 0.0
98.11000000001438, 131.1000000001438, 0.0, 60.0, 10.0, 0.0, 0.0, 0.0, 0.0, 0.0
98.12000000001439, 131.20000000014386, 0.0, 60.0, 10.0, 0.0, 0.0, 0.0, 0.0, 0.0
98.13000000001439, 131.3000000001439, 0.0, 60.0, 10.0, 0.0, 0.0, 0.0, 0.0, 0.0
98.1400000000144, 131.40000000014396, 0.0, 60.0, 10.0, 0.0, 0.0, 0.0, 0.0, 0.0
98.1500000000144, 131.500000000144, 0.0, 60.0, 10.0, 0.0, 0.0, 0.0, 0.0, 0.0
98.1600000000144, 131.60000000014406, 0.0, 60.0, 10.0, 0.0, 0.0, 0.0, 0.0, 0.0
98.17000000001441, 131.70000000014412, 0.0, 60.0, 10.0, 0.0, 0.0, 0.0, 0.0, 0.0
98.18000000001442, 131.80000000014417, 0.0, 60.0, 10.0, 0.0, 0.0, 0.0, 0.0, 0.0
98.19000000001442, 131.90000000014422, 0.0, 60.0, 10.0, 0.0, 0.0, 0.0, 0.0, 0.0
98.20000000001443, 132.00000000014427, 0.0, 60.0, 10.0, 0.0, 0.0, 0.0, 0.0, 0.0
98.21000000001443, 132.10000000014432, 0.0, 60.0, 10.0, 0.0, 0.0, 0.0, 0.0, 0.0
98.22000000001444, 132.20000000014437, 0.0, 60.0, 10.0, 0.0, 0.0, 0.0, 0.0, 0.0
98.23000000001444, 132.30000000014442, 0.0, 60.0, 10.0, 0.0, 0.0, 0.0, 0.0, 0.0
98.24000000001445, 132.40000000014447, 0.0, 60.0, 10.0, 0.0, 0.0, 0.0, 0.0, 0.0
98.25000000001445, 132.50000000014452, 0.0, 60.0, 10.0, 0.0, 0.0, 0.0, 0.0, 0.0
98.26000000001446, 132.60000000014458, 0.0, 60.0, 10.0, 0.0, 0.0, 0.0, 0.0, 0.0
98.27000000001446, 132.70000000014463, 0.0, 60.0, 10.0, 0.0, 0.0, 0.0, 0.0, 0.0
98.28000000001447, 132.80000000014468, 0.0, 60.0, 10.0, 0.0, 0.0, 0.0, 0.0, 0.0
98.29000000001447, 132.90000000014473, 0.0, 60.0, 10.0, 0.0, 0.0, 0.0, 0.0, 0.0
98.30000000001448, 133.00000000014478, 0.0, 60.0, 10.0, 0.0, 0.0, 0.0, 0.0, 0.0
98.31000000001448, 133.10000000014483, 0.0, 60.0, 10.0, 0.0, 0.0, 0.0, 0.0, 0.0
98.32000000001449, 133.20000000014488, 0.0, 60.0, 10.0, 0.0, 0.0, 0.0, 0.0, 0.0
98.3300000000145, 133.30000000014493, 0.0, 60.0, 10.0, 0.0, 0.0, 0.0, 0.0, 0.0
98.3400000000145, 133.40000000014498, 0.0, 60.0, 10.0, 0.0, 0.0, 0.0, 0.0, 0.0
98.3500000000145, 133.50000000014504, 0.0, 60.0, 10.0, 0.0, 0.0, 0.0, 0.0, 0.0
98.36000000001451, 133.6000000001451, 0.0, 60.0, 10.0, 0.0, 0.0, 0.0, 0.0, 0.0
98.37000000001451, 133.70000000014514, 0.0, 60.0, 10.0, 0.0, 0.0, 0.0, 0.0, 0.0
98.38000000001452, 133.8000000001452, 0.0, 60.0, 10.0, 0.0, 0.0, 0.0, 0.0, 0.0
98.39000000001452, 133.90000000014524, 0.0, 60.0, 10.0, 0.0, 0.0, 0.0, 0.0, 0.0
98.40000000001453, 134.0000000001453, 0.0, 60.0, 10.0, 0.0, 0.0, 0.0, 0.0, 0.0
98.41000000001453, 134.10000000014534, 0.0, 60.0, 10.0, 0.0, 0.0, 0.0, 0.0, 0.0
98.42000000001454, 134.2000000001454, 0.0, 60.0, 10.0, 0.0, 0.0, 0.0, 0.0, 0.0
98.43000000001454, 134.30000000014545, 0.0, 60.0, 10.0, 0.0, 0.0, 0.0, 0.0, 0.0
98.44000000001455, 134.4000000001455, 0.0, 60.0, 10.0, 0.0, 0.0, 0.0, 0.0, 0.0
98.45000000001455, 134.50000000014555, 0.0, 60.0, 10.0, 0.0, 0.0, 0.0, 0.0, 0.0
98.46000000001456, 134.6000000001456, 0.0, 60.0, 10.0, 0.0, 0.0, 0.0, 0.0, 0.0
98.47000000001456, 134.70000000014565, 0.0, 60.0, 10.0, 0.0, 0.0, 0.0, 0.0, 0.0
98.48000000001457, 134.8000000001457, 0.0, 60.0, 10.0, 0.0, 0.0, 0.0, 0.0, 0.0
98.49000000001458, 134.90000000014575, 0.0, 60.0, 10.0, 0.0, 0.0, 0.0, 0.0, 0.0
98.50000000001458, 135.0000000001458, 0.0, 60.0, 10.0, 0.0, 0.0, 0.0, 0.0, 0.0
98.51000000001459, 135.10000000014585, 0.0, 60.0, 10.0, 0.0, 0.0, 0.0, 0.0, 0.0
98.52000000001459, 135.2000000001459, 0.0, 60.0, 10.0, 0.0, 0.0, 0.0, 0.0, 0.0
98.5300000000146, 135.30000000014596, 0.0, 60.0, 10.0, 0.0, 0.0, 0.0, 0.0, 0.0
98.5400000000146, 135.400000000146, 0.0, 60.0, 10.0, 0.0, 0.0, 0.0, 0.0, 0.0
98.5500000000146, 135.50000000014606, 0.0, 60.0, 10.0, 0.0, 0.0, 0.0, 0.0, 0.0
98.56000000001461, 135.6000000001461, 0.0, 60.0, 10.0, 0.0, 0.0, 0.0, 0.0, 0.0
98.57000000001462, 135.70000000014616, 0.0, 60.0, 10.0, 0.0, 0.0, 0.0, 0.0, 0.0
98.58000000001462, 135.8000000001462, 0.0, 60.0, 10.0, 0.0, 0.0, 0.0, 0.0, 0.0
98.59000000001463, 135.90000000014626, 0.0, 60.0, 10.0, 0.0, 0.0, 0.0, 0.0, 0.0
98.60000000001463, 136.00000000014631, 0.0, 60.0, 10.0, 0.0, 0.0, 0.0, 0.0, 0.0
98.61000000001464, 136.10000000014637, 0.0, 60.0, 10.0, 0.0, 0.0, 0.0, 0.0, 0.0
98.62000000001464, 136.20000000014642, 0.0, 60.0, 10.0, 0.0, 0.0, 0.0, 0.0, 0.0
98.63000000001465, 136.30000000014647, 0.0, 60.0, 10.0, 0.0, 0.0, 0.0, 0.0, 0.0
98.64000000001465, 136.40000000014652, 0.0, 60.0, 10.0, 0.0, 0.0, 0.0, 0.0, 0.0
98.65000000001466, 136.50000000014657, 0.0, 60.0, 10.0, 0.0, 0.0, 0.0, 0.0, 0.0
98.66000000001466, 136.60000000014662, 0.0, 60.0, 10.0, 0.0, 0.0, 0.0, 0.0, 0.0
98.67000000001467, 136.70000000014667, 0.0, 60.0, 10.0, 0.0, 0.0, 0.0, 0.0, 0.0
98.68000000001467, 136.80000000014672, 0.0, 60.0, 10.0, 0.0, 0.0, 0.0, 0.0, 0.0
98.69000000001468, 136.90000000014678, 0.0, 60.0, 10.0, 0.0, 0.0, 0.0, 0.0, 0.0
98.70000000001468, 137.00000000014683, 0.0, 60.0, 10.0, 0.0, 0.0, 0.0, 0.0, 0.0
98.71000000001469, 137.10000000014688, 0.0, 60.0, 10.0, 0.0, 0.0, 0.0, 0.0, 0.0
98.72000000001469, 137.20000000014693, 0.0, 60.0, 10.0, 0.0, 0.0, 0.0, 0.0, 0.0
98.7300000000147, 137.30000000014698, 0.0, 60.0, 10.0, 0.0, 0.0, 0.0, 0.0, 0.0
98.7400000000147, 137.40000000014703, 0.0, 60.0, 10.0, 0.0, 0.0, 0.0, 0.0, 0.0
98.75000000001471, 137.50000000014708, 0.0, 60.0, 10.0, 0.0, 0.0, 0.0, 0.0, 0.0
98.76000000001471, 137.60000000014713, 0.0, 60.0, 10.0, 0.0, 0.0, 0.0, 0.0, 0.0
98.77000000001472, 137.70000000014718, 0.0, 60.0, 10.0, 0.0, 0.0, 0.0, 0.0, 0.0
98.78000000001472, 137.80000000014724, 0.0, 60.0, 10.0, 0.0, 0.0, 0.0, 0.0, 0.0
98.79000000001473, 137.9000000001473, 0.0, 60.0, 10.0, 0.0, 0.0, 0.0, 0.0, 0.0
98.80000000001473, 138.00000000014734, 0.0, 60.0, 10.0, 0.0, 0.0, 0.0, 0.0, 0.0
98.81000000001474, 138.1000000001474, 0.0, 60.0, 10.0, 0.0, 0.0, 0.0, 0.0, 0.0
98.82000000001474, 138.20000000014744, 0.0, 60.0, 10.0, 0.0, 0.0, 0.0, 0.0, 0.0
98.83000000001475, 138.3000000001475, 0.0, 60.0, 10.0, 0.0, 0.0, 0.0, 0.0, 0.0
98.84000000001475, 138.40000000014754, 0.0, 60.0, 10.0, 0.0, 0.0, 0.0, 0.0, 0.0
98.85000000001476, 138.5000000001476, 0.0, 60.0, 10.0, 0.0, 0.0, 0.0, 0.0, 0.0
98.86000000001476, 138.60000000014765, 0.0, 60.0, 10.0, 0.0, 0.0, 0.0, 0.0, 0.0
98.87000000001477, 138.7000000001477, 0.0, 60.0, 10.0, 0.0, 0.0, 0.0, 0.0, 0.0
98.88000000001477, 138.80000000014775, 0.0, 60.0, 10.0, 0.0, 0.0, 0.0, 0.0, 0.0
98.89000000001478, 138.9000000001478, 0.0, 60.0, 10.0, 0.0, 0.0, 0.0, 0.0, 0.0
98.90000000001478, 139.00000000014785, 0.0, 60.0, 10.0, 0.0, 0.0, 0.0, 0.0, 0.0
98.91000000001479, 139.1000000001479, 0.0, 60.0, 10.0, 0.0, 0.0, 0.0, 0.0, 0.0
98.9200000000148, 139.20000000014795, 0.0, 60.0, 10.0, 0.0, 0.0, 0.0, 0.0, 0.0
98.9300000000148, 139.300000000148, 0.0, 60.0, 10.0, 0.0, 0.0, 0.0, 0.0, 0.0
98.9400000000148, 139.40000000014805, 0.0, 60.0, 10.0, 0.0, 0.0, 0.0, 0.0, 0.0
98.95000000001481, 139.5000000001481, 0.0, 60.0, 10.0, 0.0, 0.0, 0.0, 0.0, 0.0
98.96000000001482, 139.60000000014816, 0.0, 60.0, 10.0, 0.0, 0.0, 0.0, 0.0, 0.0
98.97000000001482, 139.7000000001482, 0.0, 60.0, 10.0, 0.0, 0.0, 0.0, 0.0, 0.0
98.98000000001483, 139.80000000014826, 0.0, 60.0, 10.0, 0.0, 0.0, 0.0, 0.0, 0.0
98.99000000001483, 139.9000000001483, 0.0, 60.0, 10.0, 0.0, 0.0, 0.0, 0.0, 0.0
99.00000000001484, 140.00000000014836, 0.0, 60.0, 10.0, 0.0, 0.0, 0.0, 0.0, 0.0
99.01000000001484, 140.1000000001484, 0.0, 60.0, 10.0, 0.0, 0.0, 0.0, 0.0, 0.0
99.02000000001485, 140.20000000014846, 0.0, 60.0, 10.0, 0.0, 0.0, 0.0, 0.0, 0.0
99.03000000001485, 140.30000000014851, 0.0, 60.0, 10.0, 0.0, 0.0, 0.0, 0.0, 0.0
99.04000000001486, 140.40000000014857, 0.0, 60.0, 10.0, 0.0, 0.0, 0.0, 0.0, 0.0
99.05000000001486, 140.50000000014862, 0.0, 60.0, 10.0, 0.0, 0.0, 0.0, 0.0, 0.0
99.06000000001487, 140.60000000014867, 0.0, 60.0, 10.0, 0.0, 0.0, 0.0, 0.0, 0.0
99.07000000001487, 140.70000000014872, 0.0, 60.0, 10.0, 0.0, 0.0, 0.0, 0.0, 0.0
99.08000000001488, 140.80000000014877, 0.0, 60.0, 10.0, 0.0, 0.0, 0.0, 0.0, 0.0
99.09000000001488, 140.90000000014882, 0.0, 60.0, 10.0, 0.0, 0.0, 0.0, 0.0, 0.0
99.10000000001489, 141.00000000014887, 0.0, 60.0, 10.0, 0.0, 0.0, 0.0, 0.0, 0.0
99.11000000001489, 141.10000000014892, 0.0, 60.0, 10.0, 0.0, 0.0, 0.0, 0.0, 0.0
99.1200000000149, 141.20000000014898, 0.0, 60.0, 10.0, 0.0, 0.0, 0.0, 0.0, 0.0
99.1300000000149, 141.30000000014903, 0.0, 60.0, 10.0, 0.0, 0.0, 0.0, 0.0, 0.0
99.14000000001491, 141.40000000014908, 0.0, 60.0, 10.0, 0.0, 0.0, 0.0, 0.0, 0.0
99.15000000001491, 141.50000000014913, 0.0, 60.0, 10.0, 0.0, 0.0, 0.0, 0.0, 0.0
99.16000000001492, 141.60000000014918, 0.0, 60.0, 10.0, 0.0, 0.0, 0.0, 0.0, 0.0
99.17000000001492, 141.70000000014923, 0.0, 60.0, 10.0, 0.0, 0.0, 0.0, 0.0, 0.0
99.18000000001493, 141.80000000014928, 0.0, 60.0, 10.0, 0.0, 0.0, 0.0, 0.0, 0.0
99.19000000001493, 141.90000000014933, 0.0, 60.0, 10.0, 0.0, 0.0, 0.0, 0.0, 0.0
99.20000000001494, 142.00000000014938, 0.0, 60.0, 10.0, 0.0, 0.0, 0.0, 0.0, 0.0
99.21000000001494, 142.10000000014944, 0.0, 60.0, 10.0, 0.0, 0.0, 0.0, 0.0, 0.0
99.22000000001495, 142.2000000001495, 0.0, 60.0, 10.0, 0.0, 0.0, 0.0, 0.0, 0.0
99.23000000001495, 142.30000000014954, 0.0, 60.0, 10.0, 0.0, 0.0, 0.0, 0.0, 0.0
99.24000000001496, 142.4000000001496, 0.0, 60.0, 10.0, 0.0, 0.0, 0.0, 0.0, 0.0
99.25000000001496, 142.50000000014964, 0.0, 60.0, 10.0, 0.0, 0.0, 0.0, 0.0, 0.0
99.26000000001497, 142.6000000001497, 0.0, 60.0, 10.0, 0.0, 0.0, 0.0, 0.0, 0.0
99.27000000001497, 142.70000000014974, 0.0, 60.0, 10.0, 0.0, 0.0, 0.0, 0.0, 0.0
99.28000000001498, 142.8000000001498, 0.0, 60.0, 10.0, 0.0, 0.0, 0.0, 0.0, 0.0
99.29000000001498, 142.90000000014984, 0.0, 60.0, 10.0, 0.0, 0.0, 0.0, 0.0, 0.0
99.30000000001499, 143.0000000001499, 0.0, 60.0, 10.0, 0.0, 0.0, 0.0, 0.0, 0.0
99.310000000015, 143.10000000014995, 0.0, 60.0, 10.0, 0.0, 0.0, 0.0, 0.0, 0.0
99.320000000015, 143.20000000015, 0.0, 60.0, 10.0, 0.0, 0.0, 0.0, 0.0, 0.0
99.330000000015, 143.30000000015005, 0.0, 60.0, 10.0, 0.0, 0.0, 0.0, 0.0, 0.0
99.34000000001501, 143.4000000001501, 0.0, 60.0, 10.0, 0.0, 0.0, 0.0, 0.0, 0.0
99.35000000001502, 143.50000000015015, 0.0, 60.0, 10.0, 0.0, 0.0, 0.0, 0.0, 0.0
99.36000000001502, 143.6000000001502, 0.0, 60.0, 10.0, 0.0, 0.0, 0.0, 0.0, 0.0
99.37000000001503, 143.70000000015025, 0.0, 60.0, 10.0, 0.0, 0.0, 0.0, 0.0, 0.0
99.38000000001503, 143.8000000001503, 0.0, 60.0, 10.0, 0.0, 0.0, 0.0, 0.0, 0.0
99.39000000001504, 143.90000000015036, 0.0, 60.0, 10.0, 0.0, 0.0, 0.0, 0.0, 0.0
99.40000000001504, 144.0000000001504, 0.0, 60.0, 10.0, 0.0, 0.0, 0.0, 0.0, 0.0
99.41000000001505, 144.10000000015046, 0.0, 60.0, 10.0, 0.0, 0.0, 0.0, 0.0, 0.0
99.42000000001505, 144.2000000001505, 0.0, 60.0, 10.0, 0.0, 0.0, 0.0, 0.0, 0.0
99.43000000001506, 144.30000000015056, 0.0, 60.0, 10.0, 0.0, 0.0, 0.0, 0.0, 0.0
99.44000000001506, 144.4000000001506, 0.0, 60.0, 10.0, 0.0, 0.0, 0.0, 0.0, 0.0
99.45000000001507, 144.50000000015066, 0.0, 60.0, 10.0, 0.0, 0.0, 0.0, 0.0, 0.0
99.46000000001507, 144.60000000015071, 0.0, 60.0, 10.0, 0.0, 0.0, 0.0, 0.0, 0.0
99.47000000001508, 144.70000000015077, 0.0, 60.0, 10.0, 0.0, 0.0, 0.0, 0.0, 0.0
99.48000000001508, 144.80000000015082, 0.0, 60.0, 10.0, 0.0, 0.0, 0.0, 0.0, 0.0
99.49000000001509, 144.90000000015087, 0.0, 60.0, 10.0, 0.0, 0.0, 0.0, 0.0, 0.0
99.50000000001509, 145.00000000015092, 0.0, 60.0, 10.0, 0.0, 0.0, 0.0, 0.0, 0.0
99.5100000000151, 145.10000000015097, 0.0, 60.0, 10.0, 0.0, 0.0, 0.0, 0.0, 0.0
99.5200000000151, 145.20000000015102, 0.0, 60.0, 10.0, 0.0, 0.0, 0.0, 0.0, 0.0
99.53000000001511, 145.30000000015107, 0.0, 60.0, 10.0, 0.0, 0.0, 0.0, 0.0, 0.0
99.54000000001511, 145.40000000015112, 0.0, 60.0, 10.0, 0.0, 0.0, 0.0, 0.0, 0.0
99.55000000001512, 145.50000000015118, 0.0, 60.0, 10.0, 0.0, 0.0, 0.0, 0.0, 0.0
99.56000000001512, 145.60000000015123, 0.0, 60.0, 10.0, 0.0, 0.0, 0.0, 0.0, 0.0
99.57000000001513, 145.70000000015128, 0.0, 60.0, 10.0, 0.0, 0.0, 0.0, 0.0, 0.0
99.58000000001513, 145.80000000015133, 0.0, 60.0, 10.0, 0.0, 0.0, 0.0, 0.0, 0.0
99.59000000001514, 145.90000000015138, 0.0, 60.0, 10.0, 0.0, 0.0, 0.0, 0.0, 0.0
99.60000000001514, 146.00000000015143, 0.0, 60.0, 10.0, 0.0, 0.0, 0.0, 0.0, 0.0
99.61000000001515, 146.10000000015148, 0.0, 60.0, 10.0, 0.0, 0.0, 0.0, 0.0, 0.0
99.62000000001515, 146.20000000015153, 0.0, 60.0, 10.0, 0.0, 0.0, 0.0, 0.0, 0.0
99.63000000001516, 146.30000000015158, 0.0, 60.0, 10.0, 0.0, 0.0, 0.0, 0.0, 0.0
99.64000000001516, 146.40000000015164, 0.0, 60.0, 10.0, 0.0, 0.0, 0.0, 0.0, 0.0
99.65000000001517, 146.5000000001517, 0.0, 60.0, 10.0, 0.0, 0.0, 0.0, 0.0, 0.0
99.66000000001517, 146.60000000015174, 0.0, 60.0, 10.0, 0.0, 0.0, 0.0, 0.0, 0.0
99.67000000001518, 146.7000000001518, 0.0, 60.0, 10.0, 0.0, 0.0, 0.0, 0.0, 0.0
99.68000000001518, 146.80000000015184, 0.0, 60.0, 10.0, 0.0, 0.0, 0.0, 0.0, 0.0
99.69000000001519, 146.9000000001519, 0.0, 60.0, 10.0, 0.0, 0.0, 0.0, 0.0, 0.0
99.7000000000152, 147.00000000015194, 0.0, 60.0, 10.0, 0.0, 0.0, 0.0, 0.0, 0.0
99.7100000000152, 147.100000000152, 0.0, 60.0, 10.0, 0.0, 0.0, 0.0, 0.0, 0.0
99.7200000000152, 147.20000000015204, 0.0, 60.0, 10.0, 0.0, 0.0, 0.0, 0.0, 0.0
99.73000000001521, 147.3000000001521, 0.0, 60.0, 10.0, 0.0, 0.0, 0.0, 0.0, 0.0
99.74000000001521, 147.40000000015215, 0.0, 60.0, 10.0, 0.0, 0.0, 0.0, 0.0, 0.0
99.75000000001522, 147.5000000001522, 0.0, 60.0, 10.0, 0.0, 0.0, 0.0, 0.0, 0.0
99.76000000001522, 147.60000000015225, 0.0, 60.0, 10.0, 0.0, 0.0, 0.0, 0.0, 0.0
99.77000000001523, 147.7000000001523, 0.0, 60.0, 10.0, 0.0, 0.0, 0.0, 0.0, 0.0
99.78000000001524, 147.80000000015235, 0.0, 60.0, 10.0, 0.0, 0.0, 0.0, 0.0, 0.0
99.79000000001524, 147.9000000001524, 0.0, 60.0, 10.0, 0.0, 0.0, 0.0, 0.0, 0.0
99.80000000001525, 148.00000000015245, 0.0, 60.0, 10.0, 0.0, 0.0, 0.0, 0.0, 0.0
99.81000000001525, 148.1000000001525, 0.0, 60.0, 10.0, 0.0, 0.0, 0.0, 0.0, 0.0
99.82000000001526, 148.20000000015256, 0.0, 60.0, 10.0, 0.0, 0.0, 0.0, 0.0, 0.0
99.83000000001526, 148.3000000001526, 0.0, 60.0, 10.0, 0.0, 0.0, 0.0, 0.0, 0.0
99.84000000001527, 148.40000000015266, 0.0, 60.0, 10.0, 0.0, 0.0, 0.0, 0.0, 0.0
99.85000000001527, 148.5000000001527, 0.0, 60.0, 10.0, 0.0, 0.0, 0.0, 0.0, 0.0
99.86000000001528, 148.60000000015276, 0.0, 60.0, 10.0, 0.0, 0.0, 0.0, 0.0, 0.0
99.87000000001528, 148.7000000001528, 0.0, 60.0, 10.0, 0.0, 0.0, 0.0, 0.0, 0.0
99.88000000001529, 148.80000000015286, 0.0, 60.0, 10.0, 0.0, 0.0, 0.0, 0.0, 0.0
99.89000000001529, 148.90000000015291, 0.0, 60.0, 10.0, 0.0, 0.0, 0.0, 0.0, 0.0
99.9000000000153, 149.00000000015297, 0.0, 60.0, 10.0, 0.0, 0.0, 0.0, 0.0, 0.0
99.9100000000153, 149.10000000015302, 0.0, 60.0, 10.0, 0.0, 0.0, 0.0, 0.0, 0.0
99.9200000000153, 149.20000000015307, 0.0, 60.0, 10.0, 0.0, 0.0, 0.0, 0.0, 0.0
99.93000000001531, 149.30000000015312, 0.0, 60.0, 10.0, 0.0, 0.0, 0.0, 0.0, 0.0
99.94000000001532, 149.40000000015317, 0.0, 60.0, 10.0, 0.0, 0.0, 0.0, 0.0, 0.0
99.95000000001532, 149.50000000015322, 0.0, 60.0, 10.0, 0.0, 0.0, 0.0, 0.0, 0.0
99.96000000001533, 149.60000000015327, 0.0, 60.0, 10.0, 0.0, 0.0, 0.0, 0.0, 0.0
99.97000000001533, 149.70000000015332, 0.0, 60.0, 10.0, 0.0, 0.0, 0.0, 0.0, 0.0
99.98000000001534, 149.80000000015337, 0.0, 60.0, 10.0, 0.0, 0.0, 0.0, 0.0, 0.0
99.99000000001534, 149.90000000015343, 0.0, 60.0, 10.0, 0.0, 0.0, 0.0, 0.0, 0.0
100.00000000001535, 150.00000000015348, 0.0, 60.0, 10.0, 0.0, -1.4133156247276498e-23, -2.302158463860958e-12, 0.0, -1.8417267710870025e-12
100.01000000001535, 150.0999999751598, 0.0, 59.999999980011246, 9.999992502499977, 0.0, -5.995500955902695e-06, -0.001499250002300623, 0.0, -0.0011986503768381988
100.02000000001536, 150.19999980025358, 0.0, 59.999999840179946, 9.999970019999953, 0.0, -2.396401503677624e-05, -0.002997000002299086, 0.0, -0.002394603001834672
100.03000000001536, 150.29999932565988, 0.0, 59.99999946091079, 9.99993256749993, 0.0, -5.3878575992620626e-05, -0.0044932500022975465, 0.0, -0.003587860126831145
100.04000000001537, 150.3999984017537, 0.0, 59.99999872287808, 9.99988015999991, 0.0, -9.571224007343586e-05, -0.005988000002296007, 0.0, -0.004778424001827619
100.05000000001537, 150.49999687905998, 0.0, 59.999997507025384, 9.999812812499886, 0.0, -0.00014943808602922191, -0.007481250002294465, 0.0, -0.005966296876824094
100.06000000001538, 150.59999460825378, 0.0, 59.99999569456542, 9.999730539999861, 0.0, -0.00021502921510997878, -0.008973000002292921, 0.0, -0.00715148100182057
100.07000000001538, 150.69999144016006, 0.0, 59.99999316697973, 9.999633357499839, 0.0, -0.0002924587510657064, -0.010463250002291377, 0.0, -0.008333978626817047
100.08000000001539, 150.79998722575388, 0.0, 59.99998980601855, 9.999521279999817, 0.0, -0.000381699840146405, -0.011952000002289832, 0.0, -0.009513792001813523
100.0900000000154, 150.89998181616016, 0.0, 59.99998549370053, 9.999394322499795, 0.0, -0.00048272565110207437, -0.013439250002288282, 0.0, -0.010690923376810001
100.1000000000154, 150.99997506265396, 0.0, 59.99998011231249, 9.99925249999977, 0.0, -0.0005955093751827144, -0.014925000002286734, 0.0, -0.01186537500180648
100.1100000000154, 151.09996681666027, 0.0, 59.999973544409265, 9.999095827499747, 0.0, -0.0007200242261383253, -0.016409250002285183, 0.0, -0.013037149126802958
100.12000000001541, 151.19995692975408, 0.0, 59.99996567281343, 9.998924319999725, 0.0, -0.0008562434402189069, -0.01789200000228363, 0.0, -0.014206248001799439
100.13000000001541, 151.29994525366035, 0.0, 59.99995638061505, 9.9987379924997, 0.0, -0.0010041402761744593, -0.019373250002282075, 0.0, -0.015372673876795919
100.14000000001542, 151.39993164025418, 0.0, 59.99994555117157, 9.998536859999678, 0.0, -0.0011636880152549828, -0.02085300000228052, 0.0, -0.016536429001792398
100.15000000001542, 151.49991594156046, 0.0, 59.9999330681074, 9.998320937499654, 0.0, -0.0013348599612104765, -0.022331250002278966, 0.0, -0.017697515626788885
100.16000000001543, 151.59989800975427, 0.0, 59.9999188153139, 9.998090239999634, 0.0, -0.0015176294402909412, -0.023808000002277407, 0.0, -0.018855936001785364
100.17000000001543, 151.69987769716056, 0.0, 59.999902676948984, 9.99784478249961, 0.0, -0.001711969801246377, -0.025283250002275843, 0.0, -0.02001169237678185
100.18000000001544, 151.79985485625437, 0.0, 59.99988453743703, 9.997584579999588, 0.0, -0.001917854415326783, -0.02675700000227428, 0.0, -0.021164787001778332
100.19000000001544, 151.89982933966067, 0.0, 59.99986428146853, 9.997309647499565, 0.0, -0.00213525667628216, -0.02822925000227272, 0.0, -0.02231522212677482
100.20000000001545, 151.99980100015446, 0.0, 59.99984179399996, 9.99701999999954, 0.0, -0.0023641500003625075, -0.029700000002271156, 0.0, -0.023463000001771307
100.21000000001546, 152.09976969066074, 0.0, 59.99981696025352, 9.996715652499518, 0.0, -0.002604507826317826, -0.031169250002269586, 0.0, -0.02460812287676779
100.22000000001546, 152.19973526425454, 0.0, 59.9997896657169, 9.996396619999494, 0.0, -0.0028563036153981154, -0.032637000002268025, 0.0, -0.02575059300176428
100.23000000001547, 152.29969757416086, 0.0, 59.99975979614306, 9.996062917499474, 0.0, -0.003119510851353375, -0.03410325000226645, 0.0, -0.026890412626760764
100.24000000001547, 152.39965647375465, 0.0, 59.99972723755003, 9.995714559999449, 0.0, -0.003394103040433606, -0.03556800000226488, 0.0, -0.028027584001757255
100.25000000001548, 152.49961181656093, 0.0, 59.99969187622065, 9.995351562499428, 0.0, -0.003680053711388807, -0.03703125000226331, 0.0, -0.029162109376753745
100.26000000001548, 152.5995634562547, 0.0, 59.99965359870235, 9.994973939999404, 0.0, -0.003977336415468979, -0.03849300000226173, 0.0, -0.030293991001750235
100.27000000001549, 152.69951124666102, 0.0, 59.99961229180698, 9.994581707499382, 0.0, -0.004285924726424121, -0.03995325000226016, 0.0, -0.03142323112674673
100.28000000001549, 152.7994550417548, 0.0, 59.99956784261049, 9.994174879999358, 0.0, -0.0046057922405042355, -0.04141200000225858, 0.0, -0.03254983200174321
100.2900000000155, 152.89939469566113, 0.0, 59.99952013845277, 9.993753472499336, 0.0, -0.004936912576459319, -0.042869250002257, 0.0, -0.033673795876739715
100.3000000000155, 152.9993300626549, 0.0, 59.999469066937415, 9.993317499999312, 0.0, -0.0052792593755393745, -0.04432500000225542, 0.0, -0.034795125001736205
100.3100000000155, 153.09926099716122, 0.0, 59.99941451593151, 9.99286697749929, 0.0, -0.0056328063014943995, -0.04577925000225384, 0.0, -0.035913821626732706
100.32000000001551, 153.199187353755, 0.0, 59.99935637356535, 9.992401919999267, 0.0, -0.005997527040574394, -0.047232000002252264, 0.0, -0.0370298880017292
100.33000000001552, 153.2991089871613, 0.0, 59.999294528232284, 9.991922342499244, 0.0, -0.006373395301529362, -0.048683250002250676, 0.0, -0.03814332637672569
100.34000000001552, 153.39902575225508, 0.0, 59.999228868588474, 9.991428259999223, 0.0, -0.006760384815609299, -0.05013300000224909, 0.0, -0.039254139001722185
100.35000000001553, 153.49893750406136, 0.0, 59.99915928355262, 9.990919687499199, 0.0, -0.007158469336564208, -0.0515812500022475, 0.0, -0.04036232812671869
100.36000000001553, 153.59884409775518, 0.0, 59.9990856623058, 9.990396639999178, 0.0, -0.007567622640644086, -0.05302800000224591, 0.0, -0.04146789600171519
100.37000000001554, 153.69874538866145, 0.0, 59.99900789429121, 9.989859132499154, 0.0, -0.007987818526598935, -0.054473250002244324, 0.0, -0.04257084487671168
100.38000000001554, 153.79864123225528, 0.0, 59.99892586921393, 9.98930717999913, 0.0, -0.008419030815678756, -0.05591700000224273, 0.0, -0.04367117700170818
100.39000000001555, 153.89853148416154, 0.0, 59.99883947704074, 9.988740797499107, 0.0, -0.008861233351633545, -0.05735925000224113, 0.0, -0.04476889462670468
100.40000000001555, 153.99841600015534, 0.0, 59.99874860799985, 9.988159999999086, 0.0, -0.009314400000713307, -0.05880000000223954, 0.0, -0.04586400000170118
100.41000000001556, 154.09829463616163, 0.0, 59.998653152580715, 9.987564802499062, 0.0, -0.009778504651668038, -0.06023925000223794, 0.0, -0.04695649537669769
100.42000000001556, 154.19816724825543, 0.0, 59.99855300153378, 9.98695521999904, 0.0, -0.01025352121574774, -0.06167700000223634, 0.0, -0.04804638300169419
100.43000000001557, 154.29803369266173, 0.0, 59.99844804587025, 9.986331267499018, 0.0, -0.010739423626702412, -0.06311325000223474, 0.0, -0.04913366512669069
100.44000000001557, 154.39789382575552, 0.0, 59.99833817686191, 9.985692959998994, 0.0, -0.011236185840782058, -0.06454800000223315, 0.0, -0.0502183440016872
100.45000000001558, 154.4977475040618, 0.0, 59.99822328604083, 9.985040312498972, 0.0, -0.011743781836736671, -0.06598125000223154, 0.0, -0.051300421876683704
100.46000000001558, 154.59759458425557, 0.0, 59.99810326519923, 9.984373339998948, 0.0, -0.012262185615816256, -0.06741300000222994, 0.0, -0.052379901001680204
100.47000000001559, 154.69743492316186, 0.0, 59.99797800638917, 9.983692057498928, 0.0, -0.012791371201770811, -0.06884325000222832, 0.0, -0.05345678362667672
100.4800000000156, 154.79726837775567, 0.0, 59.99784740192236, 9.982996479998905, 0.0, -0.013331312640850336, -0.07027200000222672, 0.0, -0.054531072001673224
100.4900000000156, 154.89709480516194, 0.0, 59.99771134436994, 9.982286622498881, 0.0, -0.013881984001804836, -0.07169925000222512, 0.0, -0.055602768376669734
100.5000000000156, 154.99691406265575, 0.0, 59.997569726562276, 9.98156249999886, 0.0, -0.014443359375884302, -0.0731250000022235, 0.0, -0.05667187500166624
100.51000000001561, 155.09672600766203, 0.0, 59.99742244158867, 9.980824127498837, 0.0, -0.015015412876838741, -0.07454925000222189, 0.0, -0.057738394126662755
100.52000000001561, 155.19653049775582, 0.0, 59.9972693827972, 9.980071519998813, 0.0, -0.01559811864091815, -0.07597200000222026, 0.0, -0.058802328001659264
100.53000000001562, 155.29632739066213, 0.0, 59.99711044379444, 9.97930469249879, 0.0, -0.01619145082687253, -0.07739325000221865, 0.0, -0.05986367887665577
100.54000000001562, 155.3961165442559, 0.0, 59.996945518445315, 9.978523659998768, 0.0, -0.01679538361595188, -0.07881300000221704, 0.0, -0.060922449001652286
100.55000000001563, 155.4958978165622, 0.0, 59.99677450087278, 9.977728437498746, 0.0, -0.017409891211906194, -0.08023125000221543, 0.0, -0.061978640626648804
100.56000000001563, 155.59567106575597, 0.0, 59.99659728545763, 9.976919039998723, 0.0, -0.01803494784098548, -0.0816480000022138, 0.0, -0.06303225600164532
100.57000000001564, 155.69543615016227, 0.0, 59.99641376683835, 9.9760954824987, 0.0, -0.018670527751939742, -0.08306325000221218, 0.0, -0.06408329737664184
100.58000000001564, 155.79519292825606, 0.0, 59.996223839910755, 9.975257779998678, 0.0, -0.019316605216018978, -0.08447700000221055, 0.0, -0.06513176700163836
100.59000000001565, 155.89494125866236, 0.0, 59.996027399827874, 9.974405947498655, 0.0, -0.019973154526973177, -0.08588925000220894, 0.0, -0.06617766712663488
100.60000000001565, 155.9946810001561, 0.0, 59.99582434199967, 9.973539999998632, 0.0, -0.020640150001052356, -0.0873000000022073, 0.0, -0.06722100000163139
100.61000000001566, 156.0944120116624, 0.0, 59.99561456209285, 9.97265995249861, 0.0, -0.021317565977006493, -0.08870925000220568, 0.0, -0.0682617678766279
100.62000000001566, 156.1941341522562, 0.0, 59.995397956030594, 9.971765819998588, 0.0, -0.02200537681608561, -0.09011700000220405, 0.0, -0.06929997300162442
100.63000000001567, 156.2938472811625, 0.0, 59.995174419992374, 9.970857617498565, 0.0, -0.022703556902039693, -0.09152325000220242, 0.0, -0.07033561762662095
100.64000000001568, 156.3935512577563, 0.0, 59.99494385041371, 9.969935359998543, 0.0, -0.02341208064111875, -0.09292800000220079, 0.0, -0.07136870400161748
100.65000000001568, 156.49324594156255, 0.0, 59.99470614398595, 9.968999062498522, 0.0, -0.024130922462072775, -0.09433125000219916, 0.0, -0.072399234376614
100.66000000001569, 156.59293119225637, 0.0, 59.99446119765603, 9.9680487399985, 0.0, -0.024860056816151773, -0.09573300000219752, 0.0, -0.07342721100161052
100.67000000001569, 156.69260686966265, 0.0, 59.99420890862627, 9.967084407498476, 0.0, -0.02559945817710574, -0.09713325000219587, 0.0, -0.07445263612660705
100.6800000000157, 156.7922728337564, 0.0, 59.99394917435415, 9.966106079998454, 0.0, -0.026349101041184673, -0.09853200000219424, 0.0, -0.07547551200160359
100.6900000000157, 156.8919289446627, 0.0, 59.99368189255204, 9.965113772498432, 0.0, -0.027108959927138576, -0.0999292500021926, 0.0, -0.07649584087660011
100.7000000000157, 156.9915750626565, 0.0, 59.99340696118706, 9.964107499998407, 0.0, -0.027879009376217456, -0.10132500000219097, 0.0, -0.07751362500159661
100.71000000001571, 157.0912110481628, 0.0, 59.993124278480764, 9.963087277498387, 0.0, -0.028659223952171305, -0.10271925000218932, 0.0, -0.07852886662659316
100.72000000001572, 157.19083676175657, 0.0, 59.99283374290898, 9.962053119998364, 0.0, -0.02944957824125012, -0.10411200000218768, 0.0, -0.07954156800158968
100.73000000001572, 157.29045206416285, 0.0, 59.99253525320154, 9.961005042498343, 0.0, -0.03025004685220391, -0.10550325000218602, 0.0, -0.08055173137658622
100.74000000001573, 157.39005681625662, 0.0, 59.99222870834208, 9.959943059998318, 0.0, -0.031060604416282674, -0.10689300000218438, 0.0, -0.08155935900158276
100.75000000001573, 157.4896508790629, 0.0, 59.99191400756786, 9.958867187498296, 0.0, -0.031881225587236404, -0.10828125000218274, 0.0, -0.08256445312657928
100.76000000001574, 157.5892341137567, 0.0, 59.99159105036941, 9.957777439998274, 0.0, -0.0327118850413151, -0.10966800000218108, 0.0, -0.08356701600157582
100.77000000001574, 157.688806381663, 0.0, 59.99125973649043, 9.956673832498252, 0.0, -0.03355255747726878, -0.11105325000217943, 0.0, -0.08456704987657236
100.78000000001575, 157.78836754425677, 0.0, 59.99091996592752, 9.955556379998228, 0.0, -0.03440321761634741, -0.11243700000217777, 0.0, -0.08556455700156888
100.79000000001575, 157.88791746316303, 0.0, 59.99057163892995, 9.954425097498207, 0.0, -0.03526384020230102, -0.11381925000217612, 0.0, -0.08655953962656542
100.80000000001576, 157.9874560001568, 0.0, 59.990214655999424, 9.953279999998186, 0.0, -0.0361344000013796, -0.11520000000217447, 0.0, -0.08755200000156195
100.81000000001576, 158.0869830171631, 0.0, 59.989848917889915, 9.952121102498163, 0.0, -0.037014871802333156, -0.1165792500021728, 0.0, -0.08854194037655849
100.82000000001577, 158.1864983762569, 0.0, 59.98947432560734, 9.95094841999814, 0.0, -0.03790523041641168, -0.11795700000217114, 0.0, -0.08952936300155503
100.83000000001577, 158.28600193966318, 0.0, 59.989090780409434, 9.949761967498118, 0.0, -0.038805450677365176, -0.11933325000216947, 0.0, -0.09051427012655158
100.84000000001578, 158.38549356975696, 0.0, 59.988698183805454, 9.948561759998096, 0.0, -0.03971550744144364, -0.12070800000216782, 0.0, -0.09149666400154813
100.85000000001578, 158.48497312906326, 0.0, 59.988296437555995, 9.947347812498073, 0.0, -0.04063537558739708, -0.12208125000216616, 0.0, -0.09247654687654466
100.86000000001579, 158.58444048025703, 0.0, 59.987885443672766, 9.946120139998051, 0.0, -0.041565030016475484, -0.12345300000216447, 0.0, -0.0934539210015412
100.87000000001579, 158.6838954861633, 0.0, 59.98746510441831, 9.944878757498028, 0.0, -0.042504445652428856, -0.12482325000216282, 0.0, -0.09442878862653775
100.8800000000158, 158.7833380097571, 0.0, 59.98703532230588, 9.943623679998005, 0.0, -0.043453597441507195, -0.12619200000216116, 0.0, -0.09540115200153428
100.8900000000158, 158.88276791416337, 0.0, 59.98659600009908, 9.942354922497985, 0.0, -0.04441246035246052, -0.12755925000215948, 0.0, -0.09637101337653083
100.90000000001581, 158.98218506265715, 0.0, 59.98614704081178, 9.941072499997961, 0.0, -0.0453810093765388, -0.1289250000021578, 0.0, -0.09733837500152738
100.91000000001581, 159.08158931866345, 0.0, 59.9856883477078, 9.93977642749794, 0.0, -0.04635921952749206, -0.13028925000215613, 0.0, -0.09830323912652393
100.92000000001582, 159.18098054575722, 0.0, 59.98521982430069, 9.938466719997917, 0.0, -0.047347065841570286, -0.13165200000215446, 0.0, -0.09926560800152048
100.93000000001582, 159.2803586076635, 0.0, 59.98474137435356, 9.937143392497894, 0.0, -0.048344523377523485, -0.1330132500021528, 0.0, -0.10022548387651703
100.94000000001583, 159.37972336825726, 0.0, 59.9842529018788, 9.935806459997872, 0.0, -0.04935156721660165, -0.1343730000021511, 0.0, -0.10118286900151358
100.95000000001583, 159.47907469156357, 0.0, 59.98375431113787, 9.934455937497852, 0.0, -0.0503681724625548, -0.13573125000214942, 0.0, -0.10213776562651013
100.96000000001584, 159.57841244175734, 0.0, 59.983245506641104, 9.933091839997829, 0.0, -0.0513943142416329, -0.13708800000214774, 0.0, -0.10309017600150669
100.97000000001584, 159.6777364831636, 0.0, 59.98272639314744, 9.931714182497807, 0.0, -0.05242996770258598, -0.13844325000214605, 0.0, -0.10404010237650323
100.98000000001585, 159.7770466802574, 0.0, 59.982196875664215, 9.930322979997785, 0.0, -0.053475108016664025, -0.1397970000021444, 0.0, -0.1049875470014998
100.99000000001585, 159.87634289766365, 0.0, 59.98165685944695, 9.928918247497762, 0.0, -0.05452971037761705, -0.14114925000214268, 0.0, -0.10593251212649635
101.00000000001586, 159.97562500015744, 0.0, 59.98110624999912, 9.927499999997739, 0.0, -0.055593750001695044, -0.142500000002141, 0.0, -0.10687500000149291
101.01000000001586, 160.07489285266374, 0.0, 59.98054495307191, 9.926068252497718, 0.0, -0.056667202127648, -0.1438492500021393, 0.0, -0.10781501287648947
101.02000000001587, 160.17414632025748, 0.0, 59.97997287466402, 9.924623019997696, 0.0, -0.057750042016725935, -0.14519700000213762, 0.0, -0.10875255300148602
101.03000000001587, 160.2733852681638, 0.0, 59.97938992102142, 9.923164317497674, 0.0, -0.058842244952678834, -0.14654325000213594, 0.0, -0.10968762262648259
101.04000000001588, 160.37260956175754, 0.0, 59.978795998637125, 9.921692159997653, 0.0, -0.05994378624175672, -0.14788800000213423, 0.0, -0.11062022400147914
101.05000000001588, 160.47181906656382, 0.0, 59.97819101425098, 9.92020656249763, 0.0, -0.06105464121270955, -0.14923125000213255, 0.0, -0.1115503593764757
101.06000000001589, 160.5710136482576, 0.0, 59.97757487484943, 9.918707539997607, 0.0, -0.062174785216787355, -0.15057300000213084, 0.0, -0.11247803100147226
101.0700000000159, 160.6701931726639, 0.0, 59.97694748766529, 9.917195107497585, 0.0, -0.06330419362774013, -0.15191325000212916, 0.0, -0.11340324112646882
101.0800000000159, 160.76935750575765, 0.0, 59.97630876017754, 9.915669279997564, 0.0, -0.06444284184181792, -0.15325200000212746, 0.0, -0.1143259920014654
101.0900000000159, 160.86850651366393, 0.0, 59.97565860011105, 9.91413007249754, 0.0, -0.06559070527777063, -0.15458925000212576, 0.0, -0.11524628587646196
101.10000000001591, 160.9676400626577, 0.0, 59.97499691543644, 9.91257749999752, 0.0, -0.06674775937684832, -0.15592500000212406, 0.0, -0.11616412500145853
101.11000000001592, 161.06675801916398, 0.0, 59.974323614369766, 9.911011577497497, 0.0, -0.06791397960280098, -0.15725925000212232, 0.0, -0.11707951162645511
101.12000000001592, 161.16586024975777, 0.0, 59.973638605372344, 9.909432319997475, 0.0, -0.06908934144187863, -0.15859200000212065, 0.0, -0.11799244800145167
101.13000000001593, 161.26494662116406, 0.0, 59.97294179715052, 9.907839742497453, 0.0, -0.07027382040283121, -0.15992325000211893, 0.0, -0.11890293637644826
101.14000000001593, 161.3640170002578, 0.0, 59.972233098655444, 9.90623385999743, 0.0, -0.0714673920169088, -0.1612530000021172, 0.0, -0.11981097900144481
101.15000000001594, 161.4630712540641, 0.0, 59.97151241908283, 9.904614687497409, 0.0, -0.07267003183786135, -0.1625812500021155, 0.0, -0.12071657812644139
101.16000000001594, 161.56210924975787, 0.0, 59.97077966787274, 9.902982239997387, 0.0, -0.07388171544193886, -0.16390800000211378, 0.0, -0.12161973600143798
101.17000000001595, 161.66113085466415, 0.0, 59.97003475470938, 9.901336532497366, 0.0, -0.07510241842789137, -0.1652332500021121, 0.0, -0.12252045487643454
101.18000000001595, 161.7601359362579, 0.0, 59.96927758952084, 9.899677579997343, 0.0, -0.07633211641696881, -0.16655700000211038, 0.0, -0.12341873700143112
101.19000000001596, 161.85912436216418, 0.0, 59.96850808247889, 9.898005397497322, 0.0, -0.07757078505292123, -0.16787925000210865, 0.0, -0.12431458462642768
101.20000000001596, 161.95809600015798, 0.0, 59.967726143998746, 9.8963199999973, 0.0, -0.07881840000199865, -0.16920000000210694, 0.0, -0.12520800000142426
101.21000000001597, 162.05705071816425, 0.0, 59.966931684738846, 9.894621402497277, 0.0, -0.08007493695295101, -0.1705192500021052, 0.0, -0.12609898537642084
101.22000000001597, 162.155988384258, 0.0, 59.96612461560064, 9.892909619997257, 0.0, -0.08134037161702834, -0.1718370000021035, 0.0, -0.12698754300141743
101.23000000001598, 162.2549088666643, 0.0, 59.965304847728355, 9.891184667497233, 0.0, -0.08261467972798064, -0.17315325000210177, 0.0, -0.127873675126414
101.24000000001598, 162.35381203375806, 0.0, 59.96447229250874, 9.889446559997213, 0.0, -0.08389783704205794, -0.17446800000210003, 0.0, -0.1287573840014106
101.25000000001599, 162.45269775406433, 0.0, 59.9636268615709, 9.887695312497188, 0.0, -0.08518981933801019, -0.17578125000209832, 0.0, -0.12963867187640718
101.26000000001599, 162.5515658962581, 0.0, 59.96276846678604, 9.885930939997168, 0.0, -0.0864906024170874, -0.17709300000209657, 0.0, -0.13051754100140375
101.270000000016, 162.6504163291644, 0.0, 59.9618970202672, 9.884153457497145, 0.0, -0.08780016210303959, -0.17840325000209487, 0.0, -0.13139399362640033
101.280000000016, 162.74924892175815, 0.0, 59.96101243436914, 9.882362879997125, 0.0, -0.08911847424211676, -0.17971200000209314, 0.0, -0.13226803200139695
101.29000000001601, 162.84806354316441, 0.0, 59.96011462168796, 9.880559222497103, 0.0, -0.09044551470306889, -0.1810192500020914, 0.0, -0.13313965837639352
101.30000000001601, 162.94686006265817, 0.0, 59.959203495061026, 9.878742499997081, 0.0, -0.09178125937714599, -0.18232500000208968, 0.0, -0.1340088750013901
101.31000000001602, 163.04563834966447, 0.0, 59.95827896756667, 9.876912727497059, 0.0, -0.09312568417809805, -0.1836292500020879, 0.0, -0.1348756841263867
101.32000000001602, 163.1443982737582, 0.0, 59.95734095252393, 9.875069919997037, 0.0, -0.0944787650421751, -0.1849320000020862, 0.0, -0.13574008800138332
101.33000000001603, 163.2431397046645, 0.0, 59.95638936349241, 9.873214092497015, 0.0, -0.09584047792812711, -0.18623325000208446, 0.0, -0.1366020888763799
101.34000000001603, 163.34186251225827, 0.0, 59.95542411427203, 9.871345259996994, 0.0, -0.09721079881720408, -0.1875330000020827, 0.0, -0.13746168900137648
101.35000000001604, 163.44056656656454, 0.0, 59.95444511890271, 9.869463437496972, 0.0, -0.09858970371315606, -0.18883125000208098, 0.0, -0.1383188906263731
101.36000000001604, 163.53925173775832, 0.0, 59.95345229166432, 9.86756863999695, 0.0, -0.09997716864223298, -0.19012800000207922, 0.0, -0.13917369600136967
101.37000000001605, 163.63791789616457, 0.0, 59.952445547076266, 9.865660882496929, 0.0, -0.10137316965318485, -0.1914232500020775, 0.0, -0.14002610737636625
101.38000000001605, 163.73656491225833, 0.0, 59.95142479989741, 9.863740179996906, 0.0, -0.10277768281726173, -0.19271700000207576, 0.0, -0.14087612700136287
101.39000000001606, 163.83519265666462, 0.0, 59.950389965125765, 9.861806547496883, 0.0, -0.10419068422821358, -0.194009250002074, 0.0, -0.14172375712635946
101.40000000001606, 163.93380100015838, 0.0, 59.9493409579983, 9.859859999996862, 0.0, -0.10561215000229038, -0.19530000000207226, 0.0, -0.14256900000135606
101.41000000001607, 164.03238981366465, 0.0, 59.94827769399071, 9.85790055249684, 0.0, -0.10704205627824215, -0.19658925000207048, 0.0, -0.14341185787635266
101.42000000001607, 164.13095896825843, 0.0, 59.9472000888172, 9.85592821999682, 0.0, -0.10848037921731889, -0.19787700000206876, 0.0, -0.14425233300134926
101.43000000001608, 164.2295083351647, 0.0, 59.94610805843021, 9.853943017496798, 0.0, -0.10992709500327061, -0.199163250002067, 0.0, -0.14509042762634586
101.44000000001608, 164.32803778575848, 0.0, 59.94500151902029, 9.851944959996777, 0.0, -0.1113821798423473, -0.20044800000206522, 0.0, -0.1459261440013425
101.45000000001609, 164.42654719156474, 0.0, 59.94388038701577, 9.849934062496754, 0.0, -0.11284560996329897, -0.2017312500020635, 0.0, -0.14675948437633907
101.4600000000161, 164.5250364242585, 0.0, 59.94274457908258, 9.847910339996734, 0.0, -0.11431736161737557, -0.2030130000020617, 0.0, -0.14759045100133572
101.4700000000161, 164.62350535566478, 0.0, 59.941594012124064, 9.84587380749671, 0.0, -0.11579741107832718, -0.20429325000205995, 0.0, -0.14841904612633233
101.4800000000161, 164.72195385775854, 0.0, 59.94042860328067, 9.84382447999669, 0.0, -0.11728573464240374, -0.20557200000205822, 0.0, -0.14924527200132892
101.49000000001611, 164.8203818026648, 0.0, 59.939248269929806, 9.841762372496667, 0.0, -0.11878230862835527, -0.20684925000205642, 0.0, -0.15006913087632556
101.50000000001612, 164.91878906265856, 0.0, 59.93805292968556, 9.839687499996645, 0.0, -0.12028710937743177, -0.2081250000020547, 0.0, -0.15089062500132217
101.51000000001612, 165.01717551016483, 0.0, 59.936842500398505, 9.837599877496626, 0.0, -0.12180011325338329, -0.2093992500020529, 0.0, -0.15170975662631878
101.52000000001613, 165.1155410177586, 0.0, 59.935616900155445, 9.835499519996603, 0.0, -0.12332129664245974, -0.21067200000205114, 0.0, -0.15252652800131536
101.53000000001613, 165.21388545816487, 0.0, 59.934376047279244, 9.833386442496582, 0.0, -0.12485063595341113, -0.21194325000204936, 0.0, -0.15334094137631202
101.54000000001614, 165.31220870425864, 0.0, 59.93311986032854, 9.831260659996559, 0.0, -0.12638810761748753, -0.2132130000020476, 0.0, -0.1541529990013086
101.55000000001614, 165.4105106290649, 0.0, 59.931848258097546, 9.829122187496539, 0.0, -0.12793368808843886, -0.21448125000204582, 0.0, -0.15496270312630522
101.56000000001615, 165.50879110575866, 0.0, 59.930561159615834, 9.826971039996517, 0.0, -0.12948735384251522, -0.21574800000204405, 0.0, -0.15577005600130184
101.57000000001615, 165.60705000766492, 0.0, 59.92925848414809, 9.824807232496495, 0.0, -0.1310490813784665, -0.21701325000204227, 0.0, -0.15657505987629847
101.58000000001616, 165.70528720825868, 0.0, 59.927940151193916, 9.822630779996473, 0.0, -0.13261884721754277, -0.21827700000204048, 0.0, -0.1573777170012951
101.59000000001616, 165.80350258116496, 0.0, 59.92660608048759, 9.820441697496452, 0.0, -0.13419662790349401, -0.21953925000203872, 0.0, -0.1581780296262917
101.60000000001617, 165.90169600015872, 0.0, 59.9252561919978, 9.81823999999643, 0.0, -0.13578240000257022, -0.22080000000203695, 0.0, -0.15897600000128834
101.61000000001617, 165.99986733916498, 0.0, 59.92389040592753, 9.81602570249641, 0.0, -0.13737614010352145, -0.22205925000203516, 0.0, -0.15977163037628495
101.62000000001618, 166.09801647225876, 0.0, 59.922508642713694, 9.813798819996387, 0.0, -0.13897782481759757, -0.2233170000020334, 0.0, -0.1605649230012816
101.63000000001618, 166.19614327366503, 0.0, 59.92111082302702, 9.811559367496365, 0.0, -0.1405874307785487, -0.22457325000203157, 0.0, -0.16135588012627822
101.64000000001619, 166.29424761775877, 0.0, 59.919696867771776, 9.809307359996344, 0.0, -0.14220493464262482, -0.2258280000020298, 0.0, -0.16214450400127486
101.65000000001619, 166.39232937906505, 0.0, 59.91826669808556, 9.807042812496324, 0.0, -0.14383031308857586, -0.22708125000202803, 0.0, -0.1629307968762715
101.6600000000162, 166.4903884322588, 0.0, 59.91682023533907, 9.804765739996302, 0.0, -0.14546354281765186, -0.22833300000202622, 0.0, -0.1637147610012681
101.6700000000162, 166.5884246521651, 0.0, 59.91535740113585, 9.80247615749628, 0.0, -0.1471046005536029, -0.22958325000202442, 0.0, -0.16449639862626475
101.68000000001621, 166.68643791375882, 0.0, 59.91387811731215, 9.800174079996259, 0.0, -0.14875346304267886, -0.23083200000202264, 0.0, -0.1652757120012614
101.69000000001621, 166.78442809216511, 0.0, 59.912382305936596, 9.797859522496237, 0.0, -0.1504101070536298, -0.23207925000202084, 0.0, -0.16605270337625805
101.70000000001622, 166.88239506265887, 0.0, 59.91086988931004, 9.795532499996217, 0.0, -0.1520745093777057, -0.23332500000201908, 0.0, -0.1668273750012547
101.71000000001622, 166.98033870066513, 0.0, 59.909340789965285, 9.793193027496194, 0.0, -0.1537466468286566, -0.23456925000201728, 0.0, -0.1675997291262513
101.72000000001623, 167.07825888175887, 0.0, 59.90779493066692, 9.790841119996173, 0.0, -0.15542649624273244, -0.23581200000201544, 0.0, -0.16836976800124795
101.73000000001623, 167.17615548166515, 0.0, 59.90623223441102, 9.788476792496152, 0.0, -0.15711403447868327, -0.23705325000201366, 0.0, -0.16913749387624458
101.74000000001624, 167.2740283762589, 0.0, 59.904652624425, 9.78610005999613, 0.0, -0.1588092384177591, -0.23829300000201187, 0.0, -0.1699029090012412
101.75000000001624, 167.37187744156518, 0.0, 59.90305602416731, 9.783710937496108, 0.0, -0.16051208496370983, -0.2395312500020101, 0.0, -0.17066601562623787
101.76000000001625, 167.46970255375894, 0.0, 59.901442357327284, 9.781309439996088, 0.0, -0.16222255104278557, -0.2407680000020083, 0.0, -0.1714268160012345
101.77000000001625, 167.5675035891652, 0.0, 59.899811547824854, 9.778895582496068, 0.0, -0.1639406136037363, -0.24200325000200643, 0.0, -0.17218531237623116
101.78000000001626, 167.66528042425895, 0.0, 59.89816351981037, 9.776469379996046, 0.0, -0.16566624961781196, -0.24323700000200463, 0.0, -0.1729415070012278
101.79000000001626, 167.76303293566522, 0.0, 59.89649819766435, 9.774030847496025, 0.0, -0.16739943607876265, -0.24446925000200284, 0.0, -0.17369540212622445
101.80000000001627, 167.86076100015896, 0.0, 59.894815505997244, 9.771579999996002, 0.0, -0.16914015000283822, -0.24570000000200104, 0.0, -0.17444700000122113
101.81000000001627, 167.95846449466524, 0.0, 59.89311536964929, 9.769116852495982, 0.0, -0.17088836842878885, -0.24692925000199925, 0.0, -0.17519630287621776
101.82000000001628, 168.056143296259, 0.0, 59.89139771369013, 9.766641419995961, 0.0, -0.17264406841786442, -0.2481570000019974, 0.0, -0.1759433130012144
101.83000000001628, 168.15379728216524, 0.0, 59.889662463418766, 9.764153717495939, 0.0, -0.1744072270538149, -0.24938325000199557, 0.0, -0.17668803262621105
101.84000000001629, 168.25142632975903, 0.0, 59.88790954436321, 9.76165375999592, 0.0, -0.1761778214428904, -0.2506080000019938, 0.0, -0.17743046400120774
101.8500000000163, 168.34903031656526, 0.0, 59.8861388822803, 9.759141562495897, 0.0, -0.17795582871384089, -0.25183125000199197, 0.0, -0.17817060937620438
101.8600000000163, 168.44660912025904, 0.0, 59.88435040315549, 9.756617139995875, 0.0, -0.1797412260179163, -0.25305300000199016, 0.0, -0.17890847100120105
101.8700000000163, 168.54416261866527, 0.0, 59.88254403320259, 9.754080507495853, 0.0, -0.18153399052886676, -0.2542732500019883, 0.0, -0.1796440511261977
101.88000000001631, 168.64169068975906, 0.0, 59.880719698863565, 9.751531679995832, 0.0, -0.1833340994429421, -0.25549200000198646, 0.0, -0.18037735200119437
101.89000000001631, 168.73919321166528, 0.0, 59.87887732680832, 9.748970672495812, 0.0, -0.18514152997889247, -0.2567092500019847, 0.0, -0.18110837587619102
101.90000000001632, 168.83667006265907, 0.0, 59.877016843934456, 9.74639749999579, 0.0, -0.1869562593779678, -0.2579250000019829, 0.0, -0.18183712500118768
101.91000000001632, 168.9341211211653, 0.0, 59.87513817736701, 9.74381217749577, 0.0, -0.18877826490391808, -0.259139250001981, 0.0, -0.18256360162618432
101.92000000001633, 169.03154626575906, 0.0, 59.87324125445833, 9.741214719995748, 0.0, -0.19060752384299337, -0.26035200000197917, 0.0, -0.18328780800118102
101.93000000001634, 169.12894537516533, 0.0, 59.87132600278774, 9.738605142495727, 0.0, -0.19244401350394358, -0.26156325000197733, 0.0, -0.18400974637617767
101.94000000001634, 169.2263183282591, 0.0, 59.869392350161405, 9.735983459995705, 0.0, -0.19428771121801877, -0.2627730000019755, 0.0, -0.18472941900117434
101.95000000001635, 169.32366500406536, 0.0, 59.867440224612025, 9.733349687495686, 0.0, -0.19613859433896894, -0.2639812500019737, 0.0, -0.18544682812617103
101.96000000001635, 169.4209852817591, 0.0, 59.865469554398686, 9.730703839995662, 0.0, -0.1979966402430441, -0.2651880000019719, 0.0, -0.18616197600116768
101.97000000001636, 169.51827904066536, 0.0, 59.86348026800656, 9.728045932495643, 0.0, -0.1998618263289942, -0.26639325000197, 0.0, -0.18687486487616434
101.98000000001636, 169.6155461602591, 0.0, 59.86147229414676, 9.725375979995622, 0.0, -0.20173413001806928, -0.2675970000019682, 0.0, -0.18758549700116103
101.99000000001637, 169.71278652016537, 0.0, 59.85944556175605, 9.722693997495602, 0.0, -0.20361352875401934, -0.26879925000196636, 0.0, -0.1882938746261577
102.00000000001637, 169.81000000015914, 0.0, 59.85739999999664, 9.719999999995581, 0.0, -0.2055000000030944, -0.2700000000019645, 0.0, -0.18900000000115438
102.01000000001638, 169.9071864801654, 0.0, 59.85533553825597, 9.717294002495558, 0.0, -0.20739352125404437, -0.27119925000196266, 0.0, -0.18970387537615105
102.02000000001638, 170.00434584025913, 0.0, 59.853252106146506, 9.714576019995539, 0.0, -0.20929407001811937, -0.27239700000196077, 0.0, -0.19040550300114775
102.03000000001639, 170.1014779606654, 0.0, 59.85114963350546, 9.711846067495518, 0.0, -0.21120162382906926, -0.27359325000195894, 0.0, -0.19110488512614446
102.04000000001639, 170.19858272175915, 0.0, 59.84902805039459, 9.709104159995494, 0.0, -0.2131161602431442, -0.27478800000195713, 0.0, -0.1918020240011411
102.0500000000164, 170.29566000406538, 0.0, 59.84688728709999, 9.706350312495475, 0.0, -0.2150376568390941, -0.2759812500019553, 0.0, -0.19249692187613782
102.0600000000164, 170.39270968825917, 0.0, 59.84472727413186, 9.703584539995454, 0.0, -0.2169660912181689, -0.27717300000195344, 0.0, -0.1931895810011345
102.0700000000164, 170.48973165516543, 0.0, 59.84254794222427, 9.700806857495433, 0.0, -0.2189014410041187, -0.27836325000195156, 0.0, -0.19388000362613117
102.08000000001641, 170.58672578575914, 0.0, 59.840349222334936, 9.698017279995412, 0.0, -0.22084368384319353, -0.2795520000019497, 0.0, -0.19456819200112785
102.09000000001642, 170.68369196116544, 0.0, 59.83813104564499, 9.69521582249539, 0.0, -0.2227927974041433, -0.2807392500019479, 0.0, -0.19525414837612454
102.10000000001642, 170.78063006265916, 0.0, 59.835893343558816, 9.69240249999537, 0.0, -0.224748759378218, -0.28192500000194604, 0.0, -0.19593787500112125
102.11000000001643, 170.87753997166544, 0.0, 59.83363604770368, 9.689577327495348, 0.0, -0.22671154747916772, -0.2831092500019442, 0.0, -0.19661937412611794
102.12000000001643, 170.9744215697592, 0.0, 59.831359089929684, 9.686740319995328, 0.0, -0.2286811394432424, -0.28429200000194227, 0.0, -0.19729864800111466
102.13000000001644, 171.0712747386654, 0.0, 59.82906240230942, 9.683891492495308, 0.0, -0.23065751302919202, -0.2854732500019404, 0.0, -0.19797569887611133
102.14000000001644, 171.16809936025916, 0.0, 59.82674591713776, 9.681030859995287, 0.0, -0.23264064601826664, -0.28665300000193855, 0.0, -0.19865052900110802
102.15000000001645, 171.26489531656543, 0.0, 59.82440956693169, 9.678158437495266, 0.0, -0.23463051621421624, -0.2878312500019367, 0.0, -0.1993231406261047
102.16000000001645, 171.36166248975917, 0.0, 59.82205328443003, 9.675274239995245, 0.0, -0.2366271014432908, -0.2890080000019349, 0.0, -0.1999935360011014
102.17000000001646, 171.45840076216544, 0.0, 59.819677002593224, 9.672378282495224, 0.0, -0.23863037955424027, -0.29018325000193296, 0.0, -0.20066171737609814
102.18000000001646, 171.5551100162592, 0.0, 59.817280654603096, 9.669470579995203, 0.0, -0.24064032841831476, -0.2913570000019311, 0.0, -0.2013276870010948
102.19000000001647, 171.65179013466545, 0.0, 59.814864173862695, 9.666551147495182, 0.0, -0.24265692592926424, -0.29252925000192925, 0.0, -0.20199144712609154
102.20000000001647, 171.7484410001592, 0.0, 59.81242749399597, 9.663619999995161, 0.0, -0.24468015000333868, -0.29370000000192736, 0.0, -0.20265300000108818
102.21000000001648, 171.84506249566545, 0.0, 59.80997054884762, 9.660677152495142, 0.0, -0.2467099785792881, -0.2948692500019255, 0.0, -0.20331234787608493
102.22000000001648, 171.9416545042592, 0.0, 59.80749327248284, 9.65772261999512, 0.0, -0.24874638961836246, -0.29603700000192357, 0.0, -0.2039694930010816
102.23000000001649, 172.03821690916544, 0.0, 59.804995599187095, 9.654756417495099, 0.0, -0.2507893611043118, -0.2972032500019217, 0.0, -0.20462443762607835
102.2400000000165, 172.1347495937592, 0.0, 59.802477463465905, 9.651778559995078, 0.0, -0.2528388710433861, -0.2983680000019199, 0.0, -0.20527718400107506
102.2500000000165, 172.23125244156546, 0.0, 59.79993880004462, 9.648789062495059, 0.0, -0.2548948974643354, -0.299531250001918, 0.0, -0.20592773437607179
102.2600000000165, 172.3277253362592, 0.0, 59.797379543868175, 9.645787939995037, 0.0, -0.2569574184184097, -0.3006930000019161, 0.0, -0.20657609100106847
102.27000000001651, 172.42416816166545, 0.0, 59.7947996301009, 9.642775207495017, 0.0, -0.2590264119793589, -0.3018532500019142, 0.0, -0.2072222561260652
102.28000000001651, 172.5205808017592, 0.0, 59.792198994126245, 9.639750879994995, 0.0, -0.2611018562434331, -0.3030120000019123, 0.0, -0.2078662320010619
102.29000000001652, 172.61696314066543, 0.0, 59.789577571546616, 9.636714972494975, 0.0, -0.2631837293293822, -0.3041692500019104, 0.0, -0.20850802087605866
102.30000000001652, 172.7133150626592, 0.0, 59.78693529818311, 9.633667499994955, 0.0, -0.2652720093784564, -0.30532500000190854, 0.0, -0.20914762500105535
102.31000000001653, 172.80963645216545, 0.0, 59.7842721100753, 9.630608477494935, 0.0, -0.2673666745544055, -0.3064792500019067, 0.0, -0.2097850466260521
102.32000000001653, 172.90592719375917, 0.0, 59.78158794348098, 9.627537919994914, 0.0, -0.2694677030434796, -0.30763200000190477, 0.0, -0.2104202880010488
102.33000000001654, 173.00218717216543, 0.0, 59.77888273487602, 9.624455842494893, 0.0, -0.27157507305442863, -0.3087832500019029, 0.0, -0.21105335137604556
102.34000000001654, 173.0984162722592, 0.0, 59.77615642095405, 9.621362259994873, 0.0, -0.27368876281850263, -0.309933000001901, 0.0, -0.21168423900104227
102.35000000001655, 173.19461437906543, 0.0, 59.7734089386263, 9.618257187494851, 0.0, -0.27580875058945165, -0.3110812500018991, 0.0, -0.21231295312603898
102.36000000001656, 173.29078137775917, 0.0, 59.77064022502132, 9.61514063999483, 0.0, -0.2779350146435256, -0.3122280000018972, 0.0, -0.2129394960010357
102.37000000001656, 173.38691715366542, 0.0, 59.76785021748481, 9.61201263249481, 0.0, -0.28006753327947453, -0.3133732500018953, 0.0, -0.21356386987603243
102.38000000001657, 173.48302159225918, 0.0, 59.765038853579384, 9.60887317999479, 0.0, -0.2822062848185484, -0.3145170000018934, 0.0, -0.21418607700102918
102.39000000001657, 173.5790945791654, 0.0, 59.762206071084286, 9.605722297494768, 0.0, -0.28435124760449726, -0.3156592500018915, 0.0, -0.21480611962602592
102.40000000001658, 173.67513600015917, 0.0, 59.75935180799525, 9.60255999999475, 0.0, -0.28650240000357113, -0.3168000000018896, 0.0, -0.2154240000010227
102.41000000001658, 173.7711457411654, 0.0, 59.75647600252422, 9.599386302494729, 0.0, -0.28865972040452, -0.3179392500018877, 0.0, -0.21603972037601937
102.42000000001659, 173.86712368825917, 0.0, 59.753578593099114, 9.596201219994708, 0.0, -0.29082318721859374, -0.31907700000188577, 0.0, -0.21665328300101613
102.43000000001659, 173.96306972766538, 0.0, 59.75065951836368, 9.593004767494687, 0.0, -0.29299277887954256, -0.3202132500018839, 0.0, -0.21726469012601285
102.4400000000166, 174.05898374575915, 0.0, 59.74771871717718, 9.589796959994667, 0.0, -0.2951684738436162, -0.32134800000188196, 0.0, -0.21787394400100962
102.4500000000166, 174.1548656290654, 0.0, 59.744756128614206, 9.586577812494648, 0.0, -0.29735025058956494, -0.3224812500018801, 0.0, -0.21848104687600634
102.4600000000166, 174.25071526425913, 0.0, 59.741771691964445, 9.583347339994626, 0.0, -0.29953808761863854, -0.3236130000018782, 0.0, -0.21908600100100312
102.47000000001661, 174.34653253816538, 0.0, 59.73876534673247, 9.580105557494605, 0.0, -0.3017319634545872, -0.3247432500018762, 0.0, -0.21968880862599985
102.48000000001662, 174.44231733775914, 0.0, 59.735737032637516, 9.576852479994585, 0.0, -0.30393185664366085, -0.32587200000187433, 0.0, -0.22028947200099658
102.49000000001662, 174.53806955016537, 0.0, 59.732686689613196, 9.573588122494565, 0.0, -0.30613774575460945, -0.3269992500018724, 0.0, -0.2208879933759933
102.50000000001663, 174.63378906265913, 0.0, 59.72961425780737, 9.570312499994545, 0.0, -0.308349609378683, -0.3281250000018705, 0.0, -0.22148437500099014
102.51000000001663, 174.72947576266537, 0.0, 59.72651967758186, 9.567025627494523, 0.0, -0.3105674261296315, -0.3292492500018686, 0.0, -0.2220786191259868
102.52000000001664, 174.8251295377591, 0.0, 59.723402889512236, 9.563727519994503, 0.0, -0.31279117464370493, -0.3303720000018666, 0.0, -0.22267072800098356
102.53000000001664, 174.92075027566537, 0.0, 59.72026383438758, 9.560418192494483, 0.0, -0.3150208335796535, -0.33149325000186475, 0.0, -0.22326070387598035
102.54000000001665, 175.0163378642591, 0.0, 59.7171024532103, 9.557097659994463, 0.0, -0.31725638161872693, -0.33261300000186284, 0.0, -0.22384854900097706
102.55000000001665, 175.11189219156535, 0.0, 59.71391868719586, 9.553765937494441, 0.0, -0.31949779746467527, -0.3337312500018609, 0.0, -0.22443426562597388
102.56000000001666, 175.2074131457591, 0.0, 59.71071247777256, 9.550423039994422, 0.0, -0.3217450598437487, -0.334848000001859, 0.0, -0.22501785600097057
102.57000000001666, 175.30290061516536, 0.0, 59.70748376658137, 9.547068982494402, 0.0, -0.32399814750469697, -0.335963250001857, 0.0, -0.2255993223759674
102.58000000001667, 175.3983544882591, 0.0, 59.704232495475615, 9.543703779994381, 0.0, -0.3262570392187703, -0.3370770000018551, 0.0, -0.22617866700096412
102.59000000001667, 175.49377465366533, 0.0, 59.700958606520835, 9.540327447494361, 0.0, -0.3285217137797186, -0.3381892500018532, 0.0, -0.22675589212596092
102.60000000001668, 175.58916100015907, 0.0, 59.69766204199448, 9.53693999999434, 0.0, -0.33079215000379186, -0.33930000000185123, 0.0, -0.22733100000095766
102.61000000001668, 175.6845134166653, 0.0, 59.69434274438576, 9.53354145249432, 0.0, -0.33306832672974, -0.34040925000184935, 0.0, -0.22790399287595448
102.62000000001669, 175.77983179225905, 0.0, 59.691000656395346, 9.5301318199943, 0.0, -0.3353502228188132, -0.34151700000184737, 0.0, -0.22847487300095118
102.6300000000167, 175.8751160161653, 0.0, 59.687635720935226, 9.52671111749428, 0.0, -0.33763781715476143, -0.3426232500018454, 0.0, -0.22904364262594798
102.6400000000167, 175.97036597775903, 0.0, 59.6842478811284, 9.52327935999426, 0.0, -0.33993108864383453, -0.3437280000018435, 0.0, -0.22961030400094473
102.6500000000167, 176.06558156656527, 0.0, 59.680837080308734, 9.51983656249424, 0.0, -0.34223001621478266, -0.34483125000184156, 0.0, -0.23017485937594154
102.66000000001671, 176.16076267225898, 0.0, 59.67740326202066, 9.516382739994219, 0.0, -0.34453457881885574, -0.34593300000183963, 0.0, -0.2307373110009383
102.67000000001671, 176.25590918466526, 0.0, 59.673946370018996, 9.512917907494199, 0.0, -0.34684475542980375, -0.34703325000183766, 0.0, -0.23129766112593508
102.68000000001672, 176.351020993759, 0.0, 59.670466348268725, 9.50944207999418, 0.0, -0.34916052504387685, -0.3481320000018357, 0.0, -0.23185591200093186
102.69000000001672, 176.44609798966522, 0.0, 59.666963140944716, 9.505955272494159, 0.0, -0.35148186667982484, -0.3492292500018338, 0.0, -0.2324120658759286
102.70000000001673, 176.54114006265897, 0.0, 59.66343669243158, 9.50245749999414, 0.0, -0.3538087593788977, -0.35032500000183187, 0.0, -0.2329661250009254
102.71000000001673, 176.6361471031652, 0.0, 59.65988694732338, 9.49894877749412, 0.0, -0.3561411822048457, -0.3514192500018299, 0.0, -0.2335180916259222
102.72000000001674, 176.73111900175894, 0.0, 59.656313850423444, 9.4954291199941, 0.0, -0.35847911424391865, -0.3525120000018279, 0.0, -0.234067968000919
102.73000000001674, 176.82605564916517, 0.0, 59.6527173467441, 9.491898542494079, 0.0, -0.36082253460486646, -0.35360325000182596, 0.0, -0.23461575637591575
102.74000000001675, 176.9209569362589, 0.0, 59.64909738150649, 9.488357059994058, 0.0, -0.3631714224189393, -0.354693000001824, 0.0, -0.23516145900091256
102.75000000001675, 177.01582275406514, 0.0, 59.64545390014036, 9.484804687494039, 0.0, -0.36552575683988714, -0.3557812500018221, 0.0, -0.23570507812590932
102.76000000001676, 177.11065299375892, 0.0, 59.64178684828376, 9.481241439994019, 0.0, -0.36788551704395994, -0.3568680000018201, 0.0, -0.23624661600090618
102.77000000001676, 177.20544754666514, 0.0, 59.63809617178288, 9.477667332493999, 0.0, -0.3702506822299077, -0.3579532500018181, 0.0, -0.23678607487590292
102.78000000001677, 177.3002063042589, 0.0, 59.634381816691814, 9.474082379993979, 0.0, -0.37262123161898036, -0.35903700000181615, 0.0, -0.23732345700089977
102.79000000001678, 177.39492915816513, 0.0, 59.630643729272336, 9.470486597493958, 0.0, -0.3749971444549281, -0.3601192500018142, 0.0, -0.2378587646258965
102.80000000001678, 177.48961600015886, 0.0, 59.626881855993666, 9.466879999993939, 0.0, -0.3773784000040008, -0.3612000000018123, 0.0, -0.23839200000089333
102.81000000001679, 177.5842667221651, 0.0, 59.62309614353225, 9.46326260249392, 0.0, -0.37976497755494837, -0.3622792500018103, 0.0, -0.23892316537589012
102.82000000001679, 177.67888121625882, 0.0, 59.619286538771526, 9.4596344199939, 0.0, -0.382156856419021, -0.3633570000018083, 0.0, -0.23945226300088696
102.8300000000168, 177.77345937466507, 0.0, 59.61545298880171, 9.455995467493878, 0.0, -0.3845540159299686, -0.3644332500018064, 0.0, -0.23997929512588373
102.8400000000168, 177.86800108975882, 0.0, 59.61159544091958, 9.45234575999386, 0.0, -0.3869564354440411, -0.3655080000018044, 0.0, -0.24050426400088057
102.8500000000168, 177.96250625406506, 0.0, 59.60771384262822, 9.44868531249384, 0.0, -0.3893640943399886, -0.3665812500018024, 0.0, -0.24102717187587736
102.86000000001681, 178.05697476025878, 0.0, 59.60380814163683, 9.44501413999382, 0.0, -0.39177697201906114, -0.36765300000180046, 0.0, -0.24154802100087416
102.87000000001682, 178.151406501165, 0.0, 59.599878285860484, 9.4413322574938, 0.0, -0.39419504790500864, -0.36872325000179845, 0.0, -0.24206681362587096
102.88000000001682, 178.24580136975874, 0.0, 59.595924223419885, 9.43763967999378, 0.0, -0.396618301444081, -0.36979200000179646, 0.0, -0.24258355200086773
102.89000000001683, 178.340159259165, 0.0, 59.59194590264119, 9.43393642249376, 0.0, -0.3990467121050285, -0.37085925000179454, 0.0, -0.24309823837586458
102.90000000001683, 178.4344800626587, 0.0, 59.587943272055746, 9.430222499993741, 0.0, -0.4014802593791008, -0.3719250000017925, 0.0, -0.24361087500086137
102.91000000001684, 178.52876367366497, 0.0, 59.583916280399855, 9.42649792749372, 0.0, -0.40391892278004826, -0.37298925000179056, 0.0, -0.24412146412585822
102.92000000001684, 178.6230099857587, 0.0, 59.5798648766146, 9.4227627199937, 0.0, -0.40636268184412044, -0.37405200000178856, 0.0, -0.24463000800085502
102.93000000001685, 178.71721889266493, 0.0, 59.575789009845565, 9.41901689249368, 0.0, -0.40881151613006783, -0.3751132500017866, 0.0, -0.24513650887585184
102.94000000001685, 178.81139028825865, 0.0, 59.57168862944265, 9.415260459993661, 0.0, -0.41126540521913996, -0.3761730000017846, 0.0, -0.24564096900084864
102.95000000001686, 178.90552406656488, 0.0, 59.56756368495983, 9.411493437493641, 0.0, -0.41372432871508724, -0.37723125000178265, 0.0, -0.24614339062584553
102.96000000001686, 178.99962012175862, 0.0, 59.5634141261549, 9.407715839993621, 0.0, -0.41618826624415944, -0.37828800000178064, 0.0, -0.2466437760008423
102.97000000001687, 179.09367834816487, 0.0, 59.55923990298933, 9.403927682493602, 0.0, -0.41865719745510666, -0.3793432500017786, 0.0, -0.2471421273758392
102.98000000001687, 179.18769864025862, 0.0, 59.55504096562796, 9.400128979993582, 0.0, -0.4211311020191788, -0.3803970000017766, 0.0, -0.24763844700083598
102.99000000001688, 179.28168089266484, 0.0, 59.55081726443879, 9.396319747493562, 0.0, -0.4236099596301259, -0.38144925000177465, 0.0, -0.24813273712583284
103.00000000001688, 179.37562500015855, 0.0, 59.54656874999281, 9.392499999993543, 0.0, -0.42609375000419797, -0.38250000000177264, 0.0, -0.24862500000082965
103.01000000001689, 179.4695308576648, 0.0, 59.5422953730637, 9.388669752493524, 0.0, -0.42858245288014507, -0.38354925000177065, 0.0, -0.2491152378758265
103.02000000001689, 179.56339836025853, 0.0, 59.53799708462766, 9.384829019993504, 0.0, -0.431076048019217, -0.38459700000176866, 0.0, -0.24960345300082332
103.0300000000169, 179.65722740316477, 0.0, 59.533673835863155, 9.380977817493482, 0.0, -0.433574515205164, -0.3856432500017667, 0.0, -0.25008964762582014
103.0400000000169, 179.7510178817585, 0.0, 59.529325578150704, 9.377116159993463, 0.0, -0.436077834244236, -0.3866880000017647, 0.0, -0.250573824000817
103.05000000001691, 179.84476969156475, 0.0, 59.52495226307266, 9.373244062493445, 0.0, -0.438585984965183, -0.3877312500017627, 0.0, -0.2510559843758138
103.06000000001691, 179.9384827282585, 0.0, 59.52055384241296, 9.369361539993424, 0.0, -0.44109894721925486, -0.3887730000017606, 0.0, -0.2515361310008107
103.07000000001692, 180.0321568876647, 0.0, 59.516130268156914, 9.365468607493405, 0.0, -0.4436167008802017, -0.38981325000175865, 0.0, -0.25201426612580746
103.08000000001692, 180.12579206575842, 0.0, 59.511681492491014, 9.361565279993386, 0.0, -0.4461392258442736, -0.3908520000017566, 0.0, -0.25249039200080436
103.09000000001693, 180.21938815866466, 0.0, 59.50720746780263, 9.357651572493367, 0.0, -0.44866650203022046, -0.3918892500017547, 0.0, -0.2529645108758012
103.10000000001693, 180.3129450626584, 0.0, 59.50270814667986, 9.353727499993347, 0.0, -0.45119850937929223, -0.3929250000017526, 0.0, -0.25343662500079805
103.11000000001694, 180.40646267416463, 0.0, 59.49818348191128, 9.349793077493326, 0.0, -0.45373522785523895, -0.3939592500017506, 0.0, -0.2539067366257949
103.12000000001694, 180.49994088975836, 0.0, 59.49363342648571, 9.345848319993307, 0.0, -0.45627663744431063, -0.3949920000017486, 0.0, -0.2543748480007918
103.13000000001695, 180.59337960616458, 0.0, 59.48905793359198, 9.341893242493287, 0.0, -0.4588227181552575, -0.3960232500017466, 0.0, -0.2548409613757886
103.14000000001695, 180.68677872025833, 0.0, 59.48445695661876, 9.337927859993268, 0.0, -0.4613734500193291, -0.3970530000017446, 0.0, -0.25530507900078553
103.15000000001696, 180.78013812906454, 0.0, 59.479830449154235, 9.333952187493248, 0.0, -0.4639288130902757, -0.39808125000174255, 0.0, -0.2557672031257823
103.16000000001696, 180.8734577297583, 0.0, 59.475178364986014, 9.32996623999323, 0.0, -0.46648878744434746, -0.3991080000017405, 0.0, -0.2562273360007792
103.17000000001697, 180.96673741966453, 0.0, 59.47050065810074, 9.32597003249321, 0.0, -0.46905335318029384, -0.4001332500017385, 0.0, -0.25668547987577606
103.18000000001697, 181.05997709625822, 0.0, 59.46579728268405, 9.32196357999319, 0.0, -0.47162249041936555, -0.4011570000017365, 0.0, -0.2571416370007729
103.19000000001698, 181.15317665716447, 0.0, 59.4610681931202, 9.31794689749317, 0.0, -0.474196179305312, -0.4021792500017345, 0.0, -0.2575958096257698
103.20000000001698, 181.2463360001582, 0.0, 59.456313343991894, 9.313919999993152, 0.0, -0.47677440000438354, -0.40320000000173245, 0.0, -0.2580480000007667
103.21000000001699, 181.33945502316442, 0.0, 59.4515326900801, 9.309882902493133, 0.0, -0.47935713270533, -0.4042192500017304, 0.0, -0.25849821037576354
103.220000000017, 181.43253362425813, 0.0, 59.44672618636375, 9.305835619993113, 0.0, -0.4819443576194014, -0.40523700000172835, 0.0, -0.25894644300076036
103.230000000017, 181.52557170166438, 0.0, 59.441893788019556, 9.301778167493094, 0.0, -0.48453605498034785, -0.40625325000172635, 0.0, -0.25939270012575727
103.240000000017, 181.6185691537581, 0.0, 59.43703545042179, 9.297710559993074, 0.0, -0.4871322050444193, -0.40726800000172436, 0.0, -0.2598369840007541
103.25000000001701, 181.7115258790643, 0.0, 59.43215112914206, 9.293632812493055, 0.0, -0.4897327880903655, -0.40828125000172233, 0.0, -0.260279296875751
103.26000000001702, 181.80444177625807, 0.0, 59.42724077994904, 9.289544939993036, 0.0, -0.492337784419437, -0.4092930000017202, 0.0, -0.26071964100074785
103.27000000001702, 181.8973167441643, 0.0, 59.422304358808304, 9.285446957493017, 0.0, -0.49494717435538327, -0.4103032500017182, 0.0, -0.2611580186257448
103.28000000001703, 181.990150681758, 0.0, 59.41734182188208, 9.281338879992997, 0.0, -0.49756093824445446, -0.4113120000017162, 0.0, -0.2615944320007416
103.29000000001703, 182.08294348816423, 0.0, 59.412353125529016, 9.277220722492979, 0.0, -0.5001790564554007, -0.41231925000171415, 0.0, -0.26202888337573854
103.30000000001704, 182.17569506265798, 0.0, 59.407338226303935, 9.27309249999296, 0.0, -0.5028015093794719, -0.41332500000171213, 0.0, -0.2624613750007354
103.31000000001704, 182.26840530466418, 0.0, 59.402297080957666, 9.268954227492939, 0.0, -0.5054282774304182, -0.41432925000171006, 0.0, -0.26289190912573235
103.32000000001705, 182.36107411375792, 0.0, 59.397229646436784, 9.26480591999292, 0.0, -0.5080593410444892, -0.415332000001708, 0.0, -0.2633204880007292
103.33000000001705, 182.45370138966416, 0.0, 59.39213587988337, 9.2606475924929, 0.0, -0.5106946806804353, -0.41633325000170596, 0.0, -0.2637471138757261
103.34000000001706, 182.54628703225788, 0.0, 59.38701573863482, 9.256479259992881, 0.0, -0.5133342768195065, -0.41733300000170387, 0.0, -0.26417178900072297
103.35000000001706, 182.6388309415641, 0.0, 59.38186918022362, 9.252300937492862, 0.0, -0.5159781099654526, -0.4183312500017019, 0.0, -0.2645945156257199
103.36000000001707, 182.73133301775783, 0.0, 59.37669616237707, 9.248112639992843, 0.0, -0.5186261606445237, -0.4193280000016998, 0.0, -0.26501529600071677
103.37000000001707, 182.82379316116405, 0.0, 59.37149664301712, 9.243914382492825, 0.0, -0.5212784094054695, -0.42032325000169785, 0.0, -0.26543413237571367
103.38000000001708, 182.9162112722578, 0.0, 59.366270580260114, 9.239706179992805, 0.0, -0.5239348368195407, -0.4213170000016957, 0.0, -0.26585102700071056
103.39000000001708, 183.008587251664, 0.0, 59.361017932416566, 9.235488047492787, 0.0, -0.5265954234804866, -0.4223092500016936, 0.0, -0.2662659821257075
103.40000000001709, 183.1009210001577, 0.0, 59.355738657990955, 9.231259999992767, 0.0, -0.5292601500045574, -0.42330000000169166, 0.0, -0.2666790000007044
103.41000000001709, 183.19321241866396, 0.0, 59.35043271568147, 9.227022052492748, 0.0, -0.5319289970305034, -0.42428925000168954, 0.0, -0.26709008287570124
103.4200000000171, 183.28546140825767, 0.0, 59.3451000643798, 9.22277421999273, 0.0, -0.5346019452195742, -0.42527700000168756, 0.0, -0.2674992330006982
103.4300000000171, 183.37766787016392, 0.0, 59.339740663170915, 9.21851651749271, 0.0, -0.5372789752555202, -0.4262632500016854, 0.0, -0.2679064526256951
103.44000000001711, 183.46983170575763, 0.0, 59.334354471332844, 9.214248959992691, 0.0, -0.5399600678445908, -0.42724800000168334, 0.0, -0.26831174400069197
103.45000000001711, 183.56195281656386, 0.0, 59.328941448336415, 9.209971562492672, 0.0, -0.5426452037155367, -0.42823125000168133, 0.0, -0.2687151093756889
103.46000000001712, 183.65403110425757, 0.0, 59.32350155384509, 9.205684339992652, 0.0, -0.5453343636196073, -0.4292130000016792, 0.0, -0.2691165510006859
103.47000000001712, 183.7460664706638, 0.0, 59.31803474771467, 9.201387307492634, 0.0, -0.5480275283305531, -0.43019325000167724, 0.0, -0.2695160711256827
103.48000000001713, 183.8380588177575, 0.0, 59.312540989993124, 9.197080479992616, 0.0, -0.5507246786446238, -0.4311720000016751, 0.0, -0.2699136720006796
103.49000000001713, 183.93000804766376, 0.0, 59.307020240920366, 9.192763872492597, 0.0, -0.5534257953805695, -0.43214925000167304, 0.0, -0.27030935587567656
103.50000000001714, 184.02191406265746, 0.0, 59.30147246092797, 9.188437499992576, 0.0, -0.5561308593796401, -0.433125000001671, 0.0, -0.27070312500067356
103.51000000001714, 184.1137767651637, 0.0, 59.29589761063901, 9.184101377492558, 0.0, -0.5588398515055858, -0.4340992500016689, 0.0, -0.2710949816256704
103.52000000001715, 184.20559605775742, 0.0, 59.29029565086781, 9.17975551999254, 0.0, -0.5615527526446563, -0.4350720000016669, 0.0, -0.27148492800066737
103.53000000001715, 184.29737184316366, 0.0, 59.28466654261971, 9.17539994249252, 0.0, -0.5642695437056019, -0.4360432500016648, 0.0, -0.2718729663756643
103.54000000001716, 184.38910402425736, 0.0, 59.27901024709085, 9.1710346599925, 0.0, -0.5669902056196724, -0.43701300000166265, 0.0, -0.27225909900066125
103.55000000001716, 184.4807925040636, 0.0, 59.27332672566796, 9.166659687492482, 0.0, -0.5697147193406178, -0.4379812500016606, 0.0, -0.2726433281256581
103.56000000001717, 184.5724371857573, 0.0, 59.26761593992809, 9.162275039992464, 0.0, -0.5724430658446884, -0.43894800000165846, 0.0, -0.27302565600065515
103.57000000001717, 184.66403797266355, 0.0, 59.261877851638445, 9.157880732492446, 0.0, -0.5751752261306339, -0.4399132500016565, 0.0, -0.273406084875652
103.58000000001718, 184.75559476825725, 0.0, 59.25611242275613, 9.153476779992426, 0.0, -0.5779111812197042, -0.44087700000165436, 0.0, -0.273784617000649
103.59000000001718, 184.84710747616347, 0.0, 59.2503196154279, 9.149063197492408, 0.0, -0.5806509121556495, -0.44183925000165225, 0.0, -0.2741612546256459
103.60000000001719, 184.93857600015718, 0.0, 59.24449939198997, 9.144639999992387, 0.0, -0.5833944000047199, -0.4428000000016502, 0.0, -0.2745360000006428
103.6100000000172, 185.0300002441634, 0.0, 59.238651714967794, 9.140207202492372, 0.0, -0.5861416258556652, -0.44375925000164806, 0.0, -0.2749088553756398
103.6200000000172, 185.12138011225713, 0.0, 59.23277654707581, 9.13576481999235, 0.0, -0.5888925708197357, -0.44471700000164605, 0.0, -0.2752798230006367
103.6300000000172, 185.21271550866336, 0.0, 59.22687385121724, 9.131312867492333, 0.0, -0.5916472160306806, -0.44567325000164393, 0.0, -0.2756489051256337
103.64000000001721, 185.30400633775707, 0.0, 59.22094359048385, 9.126851359992314, 0.0, -0.594405542644751, -0.44662800000164177, 0.0, -0.2760161040006306
103.65000000001722, 185.39525250406328, 0.0, 59.21498572815574, 9.122380312492295, 0.0, -0.5971675318406963, -0.44758125000163973, 0.0, -0.2763814218756276
103.66000000001722, 185.486453912257, 0.0, 59.20900022770108, 9.117899739992275, 0.0, -0.5999331648197664, -0.4485330000016376, 0.0, -0.2767448610006245
103.67000000001723, 185.57761046716323, 0.0, 59.20298705277598, 9.113409657492259, 0.0, -0.6027024228057114, -0.4494832500016356, 0.0, -0.27710642362562155
103.68000000001723, 185.66872207375695, 0.0, 59.19694616722413, 9.10891007999224, 0.0, -0.6054752870447815, -0.4504320000016334, 0.0, -0.27746611200061844
103.69000000001724, 185.75978863716315, 0.0, 59.190877535076666, 9.10440102249222, 0.0, -0.6082517388057267, -0.45137925000163126, 0.0, -0.2778239283756154
103.70000000001724, 185.85081006265688, 0.0, 59.18478112055196, 9.099882499992201, 0.0, -0.6110317593797969, -0.45232500000162923, 0.0, -0.27817987500061236
103.71000000001725, 185.94178625566312, 0.0, 59.178656888055315, 9.095354527492182, 0.0, -0.6138153300807417, -0.4532692500016271, 0.0, -0.2785339541256094
103.72000000001725, 186.0327171217568, 0.0, 59.1725048021788, 9.090817119992165, 0.0, -0.6166024322448118, -0.4542120000016251, 0.0, -0.27888616800060634
103.73000000001726, 186.12360256666304, 0.0, 59.16632482770101, 9.086270292492145, 0.0, -0.6193930472307567, -0.45515325000162293, 0.0, -0.2792365188756033
103.74000000001726, 186.21444249625677, 0.0, 59.16011692958684, 9.081714059992127, 0.0, -0.6221871564198268, -0.4560930000016208, 0.0, -0.27958500900060024
103.75000000001727, 186.30523681656297, 0.0, 59.153881072987254, 9.077148437492108, 0.0, -0.6249847412157716, -0.4570312500016187, 0.0, -0.27993164062559717
103.76000000001727, 186.3959854337567, 0.0, 59.14761722323908, 9.072573439992091, 0.0, -0.6277857830448416, -0.4579680000016165, 0.0, -0.28027641600059416
103.77000000001728, 186.4866882541629, 0.0, 59.14132534586475, 9.067989082492073, 0.0, -0.6305902633557864, -0.4589032500016145, 0.0, -0.2806193373755911
103.78000000001728, 186.57734518425661, 0.0, 59.13500540657211, 9.063395379992052, 0.0, -0.6333981636198561, -0.4598370000016124, 0.0, -0.28096040700058816
103.79000000001729, 186.66795613066284, 0.0, 59.12865737125419, 9.058792347492036, 0.0, -0.636209465330801, -0.4607692500016102, 0.0, -0.2812996271255851
103.80000000001729, 186.75852100015655, 0.0, 59.12228120598895, 9.054179999992016, 0.0, -0.6390241500048708, -0.46170000000160816, 0.0, -0.2816370000005821
103.8100000000173, 186.8490396996628, 0.0, 59.115876877039085, 9.049558352491998, 0.0, -0.6418421991808155, -0.462629250001606, 0.0, -0.281972527875579
103.8200000000173, 186.9395121362565, 0.0, 59.10944435085179, 9.044927419991978, 0.0, -0.6446635944198853, -0.46355700000160394, 0.0, -0.28230621300057607
103.83000000001731, 187.0299382171627, 0.0, 59.10298359405852, 9.04028721749196, 0.0, -0.64748831730583, -0.4644832500016018, 0.0, -0.28263805762557304
103.84000000001731, 187.12031784975645, 0.0, 59.09649457347483, 9.035637759991943, 0.0, -0.6503163494448997, -0.4654080000015996, 0.0, -0.28296806400057006
103.85000000001732, 187.21065094156265, 0.0, 59.08997725610002, 9.030979062491923, 0.0, -0.6531476724658443, -0.46633125000159753, 0.0, -0.283296234375567
103.86000000001732, 187.30093740025634, 0.0, 59.083431609117056, 9.026311139991906, 0.0, -0.6559822680199139, -0.46725300000159536, 0.0, -0.28362257100056404
103.87000000001733, 187.39117713366255, 0.0, 59.07685759989226, 9.021634007491889, 0.0, -0.6588201177808585, -0.4681732500015933, 0.0, -0.28394707612556097
103.88000000001733, 187.4813700497563, 0.0, 59.070255195975086, 9.016947679991869, 0.0, -0.6616612034449281, -0.4690920000015911, 0.0, -0.28426975200055804
103.89000000001734, 187.5715160566625, 0.0, 59.063624365097944, 9.01225217249185, 0.0, -0.6645055067308726, -0.47000925000158894, 0.0, -0.28459060087555504
103.90000000001734, 187.6616150626562, 0.0, 59.05696507517592, 9.007547499991833, 0.0, -0.667353009379942, -0.4709250000015869, 0.0, -0.28490962500055206
103.91000000001735, 187.75166697616243, 0.0, 59.05027729430659, 9.002833677491815, 0.0, -0.6702036931558866, -0.4718392500015847, 0.0, -0.285226826625549
103.92000000001735, 187.84167170575614, 0.0, 59.043560990769755, 8.998110719991796, 0.0, -0.673057539844956, -0.4727520000015827, 0.0, -0.2855422080005461
103.93000000001736, 187.93162916016234, 0.0, 59.03681613302727, 8.993378642491779, 0.0, -0.6759145312559003, -0.4736632500015805, 0.0, -0.285855771375543
103.94000000001736, 188.0215392482561, 0.0, 59.030042689722784, 8.98863745999176, 0.0, -0.6787746492199698, -0.47457300000157826, 0.0, -0.28616751900054
103.95000000001737, 188.1114018790623, 0.0, 59.02324062968152, 8.98388718749174, 0.0, -0.6816378755909142, -0.4754812500015762, 0.0, -0.28647745312553696
103.96000000001737, 188.20121696175602, 0.0, 59.01640992191003, 8.979127839991724, 0.0, -0.6845041922449834, -0.476388000001574, 0.0, -0.286785576000534
103.97000000001738, 188.29098440566221, 0.0, 59.009550535596006, 8.974359432491704, 0.0, -0.6873735810809276, -0.47729325000157197, 0.0, -0.2870918898755311
103.98000000001738, 188.38070412025593, 0.0, 59.00266244010806, 8.969581979991686, 0.0, -0.690246024019997, -0.4781970000015697, 0.0, -0.28739639700052805
103.99000000001739, 188.47037601516215, 0.0, 58.99574560499545, 8.96479549749167, 0.0, -0.6931215030059412, -0.47909925000156756, 0.0, -0.2876990996255251
104.0000000000174, 188.56000000015584, 0.0, 58.9887999999879, 8.95999999999165, 0.0, -0.6960000000050105, -0.4800000000015655, 0.0, -0.2880000000005221
104.0100000000174, 188.64957598516207, 0.0, 58.98182559499534, 8.955195502491634, 0.0, -0.6988814970059545, -0.4808992500015633, 0.0, -0.28829910037551915
104.0200000000174, 188.73910388025578, 0.0, 58.97482236010772, 8.950382019991615, 0.0, -0.7017659760200236, -0.4817970000015612, 0.0, -0.2885964030005162
104.03000000001741, 188.828583595662, 0.0, 58.96779026559477, 8.945559567491598, 0.0, -0.7046534190809679, -0.482693250001559, 0.0, -0.2888919101255132
104.04000000001741, 188.9180150417557, 0.0, 58.96072928190576, 8.940728159991579, 0.0, -0.7075438082450368, -0.48358800000155683, 0.0, -0.28918562400051023
104.05000000001742, 189.00739812906193, 0.0, 58.95363937966926, 8.93588781249156, 0.0, -0.710437125590981, -0.48448125000155473, 0.0, -0.28947754687550725
104.06000000001742, 189.09673276825563, 0.0, 58.94652052969299, 8.931038539991542, 0.0, -0.7133333532200501, -0.48537300000155253, 0.0, -0.28976768100050426
104.07000000001743, 189.18601887016183, 0.0, 58.9393727029635, 8.926180357491525, 0.0, -0.7162324732559942, -0.48626325000155046, 0.0, -0.2900560286255014
104.08000000001744, 189.27525634575554, 0.0, 58.93219587064602, 8.921313279991507, 0.0, -0.719134467845063, -0.48715200000154824, 0.0, -0.2903425920004984
104.09000000001744, 189.36444510616175, 0.0, 58.924990004084194, 8.916437322491488, 0.0, -0.7220393191560069, -0.488039250001546, 0.0, -0.29062737337549543
104.10000000001745, 189.45358506265546, 0.0, 58.91775507479985, 8.91155249999147, 0.0, -0.7249470093800761, -0.48892500000154393, 0.0, -0.2909103750004924
104.11000000001745, 189.54267612666166, 0.0, 58.91049105449282, 8.906658827491453, 0.0, -0.72785752073102, -0.48980925000154174, 0.0, -0.2911915991254895
104.12000000001746, 189.63171820975538, 0.0, 58.903197915040685, 8.901756319991435, 0.0, -0.7307708354450888, -0.4906920000015396, 0.0, -0.2914710480004865
104.13000000001746, 189.7207112236616, 0.0, 58.895875628498516, 8.896844992491417, 0.0, -0.7336869357810324, -0.4915732500015374, 0.0, -0.2917487238754836
104.14000000001747, 189.80965508025528, 0.0, 58.888524167098716, 8.891924859991398, 0.0, -0.7366058040201011, -0.4924530000015352, 0.0, -0.2920246290004807
104.15000000001747, 189.8985496915615, 0.0, 58.88114350325075, 8.886995937491381, 0.0, -0.7395274224660451, -0.4933312500015331, 0.0, -0.2922987656254777
104.16000000001748, 189.98739496975523, 0.0, 58.87373360954094, 8.882058239991364, 0.0, -0.742451773445114, -0.49420800000153087, 0.0, -0.29257113600047474
104.17000000001748, 190.07619082716144, 0.0, 58.866294458732234, 8.877111782491346, 0.0, -0.7453788393060575, -0.49508325000152875, 0.0, -0.29284174237547184
104.18000000001749, 190.16493717625514, 0.0, 58.85882602376397, 8.872156579991328, 0.0, -0.7483086024201263, -0.49595700000152654, 0.0, -0.2931105870004688
104.19000000001749, 190.25363392966136, 0.0, 58.851328277751676, 8.86719264749131, 0.0, -0.75124104518107, -0.49682925000152434, 0.0, -0.29337767212546584
104.2000000000175, 190.34228100015505, 0.0, 58.843801193986806, 8.862219999991293, 0.0, -0.7541761500051385, -0.4977000000015222, 0.0, -0.293643000000463
104.2100000000175, 190.43087830066125, 0.0, 58.83624474593656, 8.857238652491276, 0.0, -0.7571138993310822, -0.49856925000151997, 0.0, -0.29390657287546007
104.2200000000175, 190.519425744255, 0.0, 58.828658907243636, 8.852248619991258, 0.0, -0.760054275620151, -0.49943700000151786, 0.0, -0.29416839300045705
104.23000000001751, 190.60792324416116, 0.0, 58.821043651725994, 8.847249917491238, 0.0, -0.7629972613560944, -0.5003032500015157, 0.0, -0.2944284626254542
104.24000000001752, 190.69637071375487, 0.0, 58.81339895337666, 8.842242559991222, 0.0, -0.7659428390451629, -0.5011680000015134, 0.0, -0.29468678400045134
104.25000000001752, 190.7847680665611, 0.0, 58.805724786363484, 8.837226562491203, 0.0, -0.7688909912161064, -0.5020312500015113, 0.0, -0.29494335937544836
104.26000000001753, 190.8731152162548, 0.0, 58.79802112502889, 8.832201939991187, 0.0, -0.771841700420175, -0.502893000001509, 0.0, -0.29519819100044536
104.27000000001753, 190.961412076661, 0.0, 58.790287943889716, 8.827168707491166, 0.0, -0.7747949492311186, -0.503753250001507, 0.0, -0.2954512811254425
104.28000000001754, 191.0496585617547, 0.0, 58.78252521763692, 8.822126879991151, 0.0, -0.7777507202451869, -0.5046120000015046, 0.0, -0.29570263200043956
104.29000000001754, 191.1378545856609, 0.0, 58.774732921135396, 8.817076472491134, 0.0, -0.7807089960811302, -0.5054692500015024, 0.0, -0.2959522458754366
104.30000000001755, 191.22600006265463, 0.0, 58.76691102942375, 8.812017499991114, 0.0, -0.7836697593801986, -0.5063250000015003, 0.0, -0.2962001250004337
104.31000000001755, 191.31409490716084, 0.0, 58.759059517714036, 8.806949977491097, 0.0, -0.7866329928061417, -0.5071792500014981, 0.0, -0.29644627162543086
104.32000000001756, 191.40213903375457, 0.0, 58.751178361391574, 8.80187391999108, 0.0, -0.7895986790452103, -0.508032000001496, 0.0, -0.29669068800042797
104.33000000001756, 191.49013235716075, 0.0, 58.74326753601472, 8.796789342491063, 0.0, -0.7925668008061534, -0.5088832500014937, 0.0, -0.29693337637542494
104.34000000001757, 191.57807479225445, 0.0, 58.7353270173146, 8.791696259991046, 0.0, -0.7955373408202217, -0.5097330000014915, 0.0, -0.2971743390004221
104.35000000001757, 191.66596625406066, 0.0, 58.72735678119494, 8.786594687491029, 0.0, -0.7985102818411651, -0.5105812500014894, 0.0, -0.2974135781254192
104.36000000001758, 191.75380665775435, 0.0, 58.719356803731834, 8.78148463999101, 0.0, -0.801485606645233, -0.5114280000014871, 0.0, -0.29765109600041634
104.37000000001758, 191.84159591866057, 0.0, 58.711327061173435, 8.776366132490994, 0.0, -0.8044632980311763, -0.5122732500014849, 0.0, -0.2978868948754134
104.38000000001759, 191.92933395225427, 0.0, 58.70326752993986, 8.771239179990975, 0.0, -0.8074433388202444, -0.5131170000014827, 0.0, -0.2981209770004105
104.3900000000176, 192.01702067416048, 0.0, 58.69517818662287, 8.766103797490958, 0.0, -0.8104257118561875, -0.5139592500014805, 0.0, -0.29835334462540763
104.4000000000176, 192.10465600015416, 0.0, 58.68705900798568, 8.76095999999094, 0.0, -0.8134104000052557, -0.5148000000014783, 0.0, -0.29858400000040475
104.4100000000176, 192.1922398461604, 0.0, 58.678909970962756, 8.755807802490922, 0.0, -0.8163973861561985, -0.515639250001476, 0.0, -0.2988129453754018
104.42000000001761, 192.2797721282541, 0.0, 58.67073105265951, 8.750647219990906, 0.0, -0.8193866532202667, -0.5164770000014739, 0.0, -0.299040183000399
104.43000000001761, 192.36725276266029, 0.0, 58.66252223035218, 8.745478267490888, 0.0, -0.8223781841312099, -0.5173132500014717, 0.0, -0.29926571512539607
104.44000000001762, 192.45468166575398, 0.0, 58.65428348148753, 8.74030095999087, 0.0, -0.8253719618452777, -0.5181480000014694, 0.0, -0.2994895440003932
104.45000000001762, 192.5420587540602, 0.0, 58.64601478368266, 8.735115312490853, 0.0, -0.8283679693412207, -0.5189812500014672, 0.0, -0.2997116718753902
104.46000000001763, 192.6293839442539, 0.0, 58.63771611472477, 8.729921339990836, 0.0, -0.8313661896202886, -0.519813000001465, 0.0, -0.29993210100038736
104.47000000001763, 192.7166571531601, 0.0, 58.629387452570896, 8.72471905749082, 0.0, -0.8343666057062316, -0.5206432500014628, 0.0, -0.3001508336253845
104.48000000001764, 192.8038782977538, 0.0, 58.62102877534779, 8.7195084799908, 0.0, -0.8373692006452994, -0.5214720000014605, 0.0, -0.3003678720003816
104.49000000001764, 192.89104729516, 0.0, 58.61264006135158, 8.714289622490785, 0.0, -0.8403739575062422, -0.5222992500014583, 0.0, -0.3005832183753787
104.50000000001765, 192.9781640626537, 0.0, 58.604221289047615, 8.709062499990768, 0.0, -0.84338085938031, -0.5231250000014561, 0.0, -0.30079687500037594
104.51000000001765, 193.06522851765993, 0.0, 58.5957724370702, 8.703827127490749, 0.0, -0.8463898893812529, -0.5239492500014539, 0.0, -0.3010088441253731
104.52000000001766, 193.15224057775362, 0.0, 58.58729348422244, 8.698583519990732, 0.0, -0.8494010306453206, -0.5247720000014517, 0.0, -0.3012191280003701
104.53000000001767, 193.2392001606598, 0.0, 58.578784409475894, 8.693331692490716, 0.0, -0.8524142663312634, -0.5255932500014494, 0.0, -0.3014277288753673
104.54000000001767, 193.32610718425354, 0.0, 58.570245191970464, 8.688071659990698, 0.0, -0.855429579620331, -0.5264130000014472, 0.0, -0.30163464900036446
104.55000000001768, 193.41296156655974, 0.0, 58.56167581101412, 8.682803437490682, 0.0, -0.8584469537162737, -0.527231250001445, 0.0, -0.30183989062536165
104.56000000001768, 193.4997632257534, 0.0, 58.55307624608268, 8.677527039990663, 0.0, -0.8614663718453415, -0.5280480000014427, 0.0, -0.30204345600035865
104.57000000001769, 193.58651208015962, 0.0, 58.5444464768196, 8.672242482490647, 0.0, -0.8644878172562839, -0.5288632500014405, 0.0, -0.3022453473753559
104.58000000001769, 193.67320804825334, 0.0, 58.53578648303571, 8.666949779990631, 0.0, -0.8675112732203517, -0.5296770000014382, 0.0, -0.302445567000353
104.5900000000177, 193.75985104865953, 0.0, 58.52709624470903, 8.661648947490614, 0.0, -0.870536723031294, -0.530489250001436, 0.0, -0.30264411712535016
104.6000000000177, 193.84644100015322, 0.0, 58.518375741984535, 8.656339999990594, 0.0, -0.8735641500053618, -0.5313000000014338, 0.0, -0.3028410000003473
104.6100000000177, 193.93297782165942, 0.0, 58.50962495517391, 8.65102295249058, 0.0, -0.8765935374813041, -0.5321092500014315, 0.0, -0.30303621787534446
104.62000000001771, 194.0194614322531, 0.0, 58.50084386475536, 8.645697819990563, 0.0, -0.8796248688203718, -0.5329170000014294, 0.0, -0.30322977300034165
104.63000000001772, 194.10589175115933, 0.0, 58.49203245137335, 8.640364617490544, 0.0, -0.8826581274063142, -0.5337232500014271, 0.0, -0.30342166762533873
104.64000000001772, 194.19226869775304, 0.0, 58.48319069583839, 8.635023359990528, 0.0, -0.8856932966453817, -0.5345280000014248, 0.0, -0.30361190400033594
104.65000000001773, 194.27859219155923, 0.0, 58.47431857912683, 8.629674062490512, 0.0, -0.888730359966324, -0.5353312500014226, 0.0, -0.3038004843753331
104.66000000001773, 194.36486215225293, 0.0, 58.46541608238061, 8.624316739990492, 0.0, -0.8917693008203913, -0.5361330000014203, 0.0, -0.3039874110003303
104.67000000001774, 194.4510784996591, 0.0, 58.45648318690705, 8.618951407490478, 0.0, -0.8948101026813334, -0.5369332500014181, 0.0, -0.30417268612532744
104.68000000001774, 194.53724115375283, 0.0, 58.44751987417863, 8.61357807999046, 0.0, -0.8978527490454009, -0.5377320000014159, 0.0, -0.3043563120003246
104.69000000001775, 194.62335003465904, 0.0, 58.43852612583272, 8.608196772490443, 0.0, -0.9008972234313433, -0.5385292500014135, 0.0, -0.3045382908753218
104.70000000001775, 194.7094050626527, 0.0, 58.42950192367145, 8.602807499990426, 0.0, -0.9039435093804105, -0.5393250000014114, 0.0, -0.304718625000319
104.71000000001776, 194.7954061581589, 0.0, 58.420447249661365, 8.59741027749041, 0.0, -0.9069915904563528, -0.540119250001409, 0.0, -0.3048973166253161
104.72000000001776, 194.8813532417526, 0.0, 58.41136208593328, 8.592005119990393, 0.0, -0.9100414502454202, -0.5409120000014068, 0.0, -0.3050743680003133
104.73000000001777, 194.9672462341588, 0.0, 58.402246414782034, 8.586592042490375, 0.0, -0.9130930723563622, -0.5417032500014045, 0.0, -0.3052497813753105
104.74000000001777, 195.0530850562525, 0.0, 58.39310021866629, 8.581171059990359, 0.0, -0.9161464404204295, -0.5424930000014022, 0.0, -0.3054235590003077
104.75000000001778, 195.13886962905872, 0.0, 58.38392348020827, 8.575742187490341, 0.0, -0.9192015380913714, -0.5432812500014, 0.0, -0.3055957031253048
104.76000000001778, 195.2245998737524, 0.0, 58.374716182193524, 8.570305439990324, 0.0, -0.9222583490454387, -0.5440680000013978, 0.0, -0.30576621600030207
104.77000000001779, 195.31027571165862, 0.0, 58.36547830757074, 8.564860832490307, 0.0, -0.9253168569813807, -0.5448532500013955, 0.0, -0.30593509987529927
104.7800000000178, 195.3958970642523, 0.0, 58.356209839451544, 8.559408379990291, 0.0, -0.9283770456204476, -0.5456370000013933, 0.0, -0.30610235700029653
104.7900000000178, 195.4814638531585, 0.0, 58.34691076111017, 8.553948097490276, 0.0, -0.9314388987063897, -0.5464192500013909, 0.0, -0.3062679896252936
104.8000000000178, 195.5669760001522, 0.0, 58.33758105598336, 8.548479999990258, 0.0, -0.9345024000054567, -0.5472000000013887, 0.0, -0.3064320000002908
104.81000000001781, 195.6524334271584, 0.0, 58.32822070767005, 8.543004102490242, 0.0, -0.9375675333063987, -0.5479792500013864, 0.0, -0.306594390375288
104.82000000001781, 195.7378360562521, 0.0, 58.31882969993118, 8.537520419990225, 0.0, -0.9406342824204655, -0.5487570000013842, 0.0, -0.3067551630002852
104.83000000001782, 195.82318380965827, 0.0, 58.309408016689474, 8.532028967490207, 0.0, -0.9437026311814075, -0.5495332500013819, 0.0, -0.3069143201252824
104.84000000001782, 195.90847660975197, 0.0, 58.299955642029204, 8.526529759990192, 0.0, -0.9467725634454742, -0.5503080000013796, 0.0, -0.3070718640002797
104.85000000001783, 195.9937143790582, 0.0, 58.290472560195944, 8.521022812490173, 0.0, -0.9498440630914161, -0.5510812500013773, 0.0, -0.3072277968752769
104.86000000001783, 196.07889704025186, 0.0, 58.28095875559643, 8.515508139990159, 0.0, -0.952917114020483, -0.551853000001375, 0.0, -0.30738212100027407
104.87000000001784, 196.16402451615807, 0.0, 58.271414212798184, 8.50998575749014, 0.0, -0.955991700156425, -0.5526232500013728, 0.0, -0.30753483862527126
104.88000000001784, 196.24909672975176, 0.0, 58.26183891652944, 8.504455679990125, 0.0, -0.9590678054454916, -0.5533920000013705, 0.0, -0.3076859520002685
104.89000000001785, 196.33411360415795, 0.0, 58.25223285167886, 8.498917922490108, 0.0, -0.9621454138564335, -0.5541592500013681, 0.0, -0.30783546337526574
104.90000000001785, 196.41907506265164, 0.0, 58.24259600329526, 8.493372499990093, 0.0, -0.9652245093804999, -0.5549250000013659, 0.0, -0.3079833750002629
104.91000000001786, 196.50398102865785, 0.0, 58.23292835658748, 8.487819427490075, 0.0, -0.9683050760314416, -0.5556892500013636, 0.0, -0.3081296891252602
104.92000000001786, 196.58883142575152, 0.0, 58.22322989692408, 8.482258719990059, 0.0, -0.9713870978455084, -0.5564520000013613, 0.0, -0.3082744080002574
104.93000000001787, 196.67362617765775, 0.0, 58.213500609833154, 8.476690392490042, 0.0, -0.9744705588814501, -0.557213250001359, 0.0, -0.30841753387525467
104.94000000001787, 196.75836520825143, 0.0, 58.20374048100211, 8.471114459990027, 0.0, -0.9775554432205168, -0.5579730000013566, 0.0, -0.30855906900025176
104.95000000001788, 196.8430484415576, 0.0, 58.193949496277384, 8.46553093749001, 0.0, -0.9806417349664582, -0.5587312500013545, 0.0, -0.3086990156252491
104.96000000001789, 196.9276758017513, 0.0, 58.18412764166432, 8.459939839989994, 0.0, -0.9837294182455247, -0.5594880000013521, 0.0, -0.30883737600024636
104.97000000001789, 197.0122472131575, 0.0, 58.17427490332687, 8.454341182489978, 0.0, -0.9868184772064663, -0.5602432500013499, 0.0, -0.3089741523752436
104.9800000000179, 197.0967626002512, 0.0, 58.16439126758734, 8.448734979989961, 0.0, -0.9899088960205329, -0.5609970000013476, 0.0, -0.3091093470002408
104.9900000000179, 197.1812218876574, 0.0, 58.15447672092629, 8.443121247489943, 0.0, -0.9930006588814743, -0.5617492500013452, 0.0, -0.30924296212523805
105.0000000000179, 197.2656250001511, 0.0, 58.144531249982165, 8.437499999989928, 0.0, -0.9960937500055408, -0.5625000000013429, 0.0, -0.3093750000002353
105.01000000001791, 197.34997186265727, 0.0, 58.134554841551164, 8.43187125248991, 0.0, -0.9991881536314823, -0.5632492500013406, 0.0, -0.30950546287523245
105.02000000001792, 197.434262400251, 0.0, 58.12454748258698, 8.426235019989896, 0.0, -1.0022838540205485, -0.5639970000013383, 0.0, -0.3096343530002298
105.03000000001792, 197.51849653815717, 0.0, 58.11450916020058, 8.42059131748988, 0.0, -1.00538083545649, -0.5647432500013361, 0.0, -0.3097616726252271
105.04000000001793, 197.60267420175083, 0.0, 58.104439861660005, 8.414940159989863, 0.0, -1.0084790822455563, -0.5654880000013336, 0.0, -0.3098874240002243
105.05000000001793, 197.68679531655704, 0.0, 58.09433957439006, 8.409281562489847, 0.0, -1.0115785787164975, -0.5662312500013315, 0.0, -0.31001160937522154
105.06000000001794, 197.77085980825072, 0.0, 58.084208285972224, 8.403615539989831, 0.0, -1.014679309220564, -0.5669730000013291, 0.0, -0.31013423100021875
105.07000000001794, 197.85486760265692, 0.0, 58.074045984144284, 8.397942107489815, 0.0, -1.017781258131505, -0.5677132500013269, 0.0, -0.31025529112521605
105.08000000001795, 197.9388186257506, 0.0, 58.063852656800236, 8.3922612799898, 0.0, -1.0208844098455712, -0.5684520000013245, 0.0, -0.3103747920002134
105.09000000001795, 198.0227128036568, 0.0, 58.05362829198996, 8.386573072489782, 0.0, -1.0239887487815127, -0.5691892500013221, 0.0, -0.31049273587521053
105.10000000001796, 198.10655006265048, 0.0, 58.043372877919055, 8.380877499989765, 0.0, -1.0270942593805787, -0.5699250000013198, 0.0, -0.3106091250002079
105.11000000001796, 198.19033032915667, 0.0, 58.03308640294859, 8.37517457748975, 0.0, -1.03020092610652, -0.5706592500013175, 0.0, -0.31072396162520516
105.12000000001797, 198.27405352975038, 0.0, 58.022768855594876, 8.369464319989733, 0.0, -1.033308733445586, -0.5713920000013153, 0.0, -0.3108372480002025
105.13000000001797, 198.35771959115655, 0.0, 58.01242022452926, 8.363746742489717, 0.0, -1.0364176659065272, -0.5721232500013129, 0.0, -0.3109489863751997
105.14000000001798, 198.44132844025026, 0.0, 58.00204049857789, 8.358021859989702, 0.0, -1.0395277080205934, -0.5728530000013106, 0.0, -0.311059179000197
105.15000000001798, 198.52488000405646, 0.0, 57.99162966672148, 8.352289687489685, 0.0, -1.0426388443415342, -0.5735812500013082, 0.0, -0.3111678281251943
105.16000000001799, 198.60837420975014, 0.0, 57.98118771809511, 8.34655023998967, 0.0, -1.0457510594456003, -0.5743080000013059, 0.0, -0.3112749360001915
105.17000000001799, 198.6918109846563, 0.0, 57.97071464198795, 8.340803532489653, 0.0, -1.0488643379315414, -0.5750332500013036, 0.0, -0.31138050487518876
105.180000000018, 198.77519025625, 0.0, 57.96021042784312, 8.335049579989638, 0.0, -1.0519786644206073, -0.5757570000013013, 0.0, -0.3114845370001861
105.190000000018, 198.8585119521562, 0.0, 57.94967506525738, 8.329288397489622, 0.0, -1.0550940235565482, -0.5764792500012988, 0.0, -0.31158703462518345
105.20000000001801, 198.9417760001499, 0.0, 57.93910854398094, 8.323519999989605, 0.0, -1.0582104000056145, -0.5772000000012966, 0.0, -0.31168800000018065
105.21000000001801, 199.02498232815609, 0.0, 57.928510853917246, 8.317744402489591, 0.0, -1.0613277784565551, -0.5779192500012942, 0.0, -0.311787435375178
105.22000000001802, 199.10813086424977, 0.0, 57.91788198512276, 8.311961619989575, 0.0, -1.0644461436206207, -0.5786370000012919, 0.0, -0.3118853430001753
105.23000000001802, 199.19122153665595, 0.0, 57.907221927806674, 8.306171667489558, 0.0, -1.0675654802315617, -0.5793532500012896, 0.0, -0.31198172512517264
105.24000000001803, 199.27425427374965, 0.0, 57.896530672330776, 8.300374559989542, 0.0, -1.0706857730456274, -0.5800680000012872, 0.0, -0.31207658400016985
105.25000000001803, 199.35722900405582, 0.0, 57.88580820920915, 8.294570312489526, 0.0, -1.0738070068415684, -0.5807812500012849, 0.0, -0.31216992187516723
105.26000000001804, 199.44014565624954, 0.0, 57.87505452910799, 8.28875893998951, 0.0, -1.0769291664206344, -0.5814930000012826, 0.0, -0.3122617410001645
105.27000000001804, 199.5230041591557, 0.0, 57.86426962284538, 8.282940457489495, 0.0, -1.080052236606575, -0.5822032500012803, 0.0, -0.3123520436251619
105.28000000001805, 199.60580444174937, 0.0, 57.85345348139101, 8.27711487998948, 0.0, -1.0831762022456404, -0.5829120000012779, 0.0, -0.3124408320001591
105.29000000001805, 199.68854643315558, 0.0, 57.842606095866046, 8.271282222489463, 0.0, -1.0863010482065814, -0.5836192500012755, 0.0, -0.31252810837515643
105.30000000001806, 199.77123006264927, 0.0, 57.831727457542826, 8.265442499989447, 0.0, -1.089426759380647, -0.5843250000012732, 0.0, -0.3126138750001538
105.31000000001806, 199.85385525965546, 0.0, 57.82081755784467, 8.259595727489431, 0.0, -1.0925533206815874, -0.5850292500012708, 0.0, -0.31269813412515113
105.32000000001807, 199.93642195374915, 0.0, 57.80987638834564, 8.253741919989416, 0.0, -1.095680717045653, -0.5857320000012686, 0.0, -0.3127808880001484
105.33000000001807, 200.01893007465534, 0.0, 57.79890394077034, 8.2478810924894, 0.0, -1.0988089334315938, -0.5864332500012661, 0.0, -0.31286213887514575
105.34000000001808, 200.10137955224903, 0.0, 57.78790020699366, 8.242013259989385, 0.0, -1.1019379548206591, -0.5871330000012638, 0.0, -0.3129418890001431
105.35000000001808, 200.1837703165552, 0.0, 57.776865179040556, 8.23613843748937, 0.0, -1.1050677662166, -0.5878312500012615, 0.0, -0.3130201406251404
105.36000000001809, 200.2661022977489, 0.0, 57.76579884908587, 8.230256639989353, 0.0, -1.1081983526456654, -0.588528000001259, 0.0, -0.31309689600013774
105.3700000000181, 200.34837542615506, 0.0, 57.75470120945403, 8.224367882489338, 0.0, -1.1113296991566057, -0.5892232500012567, 0.0, -0.31317215737513504
105.3800000000181, 200.43058963224877, 0.0, 57.74357225261888, 8.218472179989323, 0.0, -1.1144617908206713, -0.5899170000012544, 0.0, -0.31324592700013243
105.3900000000181, 200.51274484665493, 0.0, 57.73241197120345, 8.212569547489307, 0.0, -1.1175946127316114, -0.590609250001252, 0.0, -0.3133182071251297
105.40000000001811, 200.59484100014862, 0.0, 57.7212203579797, 8.206659999989292, 0.0, -1.120728150005677, -0.5913000000012496, 0.0, -0.3133890000001271
105.41000000001812, 200.6768780236548, 0.0, 57.70999740586833, 8.200743552489277, 0.0, -1.1238623877816172, -0.5919892500012472, 0.0, -0.31345830787512446
105.42000000001812, 200.7588558482485, 0.0, 57.69874310793852, 8.19482021998926, 0.0, -1.1269973112206824, -0.5926770000012449, 0.0, -0.3135261330001219
105.43000000001813, 200.8407744051547, 0.0, 57.68745745740775, 8.188890017489244, 0.0, -1.130132905506623, -0.5933632500012425, 0.0, -0.31359247762511916
105.44000000001813, 200.92263362574835, 0.0, 57.67614044764152, 8.18295295998923, 0.0, -1.1332691558456882, -0.5940480000012401, 0.0, -0.3136573440001165
105.45000000001814, 201.00443344155454, 0.0, 57.66479207215322, 8.177009062489214, 0.0, -1.1364060474666284, -0.5947312500012378, 0.0, -0.31372073437511394
105.46000000001814, 201.08617378424825, 0.0, 57.65341232460374, 8.171058339989198, 0.0, -1.139543565620694, -0.5954130000012354, 0.0, -0.31378265100011127
105.47000000001815, 201.16785458565442, 0.0, 57.64200119880144, 8.165100807489182, 0.0, -1.142681695581634, -0.596093250001233, 0.0, -0.31384309612510863
105.48000000001815, 201.2494757777481, 0.0, 57.63055868870176, 8.159136479989169, 0.0, -1.1458204226456994, -0.5967720000012307, 0.0, -0.313902072000106
105.49000000001816, 201.33103729265426, 0.0, 57.61908478840711, 8.153165372489152, 0.0, -1.1489597321316394, -0.5974492500012283, 0.0, -0.31395958087510334
105.50000000001816, 201.41253906264797, 0.0, 57.60757949216657, 8.147187499989137, 0.0, -1.1520996093807043, -0.5981250000012259, 0.0, -0.3140156250001007
105.51000000001817, 201.49398102015417, 0.0, 57.59604279437572, 8.141202877489121, 0.0, -1.1552400397566445, -0.5987992500012236, 0.0, -0.31407020662509805
105.52000000001817, 201.5753630977478, 0.0, 57.58447468957638, 8.135211519989106, 0.0, -1.1583810086457096, -0.5994720000012213, 0.0, -0.31412332800009546
105.53000000001818, 201.656685228154, 0.0, 57.572875172456406, 8.12921344248909, 0.0, -1.1615225014566497, -0.6001432500012187, 0.0, -0.31417499137509286
105.54000000001818, 201.7379473442477, 0.0, 57.5612442378494, 8.123208659989077, 0.0, -1.1646645036207146, -0.6008130000012164, 0.0, -0.31422519900009016
105.55000000001819, 201.81914937905387, 0.0, 57.54958188073462, 8.11719718748906, 0.0, -1.1678070005916548, -0.601481250001214, 0.0, -0.31427395312508755
105.56000000001819, 201.90029126574757, 0.0, 57.53788809623661, 8.111179039989045, 0.0, -1.1709499778457193, -0.6021480000012116, 0.0, -0.314321256000085
105.5700000000182, 201.98137293765376, 0.0, 57.52616287962509, 8.105154232489031, 0.0, -1.1740934208816596, -0.6028132500012093, 0.0, -0.31436710987508243
105.5800000000182, 202.06239432824742, 0.0, 57.514406226314634, 8.099122779989015, 0.0, -1.1772373152207245, -0.6034770000012069, 0.0, -0.31441151700007974
105.59000000001821, 202.14335537115363, 0.0, 57.50261813186451, 8.093084697489001, 0.0, -1.1803816464066645, -0.6041392500012044, 0.0, -0.3144544796250771
105.60000000001821, 202.22425600014728, 0.0, 57.49079859197844, 8.087039999988985, 0.0, -1.1835264000057293, -0.604800000001202, 0.0, -0.31449600000007455
105.61000000001822, 202.30509614915348, 0.0, 57.47894760250438, 8.08098870248897, 0.0, -1.186671561606669, -0.6054592500011996, 0.0, -0.31453608037507197
105.62000000001822, 202.38587575224713, 0.0, 57.46706515943426, 8.074930819988955, 0.0, -1.1898171168207339, -0.6061170000011973, 0.0, -0.31457472300006933
105.63000000001823, 202.46659474365333, 0.0, 57.4551512589038, 8.06886636748894, 0.0, -1.1929630512816736, -0.6067732500011949, 0.0, -0.3146119301250667
105.64000000001823, 202.547253057747, 0.0, 57.443205897192264, 8.062795359988925, 0.0, -1.1961093506457385, -0.6074280000011925, 0.0, -0.3146477040000642
105.65000000001824, 202.6278506290532, 0.0, 57.43122907072227, 8.056717812488909, 0.0, -1.1992560005916781, -0.6080812500011901, 0.0, -0.3146820468750616
105.66000000001824, 202.70838739224686, 0.0, 57.41922077605948, 8.050633739988895, 0.0, -1.2024029868207429, -0.6087330000011877, 0.0, -0.31471496100005897
105.67000000001825, 202.78886328215305, 0.0, 57.407181009912485, 8.04454315748888, 0.0, -1.2055502950566825, -0.6093832500011853, 0.0, -0.3147464486250564
105.68000000001825, 202.86927823374674, 0.0, 57.395109769132496, 8.038446079988866, 0.0, -1.208697911045747, -0.6100320000011829, 0.0, -0.3147765120000539
105.69000000001826, 202.94963218215292, 0.0, 57.383007050713154, 8.03234252248885, 0.0, -1.2118458205566869, -0.6106792500011804, 0.0, -0.31480515337505116
105.70000000001826, 203.0299250626466, 0.0, 57.37087285179031, 8.026232499988835, 0.0, -1.2149940093807514, -0.6113250000011781, 0.0, -0.3148323750000487
105.71000000001827, 203.11015681065277, 0.0, 57.358707169641775, 8.02011602748882, 0.0, -1.218142463331691, -0.6119692500011755, 0.0, -0.3148581791250461
105.72000000001827, 203.19032736174645, 0.0, 57.34651000168712, 8.013993119988806, 0.0, -1.2212911682457552, -0.6126120000011732, 0.0, -0.31488256800004355
105.73000000001828, 203.2704366516526, 0.0, 57.33428134548743, 8.00786379248879, 0.0, -1.2244401099816953, -0.6132532500011708, 0.0, -0.31490554387504094
105.74000000001828, 203.3504846162463, 0.0, 57.322021198745134, 8.001728059988775, 0.0, -1.2275892744207597, -0.6138930000011683, 0.0, -0.31492710900003834
105.75000000001829, 203.4304711915525, 0.0, 57.309729559303655, 7.995585937488761, 0.0, -1.2307386474666993, -0.6145312500011659, 0.0, -0.31494726562503583
105.7600000000183, 203.51039631374616, 0.0, 57.297406425147344, 7.9894374399887464, 0.0, -1.2338882150457637, -0.6151680000011636, 0.0, -0.3149660160000333
105.7700000000183, 203.59025991915234, 0.0, 57.28505179440113, 7.983282582488731, 0.0, -1.237037963106703, -0.6158032500011612, 0.0, -0.31498336237503066
105.7800000000183, 203.67006194424602, 0.0, 57.27266566533035, 7.977121379988716, 0.0, -1.2401878776207673, -0.6164370000011588, 0.0, -0.3149993070000282
105.79000000001831, 203.74980232565218, 0.0, 57.26024803634054, 7.970953847488701, 0.0, -1.243337944581707, -0.6170692500011562, 0.0, -0.3150138521250256
105.80000000001831, 203.82948100014588, 0.0, 57.24779890597716, 7.9647799999886875, 0.0, -1.246488150005771, -0.6177000000011539, 0.0, -0.3150270000000231
105.81000000001832, 203.90909790465204, 0.0, 57.23531827292542, 7.958599852488673, 0.0, -1.2496384799317106, -0.6183292500011515, 0.0, -0.3150387528750204
105.82000000001833, 203.98865297624573, 0.0, 57.22280613600998, 7.952413419988658, 0.0, -1.2527889204207747, -0.6189570000011491, 0.0, -0.315049113000018
105.83000000001833, 204.0681461521519, 0.0, 57.210262494194836, 7.946220717488643, 0.0, -1.255939457556714, -0.6195832500011466, 0.0, -0.31505808262501545
105.84000000001834, 204.1475773697456, 0.0, 57.19768734658299, 7.940021759988628, 0.0, -1.2590900774457785, -0.6202080000011441, 0.0, -0.3150656640000129
105.85000000001834, 204.22694656655176, 0.0, 57.1850806924163, 7.933816562488613, 0.0, -1.2622407662167177, -0.6208312500011417, 0.0, -0.31507185937501025
105.86000000001835, 204.30625368024545, 0.0, 57.172442531075205, 7.9276051399886, 0.0, -1.2653915100207818, -0.6214530000011393, 0.0, -0.3150766710000078
105.87000000001835, 204.3854986486516, 0.0, 57.15977286207852, 7.921387507488585, 0.0, -1.2685422950317211, -0.6220732500011369, 0.0, -0.3150801011250053
105.88000000001836, 204.4646814097453, 0.0, 57.14707168508321, 7.915163679988569, 0.0, -1.2716931074457851, -0.6226920000011344, 0.0, -0.31508215200000267
105.89000000001836, 204.54380190165148, 0.0, 57.13433899988419, 7.908933672488556, 0.0, -1.2748439334817239, -0.6233092500011319, 0.0, -0.31508282587500014
105.90000000001837, 204.62286006264515, 0.0, 57.121574806414024, 7.902697499988542, 0.0, -1.277994759380788, -0.6239250000011296, 0.0, -0.3150821249999977
105.91000000001837, 204.70185583115133, 0.0, 57.10877910474281, 7.896455177488526, 0.0, -1.2811455714067275, -0.6245392500011271, 0.0, -0.31508005162499514
105.92000000001838, 204.780789145745, 0.0, 57.09595189507784, 7.890206719988512, 0.0, -1.2842963558457912, -0.6251520000011247, 0.0, -0.31507660799999265
105.93000000001838, 204.85965994515118, 0.0, 57.083093177763466, 7.883952142488497, 0.0, -1.2874470990067306, -0.6257632500011222, 0.0, -0.3150717963749901
105.94000000001839, 204.93846816824484, 0.0, 57.07020295328085, 7.877691459988482, 0.0, -1.2905977872207943, -0.6263730000011196, 0.0, -0.3150656189999876
105.95000000001839, 205.017213754051, 0.0, 57.05728122224769, 7.871424687488469, 0.0, -1.2937484068417333, -0.6269812500011174, 0.0, -0.3150580781249852
105.9600000000184, 205.0958966417447, 0.0, 57.044327985418064, 7.865151839988455, 0.0, -1.2968989442457972, -0.6275880000011149, 0.0, -0.3150491759999826
105.9700000000184, 205.17451677065085, 0.0, 57.03134324368215, 7.85887293248844, 0.0, -1.3000493858317363, -0.6281932500011125, 0.0, -0.3150389148749801
105.9800000000184, 205.25307408024455, 0.0, 57.018326998066065, 7.852587979988425, 0.0, -1.3031997180208006, -0.6287970000011099, 0.0, -0.31502729699997756
105.99000000001841, 205.33156851015073, 0.0, 57.00527924973157, 7.846296997488412, 0.0, -1.306349927256739, -0.6293992500011074, 0.0, -0.31501432462497514
106.00000000001842, 205.4100000001444, 0.0, 56.99219999997588, 7.839999999988398, 0.0, -1.309500000005803, -0.630000000001105, 0.0, -0.3149999999999726
106.01000000001842, 205.48836849015058, 0.0, 56.97908925023144, 7.833697002488384, 0.0, -1.3126499227567416, -0.6305992500011026, 0.0, -0.3149843253749701
106.02000000001843, 205.56667392024426, 0.0, 56.9659470020657, 7.827388019988369, 0.0, -1.3157996820208058, -0.6311970000011, 0.0, -0.31496730299996767
106.03000000001843, 205.6449162306504, 0.0, 56.95277325718085, 7.821073067488355, 0.0, -1.3189492643317442, -0.6317932500010977, 0.0, -0.31494893512496525
106.04000000001844, 205.72309536174407, 0.0, 56.9395680174137, 7.81475215998834, 0.0, -1.3220986562458081, -0.6323880000010952, 0.0, -0.3149292239999626
106.05000000001844, 205.80121125405026, 0.0, 56.926331284735326, 7.808425312488326, 0.0, -1.3252478443417468, -0.6329812500010927, 0.0, -0.3149081718749601
106.06000000001845, 205.87926384824394, 0.0, 56.91306306125091, 7.802092539988312, 0.0, -1.3283968152208108, -0.6335730000010902, 0.0, -0.31488578099995773
106.07000000001845, 205.95725308515009, 0.0, 56.89976334919954, 7.795753857488298, 0.0, -1.3315455555067492, -0.6341632500010878, 0.0, -0.3148620536249551
106.08000000001846, 206.03517890574378, 0.0, 56.886432150953915, 7.789409279988283, 0.0, -1.3346940518458128, -0.6347520000010853, 0.0, -0.3148369919999527
106.09000000001846, 206.11304125114995, 0.0, 56.87306946902021, 7.783058822488269, 0.0, -1.3378422909067518, -0.6353392500010828, 0.0, -0.31481059837495023
106.10000000001847, 206.19084006264362, 0.0, 56.85967530603773, 7.7767024999882555, 0.0, -1.3409902593808152, -0.6359250000010804, 0.0, -0.3147828749999478
106.11000000001847, 206.2685752816498, 0.0, 56.846249664778824, 7.770340327488242, 0.0, -1.3441379439817536, -0.6365092500010779, 0.0, -0.31475382412494535
106.12000000001848, 206.34624684974347, 0.0, 56.83279254814854, 7.763972319988227, 0.0, -1.347285331445817, -0.6370920000010754, 0.0, -0.3147234479999429
106.13000000001848, 206.42385470864966, 0.0, 56.81930395918449, 7.7575984924882135, 0.0, -1.3504324085317558, -0.637673250001073, 0.0, -0.3146917488749405
106.14000000001849, 206.50139880024332, 0.0, 56.80578390105655, 7.7512188599881995, 0.0, -1.3535791620208188, -0.6382530000010704, 0.0, -0.314658728999938
106.1500000000185, 206.5788790665495, 0.0, 56.7922323770667, 7.744833437488186, 0.0, -1.3567255787167578, -0.638831250001068, 0.0, -0.31462439062493536
106.1600000000185, 206.65629544974314, 0.0, 56.77864939064875, 7.738442239988171, 0.0, -1.3598716454458213, -0.6394080000010656, 0.0, -0.314588735999933
106.1700000000185, 206.73364789214932, 0.0, 56.76503494536817, 7.732045282488158, 0.0, -1.3630173490567594, -0.639983250001063, 0.0, -0.3145517673749306
106.18000000001851, 206.810936336243, 0.0, 56.751389044921766, 7.725642579988143, 0.0, -1.366162676420823, -0.6405570000010606, 0.0, -0.31451348699992826
106.19000000001851, 206.88816072464917, 0.0, 56.737711693137584, 7.71923414748813, 0.0, -1.369307614431761, -0.6411292500010581, 0.0, -0.3144738971249257
106.20000000001852, 206.96532100014284, 0.0, 56.72400289397458, 7.712819999988117, 0.0, -1.3724521500058247, -0.6417000000010556, 0.0, -0.3144329999999232
106.21000000001852, 207.042417105649, 0.0, 56.71026265152245, 7.7064001524881025, 0.0, -1.375596270081763, -0.6422692500010532, 0.0, -0.3143907978749208
106.22000000001853, 207.11944898424267, 0.0, 56.696490970001385, 7.6999746199880885, 0.0, -1.378739961620826, -0.6428370000010506, 0.0, -0.31434729299991837
106.23000000001853, 207.19641657914883, 0.0, 56.68268785376186, 7.693543417488074, 0.0, -1.3818832116067647, -0.6434032500010481, 0.0, -0.31430248762491597
106.24000000001854, 207.27331983374253, 0.0, 56.6688533072844, 7.68710655998806, 0.0, -1.3850260070458276, -0.6439680000010457, 0.0, -0.3142563839999135
106.25000000001855, 207.35015869154867, 0.0, 56.654987335179335, 7.680664062488047, 0.0, -1.3881683349667662, -0.6445312500010432, 0.0, -0.3142089843749112
106.26000000001855, 207.42693309624238, 0.0, 56.6410899421866, 7.674215939988034, 0.0, -1.3913101824208294, -0.6450930000010406, 0.0, -0.3141602909999086
106.27000000001856, 207.50364299164852, 0.0, 56.62716113317555, 7.667762207488019, 0.0, -1.3944515364817678, -0.6456532500010381, 0.0, -0.3141103061249062
106.28000000001856, 207.5802883217422, 0.0, 56.61320091314462, 7.661302879988006, 0.0, -1.3975923842458309, -0.6462120000010356, 0.0, -0.3140590319999038
106.29000000001857, 207.65686903064838, 0.0, 56.59920928722121, 7.654837972487992, 0.0, -1.400732712831769, -0.6467692500010331, 0.0, -0.3140064708749014
106.30000000001857, 207.73338506264204, 0.0, 56.58518626066142, 7.6483674999879785, 0.0, -1.4038725093808322, -0.6473250000010307, 0.0, -0.31395262499989895
106.31000000001858, 207.8098363621482, 0.0, 56.57113183884982, 7.641891477487966, 0.0, -1.40701176105677, -0.6478792500010282, 0.0, -0.31389749662489663
106.32000000001858, 207.88622287374187, 0.0, 56.557046027299236, 7.635409919987952, 0.0, -1.4101504550458333, -0.6484320000010256, 0.0, -0.31384108799989424
106.33000000001859, 207.96254454214807, 0.0, 56.54292883165049, 7.628922842487938, 0.0, -1.4132885785567713, -0.6489832500010232, 0.0, -0.3137834013748918
106.34000000001859, 208.0388013122417, 0.0, 56.52878025767224, 7.622430259987924, 0.0, -1.4164261188208342, -0.6495330000010207, 0.0, -0.3137244389998894
106.3500000000186, 208.1149931290479, 0.0, 56.51460031126071, 7.6159321874879105, 0.0, -1.4195630630917722, -0.6500812500010182, 0.0, -0.31366420312488696
106.3600000000186, 208.19111993774155, 0.0, 56.50038899843945, 7.609428639987898, 0.0, -1.422699398645835, -0.6506280000010156, 0.0, -0.31360269599988466
106.3700000000186, 208.26718168364772, 0.0, 56.48614632535917, 7.602919632487884, 0.0, -1.425835112781773, -0.6511732500010131, 0.0, -0.3135399198748822
106.38000000001861, 208.34317831224138, 0.0, 56.47187229829746, 7.59640517998787, 0.0, -1.428970192820836, -0.6517170000010106, 0.0, -0.3134758769998798
106.39000000001862, 208.41910976914755, 0.0, 56.45756692365858, 7.589885297487857, 0.0, -1.4321046261067736, -0.652259250001008, 0.0, -0.31341056962487746
106.40000000001862, 208.4949760001412, 0.0, 56.44323020797327, 7.583359999987844, 0.0, -1.4352384000058367, -0.6528000000010057, 0.0, -0.31334399999987506
106.41000000001863, 208.5707769511474, 0.0, 56.42886215789845, 7.57682930248783, 0.0, -1.4383715019067744, -0.6533392500010031, 0.0, -0.31327617037487265
106.42000000001863, 208.64651256824106, 0.0, 56.41446278021708, 7.570293219987817, 0.0, -1.4415039192208376, -0.6538770000010005, 0.0, -0.31320708299987027
106.43000000001864, 208.7221827976472, 0.0, 56.400032081837864, 7.563751767487804, 0.0, -1.4446356393817754, -0.654413250000998, 0.0, -0.3131367401248679
106.44000000001864, 208.79778758574088, 0.0, 56.38557006979508, 7.557204959987791, 0.0, -1.4477666498458375, -0.6549480000009955, 0.0, -0.3130651439998656
106.45000000001865, 208.87332687904706, 0.0, 56.371076751248324, 7.550652812487778, 0.0, -1.450896938091776, -0.655481250000993, 0.0, -0.31299229687486313
106.46000000001865, 208.9488006242407, 0.0, 56.356552133482296, 7.544095339987763, 0.0, -1.4540264916208385, -0.6560130000009905, 0.0, -0.3129182009998608
106.47000000001866, 209.0242087681469, 0.0, 56.34199622390654, 7.537532557487751, 0.0, -1.457155297956776, -0.6565432500009879, 0.0, -0.3128428586248585
106.48000000001866, 209.09955125774056, 0.0, 56.3274090300553, 7.5309644799877375, 0.0, -1.4602833446458385, -0.6570720000009854, 0.0, -0.3127662719998561
106.49000000001867, 209.17482804014674, 0.0, 56.312790559587214, 7.524391122487724, 0.0, -1.4634106192567764, -0.6575992500009828, 0.0, -0.3126884433748537
106.50000000001867, 209.25003906264038, 0.0, 56.29814082028511, 7.517812499987711, 0.0, -1.466537109380839, -0.6581250000009804, 0.0, -0.3126093749998514
106.51000000001868, 209.32518427264654, 0.0, 56.28345982005582, 7.511228627487698, 0.0, -1.4696628026317766, -0.6586492500009777, 0.0, -0.31252906912484907
106.52000000001868, 209.40026361774022, 0.0, 56.26874756692992, 7.504639519987684, 0.0, -1.4727876866458394, -0.6591720000009753, 0.0, -0.3124475279998467
106.53000000001869, 209.47527704564638, 0.0, 56.254004069061494, 7.4980451924876705, 0.0, -1.4759117490817766, -0.6596932500009727, 0.0, -0.31236475387484425
106.5400000000187, 209.55022450424005, 0.0, 56.23922933472793, 7.491445659987658, 0.0, -1.4790349776208394, -0.6602130000009702, 0.0, -0.31228074899984193
106.5500000000187, 209.62510594154622, 0.0, 56.224423372329696, 7.484840937487645, 0.0, -1.4821573599667763, -0.6607312500009677, 0.0, -0.3121955156248398
106.5600000000187, 209.69992130573985, 0.0, 56.209586190390134, 7.478231039987632, 0.0, -1.485278883845839, -0.6612480000009651, 0.0, -0.3121090559998374
106.57000000001871, 209.77467054514605, 0.0, 56.194717797555164, 7.471615982487618, 0.0, -1.4883995370067769, -0.6617632500009625, 0.0, -0.31202137237483496
106.58000000001871, 209.8493536082397, 0.0, 56.17981820259315, 7.464995779987606, 0.0, -1.4915193072208393, -0.66227700000096, 0.0, -0.31193246699983257
106.59000000001872, 209.92397044364589, 0.0, 56.16488741439458, 7.458370447487593, 0.0, -1.4946381822817765, -0.6627892500009576, 0.0, -0.31184234212483036
106.60000000001872, 209.99852100013953, 0.0, 56.14992544197195, 7.451739999987581, 0.0, -1.497756150005839, -0.663300000000955, 0.0, -0.31175099999982797
106.61000000001873, 210.0730052266457, 0.0, 56.134932294459446, 7.445104452487567, 0.0, -1.5008731982317765, -0.6638092500009525, 0.0, -0.3116584428748257
106.62000000001873, 210.14742307223935, 0.0, 56.11990798111276, 7.438463819987554, 0.0, -1.503989314820839, -0.6643170000009497, 0.0, -0.3115646729998233
106.63000000001874, 210.2217744861455, 0.0, 56.104852511308856, 7.43181811748754, 0.0, -1.5071044876567763, -0.6648232500009472, 0.0, -0.3114696926248211
106.64000000001874, 210.2960594177392, 0.0, 56.089765894545764, 7.425167359987529, 0.0, -1.5102187046458384, -0.6653280000009447, 0.0, -0.31137350399981867
106.65000000001875, 210.37027781654533, 0.0, 56.07464814044232, 7.418511562487515, 0.0, -1.5133319537167755, -0.6658312500009422, 0.0, -0.3112761093748163
106.66000000001875, 210.444429632239, 0.0, 56.05949925873797, 7.411850739987503, 0.0, -1.516444222820838, -0.6663330000009396, 0.0, -0.31117751099981417
106.67000000001876, 210.51851481464516, 0.0, 56.04431925929254, 7.40518490748749, 0.0, -1.519555499931775, -0.6668332500009371, 0.0, -0.3110777111248118
106.68000000001877, 210.59253331373884, 0.0, 56.02910815208598, 7.3985140799874785, 0.0, -1.522665773045837, -0.6673320000009344, 0.0, -0.31097671199980953
106.69000000001877, 210.66648507964499, 0.0, 56.0138659472182, 7.391838272487465, 0.0, -1.5257750301817743, -0.6678292500009321, 0.0, -0.31087451587480724
106.70000000001878, 210.74037006263865, 0.0, 55.99859265490879, 7.385157499987452, 0.0, -1.5288832593808368, -0.6683250000009294, 0.0, -0.3107711249998049
106.71000000001878, 210.81418821314483, 0.0, 55.98328828549682, 7.378471777487439, 0.0, -1.5319904487067737, -0.6688192500009269, 0.0, -0.3106665416248027
106.72000000001879, 210.88793948173847, 0.0, 55.96795284944059, 7.371781119987427, 0.0, -1.5350965862458357, -0.6693120000009243, 0.0, -0.31056076799980037
106.73000000001879, 210.96162381914465, 0.0, 55.95258635731748, 7.365085542487415, 0.0, -1.5382016601067727, -0.6698032500009217, 0.0, -0.31045380637479814
106.7400000000188, 211.03524117623832, 0.0, 55.93718881982361, 7.358385059987401, 0.0, -1.5413056584208351, -0.6702930000009192, 0.0, -0.3103456589997957
106.7500000000188, 211.10879150404446, 0.0, 55.9217602477737, 7.351679687487389, 0.0, -1.5444085693417722, -0.6707812500009166, 0.0, -0.31023632812479346
106.7600000000188, 211.1822747537381, 0.0, 55.90630065210082, 7.344969439987376, 0.0, -1.5475103810458337, -0.671268000000914, 0.0, -0.3101258159997913
106.77000000001881, 211.2556908766443, 0.0, 55.890810043856156, 7.338254332487363, 0.0, -1.550611081731771, -0.6717532500009114, 0.0, -0.31001412487478897
106.78000000001882, 211.32903982423795, 0.0, 55.87528843420882, 7.3315343799873505, 0.0, -1.553710659620833, -0.6722370000009088, 0.0, -0.3099012569997867
106.79000000001882, 211.4023215481441, 0.0, 55.85973583444557, 7.324809597487338, 0.0, -1.5568091029567697, -0.6727192500009064, 0.0, -0.30978721462478437
106.80000000001883, 211.47553600013777, 0.0, 55.84415225597063, 7.318079999987327, 0.0, -1.5599064000058316, -0.6732000000009037, 0.0, -0.3096719999997821
106.81000000001883, 211.54868313214394, 0.0, 55.82853771030543, 7.311345602487314, 0.0, -1.5630025390567686, -0.6736792500009011, 0.0, -0.30955561537477994
106.82000000001884, 211.6217628962376, 0.0, 55.81289220908843, 7.3046064199873015, 0.0, -1.5660975084208304, -0.6741570000008985, 0.0, -0.30943806299977766
106.83000000001884, 211.69477524464375, 0.0, 55.79721576407485, 7.297862467487288, 0.0, -1.5691912964317674, -0.6746332500008958, 0.0, -0.3093193451247754
106.84000000001885, 211.76772012973743, 0.0, 55.78150838713644, 7.291113759987276, 0.0, -1.5722838914458293, -0.6751080000008934, 0.0, -0.30919946399977305
106.85000000001885, 211.8405975040436, 0.0, 55.76577009026131, 7.284360312487264, 0.0, -1.575375281841766, -0.6755812500008909, 0.0, -0.30907842187477086
106.86000000001886, 211.91340732023724, 0.0, 55.750000885553646, 7.277602139987252, 0.0, -1.5784654560208276, -0.6760530000008882, 0.0, -0.3089562209997687
106.87000000001886, 211.9861495311434, 0.0, 55.73420078523353, 7.270839257487239, 0.0, -1.5815544024067645, -0.6765232500008855, 0.0, -0.30883286362476636
106.88000000001887, 212.05882408973704, 0.0, 55.718369801636655, 7.264071679987227, 0.0, -1.584642109445826, -0.6769920000008829, 0.0, -0.30870835199976415
106.89000000001887, 212.1314309491432, 0.0, 55.70250794721419, 7.257299422487215, 0.0, -1.587728565606763, -0.6774592500008805, 0.0, -0.308582688374762
106.90000000001888, 212.2039700626369, 0.0, 55.68661523453246, 7.250522499987202, 0.0, -1.5908137593808245, -0.6779250000008779, 0.0, -0.3084558749997597
106.91000000001888, 212.27644138364303, 0.0, 55.6706916762728, 7.24374092748719, 0.0, -1.5938976792817614, -0.6783892500008752, 0.0, -0.30832791412475735
106.92000000001889, 212.3488448657367, 0.0, 55.65473728523127, 7.236954719987177, 0.0, -1.5969803138458232, -0.6788520000008726, 0.0, -0.30819880799975524
106.9300000000189, 212.42118046264284, 0.0, 55.63875207431847, 7.230163892487165, 0.0, -1.6000616516317596, -0.67931325000087, 0.0, -0.30806855887475304
106.9400000000189, 212.4934481282365, 0.0, 55.622736056559276, 7.223368459987154, 0.0, -1.603141681220821, -0.6797730000008675, 0.0, -0.30793716899975077
106.9500000000189, 212.56564781654265, 0.0, 55.60668924509268, 7.216568437487141, 0.0, -1.6062203912167576, -0.6802312500008649, 0.0, -0.30780464062474855
106.96000000001891, 212.63777948173635, 0.0, 55.590611653171486, 7.209763839987129, 0.0, -1.6092977702458198, -0.6806880000008622, 0.0, -0.30767097599974624
106.97000000001891, 212.70984307814248, 0.0, 55.57450329416214, 7.202954682487118, 0.0, -1.6123738069567555, -0.6811432500008596, 0.0, -0.3075361773747442
106.98000000001892, 212.78183856023614, 0.0, 55.5583641815445, 7.196140979987105, 0.0, -1.6154484900208177, -0.6815970000008569, 0.0, -0.3074002469997419
106.99000000001892, 212.8537658826423, 0.0, 55.542194328911556, 7.189322747487093, 0.0, -1.6185218081317536, -0.6820492500008546, 0.0, -0.30726318712473977
107.00000000001893, 212.92562500013597, 0.0, 55.525993749969295, 7.1824999999870816, 0.0, -1.6215937500058153, -0.6825000000008519, 0.0, -0.3071249999997375
107.01000000001893, 212.9974158676421, 0.0, 55.509762458536414, 7.175672752487069, 0.0, -1.6246643043817517, -0.6829492500008492, 0.0, -0.30698568787473535
107.02000000001894, 213.06913844023575, 0.0, 55.493500468544106, 7.168841019987057, 0.0, -1.6277334600208135, -0.6833970000008465, 0.0, -0.3068452529997331
107.03000000001894, 213.14079267314193, 0.0, 55.477207794035834, 7.162004817487045, 0.0, -1.6308012057067496, -0.6838432500008439, 0.0, -0.30670369762473093
107.04000000001895, 213.2123785217356, 0.0, 55.46088444916712, 7.1551641599870335, 0.0, -1.633867530245811, -0.6842880000008414, 0.0, -0.30656102399972873
107.05000000001895, 213.28389594154174, 0.0, 55.4445304482053, 7.148319062487021, 0.0, -1.6369324224667474, -0.6847312500008388, 0.0, -0.30641723437472657
107.06000000001896, 213.35534488823538, 0.0, 55.42814580552932, 7.14146953998701, 0.0, -1.6399958712208085, -0.6851730000008361, 0.0, -0.3062723309997244
107.07000000001896, 213.42672531764157, 0.0, 55.41173053562951, 7.134615607486998, 0.0, -1.643057865381745, -0.6856132500008334, 0.0, -0.3061263161247221
107.08000000001897, 213.49803718573523, 0.0, 55.39528465310733, 7.1277572799869855, 0.0, -1.646118393845806, -0.6860520000008308, 0.0, -0.30597919199972007
107.09000000001897, 213.56928044864136, 0.0, 55.37880817267517, 7.120894572486974, 0.0, -1.6491774455317425, -0.6864892500008284, 0.0, -0.3058309608747179
107.10000000001898, 213.640455062635, 0.0, 55.362301109156135, 7.114027499986961, 0.0, -1.6522350093808038, -0.6869250000008257, 0.0, -0.30568162499971563
107.11000000001899, 213.7115609841412, 0.0, 55.345763477483786, 7.107156077486951, 0.0, -1.6552910743567395, -0.687359250000823, 0.0, -0.3055311866247135
107.12000000001899, 213.78259816973483, 0.0, 55.32919529270194, 7.10028031998694, 0.0, -1.658345629445801, -0.6877920000008204, 0.0, -0.3053796479997114
107.130000000019, 213.853566576141, 0.0, 55.31259656996444, 7.0934002424869265, 0.0, -1.6613986636567373, -0.6882232500008176, 0.0, -0.3052270113747092
107.140000000019, 213.92446616023466, 0.0, 55.29596732453495, 7.086515859986915, 0.0, -1.6644501660207986, -0.6886530000008153, 0.0, -0.30507327899970704
107.150000000019, 213.9952968790408, 0.0, 55.27930757178666, 7.079627187486904, 0.0, -1.6675001255917343, -0.6890812500008126, 0.0, -0.3049184531247049
107.16000000001901, 214.06605868973446, 0.0, 55.26261732720216, 7.072734239986891, 0.0, -1.6705485314457957, -0.6895080000008098, 0.0, -0.3047625359997027
107.17000000001902, 214.13675154964062, 0.0, 55.24589660637313, 7.065837032486881, 0.0, -1.6735953726817314, -0.6899332500008072, 0.0, -0.3046055298747005
107.18000000001902, 214.20737541623427, 0.0, 55.22914542500017, 7.058935579986869, 0.0, -1.6766406384207926, -0.6903570000008046, 0.0, -0.3044474369996984
107.19000000001903, 214.27793024714043, 0.0, 55.21236379889254, 7.052029897486857, 0.0, -1.6796843178067289, -0.6907792500008021, 0.0, -0.3042882596246963
107.20000000001903, 214.34841600013408, 0.0, 55.19555174396797, 7.045119999986846, 0.0, -1.6827264000057893, -0.6912000000007994, 0.0, -0.3041279999996942
107.21000000001904, 214.41883263314025, 0.0, 55.178709276252405, 7.038205902486834, 0.0, -1.6857668742067258, -0.6916192500007967, 0.0, -0.3039666603746919
107.22000000001904, 214.48918010423387, 0.0, 55.161836411879776, 7.031287619986823, 0.0, -1.6888057296207863, -0.692037000000794, 0.0, -0.3038042429996899
107.23000000001905, 214.55945837164003, 0.0, 55.144933167091814, 7.024365167486811, 0.0, -1.6918429554817227, -0.6924532500007914, 0.0, -0.3036407501246877
107.24000000001905, 214.62966739373368, 0.0, 55.12799955823779, 7.017438559986799, 0.0, -1.6948785410457836, -0.6928680000007889, 0.0, -0.3034761839996856
107.25000000001906, 214.69980712903984, 0.0, 55.111035601774276, 7.010507812486789, 0.0, -1.6979124755917194, -0.6932812500007861, 0.0, -0.3033105468746834
107.26000000001906, 214.7698775362335, 0.0, 55.094041314265, 7.003572939986777, 0.0, -1.7009447484207803, -0.6936930000007835, 0.0, -0.3031438409996814
107.27000000001907, 214.83987857413965, 0.0, 55.07701671238049, 6.9966339574867655, 0.0, -1.703975348856716, -0.6941032500007808, 0.0, -0.3029760686246793
107.28000000001907, 214.90981020173334, 0.0, 55.059961812897996, 6.989690879986754, 0.0, -1.7070042662457774, -0.6945120000007781, 0.0, -0.302807231999677
107.29000000001908, 214.97967237813944, 0.0, 55.04287663270116, 6.9827437224867435, 0.0, -1.7100314899567124, -0.6949192500007756, 0.0, -0.30263733337467497
107.30000000001908, 215.04946506263312, 0.0, 55.0257611887798, 6.975792499986731, 0.0, -1.7130570093807738, -0.6953250000007729, 0.0, -0.3024663749996729
107.31000000001909, 215.11918821463928, 0.0, 55.00861549822977, 6.96883722748672, 0.0, -1.7160808139317096, -0.6957292500007701, 0.0, -0.30229435912467084
107.32000000001909, 215.18884179373293, 0.0, 54.99143957825262, 6.961877919986709, 0.0, -1.7191028930457701, -0.6961320000007676, 0.0, -0.30212128799966864
107.3300000000191, 215.25842575963907, 0.0, 54.97423344615543, 6.9549145924866975, 0.0, -1.7221232361817058, -0.6965332500007648, 0.0, -0.3019471638746666
107.3400000000191, 215.3279400722327, 0.0, 54.95699711935062, 6.947947259986687, 0.0, -1.7251418328207668, -0.6969330000007623, 0.0, -0.3017719889996645
107.35000000001911, 215.3973846915389, 0.0, 54.93973061535565, 6.940975937486675, 0.0, -1.728158672466702, -0.6973312500007596, 0.0, -0.30159576562466245
107.36000000001911, 215.46675957773252, 0.0, 54.922433951792826, 6.934000639986665, 0.0, -1.7311737446457627, -0.6977280000007569, 0.0, -0.3014184959996603
107.37000000001912, 215.53606469113868, 0.0, 54.905107146389106, 6.927021382486654, 0.0, -1.7341870389066982, -0.6981232500007541, 0.0, -0.3012401823746582
107.38000000001912, 215.60529999223235, 0.0, 54.88775021697583, 6.920038179986642, 0.0, -1.7371985448207594, -0.6985170000007515, 0.0, -0.3010608269996561
107.39000000001913, 215.6744654416385, 0.0, 54.87036318148852, 6.913051047486631, 0.0, -1.7402082519816946, -0.698909250000749, 0.0, -0.3008804321246541
107.40000000001913, 215.74356100013213, 0.0, 54.85294605796664, 6.90605999998662, 0.0, -1.7432161500057552, -0.6993000000007463, 0.0, -0.3006989999996519
107.41000000001914, 215.8125866286383, 0.0, 54.835498864553394, 6.899065052486609, 0.0, -1.7462222285316908, -0.6996892500007436, 0.0, -0.30051653287464986
107.42000000001914, 215.8815422882319, 0.0, 54.81802161949545, 6.892066219986598, 0.0, -1.749226477220751, -0.7000770000007408, 0.0, -0.30033303299964786
107.43000000001915, 215.9504279401381, 0.0, 54.8005143411428, 6.8850635174865875, 0.0, -1.7522288857566868, -0.7004632500007382, 0.0, -0.30014850262464576
107.44000000001915, 216.01924354573174, 0.0, 54.782977047948464, 6.878056959986576, 0.0, -1.7552294438457474, -0.7008480000007355, 0.0, -0.2999629439996436
107.45000000001916, 216.0879890665379, 0.0, 54.765409758468266, 6.8710465624865655, 0.0, -1.758228141216683, -0.7012312500007329, 0.0, -0.29977635937464164
107.46000000001916, 216.15666446423157, 0.0, 54.74781249136066, 6.8640323399865535, 0.0, -1.7612249676207437, -0.7016130000007301, 0.0, -0.29958875099963966
107.47000000001917, 216.22526970063768, 0.0, 54.730185265386474, 6.857014307486542, 0.0, -1.764219912831679, -0.7019932500007274, 0.0, -0.29940012112463754
107.48000000001917, 216.29380473773136, 0.0, 54.71252809940867, 6.849992479986533, 0.0, -1.7672129666457392, -0.7023720000007247, 0.0, -0.29921047199963546
107.49000000001918, 216.3622695376375, 0.0, 54.69484101239214, 6.842966872486521, 0.0, -1.7702041188816746, -0.7027492500007222, 0.0, -0.29901980587463345
107.50000000001918, 216.43066406263114, 0.0, 54.67712402340348, 6.83593749998651, 0.0, -1.7731933593807347, -0.7031250000007194, 0.0, -0.2988281249996314
107.51000000001919, 216.4989882751373, 0.0, 54.659377151610755, 6.8289043774864995, 0.0, -1.7761806780066702, -0.7034992500007167, 0.0, -0.29863543162462924
107.5200000000192, 216.56724213773094, 0.0, 54.64160041628329, 6.821867519986489, 0.0, -1.7791660646457301, -0.703872000000714, 0.0, -0.2984417279996273
107.5300000000192, 216.63542561313707, 0.0, 54.623793836791414, 6.814826942486478, 0.0, -1.7821495092066661, -0.7042432500007113, 0.0, -0.29824701637462525
107.5400000000192, 216.70353866423073, 0.0, 54.60595743260629, 6.807782659986468, 0.0, -1.785131001620726, -0.7046130000007087, 0.0, -0.29805129899962324
107.55000000001921, 216.7715812540369, 0.0, 54.58809122329963, 6.800734687486457, 0.0, -1.7881105318416615, -0.704981250000706, 0.0, -0.29785457812462124
107.56000000001922, 216.83955334573054, 0.0, 54.5701952285435, 6.793683039986447, 0.0, -1.7910880898457218, -0.7053480000007033, 0.0, -0.29765685599961916
107.57000000001922, 216.9074549026367, 0.0, 54.5522694681101, 6.786627732486435, 0.0, -1.7940636656316566, -0.7057132500007006, 0.0, -0.29745813487461725
107.58000000001923, 216.97528588823036, 0.0, 54.534313961871504, 6.779568779986425, 0.0, -1.797037249220717, -0.7060770000006978, 0.0, -0.29725841699961525
107.59000000001923, 217.04304626613649, 0.0, 54.516328729799504, 6.772506197486415, 0.0, -1.800008830656652, -0.7064392500006953, 0.0, -0.2970577046246132
107.60000000001924, 217.11073600013015, 0.0, 54.49831379196531, 6.765439999986404, 0.0, -1.8029784000057125, -0.7068000000006925, 0.0, -0.2968559999996111
107.61000000001924, 217.1783550541363, 0.0, 54.48026916853937, 6.758370202486393, 0.0, -1.8059459473566473, -0.7071592500006898, 0.0, -0.29665330537460916
107.62000000001925, 217.24590339222993, 0.0, 54.46219487979112, 6.751296819986383, 0.0, -1.8089114628207072, -0.7075170000006871, 0.0, -0.29644962299960714
107.63000000001925, 217.31338097863608, 0.0, 54.444090946088785, 6.744219867486374, 0.0, -1.8118749365316422, -0.7078732500006844, 0.0, -0.29624495512460525
107.64000000001926, 217.38078777772972, 0.0, 54.42595738789913, 6.737139359986362, 0.0, -1.8148363586457026, -0.7082280000006818, 0.0, -0.29603930399960315
107.65000000001926, 217.44812375403586, 0.0, 54.40779422578724, 6.730055312486352, 0.0, -1.8177957193416372, -0.7085812500006791, 0.0, -0.29583267187460116
107.66000000001927, 217.51538887222952, 0.0, 54.38960148041634, 6.722967739986341, 0.0, -1.8207530088206973, -0.7089330000006763, 0.0, -0.29562506099959907
107.67000000001927, 217.58258309713568, 0.0, 54.37137917254746, 6.715876657486332, 0.0, -1.8237082173066326, -0.7092832500006736, 0.0, -0.2954164736245972
107.68000000001928, 217.6497063937293, 0.0, 54.353127323039345, 6.708782079986321, 0.0, -1.8266613350456926, -0.7096320000006708, 0.0, -0.2952069119995952
107.69000000001928, 217.71675872713547, 0.0, 54.33484595284812, 6.70168402248631, 0.0, -1.829612352306628, -0.7099792500006682, 0.0, -0.29499637837459314
107.70000000001929, 217.7837400626291, 0.0, 54.316535083027155, 6.6945824999863, 0.0, -1.8325612593806875, -0.7103250000006655, 0.0, -0.29478487499959116
107.71000000001929, 217.85065036563526, 0.0, 54.29819473472674, 6.68747752748629, 0.0, -1.8355080465816225, -0.7106692500006627, 0.0, -0.2945724041245893
107.7200000000193, 217.91748960172893, 0.0, 54.27982492919395, 6.680369119986279, 0.0, -1.8384527042456822, -0.7110120000006599, 0.0, -0.29435896799958733
107.7300000000193, 217.98425773663504, 0.0, 54.261425687772395, 6.673257292486269, 0.0, -1.841395222731617, -0.7113532500006572, 0.0, -0.29414456887458545
107.74000000001931, 218.0509547362287, 0.0, 54.242997031901965, 6.666142059986259, 0.0, -1.8443355924206766, -0.7116930000006547, 0.0, -0.29392920899958336
107.75000000001931, 218.11758056653485, 0.0, 54.22453898311861, 6.659023437486249, 0.0, -1.8472738037166117, -0.7120312500006518, 0.0, -0.29371289062458134
107.76000000001932, 218.1841351937285, 0.0, 54.20605156305417, 6.651901439986239, 0.0, -1.8502098470456714, -0.7123680000006491, 0.0, -0.2934956159995794
107.77000000001932, 218.25061858413463, 0.0, 54.18753479343608, 6.644776082486229, 0.0, -1.8531437128566064, -0.7127032500006463, 0.0, -0.2932773873745775
107.78000000001933, 218.31703070422827, 0.0, 54.16898869608718, 6.637647379986219, 0.0, -1.8560753916206663, -0.7130370000006436, 0.0, -0.2930582069995755
107.79000000001933, 218.38337152063446, 0.0, 54.15041329292549, 6.630515347486209, 0.0, -1.859004873831601, -0.713369250000641, 0.0, -0.29283807712457355
107.80000000001934, 218.44964100012808, 0.0, 54.13180860596399, 6.623379999986199, 0.0, -1.8619321500056605, -0.7137000000006383, 0.0, -0.2926169999995717
107.81000000001934, 218.51583910963424, 0.0, 54.11317465731035, 6.616241352486188, 0.0, -1.864857210681595, -0.7140292500006354, 0.0, -0.2923949778745696
107.82000000001935, 218.5819658162279, 0.0, 54.09451146916679, 6.609099419986178, 0.0, -1.8677800464206546, -0.7143570000006327, 0.0, -0.2921720129995678
107.83000000001935, 218.64802108713403, 0.0, 54.07581906382977, 6.601954217486168, 0.0, -1.8707006478065895, -0.7146832500006299, 0.0, -0.2919481076245659
107.84000000001936, 218.71400488972768, 0.0, 54.0570974636898, 6.5948057599861585, 0.0, -1.873619005445649, -0.7150080000006274, 0.0, -0.29172326399956394
107.85000000001936, 218.77991719153383, 0.0, 54.03834669123124, 6.587654062486148, 0.0, -1.876535109966584, -0.7153312500006246, 0.0, -0.291497484374562
107.86000000001937, 218.84575796022747, 0.0, 54.01956676903201, 6.580499139986138, 0.0, -1.8794489520206434, -0.7156530000006218, 0.0, -0.29127077099956
107.87000000001937, 218.9115271636336, 0.0, 54.00075771976345, 6.573341007486129, 0.0, -1.882360522281578, -0.7159732500006191, 0.0, -0.2910431261245582
107.88000000001938, 218.97722476972726, 0.0, 53.981919566190015, 6.566179679986119, 0.0, -1.8852698114456379, -0.7162920000006162, 0.0, -0.29081455199955625
107.89000000001938, 219.0428507466334, 0.0, 53.96305233116911, 6.559015172486109, 0.0, -1.8881768102315724, -0.7166092500006136, 0.0, -0.2905850508745542
107.90000000001939, 219.10840506262704, 0.0, 53.94415603765082, 6.551847499986099, 0.0, -1.8910815093806321, -0.7169250000006109, 0.0, -0.29035462499955234
107.9100000000194, 219.17388768613318, 0.0, 53.925230708677724, 6.544676677486089, 0.0, -1.8939838996565663, -0.717239250000608, 0.0, -0.2901232766245505
107.9200000000194, 219.2392985857268, 0.0, 53.906276367384635, 6.53750271998608, 0.0, -1.8968839718456256, -0.7175520000006053, 0.0, -0.2898910079995487
107.9300000000194, 219.30463773013295, 0.0, 53.88729303699839, 6.53032564248607, 0.0, -1.89978171675656, -0.7178632500006024, 0.0, -0.2896578213745466
107.94000000001941, 219.3699050882266, 0.0, 53.86828074083765, 6.52314545998606, 0.0, -1.9026771252206194, -0.7181730000005999, 0.0, -0.28942371899954483
107.95000000001941, 219.43510062903277, 0.0, 53.84923950231261, 6.515962187486051, 0.0, -1.9055701880915539, -0.718481250000597, 0.0, -0.2891887031245429
107.96000000001942, 219.5002243217264, 0.0, 53.830169344924855, 6.508775839986041, 0.0, -1.9084608962456135, -0.7187880000005943, 0.0, -0.28895277599954106
107.97000000001943, 219.56527613563253, 0.0, 53.811070292267075, 6.5015864324860315, 0.0, -1.9113492405815475, -0.7190932500005915, 0.0, -0.28871593987453914
107.98000000001943, 219.6302560402262, 0.0, 53.79194236802286, 6.494393979986022, 0.0, -1.9142352120206076, -0.7193970000005887, 0.0, -0.28847819699953714
107.99000000001944, 219.6951640051323, 0.0, 53.77278559596648, 6.487198497486013, 0.0, -1.9171188015065415, -0.7196992500005861, 0.0, -0.28823954962453535
108.00000000001944, 219.76000000012596, 0.0, 53.753599999962674, 6.479999999986003, 0.0, -1.920000000005601, -0.7200000000005833, 0.0, -0.2879999999995335
108.01000000001945, 219.82476399513212, 0.0, 53.73438560396635, 6.472798502485993, 0.0, -1.9228787985065354, -0.7202992500005805, 0.0, -0.2877595503745316
108.02000000001945, 219.88945596022575, 0.0, 53.715142432022475, 6.465594019985984, 0.0, -1.9257551880205943, -0.7205970000005777, 0.0, -0.28751820299952974
108.03000000001946, 219.9540758656319, 0.0, 53.69587050826576, 6.458386567485975, 0.0, -1.9286291595815286, -0.7208932500005749, 0.0, -0.28727596012452794
108.04000000001946, 220.01862368172553, 0.0, 53.67656985692049, 6.451176159985965, 0.0, -1.9315007042455876, -0.7211880000005723, 0.0, -0.2870328239995259
108.05000000001947, 220.0830993790317, 0.0, 53.657240502300226, 6.443962812485955, 0.0, -1.9343698130915223, -0.7214812500005694, 0.0, -0.2867887968745242
108.06000000001947, 220.14750292822535, 0.0, 53.63788246880769, 6.436746539985946, 0.0, -1.937236477220581, -0.7217730000005667, 0.0, -0.2865438809995223
108.07000000001948, 220.21183430013147, 0.0, 53.618495780934445, 6.429527357485937, 0.0, -1.9401006877565155, -0.7220632500005639, 0.0, -0.2862980786245206
108.08000000001948, 220.27609346572513, 0.0, 53.5990804632607, 6.4223052799859275, 0.0, -1.942962435845574, -0.722352000000561, 0.0, -0.2860513919995186
108.09000000001949, 220.34028039613128, 0.0, 53.57963654045511, 6.4150803224859185, 0.0, -1.9458217126565087, -0.7226392500005584, 0.0, -0.2858038233745167
108.10000000001949, 220.4043950626249, 0.0, 53.56016403727451, 6.407852499985909, 0.0, -1.9486785093805683, -0.7229250000005556, 0.0, -0.2855553749995149
108.1100000000195, 220.46843743663104, 0.0, 53.54066297856372, 6.4006218274858995, 0.0, -1.9515328172315027, -0.7232092500005527, 0.0, -0.28530604912451296
108.1200000000195, 220.53240748972468, 0.0, 53.52113338925531, 6.39338831998589, 0.0, -1.9543846274455616, -0.7234920000005499, 0.0, -0.2850558479995112
108.1300000000195, 220.59630519363083, 0.0, 53.50157529436939, 6.386151992485882, 0.0, -1.9572339312814944, -0.7237732500005472, 0.0, -0.2848047738745095
108.14000000001951, 220.66013052022447, 0.0, 53.48198871901333, 6.3789128599858715, 0.0, -1.9600807200205543, -0.7240530000005445, 0.0, -0.2845528289995076
108.15000000001952, 220.7238834415306, 0.0, 53.462373688381604, 6.371670937485864, 0.0, -1.9629249849664878, -0.7243312500005417, 0.0, -0.28430001562450596
108.16000000001952, 220.78756392972426, 0.0, 53.44273022775553, 6.364426239985853, 0.0, -1.9657667174455469, -0.7246080000005388, 0.0, -0.28404633599950385
108.17000000001953, 220.8511719571304, 0.0, 53.42305836250307, 6.357178782485844, 0.0, -1.968605908806481, -0.724883250000536, 0.0, -0.283791792374502
108.18000000001953, 220.91470749622403, 0.0, 53.40335811807854, 6.349928579985836, 0.0, -1.9714425504205395, -0.7251570000005332, 0.0, -0.28353638699950034
108.19000000001954, 220.97817051963017, 0.0, 53.38362952002248, 6.3426756474858275, 0.0, -1.9742766336814745, -0.7254292500005306, 0.0, -0.2832801221244985
108.20000000001954, 221.0415610001238, 0.0, 53.36387259396136, 6.335419999985818, 0.0, -1.977108150005533, -0.7257000000005277, 0.0, -0.28302299999949654
108.21000000001955, 221.10487891062994, 0.0, 53.34408736560736, 6.328161652485808, 0.0, -1.9799370908314669, -0.7259692500005248, 0.0, -0.28276502287449484
108.22000000001955, 221.1681242242236, 0.0, 53.32427386075817, 6.3209006199858, 0.0, -1.9827634476205258, -0.726237000000522, 0.0, -0.2825061929994932
108.23000000001956, 221.23129691412976, 0.0, 53.30443210529676, 6.31363691748579, 0.0, -1.9855872118564604, -0.7265032500005192, 0.0, -0.2822465126244912
108.24000000001956, 221.29439695372338, 0.0, 53.28456212519118, 6.306370559985782, 0.0, -1.9884083750455186, -0.7267680000005167, 0.0, -0.2819859839994896
108.25000000001957, 221.35742431652952, 0.0, 53.264663946494224, 6.299101562485774, 0.0, -1.9912269287164521, -0.7270312500005138, 0.0, -0.28172460937448784
108.26000000001957, 221.42037897622313, 0.0, 53.24473759534338, 6.291829939985765, 0.0, -1.994042864420511, -0.7272930000005109, 0.0, -0.2814623909994861
108.27000000001958, 221.4832609066293, 0.0, 53.22478309796045, 6.2845557074857545, 0.0, -1.9968561737314452, -0.727553250000508, 0.0, -0.28119933112448403
108.28000000001958, 221.54607008172292, 0.0, 53.2048004806514, 6.277278879985746, 0.0, -1.9996668482455044, -0.7278120000005052, 0.0, -0.2809354319994823
108.29000000001959, 221.60880647562908, 0.0, 53.18478976980611, 6.269999472485738, 0.0, -2.002474879581438, -0.7280692500005026, 0.0, -0.2806706958744806
108.3000000000196, 221.67147006262272, 0.0, 53.1647509918982, 6.26271749998573, 0.0, -2.005280259380496, -0.7283250000004997, 0.0, -0.28040512499947895
108.3100000000196, 221.73406081712884, 0.0, 53.144684173484734, 6.25543297748572, 0.0, -2.0080829793064305, -0.7285792500004968, 0.0, -0.28013872162447695
108.3200000000196, 221.79657871372248, 0.0, 53.12458934120601, 6.248145919985712, 0.0, -2.0108830310454886, -0.728832000000494, 0.0, -0.27987148799947525
108.33000000001961, 221.85902372712863, 0.0, 53.1044665217854, 6.240856342485704, 0.0, -2.013680406306422, -0.7290832500004912, 0.0, -0.27960342637447366
108.34000000001961, 221.9213958322223, 0.0, 53.08431574202902, 6.233564259985694, 0.0, -2.016475096820481, -0.7293330000004885, 0.0, -0.2793345389994717
108.35000000001962, 221.9836950040284, 0.0, 53.064137028825606, 6.2262696874856855, 0.0, -2.019267094341415, -0.7295812500004857, 0.0, -0.27906482812447014
108.36000000001962, 222.04592121772203, 0.0, 53.04393040914623, 6.218972639985677, 0.0, -2.022056390645474, -0.7298280000004828, 0.0, -0.2787942959994682
108.37000000001963, 222.1080744486282, 0.0, 53.023695910044076, 6.21167313248567, 0.0, -2.024842977531406, -0.73007325000048, 0.0, -0.2785229448744665
108.38000000001963, 222.1701546722218, 0.0, 53.00343355865424, 6.20437117998566, 0.0, -2.027626846820466, -0.7303170000004771, 0.0, -0.2782507769994649
108.39000000001964, 222.232161864128, 0.0, 52.98314338219349, 6.197066797485652, 0.0, -2.0304079903564, -0.7305592500004744, 0.0, -0.27797779462446304
108.40000000001965, 222.29409600012158, 0.0, 52.96282540796005, 6.189759999985643, 0.0, -2.0331864000054574, -0.7308000000004716, 0.0, -0.2777039999994613
108.41000000001965, 222.35595705612775, 0.0, 52.94247966333336, 6.182450802485635, 0.0, -2.0359620676563908, -0.7310392500004688, 0.0, -0.27742939537445965
108.42000000001966, 222.41774500822137, 0.0, 52.92210617577386, 6.175139219985626, 0.0, -2.03873498522045, -0.7312770000004658, 0.0, -0.2771539829994578
108.43000000001966, 222.47945983262753, 0.0, 52.90170497282278, 6.167825267485618, 0.0, -2.041505144631383, -0.731513250000463, 0.0, -0.27687776512445617
108.44000000001967, 222.54110150572117, 0.0, 52.88127608210187, 6.160508959985609, 0.0, -2.0442725378454423, -0.7317480000004603, 0.0, -0.27660074399945445
108.45000000001967, 222.6026700040273, 0.0, 52.86081953131324, 6.153190312485601, 0.0, -2.047037156841375, -0.7319812500004574, 0.0, -0.2763229218744526
108.46000000001968, 222.66416530422092, 0.0, 52.84033534823908, 6.145869339985594, 0.0, -2.049798993620433, -0.7322130000004546, 0.0, -0.27604430099945115
108.47000000001968, 222.72558738312705, 0.0, 52.81982356074146, 6.138546057485584, 0.0, -2.0525580402063675, -0.7324432500004516, 0.0, -0.27576488362444923
108.48000000001969, 222.78693621772072, 0.0, 52.799284196762095, 6.131220479985576, 0.0, -2.055314288645426, -0.7326720000004487, 0.0, -0.2754846719994475
108.49000000001969, 222.84821178512684, 0.0, 52.77871728432213, 6.1238926224855685, 0.0, -2.058067731006358, -0.7328992500004461, 0.0, -0.275203668374446
108.5000000000197, 222.90941406262047, 0.0, 52.758122851521904, 6.116562499985561, 0.0, -2.0608183593804172, -0.7331250000004432, 0.0, -0.2749218749994442
108.5100000000197, 222.97054302762663, 0.0, 52.73750092654074, 6.109230127485553, 0.0, -2.0635661658813502, -0.7333492500004404, 0.0, -0.27463929412444277
108.5200000000197, 223.03159865772025, 0.0, 52.716851537636714, 6.101895519985543, 0.0, -2.066311142645409, -0.7335720000004374, 0.0, -0.27435592799944075
108.53000000001971, 223.09258093062638, 0.0, 52.69617471314641, 6.094558692485536, 0.0, -2.0690532818313416, -0.7337932500004346, 0.0, -0.27407177887443906
108.54000000001972, 223.15348982422, 0.0, 52.67547048148473, 6.087219659985528, 0.0, -2.0717925756204005, -0.7340130000004319, 0.0, -0.27378684899943756
108.55000000001972, 223.21432531652616, 0.0, 52.65473887114462, 6.079878437485519, 0.0, -2.0745290162163337, -0.734231250000429, 0.0, -0.27350114062443576
108.56000000001973, 223.2750873857198, 0.0, 52.63397991069694, 6.072535039985512, 0.0, -2.077262595845391, -0.7344480000004262, 0.0, -0.2732146559994341
108.57000000001973, 223.33577601012593, 0.0, 52.61319362879009, 6.065189482485503, 0.0, -2.079993306756325, -0.7346632500004232, 0.0, -0.2729273973744325
108.58000000001974, 223.39639116821957, 0.0, 52.59238005414994, 6.0578417799854964, 0.0, -2.082721141220383, -0.7348770000004203, 0.0, -0.2726393669994308
108.59000000001974, 223.4569328386257, 0.0, 52.57153921557951, 6.0504919474854875, 0.0, -2.085446091531316, -0.7350892500004177, 0.0, -0.272350567124429
108.60000000001975, 223.51740100011935, 0.0, 52.55067114195875, 6.043139999985479, 0.0, -2.088168150005375, -0.7353000000004147, 0.0, -0.2720609999994274
108.61000000001975, 223.57779563162546, 0.0, 52.52977586224438, 6.035785952485471, 0.0, -2.0908873089813085, -0.7355092500004118, 0.0, -0.2717706678744256
108.62000000001976, 223.6381167122191, 0.0, 52.508853405469566, 6.028429819985464, 0.0, -2.093603560820366, -0.735717000000409, 0.0, -0.27147957299942416
108.63000000001976, 223.69836422112525, 0.0, 52.48790380074379, 6.021071617485456, 0.0, -2.0963168979062994, -0.735923250000406, 0.0, -0.27118771762442256
108.64000000001977, 223.7585381377189, 0.0, 52.46692707725258, 6.0137113599854475, 0.0, -2.0990273126453576, -0.7361280000004033, 0.0, -0.2708951039994207
108.65000000001977, 223.818638441525, 0.0, 52.44592326425726, 6.00634906248544, 0.0, -2.10173479746629, -0.7363312500004005, 0.0, -0.27060173437441926
108.66000000001978, 223.87866511221864, 0.0, 52.42489239109479, 5.998984739985432, 0.0, -2.104439344820348, -0.7365330000003976, 0.0, -0.27030761099941736
108.67000000001978, 223.93861812962479, 0.0, 52.403834487177484, 5.991618407485425, 0.0, -2.107140947181282, -0.7367332500003947, 0.0, -0.2700127361244157
108.68000000001979, 223.9984974737184, 0.0, 52.382749581992805, 5.984250079985417, 0.0, -2.10983959704534, -0.7369320000003917, 0.0, -0.26971711199941417
108.6900000000198, 224.05830312462453, 0.0, 52.36163770510315, 5.976879772485409, 0.0, -2.112535286931272, -0.7371292500003891, 0.0, -0.2694207408744127
108.7000000000198, 224.1180350626182, 0.0, 52.34049888614561, 5.969507499985402, 0.0, -2.11522800938033, -0.7373250000003861, 0.0, -0.26912362499941095
108.7100000000198, 224.17769326812433, 0.0, 52.31933315483177, 5.962133277485394, 0.0, -2.1179177569562633, -0.7375192500003833, 0.0, -0.2688257666244094
108.72000000001981, 224.23727772171796, 0.0, 52.29814054094743, 5.954757119985387, 0.0, -2.1206045222453214, -0.7377120000003804, 0.0, -0.2685271679994079
108.73000000001981, 224.2967884041241, 0.0, 52.27692107435244, 5.947379042485379, 0.0, -2.1232882978562544, -0.7379032500003774, 0.0, -0.2682278313744063
108.74000000001982, 224.3562252962177, 0.0, 52.25567478498044, 5.939999059985372, 0.0, -2.125969076420312, -0.7380930000003747, 0.0, -0.26792775899940446
108.75000000001982, 224.41558837902386, 0.0, 52.23440170283865, 5.932617187485365, 0.0, -2.1286468505912444, -0.7382812500003718, 0.0, -0.2676269531244029
108.76000000001983, 224.4748776337175, 0.0, 52.21310185800765, 5.925233439985356, 0.0, -2.1313216130453028, -0.7384680000003688, 0.0, -0.2673254159994013
108.77000000001983, 224.53409304162363, 0.0, 52.191775280641124, 5.917847832485349, 0.0, -2.1339933564812354, -0.738653250000366, 0.0, -0.26702314987439985
108.78000000001984, 224.59323458421727, 0.0, 52.17042200096566, 5.9104603799853415, 0.0, -2.1366620736202946, -0.738837000000363, 0.0, -0.266720156999398
108.79000000001984, 224.65230224312342, 0.0, 52.149042049280546, 5.903071097485335, 0.0, -2.1393277572062264, -0.7390192500003604, 0.0, -0.2664164396243968
108.80000000001985, 224.71129600011704, 0.0, 52.12763545595748, 5.895679999985326, 0.0, -2.1419904000052847, -0.7392000000003573, 0.0, -0.2661119999993949
108.81000000001985, 224.77021583712317, 0.0, 52.106202251440415, 5.888287102485319, 0.0, -2.1446499948062168, -0.7393792500003544, 0.0, -0.2658068403743934
108.82000000001986, 224.8290617362168, 0.0, 52.08474246624529, 5.8808924199853125, 0.0, -2.147306534420274, -0.7395570000003515, 0.0, -0.26550096299939197
108.83000000001987, 224.88783367962293, 0.0, 52.063256130959836, 5.873495967485305, 0.0, -2.149960011681208, -0.7397332500003486, 0.0, -0.26519437012439023
108.84000000001987, 224.94653164971658, 0.0, 52.041743276243295, 5.866097759985298, 0.0, -2.152610419445266, -0.7399080000003458, 0.0, -0.2648870639993887
108.85000000001988, 225.00515562902268, 0.0, 52.0202039328263, 5.85869781248529, 0.0, -2.1552577505911987, -0.740081250000343, 0.0, -0.26457904687438694
108.86000000001988, 225.0637056002163, 0.0, 51.99863813151051, 5.851296139985283, 0.0, -2.157901998020256, -0.74025300000034, 0.0, -0.2642703209993854
108.87000000001989, 225.12218154612245, 0.0, 51.977045903168516, 5.843892757485276, 0.0, -2.1605431546561893, -0.740423250000337, 0.0, -0.2639608886243838
108.88000000001989, 225.1805834497161, 0.0, 51.95542727874352, 5.83648767998527, 0.0, -2.163181213445246, -0.7405920000003342, 0.0, -0.2636507519993825
108.8900000000199, 225.2389112941222, 0.0, 51.93378228924919, 5.829080922485262, 0.0, -2.1658161673561795, -0.7407592500003314, 0.0, -0.2633399133743807
108.9000000000199, 225.29716506261585, 0.0, 51.912110965769344, 5.8216724999852545, 0.0, -2.1684480093802367, -0.7409250000003285, 0.0, -0.2630283749993793
108.9100000000199, 225.355344738622, 0.0, 51.8904133394578, 5.8142624274852475, 0.0, -2.1710767325311693, -0.7410892500003256, 0.0, -0.26271613912437763
108.92000000001991, 225.41345030571563, 0.0, 51.86868944153816, 5.80685071998524, 0.0, -2.1737023298452276, -0.7412520000003225, 0.0, -0.2624032079993762
108.93000000001992, 225.47148174762177, 0.0, 51.84693930330347, 5.799437392485235, 0.0, -2.1763247943811592, -0.7414132500003197, 0.0, -0.2620895838743748
108.94000000001992, 225.52943904821538, 0.0, 51.825162956116166, 5.792022459985227, 0.0, -2.1789441192202164, -0.7415730000003169, 0.0, -0.26177526899937315
108.95000000001993, 225.58732219152154, 0.0, 51.80336043140768, 5.784605937485219, 0.0, -2.1815602974661497, -0.7417312500003139, 0.0, -0.2614602656243717
108.96000000001993, 225.64513116171514, 0.0, 51.781531760678384, 5.777187839985213, 0.0, -2.1841733222452078, -0.741888000000311, 0.0, -0.26114457599936997
108.97000000001994, 225.70286594312128, 0.0, 51.759676975497165, 5.769768182485206, 0.0, -2.1867831867061396, -0.742043250000308, 0.0, -0.2608282023743685
108.98000000001994, 225.7605265202149, 0.0, 51.737796107501396, 5.762346979985199, 0.0, -2.1893898840201973, -0.7421970000003051, 0.0, -0.26051114699936695
108.99000000001995, 225.81811287762105, 0.0, 51.71588918839659, 5.754924247485191, 0.0, -2.1919934073811302, -0.7423492500003023, 0.0, -0.2601934121243654
109.00000000001995, 225.87562500011467, 0.0, 51.6939562499562, 5.747499999985186, 0.0, -2.194593750005187, -0.7425000000002994, 0.0, -0.25987499999936414
109.01000000001996, 225.9330628726208, 0.0, 51.67199732402145, 5.740074252485179, 0.0, -2.19719090513112, -0.7426492500002964, 0.0, -0.2595559128743626
109.02000000001996, 225.99042648021444, 0.0, 51.65001244250102, 5.732647019985172, 0.0, -2.1997848660201766, -0.7427970000002935, 0.0, -0.259236152999361
109.03000000001997, 226.04771580812059, 0.0, 51.62800163737087, 5.725218317485166, 0.0, -2.202375625956109, -0.7429432500002905, 0.0, -0.25891572262435963
109.04000000001997, 226.10493084171418, 0.0, 51.60596494067403, 5.717788159985158, 0.0, -2.204963178245167, -0.7430880000002877, 0.0, -0.258594623999358
109.05000000001998, 226.16207156652032, 0.0, 51.58390238452034, 5.710356562485152, 0.0, -2.2075475162160996, -0.7432312500002848, 0.0, -0.2582728593743564
109.06000000001998, 226.21913796821397, 0.0, 51.56181400108625, 5.702923539985146, 0.0, -2.210128633220156, -0.7433730000002818, 0.0, -0.2579504309993552
109.07000000001999, 226.27613003262007, 0.0, 51.539699822614566, 5.695489107485139, 0.0, -2.2127065226310885, -0.7435132500002789, 0.0, -0.25762734112435354
109.08000000002, 226.3330477457137, 0.0, 51.51755988141426, 5.688053279985132, 0.0, -2.2152811778451458, -0.7436520000002759, 0.0, -0.2573035919993519
109.09000000002, 226.38989109361987, 0.0, 51.49539420986023, 5.680616072485126, 0.0, -2.217852592281078, -0.7437892500002732, 0.0, -0.25697918587435065
109.10000000002, 226.44666006261346, 0.0, 51.47320284039308, 5.673177499985119, 0.0, -2.2204207593801355, -0.7439250000002702, 0.0, -0.25665412499934914
109.11000000002001, 226.5033546391196, 0.0, 51.450985805518854, 5.665737577485113, 0.0, -2.222985672606068, -0.7440592500002672, 0.0, -0.2563284116243479
109.12000000002001, 226.55997480971325, 0.0, 51.42874313780889, 5.658296319985106, 0.0, -2.2255473254451252, -0.7441920000002642, 0.0, -0.25600204799934617
109.13000000002002, 226.61652056111936, 0.0, 51.40647486989952, 5.6508537424851, 0.0, -2.2281057114060583, -0.7443232500002612, 0.0, -0.25567503637434463
109.14000000002002, 226.67299188021298, 0.0, 51.3841810344919, 5.643409859985093, 0.0, -2.2306608240201156, -0.7444530000002584, 0.0, -0.25534737899934334
109.15000000002003, 226.72938875401914, 0.0, 51.36186166435175, 5.635964687485087, 0.0, -2.2332126568410477, -0.7445812500002555, 0.0, -0.25501907812434177
109.16000000002003, 226.78571116971278, 0.0, 51.33951679230912, 5.62851823998508, 0.0, -2.235761203445104, -0.7447080000002525, 0.0, -0.2546901359993402
109.17000000002004, 226.84195911461887, 0.0, 51.31714645125822, 5.621070532485074, 0.0, -2.2383064574310367, -0.7448332500002495, 0.0, -0.25436055487433884
109.18000000002004, 226.8981325762125, 0.0, 51.29475067415714, 5.613621579985068, 0.0, -2.2408484124200947, -0.7449570000002466, 0.0, -0.25403033699933747
109.19000000002005, 226.95423154211866, 0.0, 51.27232949402764, 5.6061713974850615, 0.0, -2.2433870620560263, -0.7450792500002437, 0.0, -0.2536994846243361
109.20000000002005, 227.01025600011226, 0.0, 51.249882943954944, 5.598719999985056, 0.0, -2.2459224000050835, -0.7452000000002408, 0.0, -0.2533679999993347
109.21000000002006, 227.0662059381184, 0.0, 51.227411057087515, 5.591267402485048, 0.0, -2.248454419956016, -0.7453192500002377, 0.0, -0.253035885374333
109.22000000002006, 227.12208134421203, 0.0, 51.204913866636765, 5.583813619985044, 0.0, -2.250983115620073, -0.7454370000002348, 0.0, -0.2527031429993318
109.23000000002007, 227.17788220661816, 0.0, 51.182391405876935, 5.576358667485037, 0.0, -2.253508480731004, -0.7455532500002318, 0.0, -0.25236977512433034
109.24000000002007, 227.23360851371177, 0.0, 51.159843708144784, 5.56890255998503, 0.0, -2.256030509045062, -0.7456680000002289, 0.0, -0.25203578399932863
109.25000000002008, 227.28926025401793, 0.0, 51.13727080683941, 5.561445312485025, 0.0, -2.258549194340994, -0.7457812500002261, 0.0, -0.2517011718743276
109.26000000002009, 227.34483741621156, 0.0, 51.114672735422, 5.553986939985019, 0.0, -2.2610645304200507, -0.745893000000223, 0.0, -0.25136594099932613
109.27000000002009, 227.4003399891177, 0.0, 51.092049527415625, 5.546527457485013, 0.0, -2.263576511105983, -0.74600325000022, 0.0, -0.2510300936243246
109.2800000000201, 227.45576796171133, 0.0, 51.06940121640501, 5.539066879985006, 0.0, -2.26608513024504, -0.7461120000002169, 0.0, -0.25069363199932326
109.2900000000201, 227.51112132311744, 0.0, 51.046727836036304, 5.531605222485, 0.0, -2.268590381705972, -0.7462192500002142, 0.0, -0.2503565583743217
109.3000000000201, 227.56640006261105, 0.0, 51.02402942001683, 5.524142499984994, 0.0, -2.2710922593800293, -0.7463250000002112, 0.0, -0.2500188749993204
109.31000000002011, 227.62160416961717, 0.0, 51.00130600211492, 5.516678727484988, 0.0, -2.273590757180961, -0.7464292500002082, 0.0, -0.24968058412431904
109.32000000002012, 227.67673363371082, 0.0, 50.97855761615965, 5.509213919984983, 0.0, -2.2760858690450174, -0.7465320000002051, 0.0, -0.24934168799931744
109.33000000002012, 227.73178844461694, 0.0, 50.9557842960406, 5.501748092484977, 0.0, -2.2785775889309496, -0.7466332500002022, 0.0, -0.24900218887431624
109.34000000002013, 227.78676859221056, 0.0, 50.93298607570766, 5.494281259984971, 0.0, -2.2810659108200064, -0.7467330000001994, 0.0, -0.24866208899931486
109.35000000002013, 227.8416740665167, 0.0, 50.91016298917081, 5.486813437484965, 0.0, -2.283550828715938, -0.7468312500001965, 0.0, -0.24832139062431346
109.36000000002014, 227.89650485771034, 0.0, 50.88731507049988, 5.47934463998496, 0.0, -2.2860323366449955, -0.7469280000001934, 0.0, -0.2479800959993122
109.37000000002014, 227.95126095611644, 0.0, 50.86444235382429, 5.471874882484953, 0.0, -2.2885104286559272, -0.7470232500001903, 0.0, -0.24763820737431075
109.38000000002015, 228.0059423522101, 0.0, 50.8415448733329, 5.464404179984948, 0.0, -2.290985098819984, -0.7471170000001873, 0.0, -0.24729572699930952
109.39000000002015, 228.0605490366162, 0.0, 50.81862266327371, 5.456932547484942, 0.0, -2.293456341230916, -0.7472092500001845, 0.0, -0.24695265712430803
109.40000000002016, 228.11508100010983, 0.0, 50.79567575795371, 5.449459999984937, 0.0, -2.2959241500049723, -0.7473000000001815, 0.0, -0.24660899999930652
109.41000000002016, 228.16953823361595, 0.0, 50.77270419173858, 5.441986552484931, 0.0, -2.2983885192809046, -0.7473892500001784, 0.0, -0.2462647578743053
109.42000000002017, 228.2239207282096, 0.0, 50.74970799905253, 5.434512219984925, 0.0, -2.3008494432199615, -0.7474770000001755, 0.0, -0.24591993299930398
109.43000000002017, 228.27822847511572, 0.0, 50.72668721437801, 5.42703701748492, 0.0, -2.3033069160058934, -0.7475632500001724, 0.0, -0.24557452762430243
109.44000000002018, 228.33246146570934, 0.0, 50.70364187225555, 5.419560959984914, 0.0, -2.30576093184495, -0.7476480000001696, 0.0, -0.24522854399930127
109.45000000002018, 228.38661969151548, 0.0, 50.68057200728349, 5.412084062484909, 0.0, -2.308211484965882, -0.7477312500001666, 0.0, -0.24488198437429998
109.46000000002019, 228.44070314420912, 0.0, 50.65747765411777, 5.404606339984904, 0.0, -2.310658569619939, -0.7478130000001635, 0.0, -0.2445348509992984
109.47000000002019, 228.49471181561523, 0.0, 50.6343588474717, 5.397127807484898, 0.0, -2.313102180080871, -0.7478932500001605, 0.0, -0.2441871461242972
109.4800000000202, 228.54864569770885, 0.0, 50.61121562211578, 5.389648479984893, 0.0, -2.3155423106449273, -0.7479720000001575, 0.0, -0.24383887199929583
109.4900000000202, 228.60250478261497, 0.0, 50.58804801287738, 5.382168372484887, 0.0, -2.317978955630858, -0.7480492500001548, 0.0, -0.24349003087429488
109.50000000002021, 228.6562890626086, 0.0, 50.5648560546406, 5.374687499984882, 0.0, -2.320412109379915, -0.7481250000001517, 0.0, -0.24314062499929318
109.51000000002021, 228.70999853011472, 0.0, 50.541639782346, 5.367205877484877, 0.0, -2.3228417662558467, -0.7481992500001486, 0.0, -0.24279065662429195
109.52000000002022, 228.76363317770836, 0.0, 50.51839923099042, 5.359723519984872, 0.0, -2.325267920644904, -0.7482720000001456, 0.0, -0.2424401279992907
109.53000000002022, 228.81719299811448, 0.0, 50.495134435626674, 5.352240442484867, 0.0, -2.327690566955835, -0.7483432500001426, 0.0, -0.2420890413742895
109.54000000002023, 228.87067798420813, 0.0, 50.471845431363434, 5.34475665998486, 0.0, -2.330109699619892, -0.7484130000001398, 0.0, -0.24173739899928798
109.55000000002023, 228.92408812901425, 0.0, 50.4485322533649, 5.337272187484855, 0.0, -2.332525313090824, -0.7484812500001367, 0.0, -0.24138520312428668
109.56000000002024, 228.97742342570788, 0.0, 50.42519493685066, 5.329787039984851, 0.0, -2.33493740184488, -0.7485480000001337, 0.0, -0.2410324559992854
109.57000000002024, 229.03068386761402, 0.0, 50.401833517095376, 5.322301232484845, 0.0, -2.337345960380812, -0.7486132500001306, 0.0, -0.2406791598742843
109.58000000002025, 229.08386944820762, 0.0, 50.37844802942867, 5.31481477998484, 0.0, -2.339750983219869, -0.7486770000001275, 0.0, -0.24032531699928295
109.59000000002025, 229.13698016111374, 0.0, 50.355038509234795, 5.307327697484835, 0.0, -2.3421524649058005, -0.7487392500001246, 0.0, -0.2399709296242814
109.60000000002026, 229.1900160001074, 0.0, 50.331604991952496, 5.29983999998483, 0.0, -2.344550400004857, -0.7488000000001216, 0.0, -0.2396159999992803
109.61000000002026, 229.2429769591135, 0.0, 50.30814751307468, 5.292351702484826, 0.0, -2.3469447831057875, -0.7488592500001187, 0.0, -0.23926053037427913
109.62000000002027, 229.2958630322071, 0.0, 50.284666108148315, 5.28486281998482, 0.0, -2.3493356088198443, -0.7489170000001155, 0.0, -0.23890452299927772
109.63000000002027, 229.34867421361324, 0.0, 50.2611608127741, 5.277373367484815, 0.0, -2.3517228717807757, -0.7489732500001125, 0.0, -0.23854798012427653
109.64000000002028, 229.40141049770685, 0.0, 50.237631662606326, 5.26988335998481, 0.0, -2.3541065666448326, -0.7490280000001096, 0.0, -0.23819090399927512
109.65000000002028, 229.45407187901301, 0.0, 50.214078693352576, 5.262392812484805, 0.0, -2.356486688090765, -0.7490812500001066, 0.0, -0.2378332968742739
109.66000000002029, 229.5066583522066, 0.0, 50.19050194077355, 5.254901739984801, 0.0, -2.35886323081982, -0.7491330000001035, 0.0, -0.23747516099927268
109.6700000000203, 229.55916991211274, 0.0, 50.16690144068281, 5.247410157484795, 0.0, -2.3612361895557514, -0.7491832500001004, 0.0, -0.23711649862427142
109.6800000000203, 229.61160655370637, 0.0, 50.143277228946566, 5.23991807998479, 0.0, -2.3636055590448084, -0.7492320000000974, 0.0, -0.2367573119992702
109.6900000000203, 229.6639682721125, 0.0, 50.119629341483474, 5.232425522484785, 0.0, -2.3659713340557396, -0.7492792500000945, 0.0, -0.2363976033742689
109.70000000002031, 229.7162550626061, 0.0, 50.09595781426439, 5.2249324999847815, 0.0, -2.3683335093797955, -0.7493250000000915, 0.0, -0.23603737499926786
109.71000000002032, 229.76846692061224, 0.0, 50.07226268331211, 5.217439027484777, 0.0, -2.3706920798307274, -0.7493692500000885, 0.0, -0.23567662912426673
109.72000000002032, 229.82060384170586, 0.0, 50.048543984701205, 5.209945119984772, 0.0, -2.373047040244784, -0.7494120000000853, 0.0, -0.23531536799926522
109.73000000002033, 229.872665821612, 0.0, 50.02480175455778, 5.2024507924847665, 0.0, -2.3753983854807146, -0.7494532500000823, 0.0, -0.23495359387426407
109.74000000002033, 229.92465285620563, 0.0, 50.00103602905923, 5.194956059984762, 0.0, -2.3777461104197712, -0.7494930000000795, 0.0, -0.23459130899926295
109.75000000002034, 229.97656494151175, 0.0, 49.977246844434006, 5.187460937484758, 0.0, -2.3800902099657026, -0.7495312500000765, 0.0, -0.2342285156242616
109.76000000002034, 230.02840207370537, 0.0, 49.95343423696145, 5.179965439984754, 0.0, -2.382430679044759, -0.7495680000000733, 0.0, -0.2338652159992604
109.77000000002035, 230.08016424911148, 0.0, 49.92959824297149, 5.172469582484748, 0.0, -2.384767512605691, -0.7496032500000702, 0.0, -0.23350141237425925
109.78000000002035, 230.1318514642051, 0.0, 49.905738898844476, 5.164973379984744, 0.0, -2.387100705619747, -0.7496370000000672, 0.0, -0.23313710699925783
109.79000000002036, 230.18346371561125, 0.0, 49.88185624101092, 5.15747684748474, 0.0, -2.3894302530806777, -0.7496692500000643, 0.0, -0.23277230212425687
109.80000000002036, 230.23500100010486, 0.0, 49.85795030595129, 5.149979999984735, 0.0, -2.391756150004734, -0.7497000000000612, 0.0, -0.23240699999925563
109.81000000002037, 230.28646331461098, 0.0, 49.834021130195794, 5.142482852484731, 0.0, -2.394078391430665, -0.7497292500000581, 0.0, -0.2320412028742544
109.82000000002037, 230.3378506562046, 0.0, 49.81006875032411, 5.1349854199847265, 0.0, -2.396396972419722, -0.7497570000000551, 0.0, -0.23167491299925336
109.83000000002038, 230.38916302211072, 0.0, 49.78609320296521, 5.127487717484722, 0.0, -2.3987118880556535, -0.749783250000052, 0.0, -0.2313081326242521
109.84000000002038, 230.44040040970435, 0.0, 49.762094524797135, 5.119989759984718, 0.0, -2.40102313344471, -0.7498080000000491, 0.0, -0.2309408639992508
109.85000000002039, 230.4915628165105, 0.0, 49.7380727525467, 5.112491562484713, 0.0, -2.403330703715641, -0.749831250000046, 0.0, -0.23057310937424974
109.86000000002039, 230.54265024020413, 0.0, 49.71402792298936, 5.104993139984709, 0.0, -2.4056345940196966, -0.749853000000043, 0.0, -0.2302048709992484
109.8700000000204, 230.59366267861023, 0.0, 49.68996007294892, 5.097494507484706, 0.0, -2.407934799530627, -0.7498732500000398, 0.0, -0.22983615112424755
109.8800000000204, 230.64460012970383, 0.0, 49.66586923929737, 5.089995679984701, 0.0, -2.410231315444684, -0.7498920000000366, 0.0, -0.22946695199924616
109.89000000002041, 230.69546259160995, 0.0, 49.641755458954606, 5.082496672484696, 0.0, -2.4125241369806156, -0.7499092500000338, 0.0, -0.22909727587424483
109.90000000002041, 230.7462500626036, 0.0, 49.61761876888819, 5.074997499984693, 0.0, -2.414813259379671, -0.7499250000000308, 0.0, -0.22872712499924386
109.91000000002042, 230.7969625411097, 0.0, 49.593459206113224, 5.067498177484688, 0.0, -2.417098677905602, -0.7499392500000277, 0.0, -0.2283565016242427
109.92000000002042, 230.84760002570334, 0.0, 49.56927680769202, 5.059998719984684, 0.0, -2.419380387844657, -0.7499520000000245, 0.0, -0.22798540799924155
109.93000000002043, 230.89816251510948, 0.0, 49.545071610733906, 5.052499142484681, 0.0, -2.4216583845055886, -0.7499632500000215, 0.0, -0.22761384637424054
109.94000000002043, 230.94865000820306, 0.0, 49.52084365239504, 5.044999459984676, 0.0, -2.423932663219645, -0.7499730000000185, 0.0, -0.22724181899923912
109.95000000002044, 230.9990625040092, 0.0, 49.49659296987814, 5.037499687484672, 0.0, -2.4262032193405765, -0.7499812500000155, 0.0, -0.2268693281242381
109.96000000002044, 231.04940000170282, 0.0, 49.472319600432265, 5.029999839984669, 0.0, -2.428470048244632, -0.7499880000000123, 0.0, -0.2264963759992371
109.97000000002045, 231.09966250060896, 0.0, 49.448023581352615, 5.0224999324846635, 0.0, -2.430733145330564, -0.7499932500000092, 0.0, -0.2261229648742356
109.98000000002045, 231.14985000020258, 0.0, 49.423704949980284, 5.014999979984661, 0.0, -2.432992506019619, -0.7499970000000061, 0.0, -0.225749096999235
109.99000000002046, 231.19996250010868, 0.0, 49.39936374370205, 5.007499997484656, 0.0, -2.4352481257555505, -0.7499992500000032, 0.0, -0.2253747746242335
110.00000000002046, 231.25000000010232, 0.0, 49.374999999950106, 4.999999999984652, 0.0, -2.437500000004607, -0.75, 0.0, -0.22499999999923243
110.01000000002047, 231.29996250010845, 0.0, 49.35061375620192, 4.992500002484648, 0.0, -2.439748124255537, -0.7499992499999969, 0.0, -0.2246247753742313
110.02000000002047, 231.34985000020208, 0.0, 49.32620504997994, 4.9850000199846445, 0.0, -2.4419924940195936, -0.7499969999999937, 0.0, -0.22424910299923018
110.03000000002048, 231.39966250060817, 0.0, 49.301773918851346, 4.977500067484641, 0.0, -2.444233104830524, -0.7499932499999907, 0.0, -0.22387298512422904
110.04000000002048, 231.4494000017018, 0.0, 49.27732040042795, 4.970000159984636, 0.0, -2.4464699522445814, -0.7499879999999877, 0.0, -0.22349642399922792
110.05000000002049, 231.49906250400792, 0.0, 49.25284453236583, 4.962500312484634, 0.0, -2.4487030318405103, -0.7499812499999847, 0.0, -0.223119421874227
110.0600000000205, 231.54865000820155, 0.0, 49.22834635236517, 4.9550005399846295, 0.0, -2.450932339219567, -0.7499729999999815, 0.0, -0.22274198099922582
110.0700000000205, 231.59816251510767, 0.0, 49.20382589817006, 4.947500857484625, 0.0, -2.453157870005498, -0.7499632499999783, 0.0, -0.22236410362422465
110.0800000000205, 231.64760002570128, 0.0, 49.179283207568204, 4.940001279984623, 0.0, -2.4553796198445546, -0.7499519999999753, 0.0, -0.22198579199922364
110.09000000002051, 231.6969625411074, 0.0, 49.15471831839074, 4.932501822484619, 0.0, -2.457597584405485, -0.7499392499999723, 0.0, -0.22160704837422263
110.10000000002051, 231.74625006260104, 0.0, 49.130131268512024, 4.925002499984616, 0.0, -2.4598117593795408, -0.7499249999999693, 0.0, -0.22122787499922164
110.11000000002052, 231.79546259160716, 0.0, 49.10552209584937, 4.917503327484612, 0.0, -2.4620221404804714, -0.7499092499999661, 0.0, -0.22084827412422037
110.12000000002053, 231.84460012970078, 0.0, 49.08089083836285, 4.910004319984608, 0.0, -2.4642287234445277, -0.7498919999999629, 0.0, -0.22046824799921955
110.13000000002053, 231.89366267860692, 0.0, 49.05623753405506, 4.902505492484606, 0.0, -2.4664315040304583, -0.7498732499999599, 0.0, -0.22008779887421825
110.14000000002054, 231.94265024020052, 0.0, 49.031562220970876, 4.895006859984601, 0.0, -2.468630478019514, -0.7498529999999569, 0.0, -0.21970692899921718
110.15000000002054, 231.99156281650664, 0.0, 49.00686493719728, 4.887508437484598, 0.0, -2.470825641215444, -0.7498312499999538, 0.0, -0.2193256406242164
110.16000000002055, 232.04040040970028, 0.0, 48.982145720863095, 4.880010239984594, 0.0, -2.4730169894445, -0.7498079999999506, 0.0, -0.21894393599921502
110.17000000002055, 232.0891630221064, 0.0, 48.957404610138774, 4.872512282484592, 0.0, -2.4752045185554303, -0.7497832499999475, 0.0, -0.21856181737421437
110.18000000002056, 232.1378506562, 0.0, 48.932641643236124, 4.865014579984589, 0.0, -2.477388224419486, -0.7497569999999444, 0.0, -0.21817928699921324
110.19000000002056, 232.18646331460613, 0.0, 48.9078568584082, 4.857517147484586, 0.0, -2.4795681029304166, -0.7497292499999415, 0.0, -0.21779634712421203
110.20000000002057, 232.23500100009974, 0.0, 48.883050293948955, 4.850019999984582, 0.0, -2.481744150004473, -0.7496999999999383, 0.0, -0.2174129999992111
110.21000000002057, 232.28346371560588, 0.0, 48.85822198819308, 4.842523152484579, 0.0, -2.4839163615804036, -0.7496692499999351, 0.0, -0.21702924787420996
110.22000000002058, 232.3318514641995, 0.0, 48.833371979515775, 4.835026619984575, 0.0, -2.4860847336194607, -0.749636999999932, 0.0, -0.21664509299920892
110.23000000002058, 232.38016424910563, 0.0, 48.808500306332505, 4.827530417484571, 0.0, -2.4882492621053913, -0.7496032499999288, 0.0, -0.21626053762420794
110.24000000002059, 232.42840207369923, 0.0, 48.783607007098794, 4.8200345599845695, 0.0, -2.4904099430444466, -0.749567999999926, 0.0, -0.21587558399920698
110.25000000002059, 232.47656494150536, 0.0, 48.758692120309995, 4.812539062484566, 0.0, -2.492566772465376, -0.7495312499999228, 0.0, -0.21549023437420617
110.2600000000206, 232.52465285619897, 0.0, 48.73375568450103, 4.805043939984563, 0.0, -2.494719746419433, -0.7494929999999196, 0.0, -0.21510449099920492
110.2700000000206, 232.57266582160509, 0.0, 48.708797738246226, 4.797549207484559, 0.0, -2.4968688609803644, -0.7494532499999165, 0.0, -0.2147183561242038
110.2800000000206, 232.6206038416987, 0.0, 48.683818320159055, 4.790054879984556, 0.0, -2.4990141122444194, -0.7494119999999134, 0.0, -0.21433183199920297
110.29000000002061, 232.66846692060483, 0.0, 48.658817468891904, 4.7825609724845535, 0.0, -2.501155496330349, -0.7493692499999104, 0.0, -0.21394492087420197
110.30000000002062, 232.71625506259844, 0.0, 48.63379522313588, 4.7750674999845515, 0.0, -2.503293009379405, -0.7493249999999072, 0.0, -0.21355762499920083
110.31000000002062, 232.76396827210456, 0.0, 48.60875162162054, 4.767574477484549, 0.0, -2.5054266475553346, -0.7492792499999041, 0.0, -0.2131699466242002
110.32000000002063, 232.8116065536982, 0.0, 48.5836867031137, 4.760081919984545, 0.0, -2.507556407044391, -0.7492319999999009, 0.0, -0.21278188799919884
110.33000000002063, 232.8591699121043, 0.0, 48.55860050642123, 4.752589842484543, 0.0, -2.509682284055323, -0.7491832499998977, 0.0, -0.21239345137419785
110.34000000002064, 232.90665835219792, 0.0, 48.533493070386726, 4.74509825998454, 0.0, -2.5118042748193767, -0.7491329999998949, 0.0, -0.21200463899919725
110.35000000002064, 232.95407187900406, 0.0, 48.508364433891444, 4.737607187484537, 0.0, -2.5139223755903077, -0.7490812499998916, 0.0, -0.21161545312419605
110.36000000002065, 233.00141049769766, 0.0, 48.48321463585397, 4.730116639984535, 0.0, -2.516036582644363, -0.7490279999998886, 0.0, -0.21122589599919528
110.37000000002065, 233.0486742136038, 0.0, 48.458043715229934, 4.7226266324845305, 0.0, -2.5181468922802948, -0.7489732499998852, 0.0, -0.21083596987419412
110.38000000002066, 233.09586303219743, 0.0, 48.43285171101198, 4.715137179984529, 0.0, -2.5202533008193497, -0.7489169999998821, 0.0, -0.2104456769991933
110.39000000002066, 233.14297695910352, 0.0, 48.40763866222937, 4.707648297484527, 0.0, -2.5223558046052803, -0.7488592499998792, 0.0, -0.21005501962419232
110.40000000002067, 233.19001600009713, 0.0, 48.38240460794781, 4.700159999984523, 0.0, -2.524454400004336, -0.748799999999876, 0.0, -0.20966399999919128
110.41000000002067, 233.23698016110328, 0.0, 48.357149587269255, 4.692672302484521, 0.0, -2.526549083405265, -0.7487392499998728, 0.0, -0.20927262037419025
110.42000000002068, 233.28386944819687, 0.0, 48.33187363933164, 4.685185219984518, 0.0, -2.5286398512193218, -0.7486769999998697, 0.0, -0.2088808829991894
110.43000000002068, 233.330683867603, 0.0, 48.306576803308694, 4.677698767484516, 0.0, -2.5307266998802525, -0.7486132499998664, 0.0, -0.20848879012418836
110.44000000002069, 233.3774234256966, 0.0, 48.281259118409665, 4.6702129599845135, 0.0, -2.532809625844307, -0.7485479999998635, 0.0, -0.2080963439991877
110.4500000000207, 233.42408812900274, 0.0, 48.25592062387917, 4.66272781248451, 0.0, -2.5348886255902374, -0.7484812499998603, 0.0, -0.20770354687418663
110.4600000000207, 233.47067798419636, 0.0, 48.230561358996894, 4.655243339984509, 0.0, -2.536963695619293, -0.7484129999998571, 0.0, -0.20731040099918552
110.4700000000207, 233.5171929981025, 0.0, 48.20518136307741, 4.647759557484506, 0.0, -2.539034832455223, -0.748343249999854, 0.0, -0.20691690862418505
110.48000000002071, 233.56363317769612, 0.0, 48.17978067546992, 4.640276479984503, 0.0, -2.5411020326442793, -0.7482719999998507, 0.0, -0.2065230719991839
110.49000000002071, 233.60999853010222, 0.0, 48.15435933555809, 4.632794122484501, 0.0, -2.5431652927552095, -0.7481992499998478, 0.0, -0.20612889337418272
110.50000000002072, 233.65628906259582, 0.0, 48.128917382759745, 4.625312499984499, 0.0, -2.5452246093792645, -0.7481249999998446, 0.0, -0.205734374999182
110.51000000002072, 233.70250478260195, 0.0, 48.103454856526724, 4.617831627484495, 0.0, -2.547279979130195, -0.7480492499998415, 0.0, -0.20533951912418097
110.52000000002073, 233.7486456976956, 0.0, 48.077971796344585, 4.610351519984495, 0.0, -2.5493313986442505, -0.7479719999998383, 0.0, -0.20494432799918022
110.53000000002073, 233.79471181560172, 0.0, 48.05246824173241, 4.602872192484494, 0.0, -2.5513788645801796, -0.7478932499998351, 0.0, -0.2045488038741795
110.54000000002074, 233.84070314419532, 0.0, 48.02694423224261, 4.59539365998449, 0.0, -2.5534223736192363, -0.7478129999998321, 0.0, -0.20415294899917846
110.55000000002075, 233.8866196915014, 0.0, 48.00139980746064, 4.587915937484489, 0.0, -2.5554619224651667, -0.7477312499998289, 0.0, -0.20375676562417772
110.56000000002075, 233.93246146569507, 0.0, 47.97583500700484, 4.580439039984487, 0.0, -2.5574975078442215, -0.7476479999998257, 0.0, -0.20336025599917668
110.57000000002076, 233.97822847510116, 0.0, 47.950249870526136, 4.5729629824844835, 0.0, -2.5595291265051516, -0.7475632499998225, 0.0, -0.2029634223741758
110.58000000002076, 234.0239207281948, 0.0, 47.92464443770787, 4.565487779984482, 0.0, -2.5615567752192074, -0.7474769999998192, 0.0, -0.20256626699917496
110.59000000002077, 234.06953823360092, 0.0, 47.89901874826556, 4.5580134474844805, 0.0, -2.5635804507801376, -0.7473892499998163, 0.0, -0.2021687921241741
110.60000000002077, 234.1150810000945, 0.0, 47.873372841946704, 4.550539999984477, 0.0, -2.565600150004194, -0.7472999999998131, 0.0, -0.2017709999991732
110.61000000002078, 234.1605490366006, 0.0, 47.84770675853046, 4.543067452484477, 0.0, -2.5676158697301235, -0.7472092499998099, 0.0, -0.20137289287417254
110.62000000002078, 234.20594235219423, 0.0, 47.82202053782753, 4.535595819984475, 0.0, -2.5696276068191777, -0.7471169999998067, 0.0, -0.20097447299917165
110.63000000002079, 234.25126095610042, 0.0, 47.796314219679886, 4.528125117484471, 0.0, -2.571635358155109, -0.7470232499998034, 0.0, -0.20057574262417072
110.64000000002079, 234.296504857694, 0.0, 47.77058784396056, 4.52065535998447, 0.0, -2.573639120644165, -0.7469279999998004, 0.0, -0.2001767039991697
110.6500000000208, 234.34167406650008, 0.0, 47.74484145057337, 4.513186562484469, 0.0, -2.575638891215094, -0.7468312499997973, 0.0, -0.19977735937416902
110.6600000000208, 234.38676859219373, 0.0, 47.71907507945279, 4.505718739984466, 0.0, -2.5776346668191508, -0.746732999999794, 0.0, -0.19937771099916823
110.6700000000208, 234.43178844459987, 0.0, 47.69328877056362, 4.498251907484465, 0.0, -2.5796264444300787, -0.7466332499997909, 0.0, -0.19897776112416732
110.68000000002081, 234.47673363369347, 0.0, 47.66748256390081, 4.490786079984463, 0.0, -2.581614221044135, -0.7465319999997876, 0.0, -0.19857751199916635
110.69000000002082, 234.52160416959956, 0.0, 47.6416564994893, 4.483321272484462, 0.0, -2.5835979936800655, -0.7464292499997847, 0.0, -0.19817696587416567
110.70000000002082, 234.5664000625932, 0.0, 47.61581061738365, 4.4758574999844605, 0.0, -2.5855777593791203, -0.7463249999997813, 0.0, -0.1977761249991647
110.71000000002083, 234.61112132309935, 0.0, 47.58994495766794, 4.468394777484457, 0.0, -2.587553515205051, -0.7462192499997781, 0.0, -0.19737499162416383
110.72000000002083, 234.65576796169293, 0.0, 47.56405956045548, 4.460933119984457, 0.0, -2.589525258244106, -0.746111999999775, 0.0, -0.1969735679991632
110.73000000002084, 234.700339989099, 0.0, 47.53815446588863, 4.453472542484454, 0.0, -2.5914929856050355, -0.7460032499997717, 0.0, -0.1965718563741624
110.74000000002084, 234.74483741619267, 0.0, 47.51222971413852, 4.4460130599844545, 0.0, -2.593456694419091, -0.7458929999997688, 0.0, -0.19616985899916173
110.75000000002085, 234.7892602539988, 0.0, 47.486285345404866, 4.438554687484453, 0.0, -2.59541638184002, -0.7457812499997656, 0.0, -0.1957675781241609
110.76000000002085, 234.83360851369238, 0.0, 47.460321399915756, 4.431097439984451, 0.0, -2.597372045044077, -0.7456679999997623, 0.0, -0.19536501599915995
110.77000000002086, 234.87788220659849, 0.0, 47.43433791792735, 4.423641332484451, 0.0, -2.599323681230006, -0.745553249999759, 0.0, -0.1949621748741595
110.78000000002086, 234.92208134419215, 0.0, 47.40833493972377, 4.416186379984449, 0.0, -2.6012712876190602, -0.7454369999997558, 0.0, -0.1945590569991586
110.79000000002087, 234.96620593809828, 0.0, 47.38231250561679, 4.4087325974844465, 0.0, -2.6032148614549904, -0.7453192499997529, 0.0, -0.19415566462415768
110.80000000002087, 235.01025600009186, 0.0, 47.356270655945615, 4.401279999984445, 0.0, -2.6051544000040456, -0.7451999999997495, 0.0, -0.19375199999915693
110.81000000002088, 235.05423154209797, 0.0, 47.33020943107668, 4.393828602484444, 0.0, -2.607089900554976, -0.7450792499997464, 0.0, -0.19334806537415616
110.82000000002088, 235.0981325761916, 0.0, 47.304128871403435, 4.386378419984444, 0.0, -2.6090213604190318, -0.7449569999997431, 0.0, -0.1929438629991554
110.83000000002089, 235.14195911459777, 0.0, 47.27802901734612, 4.37892946748444, 0.0, -2.6109487769299617, -0.7448332499997398, 0.0, -0.19253939512415458
110.8400000000209, 235.18571116969133, 0.0, 47.251909909351475, 4.37148175998444, 0.0, -2.6128721474440164, -0.7447079999997368, 0.0, -0.19213466399915385
110.8500000000209, 235.22938875399743, 0.0, 47.22577158789261, 4.3640353124844395, 0.0, -2.614791469339947, -0.7445812499997336, 0.0, -0.19172967187415318
110.8600000000209, 235.27299188019109, 0.0, 47.1996140934687, 4.356590139984439, 0.0, -2.6167067400190005, -0.7444529999997304, 0.0, -0.19132442099915242
110.87000000002091, 235.3165205610972, 0.0, 47.173437466604845, 4.349146257484437, 0.0, -2.618617956904932, -0.7443232499997271, 0.0, -0.19091891362415153
110.88000000002091, 235.3599748096908, 0.0, 47.14724174785175, 4.341703679984436, 0.0, -2.6205251174439868, -0.7441919999997239, 0.0, -0.19051315199915086
110.89000000002092, 235.4033546390969, 0.0, 47.12102697778553, 4.334262422484434, 0.0, -2.6224282191049157, -0.7440592499997208, 0.0, -0.19010713837415005
110.90000000002092, 235.44666006259055, 0.0, 47.09479319700758, 4.3268224999844325, 0.0, -2.6243272593789717, -0.7439249999997176, 0.0, -0.18970087499914934
110.91000000002093, 235.4898910935967, 0.0, 47.068540446144176, 4.3193839274844334, 0.0, -2.626222235779901, -0.7437892499997143, 0.0, -0.18929436412414874
110.92000000002093, 235.53304774569028, 0.0, 47.042268765846416, 4.311946719984432, 0.0, -2.6281131458439564, -0.7436519999997111, 0.0, -0.188887607999148
110.93000000002094, 235.57613003259635, 0.0, 47.01597819678986, 4.304510892484432, 0.0, -2.6299999871298865, -0.7435132499997078, 0.0, -0.18848060887414753
110.94000000002094, 235.61913796819, 0.0, 46.98966877967444, 4.29707645998443, 0.0, -2.631882757218941, -0.7433729999997047, 0.0, -0.18807336899914662
110.95000000002095, 235.66207156649614, 0.0, 46.96334055522411, 4.289643437484429, 0.0, -2.633761453714871, -0.7432312499997015, 0.0, -0.18766589062414585
110.96000000002095, 235.70493084168973, 0.0, 46.93699356418668, 4.28221183998443, 0.0, -2.6356360742439264, -0.7430879999996982, 0.0, -0.18725817599914535
110.97000000002096, 235.74771580809582, 0.0, 46.9106278473336, 4.274781682484427, 0.0, -2.6375066164548566, -0.742943249999695, 0.0, -0.18685022737414453
110.98000000002096, 235.79042648018947, 0.0, 46.88424344545971, 4.267352979984427, 0.0, -2.639373078018911, -0.7427969999996917, 0.0, -0.18644204699914374
110.99000000002097, 235.8330628725956, 0.0, 46.85784039938305, 4.259925747484426, 0.0, -2.6412354566298415, -0.7426492499996887, 0.0, -0.18603363712414317
111.00000000002098, 235.8756250000892, 0.0, 46.831418749944554, 4.252499999984426, 0.0, -2.6430937500038953, -0.7424999999996854, 0.0, -0.1856249999991424
111.01000000002098, 235.9181128775953, 0.0, 46.80497853800794, 4.245075752484426, 0.0, -2.644947955879825, -0.7423492499996822, 0.0, -0.18521613787414182
111.02000000002099, 235.96052652018895, 0.0, 46.778519804459386, 4.237653019984425, 0.0, -2.6467980720188806, -0.7421969999996789, 0.0, -0.18480705299914113
111.03000000002099, 236.0028659430951, 0.0, 46.752042590207374, 4.230231817484423, 0.0, -2.6486440962048103, -0.7420432499996755, 0.0, -0.1843977476241403
111.040000000021, 236.04513116168866, 0.0, 46.72554693618242, 4.222812159984425, 0.0, -2.6504860262438648, -0.7418879999996726, 0.0, -0.18398822399913994
111.050000000021, 236.08732219149474, 0.0, 46.69903288333686, 4.215394062484423, 0.0, -2.6523238599647945, -0.7417312499996692, 0.0, -0.18357848437413904
111.060000000021, 236.1294390481884, 0.0, 46.67250047264466, 4.207977539984422, 0.0, -2.65415759521885, -0.741572999999666, 0.0, -0.18316853099913832
111.07000000002101, 236.17148174759453, 0.0, 46.645949745101106, 4.200562607484422, 0.0, -2.6559872298797798, -0.7414132499996626, 0.0, -0.18275836612413765
111.08000000002102, 236.21345030568813, 0.0, 46.619380741722686, 4.193149279984421, 0.0, -2.657812761843834, -0.7412519999996594, 0.0, -0.18234799199913687
111.09000000002102, 236.2553447385942, 0.0, 46.5927935035468, 4.185737572484422, 0.0, -2.659634189029764, -0.7410892499996564, 0.0, -0.1819374108741364
111.10000000002103, 236.29716506258785, 0.0, 46.56618807163152, 4.178327499984421, 0.0, -2.6614515093788196, -0.740924999999653, 0.0, -0.18152662499913563
111.11000000002103, 236.33891129409398, 0.0, 46.53956448705544, 4.17091907748442, 0.0, -2.6632647208547486, -0.7407592499996498, 0.0, -0.1811156366241351
111.12000000002104, 236.38058344968758, 0.0, 46.512922790917365, 4.163512319984419, 0.0, -2.6650738214438032, -0.7405919999996465, 0.0, -0.18070444799913465
111.13000000002104, 236.42218154609367, 0.0, 46.48626302433613, 4.1561072424844205, 0.0, -2.6668788091547326, -0.7404232499996433, 0.0, -0.18029306137413403
111.14000000002105, 236.46370560018732, 0.0, 46.45958522845039, 4.148703859984421, 0.0, -2.6686796820187872, -0.7402529999996401, 0.0, -0.17988147899913332
111.15000000002105, 236.50515562899346, 0.0, 46.43288944441838, 4.141302187484419, 0.0, -2.670476438089718, -0.7400812499996369, 0.0, -0.17946970312413268
111.16000000002106, 236.54653164968707, 0.0, 46.40617571341764, 4.13390223998442, 0.0, -2.6722690754437726, -0.7399079999996336, 0.0, -0.179057735999132
111.17000000002106, 236.58783367959313, 0.0, 46.37944407664487, 4.12650403248442, 0.0, -2.674057592179702, -0.7397332499996303, 0.0, -0.17864557987413143
111.18000000002107, 236.62906173618677, 0.0, 46.35269457531567, 4.119107579984419, 0.0, -2.6758419864187566, -0.739556999999627, 0.0, -0.17823323699913096
111.19000000002107, 236.6702158370929, 0.0, 46.325927250664314, 4.11171289748442, 0.0, -2.6776222563046863, -0.7393792499996239, 0.0, -0.17782070962413032
111.20000000002108, 236.71129600008652, 0.0, 46.29914214394351, 4.104319999984419, 0.0, -2.679398400003742, -0.7391999999996206, 0.0, -0.17740799999912948
111.21000000002108, 236.7523022430926, 0.0, 46.27233929642421, 4.096928902484419, 0.0, -2.6811704157046714, -0.7390192499996173, 0.0, -0.1769951103741293
111.22000000002109, 236.79323458418625, 0.0, 46.245518749395345, 4.08953961998442, 0.0, -2.6829383016187256, -0.738836999999614, 0.0, -0.17658204299912839
111.23000000002109, 236.83409304159238, 0.0, 46.218680544163654, 4.08215216748442, 0.0, -2.6847020559796553, -0.7386532499996108, 0.0, -0.17616880012412806
111.2400000000211, 236.87487763368597, 0.0, 46.19182472205339, 4.074766559984418, 0.0, -2.6864616770437104, -0.7384679999996077, 0.0, -0.17575538399912738
111.2500000000211, 236.91558837899206, 0.0, 46.164951324406154, 4.067382812484419, 0.0, -2.6882171630896403, -0.7382812499996043, 0.0, -0.17534179687412665
111.26000000002111, 236.9562252961857, 0.0, 46.138060392580634, 4.06000093998442, 0.0, -2.689968512418695, -0.7380929999996011, 0.0, -0.1749280409991263
111.27000000002111, 236.99678840409183, 0.0, 46.111151967952395, 4.05262095748442, 0.0, -2.6917157233546245, -0.7379032499995978, 0.0, -0.1745141186241257
111.28000000002112, 237.03727772168543, 0.0, 46.08422609191366, 4.045242879984421, 0.0, -2.693458794243679, -0.7377119999995945, 0.0, -0.17410003199912494
111.29000000002112, 237.0776932680915, 0.0, 46.05728280587308, 4.037866722484422, 0.0, -2.6951977234546085, -0.7375192499995913, 0.0, -0.17368578337412466
111.30000000002113, 237.11803506258516, 0.0, 46.03032215125551, 4.030492499984421, 0.0, -2.696932509378663, -0.737324999999588, 0.0, -0.17327137499912404
111.31000000002113, 237.1583031245913, 0.0, 46.00334416950174, 4.023120227484421, 0.0, -2.698663150429594, -0.7371292499995846, 0.0, -0.17285680912412338
111.32000000002114, 237.1984974736849, 0.0, 45.97634890206835, 4.015749919984422, 0.0, -2.7003896450436473, -0.7369319999995815, 0.0, -0.17244208799912297
111.33000000002114, 237.23861812959098, 0.0, 45.949336390427426, 4.008381592484421, 0.0, -2.7021119916795775, -0.736733249999578, 0.0, -0.17202721387412212
111.34000000002115, 237.27866511218463, 0.0, 45.92230667606638, 4.001015259984423, 0.0, -2.703830188818631, -0.736532999999575, 0.0, -0.171612188999122
111.35000000002115, 237.31863844149075, 0.0, 45.89525980048768, 3.9936509374844236, 0.0, -2.7055442349645604, -0.7363312499995717, 0.0, -0.17119701562412126
111.36000000002116, 237.35853813768435, 0.0, 45.86819580520863, 3.9862886399844224, 0.0, -2.7072541286436165, -0.7361279999995682, 0.0, -0.17078169599912052
111.37000000002116, 237.39836422109042, 0.0, 45.84111473176117, 3.9789283824844244, 0.0, -2.708959868404545, -0.735923249999565, 0.0, -0.1703662323741204
111.38000000002117, 237.4381167121841, 0.0, 45.814016621691664, 3.9715701799844263, 0.0, -2.7106614528186, -0.7357169999995617, 0.0, -0.1699506269991199
111.39000000002117, 237.4777956315902, 0.0, 45.78690151656061, 3.964214047484428, 0.0, -2.712358880479528, -0.7355092499995587, 0.0, -0.16953488212411938
111.40000000002118, 237.51740100008382, 0.0, 45.759769457942504, 3.956859999984428, 0.0, -2.7140521500035835, -0.7352999999995553, 0.0, -0.16911899999911884
111.41000000002118, 237.5569328385899, 0.0, 45.732620487425514, 3.9495080524844264, 0.0, -2.715741260029514, -0.7350892499995519, 0.0, -0.1687029828741181
111.42000000002119, 237.59639116818354, 0.0, 45.705454646611344, 3.9421582199844294, 0.0, -2.7174262092185675, -0.7348769999995487, 0.0, -0.16828683299911806
111.4300000000212, 237.63577601008967, 0.0, 45.67827197711496, 3.9348105174844292, 0.0, -2.7191069962544967, -0.7346632499995454, 0.0, -0.16787055262411743
111.4400000000212, 237.67508738568327, 0.0, 45.651072520564384, 3.92746495998443, 0.0, -2.720783619843552, -0.7344479999995422, 0.0, -0.16745414399911684
111.4500000000212, 237.71432531648935, 0.0, 45.62385631860046, 3.920121562484431, 0.0, -2.722456078714482, -0.7342312499995388, 0.0, -0.16703760937411627
111.46000000002121, 237.753489824183, 0.0, 45.596623412876625, 3.912780339984433, 0.0, -2.7241243716185353, -0.7340129999995356, 0.0, -0.1666209509991159
111.47000000002122, 237.79258093058914, 0.0, 45.569373845058706, 3.905441307484432, 0.0, -2.725788497329467, -0.7337932499995321, 0.0, -0.166204171124115
111.48000000002122, 237.83159865768272, 0.0, 45.54210765682466, 3.898104479984433, 0.0, -2.7274484546435205, -0.7335719999995287, 0.0, -0.16578727199911492
111.49000000002123, 237.8705430275888, 0.0, 45.51482488986441, 3.890769872484435, 0.0, -2.7291042423794485, -0.7333492499995258, 0.0, -0.1653702558741147
111.50000000002123, 237.90941406258247, 0.0, 45.4875255858795, 3.8834374999844363, 0.0, -2.7307558593785037, -0.7331249999995223, 0.0, -0.16495312499911408
111.51000000002124, 237.9482117850886, 0.0, 45.46020978658305, 3.8761073774844372, 0.0, -2.732403304504433, -0.732899249999519, 0.0, -0.1645358816241138
111.52000000002124, 237.98693621768217, 0.0, 45.43287753369935, 3.8687795199844377, 0.0, -2.7340465766434874, -0.7326719999995157, 0.0, -0.1641185279991133
111.53000000002125, 238.02558738308826, 0.0, 45.405528868963756, 3.8614539424844385, 0.0, -2.735685674704418, -0.7324432499995124, 0.0, -0.16370106637411286
111.54000000002125, 238.06416530418193, 0.0, 45.3781638341224, 3.85413065998444, 0.0, -2.737320597618473, -0.7322129999995092, 0.0, -0.16328349899911232
111.55000000002126, 238.10267000398807, 0.0, 45.350782470932, 3.846809687484442, 0.0, -2.7389513443394007, -0.7319812499995059, 0.0, -0.16286582812411188
111.56000000002126, 238.14110150568163, 0.0, 45.323384821159635, 3.839491039984441, 0.0, -2.7405779138434565, -0.7317479999995024, 0.0, -0.16244805599911127
111.57000000002127, 238.17945983258772, 0.0, 45.295970926582505, 3.832174732484442, 0.0, -2.742200305129387, -0.7315132499994991, 0.0, -0.1620301848741107
111.58000000002127, 238.21774500818134, 0.0, 45.26854082898769, 3.824860779984445, 0.0, -2.7438185172184384, -0.7312769999994958, 0.0, -0.16161221699911066
111.59000000002128, 238.2559570560875, 0.0, 45.24109457017195, 3.8175491974844458, 0.0, -2.745432549154369, -0.7310392499994925, 0.0, -0.16119415462411002
111.60000000002128, 238.29409600008108, 0.0, 45.21363219194153, 3.8102399999844474, 0.0, -2.747042400003423, -0.7307999999994893, 0.0, -0.16077599999910974
111.61000000002129, 238.33216186408717, 0.0, 45.186153736111855, 3.8029332024844495, 0.0, -2.7486480688543526, -0.7305592499994858, 0.0, -0.16035775537410957
111.62000000002129, 238.3701546721808, 0.0, 45.15865924450737, 3.7956288199844503, 0.0, -2.7502495548184083, -0.7303169999994826, 0.0, -0.1599394229991089
111.6300000000213, 238.40807444858694, 0.0, 45.131148758961295, 3.7883268674844506, 0.0, -2.7518468570293377, -0.7300732499994792, 0.0, -0.15952100512410827
111.6400000000213, 238.44592121768054, 0.0, 45.10362232131541, 3.781027359984453, 0.0, -2.753439974643391, -0.729827999999476, 0.0, -0.15910250399910808
111.65000000002131, 238.4836950039866, 0.0, 45.076079973419795, 3.773730312484454, 0.0, -2.755028906839321, -0.7295812499994726, 0.0, -0.15868392187410785
111.66000000002131, 238.52139583218027, 0.0, 45.04852175713266, 3.766435739984456, 0.0, -2.7566136528183756, -0.7293329999994694, 0.0, -0.1582652609991072
111.67000000002132, 238.5590237270864, 0.0, 45.02094771432005, 3.7591436574844566, 0.0, -2.7581942118043044, -0.7290832499994658, 0.0, -0.157846523624107
111.68000000002132, 238.59657871368, 0.0, 44.9933578868557, 3.7518540799844593, 0.0, -2.759770583043359, -0.7288319999994627, 0.0, -0.15742771199910666
111.69000000002133, 238.6340608170861, 0.0, 44.96575231662075, 3.744567022484461, 0.0, -2.7613427658042884, -0.7285792499994596, 0.0, -0.15700882837410657
111.70000000002133, 238.67147006257974, 0.0, 44.93813104550355, 3.737282499984462, 0.0, -2.762910759378344, -0.728324999999456, 0.0, -0.1565898749991057
111.71000000002134, 238.70880647558585, 0.0, 44.9104941153994, 3.730000527484465, 0.0, -2.764474563079271, -0.7280692499994527, 0.0, -0.15617085412410558
111.72000000002134, 238.74607008167948, 0.0, 44.88284156821039, 3.7227211199844654, 0.0, -2.766034176243327, -0.7278119999994493, 0.0, -0.15575176799910528
111.73000000002135, 238.78326090658555, 0.0, 44.855173445845104, 3.715444292484468, 0.0, -2.7675895982292555, -0.727553249999446, 0.0, -0.155332618874105
111.74000000002135, 238.8203789761792, 0.0, 44.82748979021844, 3.7081700599844702, 0.0, -2.76914082841831, -0.7272929999994427, 0.0, -0.15491340899910455
111.75000000002136, 238.85742431648532, 0.0, 44.799790643251356, 3.7008984374844727, 0.0, -2.7706878662142396, -0.7270312499994395, 0.0, -0.15449414062410427
111.76000000002136, 238.8943969536789, 0.0, 44.77207604687069, 3.693629439984474, 0.0, -2.772230711043295, -0.726767999999436, 0.0, -0.15407481599910378
111.77000000002137, 238.931296914085, 0.0, 44.74434604300886, 3.6863630824844766, 0.0, -2.7737693623542232, -0.7265032499994327, 0.0, -0.15365543737410337
111.78000000002137, 238.96812422417864, 0.0, 44.71660067360373, 3.679099379984477, 0.0, -2.775303819618278, -0.726236999999429, 0.0, -0.153236006999103
111.79000000002138, 239.00487891058478, 0.0, 44.68883998059831, 3.6718383474844782, 0.0, -2.7768340823292084, -0.725969249999426, 0.0, -0.15281652712410254
111.80000000002138, 239.04156100007836, 0.0, 44.661064005940574, 3.6645799999844813, 0.0, -2.7783601500032606, -0.7256999999994228, 0.0, -0.15239699999910283
111.81000000002139, 239.07817051958443, 0.0, 44.63327279158321, 3.657324352484483, 0.0, -2.7798820221791907, -0.7254292499994192, 0.0, -0.15197742787410218
111.8200000000214, 239.1147074961781, 0.0, 44.605466379483424, 3.6500714199844864, 0.0, -2.7813996984182436, -0.725156999999416, 0.0, -0.15155781299910198
111.8300000000214, 239.15117195708424, 0.0, 44.57764481160266, 3.6428212174844883, 0.0, -2.782913178304174, -0.7248832499994126, 0.0, -0.15113815762410165
111.8400000000214, 239.18756392967782, 0.0, 44.54980812990647, 3.63557375998449, 0.0, -2.784422461443228, -0.7246079999994094, 0.0, -0.15071846399910138
111.85000000002141, 239.2238834414839, 0.0, 44.521956376364166, 3.6283290624844917, 0.0, -2.7859275474641567, -0.7243312499994058, 0.0, -0.1502987343741009
111.86000000002142, 239.26013052017754, 0.0, 44.49408959294871, 3.621087139984495, 0.0, -2.78742843601821, -0.7240529999994026, 0.0, -0.14987897099910086
111.87000000002142, 239.2963051935837, 0.0, 44.46620782163642, 3.613848007484497, 0.0, -2.78892512677914, -0.7237732499993993, 0.0, -0.14945917612410053
111.88000000002143, 239.33240748967728, 0.0, 44.43831110440676, 3.6066116799845003, 0.0, -2.790417619443196, -0.7234919999993957, 0.0, -0.14903935199910012
111.89000000002143, 239.36843743658335, 0.0, 44.41039948324212, 3.5993781724845015, 0.0, -2.7919059137291242, -0.7232092499993926, 0.0, -0.14861950087410003
111.90000000002144, 239.404395062577, 0.0, 44.382473000127604, 3.5921474999845038, 0.0, -2.7933900093781787, -0.7229249999993893, 0.0, -0.14819962499909967
111.91000000002144, 239.44028039608312, 0.0, 44.35453169705078, 3.5849196774845056, 0.0, -2.7948699061541085, -0.7226392499993858, 0.0, -0.14777972662409933
111.92000000002145, 239.47609346567674, 0.0, 44.326575616001456, 3.577694719984509, 0.0, -2.796345603843163, -0.7223519999993823, 0.0, -0.1473598079990991
111.93000000002145, 239.5118343000828, 0.0, 44.29860479897148, 3.5704726424845092, 0.0, -2.7978171022540925, -0.7220632499993788, 0.0, -0.1469398713740987
111.94000000002146, 239.54750292817644, 0.0, 44.27061928795451, 3.5632534599845145, 0.0, -2.7992844012181464, -0.7217729999993757, 0.0, -0.14651991899909877
111.95000000002146, 239.5830993789826, 0.0, 44.24261912494574, 3.5560371874845145, 0.0, -2.8007475005890763, -0.7214812499993722, 0.0, -0.14609995312409807
111.96000000002147, 239.61862368167618, 0.0, 44.21460435194176, 3.5488238399845184, 0.0, -2.802206400243131, -0.7211879999993688, 0.0, -0.14567997599909788
111.97000000002147, 239.65407586558226, 0.0, 44.186575010940246, 3.5416134324845205, 0.0, -2.8036611000790583, -0.7208932499993653, 0.0, -0.14525998987409783
111.98000000002148, 239.6894559601759, 0.0, 44.158531143939804, 3.5344059799845238, 0.0, -2.8051116000181127, -0.7205969999993621, 0.0, -0.1448399969990979
111.99000000002148, 239.72476399508207, 0.0, 44.1304727929397, 3.5272014974845267, 0.0, -2.8065579000040426, -0.7202992499993589, 0.0, -0.14441999962409746
112.00000000002149, 239.76000000007565, 0.0, 44.10239999993965, 3.5199999999845297, 0.0, -2.8080000000030965, -0.7199999999993555, 0.0, -0.1439999999990973
112.01000000002149, 239.79516400508172, 0.0, 44.074312806939595, 3.5128015024845323, 0.0, -2.809437900004024, -0.7196992499993521, 0.0, -0.14358000037409702
112.0200000000215, 239.83025604017536, 0.0, 44.0462112559395, 3.5056060199845347, 0.0, -2.810871600018081, -0.7193969999993485, 0.0, -0.1431600029990968
112.0300000000215, 239.86527613558152, 0.0, 44.01809538893907, 3.4984135674845382, 0.0, -2.812301100079008, -0.7190932499993453, 0.0, -0.14274001012409676
112.04000000002151, 239.9002243216751, 0.0, 43.989965247937555, 3.4912241599845397, 0.0, -2.8137264002430635, -0.7187879999993417, 0.0, -0.14232002399909616
112.05000000002151, 239.93510062898116, 0.0, 43.96182087493356, 3.484037812484543, 0.0, -2.815147500588992, -0.7184812499993386, 0.0, -0.14190004687409608
112.06000000002152, 239.9699050881748, 0.0, 43.933662311924806, 3.476854539984546, 0.0, -2.8165644012180477, -0.718172999999335, 0.0, -0.14148008099909593
112.07000000002152, 240.00463773008096, 0.0, 43.90548960090781, 3.4696743574845503, 0.0, -2.817977102253975, -0.7178632499993317, 0.0, -0.14106012862409578
112.08000000002153, 240.03929858567454, 0.0, 43.87730278387785, 3.4624972799845515, 0.0, -2.8193856038430307, -0.7175519999993282, 0.0, -0.1406401919990956
112.09000000002153, 240.07388768608064, 0.0, 43.849101902828544, 3.455323322484555, 0.0, -2.8207899061539594, -0.7172392499993249, 0.0, -0.14022027337409537
112.10000000002154, 240.10840506257426, 0.0, 43.82088699975171, 3.4481524999845585, 0.0, -2.8221900093780143, -0.7169249999993216, 0.0, -0.13980037499909537
112.11000000002154, 240.14285074658042, 0.0, 43.792658116637185, 3.4409848274845625, 0.0, -2.823585913728943, -0.7166092499993181, 0.0, -0.139380499124095
112.12000000002155, 240.17722476967398, 0.0, 43.76441529547255, 3.4338203199845654, 0.0, -2.8249776194429956, -0.7162919999993148, 0.0, -0.1389606479990949
112.13000000002155, 240.2115271635801, 0.0, 43.73615857824289, 3.4266589924845703, 0.0, -2.826365126778925, -0.7159732499993113, 0.0, -0.13854082387409516
112.14000000002156, 240.2457579601737, 0.0, 43.7078880069306, 3.419500859984573, 0.0, -2.8277484360179788, -0.7156529999993079, 0.0, -0.13812102899909495
112.15000000002156, 240.27991719147985, 0.0, 43.67960362351515, 3.412345937484577, 0.0, -2.8291275474639077, -0.7153312499993046, 0.0, -0.13770126562409457
112.16000000002157, 240.31400488967347, 0.0, 43.651305469972854, 3.405194239984579, 0.0, -2.830502461442964, -0.7150079999993012, 0.0, -0.13728153599909432
112.17000000002157, 240.34802108707953, 0.0, 43.62299358827666, 3.3980457824845822, 0.0, -2.8318731783038924, -0.7146832499992978, 0.0, -0.1368618423740945
112.18000000002158, 240.3819658161732, 0.0, 43.5946680203959, 3.3909005799845864, 0.0, -2.8332396984179447, -0.7143569999992944, 0.0, -0.13644218699909438
112.19000000002158, 240.4158391095793, 0.0, 43.56632880829611, 3.38375864748459, 0.0, -2.8346020221788746, -0.714029249999291, 0.0, -0.13602257212409397
112.20000000002159, 240.44964100007292, 0.0, 43.53797599393876, 3.3766199999845914, 0.0, -2.835960150002931, -0.7136999999992876, 0.0, -0.13560299999909364
112.2100000000216, 240.483371520579, 0.0, 43.50960961928103, 3.3694846524845956, 0.0, -2.83731408232886, -0.713369249999284, 0.0, -0.1351834728740936
112.2200000000216, 240.5170307041726, 0.0, 43.481229726275615, 3.362352619984598, 0.0, -2.838663819617915, -0.7130369999992806, 0.0, -0.13476399299909358
112.2300000000216, 240.55061858407876, 0.0, 43.452836356870485, 3.355223917484603, 0.0, -2.8400093623538414, -0.7127032499992773, 0.0, -0.13434456262409367
112.24000000002161, 240.58413519367235, 0.0, 43.424429553008665, 3.348098559984605, 0.0, -2.841350711042898, -0.7123679999992737, 0.0, -0.13392518399909337
112.25000000002161, 240.61758056647844, 0.0, 43.396009356628, 3.34097656248461, 0.0, -2.8426878662138257, -0.7120312499992706, 0.0, -0.13350585937409343
112.26000000002162, 240.65095473617208, 0.0, 43.36757580966091, 3.3338579399846124, 0.0, -2.8440208284178787, -0.711692999999267, 0.0, -0.13308659099909304
112.27000000002162, 240.68425773657822, 0.0, 43.33912895403426, 3.3267427074846165, 0.0, -2.8453495982288093, -0.7113532499992635, 0.0, -0.13266738112409326
112.28000000002163, 240.7174896016718, 0.0, 43.31066883166898, 3.31963087998462, 0.0, -2.846674176242864, -0.71101199999926, 0.0, -0.13224823199909275
112.29000000002164, 240.75065036557788, 0.0, 43.282195484479956, 3.3125224724846247, 0.0, -2.8479945630787897, -0.7106692499992567, 0.0, -0.13182914587409345
112.30000000002164, 240.78374006257152, 0.0, 43.25370895437583, 3.305417499984627, 0.0, -2.8493107593778473, -0.7103249999992535, 0.0, -0.13141012499909288
112.31000000002165, 240.81675872707768, 0.0, 43.22520928325862, 3.298315977484632, 0.0, -2.8506227658037737, -0.70997924999925, 0.0, -0.1309911716240929
112.32000000002165, 240.84970639367126, 0.0, 43.19669651302368, 3.291217919984635, 0.0, -2.8519305830428285, -0.7096319999992465, 0.0, -0.13057228799909304
112.33000000002166, 240.88258309707734, 0.0, 43.16817068555934, 3.2841233424846394, 0.0, -2.8532342118037595, -0.7092832499992431, 0.0, -0.13015347637409247
112.34000000002166, 240.91538887217098, 0.0, 43.13963184274674, 3.277032259984644, 0.0, -2.854533652817811, -0.7089329999992396, 0.0, -0.12973473899909282
112.35000000002167, 240.94812375397711, 0.0, 43.1110800264596, 3.269944687484647, 0.0, -2.855828906838743, -0.7085812499992362, 0.0, -0.1293160781240924
112.36000000002167, 240.9807877776707, 0.0, 43.08251527856399, 3.2628606399846514, 0.0, -2.8571199746427958, -0.7082279999992328, 0.0, -0.12889749599909228
112.37000000002168, 241.01338097857678, 0.0, 43.05393764091811, 3.255780132484657, 0.0, -2.8584068570287227, -0.7078732499992294, 0.0, -0.12847899487409287
112.38000000002168, 241.04590339217043, 0.0, 43.02534715537204, 3.2487031799846604, 0.0, -2.859689554817779, -0.707516999999226, 0.0, -0.12806057699909268
112.39000000002169, 241.07835505407658, 0.0, 42.99674386376757, 3.2416297974846633, 0.0, -2.8609680688537087, -0.7071592499992224, 0.0, -0.12764224462409246
112.40000000002169, 241.11073600007015, 0.0, 42.9681278079379, 3.234559999984668, 0.0, -2.8622424000027626, -0.706799999999219, 0.0, -0.1272239999990925
112.4100000000217, 241.14304626607623, 0.0, 42.93949902970748, 3.227493802484672, 0.0, -2.863512549153691, -0.7064392499992157, 0.0, -0.12680584537409234
112.4200000000217, 241.1752858881699, 0.0, 42.91085757089175, 3.2204312199846776, 0.0, -2.864778517217745, -0.7060769999992124, 0.0, -0.12638778299909248
112.4300000000217, 241.20745490257605, 0.0, 42.88220347329694, 3.2133722674846807, 0.0, -2.8660403051286742, -0.7057132499992086, 0.0, -0.12596981512409255
112.44000000002171, 241.2395533456696, 0.0, 42.853536778719814, 3.206316959984687, 0.0, -2.867297913842729, -0.7053479999992053, 0.0, -0.12555194399909264
112.45000000002172, 241.2715812539757, 0.0, 42.82485752894746, 3.1992653124846906, 0.0, -2.8685513443386568, -0.704981249999202, 0.0, -0.12513417187409237
112.46000000002172, 241.30353866416934, 0.0, 42.796165765757074, 3.1922173399846945, 0.0, -2.8698005976177114, -0.7046129999991985, 0.0, -0.12471650099909237
112.47000000002173, 241.3354256130755, 0.0, 42.76746153091572, 3.185173057484698, 0.0, -2.8710456747036415, -0.704243249999195, 0.0, -0.1242989336240925
112.48000000002173, 241.36724213766905, 0.0, 42.73874486618013, 3.178132479984703, 0.0, -2.8722865766426957, -0.7038719999991915, 0.0, -0.12388147199909239
112.49000000002174, 241.39898827507517, 0.0, 42.71001581329643, 3.171095622484708, 0.0, -2.873523304503622, -0.703499249999188, 0.0, -0.12346411837409255
112.50000000002174, 241.43066406256878, 0.0, 42.68127441399999, 3.1640624999847122, 0.0, -2.874755859377678, -0.7031249999991848, 0.0, -0.12304687499909261
112.51000000002175, 241.46226953757494, 0.0, 42.65252071001508, 3.1570331274847168, 0.0, -2.8759842423786064, -0.7027492499991811, 0.0, -0.12262974412409255
112.52000000002175, 241.4938047376685, 0.0, 42.62375474305483, 3.150007519984722, 0.0, -2.8772084546426595, -0.7023719999991777, 0.0, -0.12221272799909266
112.53000000002176, 241.52526970057463, 0.0, 42.59497655482082, 3.1429856924847273, 0.0, -2.8784284973285885, -0.7019932499991742, 0.0, -0.12179582887409268
112.54000000002176, 241.55666446416825, 0.0, 42.5661861870029, 3.135967659984732, 0.0, -2.8796443716176445, -0.7016129999991708, 0.0, -0.12137904899909291
112.55000000002177, 241.5879890664744, 0.0, 42.53738368127907, 3.128953437484736, 0.0, -2.8808560787135717, -0.7012312499991674, 0.0, -0.12096239062409297
112.56000000002177, 241.61924354566798, 0.0, 42.50856907931515, 3.1219430399847403, 0.0, -2.882063619842627, -0.7008479999991638, 0.0, -0.12054585599909273
112.57000000002178, 241.65042794007405, 0.0, 42.47974242276459, 3.114936482484745, 0.0, -2.8832669962535564, -0.7004632499991604, 0.0, -0.1201294473740927
112.58000000002178, 241.6815422881677, 0.0, 42.450903753268214, 3.10793377998475, 0.0, -2.884466209217609, -0.7000769999991568, 0.0, -0.11971316699909318
112.59000000002179, 241.71258662857386, 0.0, 42.422053112454044, 3.1009349474847547, 0.0, -2.8856612600285385, -0.6996892499991535, 0.0, -0.11929701712409302
112.6000000000218, 241.74356100006744, 0.0, 42.39319054193707, 3.093939999984759, 0.0, -2.8868521500025923, -0.6992999999991499, 0.0, -0.11888099999909296
112.6100000000218, 241.7744654415735, 0.0, 42.36431608331896, 3.086948952484765, 0.0, -2.8880388804785233, -0.6989092499991466, 0.0, -0.1184651178740933
112.6200000000218, 241.80529999216716, 0.0, 42.33542977818793, 3.079961819984771, 0.0, -2.8892214528175746, -0.6985169999991431, 0.0, -0.11804937299909346
112.63000000002181, 241.8360646910733, 0.0, 42.306531668118424, 3.0729786174847757, 0.0, -2.8903998684035037, -0.6981232499991396, 0.0, -0.11763376762409328
112.64000000002181, 241.8667595776669, 0.0, 42.277621794670985, 3.06599935998478, 0.0, -2.891574128642559, -0.697727999999136, 0.0, -0.11721830399909328
112.65000000002182, 241.89738469147298, 0.0, 42.24870019939195, 3.059024062484784, 0.0, -2.8927442349634886, -0.6973312499991328, 0.0, -0.11680298437409331
112.66000000002182, 241.92794007216662, 0.0, 42.21976692381325, 3.052052739984789, 0.0, -2.8939101888175434, -0.6969329999991293, 0.0, -0.11638781099909368
112.67000000002183, 241.95842575957275, 0.0, 42.190822009452205, 3.045085407484795, 0.0, -2.8950719916784706, -0.6965332499991256, 0.0, -0.11597278612409379
112.68000000002183, 241.98884179366632, 0.0, 42.161865497811306, 3.038122079984799, 0.0, -2.8962296450425256, -0.6961319999991221, 0.0, -0.1155579119990936
112.69000000002184, 242.0191882145724, 0.0, 42.13289743037794, 3.0311627724848056, 0.0, -2.897383150428455, -0.6957292499991187, 0.0, -0.11514319087409386
112.70000000002184, 242.04946506256607, 0.0, 42.10391784862417, 3.02420749998481, 0.0, -2.8985325093775107, -0.6953249999991152, 0.0, -0.11472862499909386
112.71000000002185, 242.0796723780722, 0.0, 42.074926794006586, 3.0172562774848166, 0.0, -2.8996777234534377, -0.6949192499991118, 0.0, -0.11431421662409424
112.72000000002186, 242.1098102016658, 0.0, 42.04592430796602, 3.010309119984822, 0.0, -2.9008187942424906, -0.6945119999991082, 0.0, -0.11389996799909441
112.73000000002186, 242.13987857407187, 0.0, 42.01691043192731, 3.0033660424848256, 0.0, -2.9019557233534212, -0.6941032499991046, 0.0, -0.11348588137409443
112.74000000002187, 242.1698775361655, 0.0, 41.98788520729909, 2.9964270599848324, 0.0, -2.9030885124174746, -0.6936929999991012, 0.0, -0.11307195899909472
112.75000000002187, 242.19980712897166, 0.0, 41.95884867547357, 2.989492187484838, 0.0, -2.904217163088403, -0.693281249999098, 0.0, -0.11265820312409514
112.76000000002188, 242.22966739366524, 0.0, 41.92980087782635, 2.9825614399848432, 0.0, -2.9053416770424567, -0.6928679999990944, 0.0, -0.1122446159990953
112.77000000002188, 242.25945837157133, 0.0, 41.90074185571609, 2.975634832484848, 0.0, -2.9064620559783862, -0.6924532499990909, 0.0, -0.1118311998740954
112.78000000002189, 242.28918010416498, 0.0, 41.8716716504844, 2.968712379984854, 0.0, -2.9075783016174395, -0.6920369999990873, 0.0, -0.1114179569990954
112.79000000002189, 242.3188326330711, 0.0, 41.842590303455566, 2.961794097484859, 0.0, -2.90869041570337, -0.6916192499990838, 0.0, -0.11100488962409549
112.8000000000219, 242.3484160000647, 0.0, 41.81349785593626, 2.954879999984866, 0.0, -2.9097984000024235, -0.6911999999990804, 0.0, -0.11059199999909564
112.8100000000219, 242.3779302470708, 0.0, 41.78439434921548, 2.9479701024848715, 0.0, -2.910902256303352, -0.6907792499990769, 0.0, -0.1101792903740959
112.8200000000219, 242.40737541616443, 0.0, 41.755279824564134, 2.9410644199848757, 0.0, -2.9120019864174087, -0.6903569999990732, 0.0, -0.10976676299909593
112.83000000002191, 242.43675154957057, 0.0, 41.726154323234944, 2.9341629674848826, 0.0, -2.9130975921783335, -0.6899332499990699, 0.0, -0.10935442012409613
112.84000000002192, 242.46605868966418, 0.0, 41.69701788646219, 2.92726575998489, 0.0, -2.914189075442389, -0.6895079999990664, 0.0, -0.10894226399909679
112.85000000002192, 242.49529687897024, 0.0, 41.66787055546146, 2.9203728124848944, 0.0, -2.9152764380883185, -0.689081249999063, 0.0, -0.10853029687409688
112.86000000002193, 242.5244661601639, 0.0, 41.638712371429456, 2.913484139984901, 0.0, -2.9163596820173727, -0.6886529999990595, 0.0, -0.10811852099909702
112.87000000002193, 242.55356657607, 0.0, 41.60954337554374, 2.9065997574849045, 0.0, -2.917438809153301, -0.6882232499990558, 0.0, -0.10770693862409719
112.88000000002194, 242.5825981696636, 0.0, 41.580363608962514, 2.8997196799849108, 0.0, -2.918513821442357, -0.6877919999990522, 0.0, -0.10729555199909713
112.89000000002194, 242.61156098406968, 0.0, 41.55117311282446, 2.8928439224849183, 0.0, -2.919584720853285, -0.6873592499990487, 0.0, -0.10688436337409779
112.90000000002195, 242.64045506256335, 0.0, 41.52197192824839, 2.885972499984923, 0.0, -2.9206515093773397, -0.6869249999990453, 0.0, -0.1064733749990977
112.91000000002195, 242.66928044856945, 0.0, 41.49276009633312, 2.879105427484928, 0.0, -2.9217141890282683, -0.6864892499990417, 0.0, -0.10606258912409772
112.92000000002196, 242.69803718566305, 0.0, 41.46353765815725, 2.872242719984935, 0.0, -2.9227727618423227, -0.6860519999990383, 0.0, -0.10565200799909835
112.93000000002196, 242.72672531756916, 0.0, 41.43430465477884, 2.8653843924849425, 0.0, -2.923827229878251, -0.6856132499990347, 0.0, -0.10524163387409868
112.94000000002197, 242.7553448881628, 0.0, 41.4050611272353, 2.8585304599849493, 0.0, -2.924877595217304, -0.6851729999990311, 0.0, -0.10483146899909868
112.95000000002197, 242.78389594146893, 0.0, 41.375807116543115, 2.851680937484955, 0.0, -2.9259238599632327, -0.6847312499990278, 0.0, -0.10442151562409929
112.96000000002198, 242.81237852166254, 0.0, 41.34654266369758, 2.844835839984962, 0.0, -2.926966026242287, -0.6842879999990242, 0.0, -0.1040117759990995
112.97000000002198, 242.84079267306862, 0.0, 41.31726780967264, 2.8379951824849665, 0.0, -2.928004096203219, -0.6838432499990205, 0.0, -0.10360225237409959
112.98000000002199, 242.86913844016223, 0.0, 41.28798259542064, 2.831158979984972, 0.0, -2.929038072017272, -0.6833969999990169, 0.0, -0.10319294699909953
112.990000000022, 242.8974158675684, 0.0, 41.25868706187211, 2.824327247484979, 0.0, -2.9300679558781986, -0.6829492499990136, 0.0, -0.10278386212410018
113.000000000022, 242.92562500006198, 0.0, 41.22938124993551, 2.8174999999849866, 0.0, -2.931093750002255, -0.6824999999990101, 0.0, -0.10237499999910027
113.010000000022, 242.95376588256806, 0.0, 41.20006520049703, 2.8106772524849934, 0.0, -2.932115456628183, -0.6820492499990066, 0.0, -0.10196636287410099
113.02000000002201, 242.9818385601617, 0.0, 41.17073895442037, 2.803859019984998, 0.0, -2.933133078017237, -0.6815969999990029, 0.0, -0.10155795299910086
113.03000000002201, 243.00984307806783, 0.0, 41.1414025525465, 2.7970453174850056, 0.0, -2.9341466164531655, -0.6811432499989994, 0.0, -0.10114977262410119
113.04000000002202, 243.0377794816614, 0.0, 41.11205603569343, 2.7902361599850125, 0.0, -2.935156074242219, -0.6806879999989958, 0.0, -0.10074182399910159
113.05000000002202, 243.0656478164675, 0.0, 41.08269944465602, 2.7834315624850174, 0.0, -2.9361614537131504, -0.6802312499989923, 0.0, -0.10033410937410192
113.06000000002203, 243.09344812816119, 0.0, 41.053332820205696, 2.7766315399850243, 0.0, -2.937162757217204, -0.6797729999989889, 0.0, -0.09992663099910215
113.07000000002203, 243.1211804625673, 0.0, 41.0239562030903, 2.7698361074850317, 0.0, -2.9381599871281336, -0.6793132499989852, 0.0, -0.09951939112410224
113.08000000002204, 243.1488448656609, 0.0, 40.994569634033766, 2.7630452799850382, 0.0, -2.9391531458421873, -0.6788519999989816, 0.0, -0.09911239199910271
113.09000000002204, 243.17644138356698, 0.0, 40.96517315373601, 2.756259072485045, 0.0, -2.9401422357781137, -0.6783892499989782, 0.0, -0.0987056358741033
113.10000000002205, 243.20397006256061, 0.0, 40.935766802872635, 2.7494774999850526, 0.0, -2.9411272593771685, -0.6779249999989748, 0.0, -0.09829912499910343
113.11000000002205, 243.23143094906675, 0.0, 40.90635062209469, 2.7427005774850577, 0.0, -2.9421082191030994, -0.677459249998971, 0.0, -0.09789286162410382
113.12000000002206, 243.25882408966035, 0.0, 40.8769246520285, 2.735928319985066, 0.0, -2.943085117442152, -0.6769919999989676, 0.0, -0.09748684799910434
113.13000000002206, 243.28614953106643, 0.0, 40.847488933275415, 2.7291607424850732, 0.0, -2.944057956903081, -0.6765232499989641, 0.0, -0.09708108637410451
113.14000000002207, 243.31340732016008, 0.0, 40.81804350641157, 2.722397859985078, 0.0, -2.945026740017135, -0.6760529999989603, 0.0, -0.09667557899910473
113.15000000002208, 243.34059750396622, 0.0, 40.78858841198769, 2.7156396874850857, 0.0, -2.9459914693380647, -0.675581249998957, 0.0, -0.0962703281241053
113.16000000002208, 243.3677201296598, 0.0, 40.75912369052884, 2.7088862399850924, 0.0, -2.94695214744212, -0.6751079999989534, 0.0, -0.09586533599910552
113.17000000002209, 243.3947752445659, 0.0, 40.72964938253421, 2.7021375324851005, 0.0, -2.947908776928048, -0.6746332499989499, 0.0, -0.0954606048741059
113.18000000002209, 243.42176289615952, 0.0, 40.7001655284769, 2.6953935799851085, 0.0, -2.9488613604171006, -0.6741569999989462, 0.0, -0.09505613699910653
113.1900000000221, 243.44868313206567, 0.0, 40.67067216880369, 2.688654397485115, 0.0, -2.949809900553031, -0.6736792499989427, 0.0, -0.09465193462410704
113.2000000000221, 243.47553600005926, 0.0, 40.64116934393476, 2.6819199999851233, 0.0, -2.950754400002083, -0.6731999999989394, 0.0, -0.09424799999910727
113.2100000000221, 243.50232154806537, 0.0, 40.611657094263606, 2.67519040248513, 0.0, -2.951694861453013, -0.6727192499989357, 0.0, -0.09384433537410763
113.22000000002211, 243.52903982415899, 0.0, 40.582135460156636, 2.668465619985135, 0.0, -2.95263128761707, -0.672236999998932, 0.0, -0.09344094299910777
113.23000000002212, 243.55569087656514, 0.0, 40.55260448195308, 2.661745667485144, 0.0, -2.953563681227997, -0.6717532499989284, 0.0, -0.09303782512410819
113.24000000002212, 243.58227475365874, 0.0, 40.52306419996471, 2.655030559985151, 0.0, -2.954492045042051, -0.671267999998925, 0.0, -0.09263498399910874
113.25000000002213, 243.60879150396482, 0.0, 40.493514654475604, 2.64832031248516, 0.0, -2.95541638183798, -0.6707812499989215, 0.0, -0.09223242187410918
113.26000000002213, 243.63524117615844, 0.0, 40.46395588574198, 2.6416149399851663, 0.0, -2.9563366944170335, -0.6702929999989179, 0.0, -0.09183014099910958
113.27000000002214, 243.6616238190646, 0.0, 40.434387933991886, 2.634914457485173, 0.0, -2.9572529856029637, -0.6698032499989143, 0.0, -0.09142814362411
113.28000000002214, 243.6879394816582, 0.0, 40.404810839425046, 2.628218879985179, 0.0, -2.958165258242018, -0.6693119999989104, 0.0, -0.09102643199911031
113.29000000002215, 243.71418821306426, 0.0, 40.3752246422126, 2.621528222485187, 0.0, -2.9590735152029453, -0.6688192499989069, 0.0, -0.0906250083741108
113.30000000002215, 243.74037006255793, 0.0, 40.34562938249692, 2.6148424999851936, 0.0, -2.959977759377002, -0.6683249999989035, 0.0, -0.09022387499911122
113.31000000002216, 243.7664850795641, 0.0, 40.316025100391286, 2.608161727485203, 0.0, -2.9608779936779293, -0.6678292499988999, 0.0, -0.08982303412411186
113.32000000002216, 243.79253331365766, 0.0, 40.28641183597978, 2.6014859199852105, 0.0, -2.9617742210419813, -0.6673319999988964, 0.0, -0.08942248799911223
113.33000000002217, 243.8185148145637, 0.0, 40.25678962931701, 2.594815092485217, 0.0, -2.9626664444279136, -0.6668332499988926, 0.0, -0.08902223887411276
113.34000000002217, 243.8444296321574, 0.0, 40.22715852042785, 2.588149259985227, 0.0, -2.963554666816965, -0.6663329999988893, 0.0, -0.08862228899911351
113.35000000002218, 243.87027781646353, 0.0, 40.19751854930729, 2.5814884374852336, 0.0, -2.9644388912128954, -0.6658312499988858, 0.0, -0.08822264062411389
113.36000000002218, 243.8960594176571, 0.0, 40.16786975592013, 2.574832639985241, 0.0, -2.9653191206419507, -0.6653279999988818, 0.0, -0.08782329599911398
113.37000000002219, 243.9217744860632, 0.0, 40.13821218020081, 2.568181882485249, 0.0, -2.9661953581528806, -0.6648232499988783, 0.0, -0.0874242573741143
113.38000000002219, 243.94742307215685, 0.0, 40.10854586205319, 2.561536179985256, 0.0, -2.9670676068169333, -0.6643169999988751, 0.0, -0.08702552699911514
113.3900000000222, 243.973005226563, 0.0, 40.078870841350295, 2.554895547485265, 0.0, -2.9679358697278615, -0.6638092499988711, 0.0, -0.08662710712411537
113.4000000000222, 243.99852100005657, 0.0, 40.04918715793407, 2.5482599999852718, 0.0, -2.9688001500019165, -0.6632999999988677, 0.0, -0.08622899999911582
113.41000000002221, 244.02397044356266, 0.0, 40.019494851615214, 2.5416295524852814, 0.0, -2.969660450777844, -0.662789249998864, 0.0, -0.08583120787411669
113.42000000002221, 244.0493536081563, 0.0, 39.98979396217293, 2.53500421998529, 0.0, -2.9705167752168977, -0.6622769999988606, 0.0, -0.08543373299911738
113.43000000002222, 244.07467054506245, 0.0, 39.960084529354695, 2.528384017485298, 0.0, -2.971369126502829, -0.6617632499988572, 0.0, -0.08503657762411765
113.44000000002222, 244.09992130565604, 0.0, 39.930366592876005, 2.5217689599853057, 0.0, -2.972217507841881, -0.6612479999988531, 0.0, -0.08463974399911822
113.45000000002223, 244.12510594146212, 0.0, 39.90064019242023, 2.515159062485313, 0.0, -2.9730619224628114, -0.6607312499988499, 0.0, -0.08424323437411874
113.46000000002223, 244.15022450415577, 0.0, 39.87090536763828, 2.5085543399853196, 0.0, -2.973902373616866, -0.6602129999988459, 0.0, -0.08384705099911904
113.47000000002224, 244.17527704556193, 0.0, 39.84116215814851, 2.5019548074853293, 0.0, -2.9747388645777946, -0.6596932499988423, 0.0, -0.08345119612411955
113.48000000002224, 244.2002636176555, 0.0, 39.81141060353635, 2.495360479985339, 0.0, -2.9755713986418493, -0.6591719999988391, 0.0, -0.08305567199912
113.49000000002225, 244.2251842725616, 0.0, 39.781650743354234, 2.488771372485345, 0.0, -2.9763999791277786, -0.6586492499988351, 0.0, -0.0826604808741207
113.50000000002225, 244.25003906255523, 0.0, 39.751882617121225, 2.4821874999853546, 0.0, -2.9772246093768318, -0.6581249999988318, 0.0, -0.08226562499912127
113.51000000002226, 244.27482804006138, 0.0, 39.72210626432292, 2.4756088774853624, 0.0, -2.9780452927527623, -0.6575992499988278, 0.0, -0.08187110662412156
113.52000000002226, 244.299551257655, 0.0, 39.69232172441111, 2.469035519985369, 0.0, -2.9788620326418163, -0.6570719999988245, 0.0, -0.0814769279991222
113.53000000002227, 244.32420876806106, 0.0, 39.66252903680363, 2.4624674424853814, 0.0, -2.9796748324527425, -0.6565432499988212, 0.0, -0.08108309137412317
113.54000000002227, 244.34880062415473, 0.0, 39.63272824088418, 2.455904659985386, 0.0, -2.9804836956168015, -0.656012999998817, 0.0, -0.0806895989991232
113.55000000002228, 244.37332687896085, 0.0, 39.60291937600192, 2.449347187485396, 0.0, -2.9812886255877276, -0.6554812499988137, 0.0, -0.08029645312412426
113.56000000002228, 244.39778758565444, 0.0, 39.57310248147145, 2.4427950399854033, 0.0, -2.9820896258417835, -0.6549479999988098, 0.0, -0.07990365599912452
113.57000000002229, 244.42218279756054, 0.0, 39.54327759657245, 2.436248232485412, 0.0, -2.982886699877712, -0.6544132499988063, 0.0, -0.07951120987412508
113.5800000000223, 244.4465125681542, 0.0, 39.51344476054952, 2.429706779985423, 0.0, -2.9836798512167655, -0.6538769999988029, 0.0, -0.079119116999126
113.5900000000223, 244.47077695106032, 0.0, 39.48360401261193, 2.4231706974854306, 0.0, -2.9844690834026952, -0.6533392499987992, 0.0, -0.07872737962412635
113.6000000000223, 244.4949760000539, 0.0, 39.4537553919334, 2.4166399999854407, 0.0, -2.9852544000017494, -0.6527999999987956, 0.0, -0.07833599999912733
113.61000000002231, 244.51910976905998, 0.0, 39.423898937651856, 2.410114702485448, 0.0, -2.9860358046026776, -0.6522592499987917, 0.0, -0.07794498037412767
113.62000000002232, 244.54317831215366, 0.0, 39.39403468886926, 2.403594819985455, 0.0, -2.986813300816734, -0.6517169999987883, 0.0, -0.07755432299912812
113.63000000002232, 244.5671816835598, 0.0, 39.36416268465134, 2.3970803674854655, 0.0, -2.987586892277663, -0.6511732499987849, 0.0, -0.07716403012412876
113.64000000002233, 244.59111993765336, 0.0, 39.334282964027345, 2.390571359985475, 0.0, -2.9883565826417158, -0.6506279999987808, 0.0, -0.07677410399912965
113.65000000002233, 244.61499312895947, 0.0, 39.30439556598987, 2.384067812485482, 0.0, -2.9891223755876455, -0.6500812499987775, 0.0, -0.07638454687412988
113.66000000002234, 244.63880131215313, 0.0, 39.27450052949463, 2.3775697399854905, 0.0, -2.9898842748167014, -0.6495329999987735, 0.0, -0.07599536099913062
113.67000000002234, 244.66254454205924, 0.0, 39.24459789346015, 2.3710771574855003, 0.0, -2.9906422840526288, -0.6489832499987701, 0.0, -0.07560654862413141
113.68000000002235, 244.68622287365287, 0.0, 39.21468769676769, 2.364590079985509, 0.0, -2.991396407041682, -0.6484319999987668, 0.0, -0.0752181119991322
113.69000000002235, 244.70983636205895, 0.0, 39.18476997826089, 2.358108522485518, 0.0, -2.9921466475526124, -0.6478792499987628, 0.0, -0.07483005337413284
113.70000000002236, 244.73338506255254, 0.0, 39.15484477674556, 2.3516324999855276, 0.0, -2.992893009376666, -0.6473249999987593, 0.0, -0.07444237499913309
113.71000000002236, 244.75686903055873, 0.0, 39.12491213098957, 2.345162027485538, 0.0, -2.9936354963275926, -0.6467692499987555, 0.0, -0.07405507912413434
113.72000000002237, 244.7802883216523, 0.0, 39.09497207972245, 2.338697119985546, 0.0, -2.99437411224165, -0.6462119999987518, 0.0, -0.07366816799913445
113.73000000002237, 244.8036429915584, 0.0, 39.065024661635306, 2.332237792485556, 0.0, -2.995108860977579, -0.6456532499987485, 0.0, -0.07328164387413527
113.74000000002238, 244.82693309615206, 0.0, 39.03506991538053, 2.3257840599855633, 0.0, -2.9958397464166358, -0.6450929999987446, 0.0, -0.07289550899913588
113.75000000002238, 244.8501586914582, 0.0, 39.00510787957158, 2.3193359374855738, 0.0, -2.9965667724625615, -0.6445312499987411, 0.0, -0.0725097656241368
113.76000000002239, 244.87331983365178, 0.0, 38.9751385927828, 2.3128934399855825, 0.0, -2.997289943041618, -0.6439679999987372, 0.0, -0.07212441599913721
113.77000000002239, 244.89641657905787, 0.0, 38.94516209354913, 2.3064565824855925, 0.0, -2.9980092621025465, -0.6434032499987338, 0.0, -0.07173946237413775
113.7800000000224, 244.9194489841515, 0.0, 38.915178420365876, 2.3000253799856014, 0.0, -2.9987247336166, -0.6428369999987301, 0.0, -0.07135490699913871
113.7900000000224, 244.94241710555767, 0.0, 38.8851876116886, 2.2935998474856114, 0.0, -2.999436361577531, -0.6422692499987265, 0.0, -0.07097075212413939
113.80000000002241, 244.96532100005123, 0.0, 38.855189705932744, 2.287179999985621, 0.0, -3.0001441500015824, -0.6416999999987228, 0.0, -0.07058699999913998
113.81000000002241, 244.98816072455736, 0.0, 38.825184741473535, 2.2807658524856316, 0.0, -3.0008481029275136, -0.641129249998719, 0.0, -0.0702036528741411
113.82000000002242, 245.01093633615096, 0.0, 38.79517275664564, 2.2743574199856407, 0.0, -3.001548224416568, -0.6405569999987156, 0.0, -0.06982071299914139
113.83000000002242, 245.03364789205713, 0.0, 38.765153789743025, 2.2679547174856496, 0.0, -3.002244518552498, -0.639983249998712, 0.0, -0.06943818262414236
113.84000000002243, 245.05629544965075, 0.0, 38.73512787901871, 2.2615577599856587, 0.0, -3.002936989441552, -0.639407999998708, 0.0, -0.0690560639991431
113.85000000002243, 245.0788790664568, 0.0, 38.705095062684556, 2.2551665624856683, 0.0, -3.0036256412124813, -0.6388312499987047, 0.0, -0.0686743593741439
113.86000000002244, 245.10139880015046, 0.0, 38.67505537891099, 2.2487811399856787, 0.0, -3.0043104780165333, -0.6382529999987007, 0.0, -0.06829307099914439
113.87000000002244, 245.1238547085566, 0.0, 38.64500886582684, 2.242401507485688, 0.0, -3.0049915040274633, -0.6376732499986971, 0.0, -0.06791220112414531
113.88000000002245, 245.14624684965023, 0.0, 38.61495556151907, 2.2360276799856975, 0.0, -3.0056687234415174, -0.6370919999986936, 0.0, -0.06753175199914563
113.89000000002245, 245.1685752815563, 0.0, 38.584895504032566, 2.2296596724857083, 0.0, -3.0063421404774457, -0.6365092499986899, 0.0, -0.06715172587414653
113.90000000002246, 245.19084006254994, 0.0, 38.554828731369945, 2.2232974999857187, 0.0, -3.007011759376501, -0.6359249999986863, 0.0, -0.06677212499914753
113.91000000002246, 245.2130412510561, 0.0, 38.52475528149126, 2.216941177485729, 0.0, -3.00767758440243, -0.6353392499986824, 0.0, -0.06639295162414838
113.92000000002247, 245.23517890564966, 0.0, 38.494675192313835, 2.210590719985737, 0.0, -3.0083396198414865, -0.6347519999986789, 0.0, -0.06601420799914925
113.93000000002247, 245.25725308505577, 0.0, 38.464588501711994, 2.2042461424857467, 0.0, -3.0089978700024167, -0.6341632499986752, 0.0, -0.06563589637414968
113.94000000002248, 245.27926384814944, 0.0, 38.43449524751691, 2.1979074599857564, 0.0, -3.0096523392164687, -0.6335729999986713, 0.0, -0.06525801899915029
113.95000000002248, 245.30121125395556, 0.0, 38.40439546751629, 2.1915746874857676, 0.0, -3.0103030318373993, -0.6329812499986679, 0.0, -0.06488057812415127
113.96000000002249, 245.32309536164917, 0.0, 38.37428919945419, 2.185247839985777, 0.0, -3.010949952241454, -0.632387999998664, 0.0, -0.06450357599915191
113.9700000000225, 245.3449162305552, 0.0, 38.34417648103083, 2.1789269324857883, 0.0, -3.0115931048273823, -0.6317932499986606, 0.0, -0.06412701487415307
113.9800000000225, 245.36667392014888, 0.0, 38.31405734990227, 2.172611979985797, 0.0, -3.0122324940164376, -0.631196999998657, 0.0, -0.0637508969991536
113.9900000000225, 245.38836849005503, 0.0, 38.28393184368031, 2.166302997485809, 0.0, -3.012868124252366, -0.6305992499986531, 0.0, -0.06337522462415479
114.00000000002251, 245.4100000000486, 0.0, 38.25379999993215, 2.159999999985819, 0.0, -3.0135000000014203, -0.6299999999986495, 0.0, -0.06299999999915551
114.01000000002252, 245.43156851005472, 0.0, 38.22366185618023, 2.153703002485829, 0.0, -3.01412812575235, -0.6293992499986455, 0.0, -0.06262522537415638
114.02000000002252, 245.45307408014838, 0.0, 38.19351744990203, 2.1474120199858393, 0.0, -3.0147525060164035, -0.6287969999986421, 0.0, -0.06225090299915692
114.03000000002253, 245.4745167705545, 0.0, 38.163366818529724, 2.1411270674858485, 0.0, -3.015373145327333, -0.6281932499986383, 0.0, -0.061877035124157764
114.04000000002253, 245.49589664164813, 0.0, 38.13320999945011, 2.1348481599858595, 0.0, -3.0159900482413873, -0.6275879999986346, 0.0, -0.061503623999158874
114.05000000002254, 245.51721375395417, 0.0, 38.10304703000427, 2.128575312485872, 0.0, -3.0166032193373167, -0.6269812499986313, 0.0, -0.06113067187415977
114.06000000002254, 245.53846816814786, 0.0, 38.07287794748739, 2.1223085399858808, 0.0, -3.017212663216373, -0.6263729999986271, 0.0, -0.06075818099916064
114.07000000002255, 245.559659945054, 0.0, 38.04270278914856, 2.1160478574858916, 0.0, -3.0178183845023, -0.6257632499986238, 0.0, -0.060386153624161665
114.08000000002255, 245.5807891456476, 0.0, 38.01252159219048, 2.109793279985903, 0.0, -3.018420387841355, -0.6251519999986203, 0.0, -0.06001459199916215
114.09000000002256, 245.60185583105365, 0.0, 37.98233439376929, 2.103544822485914, 0.0, -3.0190186779022823, -0.6245392499986163, 0.0, -0.059643498374163384
114.10000000002256, 245.62286006254732, 0.0, 37.95214123099435, 2.0973024999859224, 0.0, -3.019613259376339, -0.6239249999986126, 0.0, -0.05927287499916378
114.11000000002257, 245.64380190155347, 0.0, 37.92194214092798, 2.0910663274859327, 0.0, -3.0202041369772696, -0.6233092499986085, 0.0, -0.05890272412416464
114.12000000002257, 245.66468140964707, 0.0, 37.89173716058525, 2.084836319985945, 0.0, -3.0207913154413255, -0.622691999998605, 0.0, -0.05853304799916548
114.13000000002258, 245.68549864855314, 0.0, 37.86152632693371, 2.0786124924859553, 0.0, -3.021374799527253, -0.6220732499986016, 0.0, -0.05816384887416648
114.14000000002258, 245.7062536801468, 0.0, 37.83130967689332, 2.0723948599859665, 0.0, -3.0219545940163077, -0.6214529999985975, 0.0, -0.05779512899916761
114.15000000002259, 245.72694656645294, 0.0, 37.80108724733601, 2.0661834374859773, 0.0, -3.0225307037122366, -0.6208312499985941, 0.0, -0.05742689062416839
114.16000000002259, 245.74757736964654, 0.0, 37.7708590750856, 2.0599782399859907, 0.0, -3.02310313344129, -0.6202079999985902, 0.0, -0.05705913599916945
114.1700000000226, 245.76814615205265, 0.0, 37.74062519691754, 2.053779282485999, 0.0, -3.0236718880522195, -0.6195832499985866, 0.0, -0.05669186737417009
114.1800000000226, 245.78865297614627, 0.0, 37.710385649558695, 2.0475865799860116, 0.0, -3.0242369724162734, -0.6189569999985832, 0.0, -0.05632508699917138
114.19000000002261, 245.80909790455243, 0.0, 37.680140469687046, 2.0414001474860224, 0.0, -3.024798391427203, -0.6183292499985792, 0.0, -0.05595879712417218
114.20000000002261, 245.82948100004603, 0.0, 37.64988969393157, 2.035219999986031, 0.0, -3.0253561500012602, -0.6176999999985754, 0.0, -0.05559299999917289
114.21000000002262, 245.8498023255521, 0.0, 37.61963335887198, 2.029046152486043, 0.0, -3.0259102530771886, -0.6170692499985716, 0.0, -0.055227697874173476
114.22000000002262, 245.87006194414573, 0.0, 37.58937150103846, 2.0228786199860544, 0.0, -3.026460705616242, -0.616436999998568, 0.0, -0.05486289299917502
114.23000000002263, 245.89025991905189, 0.0, 37.559104156911474, 2.0167174174860674, 0.0, -3.0270075126021725, -0.6158032499985645, 0.0, -0.05449858762417592
114.24000000002263, 245.9103963136455, 0.0, 37.528831362921544, 2.0105625599860777, 0.0, -3.027550679041228, -0.6151679999985605, 0.0, -0.054134783999176594
114.25000000002264, 245.9304711914516, 0.0, 37.49855315544902, 2.0044140624860893, 0.0, -3.0280902099621563, -0.614531249998557, 0.0, -0.05377148437417789
114.26000000002264, 245.95048461614525, 0.0, 37.46826957082382, 1.9982719399860993, 0.0, -3.0286261104162104, -0.6138929999985531, 0.0, -0.053408690999178665
114.27000000002265, 245.9704366515514, 0.0, 37.4379806453253, 1.992136207486111, 0.0, -3.0291583854771402, -0.6132532499985494, 0.0, -0.053046406124179546
114.28000000002265, 245.990327361645, 0.0, 37.407686415181914, 1.9860068799861217, 0.0, -3.0296870402411957, -0.6126119999985459, 0.0, -0.052684631999180276
114.29000000002266, 246.01015681055108, 0.0, 37.37738691657104, 1.979883972486135, 0.0, -3.0302120798271233, -0.611969249998542, 0.0, -0.052323370874181485
114.30000000002266, 246.02992506254475, 0.0, 37.3470821856188, 1.973767499986146, 0.0, -3.0307335093761805, -0.6113249999985383, 0.0, -0.051962624999182916
114.31000000002267, 246.04963218205089, 0.0, 37.31677225839974, 1.967657477486157, 0.0, -3.0312513340521083, -0.6106792499985344, 0.0, -0.05160239662418342
114.32000000002267, 246.0692782336445, 0.0, 37.286457170936686, 1.9615539199861682, 0.0, -3.0317655590411623, -0.6100319999985307, 0.0, -0.051242687999184744
114.33000000002268, 246.08886328205057, 0.0, 37.256136959200475, 1.9554568424861818, 0.0, -3.032276189552091, -0.6093832499985273, 0.0, -0.05088350137418596
114.34000000002268, 246.1083873921442, 0.0, 37.225811659109766, 1.949366259986191, 0.0, -3.0327832308161495, -0.6087329999985233, 0.0, -0.05052483899918658
114.35000000002269, 246.12785062895034, 0.0, 37.195481306530766, 1.9432821874862032, 0.0, -3.033286688087077, -0.6080812499985196, 0.0, -0.05016670312418725
114.3600000000227, 246.14725305764395, 0.0, 37.16514593727706, 1.9372046399862153, 0.0, -3.0337865666411323, -0.6074279999985156, 0.0, -0.04980909599918859
114.3700000000227, 246.16659474355006, 0.0, 37.13480558710931, 1.9311336324862267, 0.0, -3.0342828717770622, -0.6067732499985122, 0.0, -0.04945201987418946
114.3800000000227, 246.18587575214372, 0.0, 37.104460291735144, 1.9250691799862396, 0.0, -3.0347756088161155, -0.6061169999985087, 0.0, -0.04909547699919048
114.39000000002271, 246.20509614904984, 0.0, 37.0741100868088, 1.919011297486249, 0.0, -3.035264783102046, -0.6054592499985044, 0.0, -0.048739469624191845
114.40000000002271, 246.22425600004345, 0.0, 37.04375500793102, 1.9129599999862623, 0.0, -3.0357504000011, -0.6047999999985011, 0.0, -0.04838399999919285
114.41000000002272, 246.24335537104955, 0.0, 37.01339509064874, 1.9069153024862746, 0.0, -3.0362324649020307, -0.6041392499984969, 0.0, -0.048029070374193905
114.42000000002272, 246.2623943281432, 0.0, 36.98303037045491, 1.9008772199862844, 0.0, -3.0367109832160866, -0.6034769999984934, 0.0, -0.04767468299919453
114.43000000002273, 246.28137293754935, 0.0, 36.95266088278824, 1.8948457674862966, 0.0, -3.037185960377017, -0.6028132499984897, 0.0, -0.047320840124195795
114.44000000002274, 246.30029126564295, 0.0, 36.922286663033, 1.8888209599863106, 0.0, -3.0376574018410682, -0.6021479999984856, 0.0, -0.046967543999197
114.45000000002274, 246.31914937894905, 0.0, 36.8919077465188, 1.8828028124863214, 0.0, -3.0381253130870025, -0.6014812499984821, 0.0, -0.046614796874197895
114.46000000002275, 246.33794734414272, 0.0, 36.86152416852029, 1.8767913399863356, 0.0, -3.038589699616054, -0.6008129999984781, 0.0, -0.04626260099919888
114.47000000002275, 246.35668522804883, 0.0, 36.83113596425708, 1.8707865574863474, 0.0, -3.0390505669519845, -0.6001432499984747, 0.0, -0.04591095862420036
114.48000000002276, 246.3753630976424, 0.0, 36.80074316889337, 1.8647884799863588, 0.0, -3.0395079206410385, -0.5994719999984708, 0.0, -0.045559871999200974
114.49000000002276, 246.39398102004856, 0.0, 36.77034581753784, 1.858797122486372, 0.0, -3.0399617662519685, -0.5987992499984669, 0.0, -0.04520934337420224
114.50000000002277, 246.41253906254218, 0.0, 36.739943945243255, 1.8528124999863838, 0.0, -3.040412109376023, -0.5981249999984632, 0.0, -0.04485937499920323
114.51000000002277, 246.43103729254833, 0.0, 36.70953758700651, 1.8468346274863972, 0.0, -3.0408589556269527, -0.5974492499984594, 0.0, -0.044509969124204574
114.52000000002278, 246.44947577764194, 0.0, 36.67912677776816, 1.8408635199864072, 0.0, -3.041302310641009, -0.5967719999984555, 0.0, -0.044161127999205574
114.53000000002278, 246.46785458554803, 0.0, 36.648711552412266, 1.8348991924864195, 0.0, -3.0417421800769375, -0.5960932499984519, 0.0, -0.043812853874206414
114.54000000002279, 246.48617378414167, 0.0, 36.61829194576624, 1.8289416599864345, 0.0, -3.0421785696159915, -0.5954129999984481, 0.0, -0.04346514899920817
114.55000000002279, 246.50443344144784, 0.0, 36.58786799260056, 1.8229909374864446, 0.0, -3.042611484961923, -0.5947312499984445, 0.0, -0.04311801562420903
114.5600000000228, 246.52263362564142, 0.0, 36.55743972762853, 1.817047039986458, 0.0, -3.043040931840978, -0.5940479999984405, 0.0, -0.042771455999210284
114.5700000000228, 246.54077440504753, 0.0, 36.52700718550611, 1.8111099824864698, 0.0, -3.0434669160019068, -0.5933632499984369, 0.0, -0.042425472374211015
114.5800000000228, 246.55885584814118, 0.0, 36.49657040083163, 1.8051797799864822, 0.0, -3.0438894432159627, -0.5926769999984334, 0.0, -0.04208006699921252
114.59000000002281, 246.57687802354732, 0.0, 36.4661294081456, 1.7992564474864945, 0.0, -3.0443085192768926, -0.5919892499984292, 0.0, -0.0417352421242132
114.60000000002282, 246.5948410000409, 0.0, 36.4356842419305, 1.793339999986508, 0.0, -3.044724150000947, -0.5912999999984256, 0.0, -0.041390999999214584
114.61000000002282, 246.612744846547, 0.0, 36.40523493661055, 1.7874304524865214, 0.0, -3.0451363412268755, -0.5906092499984217, 0.0, -0.04104734287421574
114.62000000002283, 246.63058963214064, 0.0, 36.3747815265514, 1.781527819986534, 0.0, -3.045545098815932, -0.589916999998418, 0.0, -0.040704272999217084
114.63000000002283, 246.64837542604684, 0.0, 36.344324046060045, 1.7756321174865455, 0.0, -3.045950428651862, -0.5892232499984142, 0.0, -0.04036179262421813
114.64000000002284, 246.6661022976404, 0.0, 36.31386252938449, 1.7697433599865604, 0.0, -3.046352336640915, -0.5885279999984103, 0.0, -0.040019903999219286
114.65000000002284, 246.68377031644653, 0.0, 36.283397010713585, 1.7638615624865739, 0.0, -3.0467508287118443, -0.5878312499984069, 0.0, -0.03967860937422052
114.66000000002285, 246.70137955214017, 0.0, 36.25292752417678, 1.7579867399865863, 0.0, -3.0471459108159005, -0.5871329999984027, 0.0, -0.03933791099922179
114.67000000002285, 246.7189300745463, 0.0, 36.22245410384388, 1.752118907486597, 0.0, -3.047537588926831, -0.5864332499983991, 0.0, -0.03899781112422285
114.68000000002286, 246.7364219536399, 0.0, 36.191976783724876, 1.74625807998661, 0.0, -3.0479258690408866, -0.5857319999983954, 0.0, -0.03865831199922409
114.69000000002286, 246.75385525954601, 0.0, 36.16149559776964, 1.740404272486624, 0.0, -3.0483107571768144, -0.5850292499983913, 0.0, -0.038319415874225715
114.70000000002287, 246.77123006253967, 0.0, 36.131010579867755, 1.7345574999866382, 0.0, -3.048692259375869, -0.5843249999983879, 0.0, -0.03798112499922679
114.71000000002287, 246.7885464330458, 0.0, 36.100521763848334, 1.7287177774866513, 0.0, -3.0490703817018003, -0.5836192499983837, 0.0, -0.037643441624227725
114.72000000002288, 246.80580444163942, 0.0, 36.07002918347965, 1.7228851199866646, 0.0, -3.049445130240856, -0.5829119999983801, 0.0, -0.03730636799922893
114.73000000002288, 246.82300415904552, 0.0, 36.03953287246909, 1.7170595424866784, 0.0, -3.0498165111017865, -0.5822032499983765, 0.0, -0.036969906374230144
114.74000000002289, 246.84014565613916, 0.0, 36.00903286446274, 1.711241059986693, 0.0, -3.050184530415841, -0.5814929999983725, 0.0, -0.036634058999231334
114.7500000000229, 246.85722900394532, 0.0, 35.97852919304538, 1.7054296874867052, 0.0, -3.05054919433677, -0.5807812499983689, 0.0, -0.03629882812423291
114.7600000000229, 246.8742542736389, 0.0, 35.948021891740034, 1.6996254399867172, 0.0, -3.0509105090408246, -0.5800679999983649, 0.0, -0.03596421599923394
114.7700000000229, 246.89122153654503, 0.0, 35.917510994007934, 1.6938283324867303, 0.0, -3.0512684807267565, -0.5793532499983611, 0.0, -0.03563022487423506
114.78000000002291, 246.90813086413866, 0.0, 35.88699653324812, 1.6880383799867438, 0.0, -3.0516231156158096, -0.5786369999983576, 0.0, -0.03529685699923646
114.79000000002291, 246.92498232804482, 0.0, 35.85647854279742, 1.6822555974867572, 0.0, -3.0519744199517413, -0.5779192499983534, 0.0, -0.034964114624237874
114.80000000002292, 246.94177600003843, 0.0, 35.82595705593003, 1.6764799999867719, 0.0, -3.052322400000797, -0.5771999999983497, 0.0, -0.03463199999923883
114.81000000002292, 246.95851195204455, 0.0, 35.79543210585738, 1.6707116024867836, 0.0, -3.0526670620517278, -0.5764792499983458, 0.0, -0.034300515374240614
114.82000000002293, 246.97519025613815, 0.0, 35.76490372572791, 1.6649504199867973, 0.0, -3.05300841241578, -0.5757569999983421, 0.0, -0.033969662999241645
114.83000000002293, 246.99181098454432, 0.0, 35.73437194862687, 1.6591964674868105, 0.0, -3.053346457426712, -0.5750332499983384, 0.0, -0.033639445124242995
114.84000000002294, 247.00837420963794, 0.0, 35.70383680757602, 1.6534497599868263, 0.0, -3.0536812034407648, -0.5743079999983345, 0.0, -0.03330986399924418
114.85000000002294, 247.02488000394402, 0.0, 35.673298335533424, 1.6477103124868389, 0.0, -3.054012656836697, -0.5735812499983306, 0.0, -0.032980921874245395
114.86000000002295, 247.0413284401377, 0.0, 35.64275656539331, 1.641978139986853, 0.0, -3.0543408240157506, -0.5728529999983267, 0.0, -0.03265262099924704
114.87000000002296, 247.05771959104385, 0.0, 35.61221152998572, 1.6362532574868698, 0.0, -3.0546657114016806, -0.5721232499983231, 0.0, -0.032324963624248415
114.88000000002296, 247.07405352963744, 0.0, 35.58166326207639, 1.6305356799868818, 0.0, -3.0549873254407363, -0.5713919999983195, 0.0, -0.03199795199924971
114.89000000002297, 247.09033032904352, 0.0, 35.55111179436647, 1.6248254224868954, 0.0, -3.0553056726016656, -0.5706592499983154, 0.0, -0.03167158837425088
114.90000000002297, 247.1065500625372, 0.0, 35.52055715949229, 1.6191224999869085, 0.0, -3.0556207593757225, -0.5699249999983116, 0.0, -0.0313458749992519
114.91000000002298, 247.12271280354338, 0.0, 35.48999939002517, 1.613426927486924, 0.0, -3.055932592276653, -0.5691892499983076, 0.0, -0.031020814124253615
114.92000000002298, 247.13881862563696, 0.0, 35.45943851847119, 1.6077387199869377, 0.0, -3.0562411778407084, -0.568451999998304, 0.0, -0.03069640799925466
114.93000000002299, 247.15486760254305, 0.0, 35.42887457727093, 1.602057892486951, 0.0, -3.056546522626638, -0.5677132499983004, 0.0, -0.03037265887425611
114.94000000002299, 247.1708598081367, 0.0, 35.39830759879928, 1.5963844599869634, 0.0, -3.056848633215693, -0.5669729999982962, 0.0, -0.03004956899925726
114.950000000023, 247.18679531644284, 0.0, 35.36773761536523, 1.5907184374869796, 0.0, -3.0571475162116233, -0.5662312499982927, 0.0, -0.02972714062425874
114.960000000023, 247.20267420163648, 0.0, 35.33716465921157, 1.5850598399869937, 0.0, -3.0574431782406783, -0.5654879999982885, 0.0, -0.02940537599926052
114.970000000023, 247.21849653804256, 0.0, 35.30658876251478, 1.5794086824870106, 0.0, -3.057735625951606, -0.564743249998285, 0.0, -0.02908427737426167
114.98000000002301, 247.2342624001362, 0.0, 35.276009957384666, 1.5737649799870208, 0.0, -3.0580248660156615, -0.5639969999982812, 0.0, -0.028763846999263043
114.99000000002302, 247.24997186254237, 0.0, 35.245428275864285, 1.5681287474870327, 0.0, -3.0583109051265973, -0.5632492499982771, 0.0, -0.02844408712426394
115.00000000002302, 247.26562500003598, 0.0, 35.214843749929564, 1.5624999999870492, 0.0, -3.0585937500006484, -0.5624999999982734, 0.0, -0.028124999999265654
115.01000000002303, 247.28122188754205, 0.0, 35.18425641148923, 1.5568787524870646, 0.0, -3.0588734073765806, -0.5617492499982693, 0.0, -0.027806587874267263
115.02000000002303, 247.29676260013574, 0.0, 35.153666292384464, 1.5512650199870783, 0.0, -3.0591498840156355, -0.5609969999982656, 0.0, -0.027488852999268287
115.03000000002304, 247.3122472130419, 0.0, 35.12307342438874, 1.5456588174870933, 0.0, -3.059423186701565, -0.5602432499982619, 0.0, -0.0271717976242698
115.04000000002304, 247.3276758016355, 0.0, 35.092477839207554, 1.540060159987109, 0.0, -3.0596933222406193, -0.5594879999982578, 0.0, -0.026855423999271544
115.05000000002305, 247.34304844144157, 0.0, 35.06187956847828, 1.5344690624871216, 0.0, -3.05996029746155, -0.5587312499982542, 0.0, -0.02653973437427304
115.06000000002305, 247.35836520813524, 0.0, 35.03127864376985, 1.5288855399871373, 0.0, -3.060224119215606, -0.5579729999982501, 0.0, -0.026224730999273804
115.07000000002306, 247.3736261775414, 0.0, 35.00067509658258, 1.5233096074871522, 0.0, -3.0604847943765368, -0.5572132499982465, 0.0, -0.02591041612427558
115.08000000002306, 247.388831425635, 0.0, 34.97006895834795, 1.5177412799871675, 0.0, -3.06074232984059, -0.5564519999982429, 0.0, -0.025596791999277002
115.09000000002307, 247.40398102854112, 0.0, 34.93946026042835, 1.5121805724871826, 0.0, -3.0609967325265233, -0.5556892499982387, 0.0, -0.025283860874278474
115.10000000002307, 247.41907506253474, 0.0, 34.90884903411684, 1.5066274999871971, 0.0, -3.0612480093755785, -0.5549249999982349, 0.0, -0.024971624999279962
115.11000000002308, 247.43411360404093, 0.0, 34.878235310637045, 1.5010820774872105, 0.0, -3.0614961673515086, -0.5541592499982309, 0.0, -0.02466008662428143
115.12000000002308, 247.4490967296345, 0.0, 34.84761912114274, 1.4955443199872274, 0.0, -3.0617412134405626, -0.5533919999982273, 0.0, -0.02434924799928284
115.13000000002309, 247.4640245160406, 0.0, 34.817000496717796, 1.490014242487242, 0.0, -3.061983154651494, -0.5526232499982235, 0.0, -0.024039111374284605
115.1400000000231, 247.47889704013429, 0.0, 34.78637946837584, 1.4844918599872556, 0.0, -3.062221998015551, -0.5518529999982194, 0.0, -0.023729678999285575
115.1500000000231, 247.4937143789404, 0.0, 34.755756067060105, 1.4789771874872695, 0.0, -3.062457750586481, -0.5510812499982156, 0.0, -0.023420953124287047
115.1600000000231, 247.50847660963404, 0.0, 34.725130323643135, 1.4734702399872883, 0.0, -3.0626904194405347, -0.5503079999982117, 0.0, -0.023112935999288986
115.17000000002311, 247.52318380954014, 0.0, 34.694502268926655, 1.467971032487301, 0.0, -3.062920011676465, -0.5495332499982077, 0.0, -0.022805629874290467
115.18000000002311, 247.5378360561338, 0.0, 34.66387193364123, 1.4624795799873176, 0.0, -3.063146534415522, -0.5487569999982043, 0.0, -0.022499036999291677
115.19000000002312, 247.55243342703994, 0.0, 34.63323934844615, 1.4569958974873323, 0.0, -3.0633699948014534, -0.5479792499982001, 0.0, -0.022193159624293246
115.20000000002312, 247.56697600003358, 0.0, 34.60260454392914, 1.4515199999873463, 0.0, -3.0635904000005088, -0.5471999999981962, 0.0, -0.021887999999294694
115.21000000002313, 247.58146385303968, 0.0, 34.57196755060612, 1.4460519024873626, 0.0, -3.063807757201438, -0.5464192499981924, 0.0, -0.02158356037429643
115.22000000002313, 247.59589706413334, 0.0, 34.54132839892103, 1.4405916199873754, 0.0, -3.0640220736154955, -0.5456369999981885, 0.0, -0.02127984299929775
115.23000000002314, 247.6102757115395, 0.0, 34.51068711924562, 1.435139167487393, 0.0, -3.064233356476424, -0.5448532499981849, 0.0, -0.020976850124299062
115.24000000002314, 247.6245998736331, 0.0, 34.480043741879136, 1.429694559987406, 0.0, -3.06444161304048, -0.5440679999981806, 0.0, -0.020674583999300777
115.25000000002315, 247.63886962893918, 0.0, 34.44939829704818, 1.4242578124874246, 0.0, -3.06464685058641, -0.5432812499981772, 0.0, -0.020373046874302414
115.26000000002315, 247.65308505613285, 0.0, 34.41875081490643, 1.4188289399874392, 0.0, -3.0648490764154666, -0.5424929999981729, 0.0, -0.020072240999303714
115.27000000002316, 247.667246234039, 0.0, 34.38810132553449, 1.4134079574874547, 0.0, -3.0650482978513987, -0.5417032499981691, 0.0, -0.01977216862430531
115.28000000002316, 247.68135324163262, 0.0, 34.35744985893953, 1.4079948799874724, 0.0, -3.0652445222404516, -0.5409119999981655, 0.0, -0.01947283199930716
115.29000000002317, 247.6954061580387, 0.0, 34.326796445055244, 1.4025897224874846, 0.0, -3.0654377569513835, -0.5401192499981613, 0.0, -0.019174233374308125
115.30000000002318, 247.70940506253237, 0.0, 34.296141113741434, 1.3971924999875014, 0.0, -3.0656280093754393, -0.5393249999981578, 0.0, -0.018876374999310164
115.31000000002318, 247.72335003453856, 0.0, 34.265483894783955, 1.391803227487517, 0.0, -3.0658152869263695, -0.5385292499981535, 0.0, -0.01857925912431191
115.32000000002319, 247.73724115363217, 0.0, 34.23482481789434, 1.3864219199875325, 0.0, -3.0659995970404283, -0.5377319999981498, 0.0, -0.018282887999313324
115.33000000002319, 247.75107849953824, 0.0, 34.2041639127097, 1.3810485924875493, 0.0, -3.066180947176358, -0.5369332499981461, 0.0, -0.01798726387431504
115.3400000000232, 247.7648621521319, 0.0, 34.17350120879243, 1.375683259987565, 0.0, -3.066359344815412, -0.5361329999981419, 0.0, -0.017692388999316133
115.3500000000232, 247.77859219143807, 0.0, 34.14283673563, 1.3703259374875791, 0.0, -3.066534797461343, -0.5353312499981382, 0.0, -0.017398265624318343
115.3600000000232, 247.79226869763167, 0.0, 34.11217052263474, 1.3649766399875964, 0.0, -3.0667073126403963, -0.534527999998134, 0.0, -0.017104895999319858
115.37000000002321, 247.8058917510378, 0.0, 34.081502599143576, 1.359635382487611, 0.0, -3.066876897901329, -0.5337232499981304, 0.0, -0.016812282374321308
115.38000000002322, 247.81946143213145, 0.0, 34.050832994417846, 1.354302179987626, 0.0, -3.067043560815386, -0.5329169999981267, 0.0, -0.016520426999322657
115.39000000002322, 247.83297782153758, 0.0, 34.020161737643086, 1.3489770474876428, 0.0, -3.0672073089763163, -0.5321092499981224, 0.0, -0.016229332124324314
115.40000000002323, 247.84644100003118, 0.0, 33.989488857928734, 1.3436599999876604, 0.0, -3.0673681500003704, -0.5312999999981187, 0.0, -0.01593899999932602
115.41000000002323, 247.85985104853728, 0.0, 33.95881438430803, 1.338351052487675, 0.0, -3.067526091526302, -0.5304892499981146, 0.0, -0.01564943287432774
115.42000000002324, 247.87320804813098, 0.0, 33.928138345737636, 1.3330502199876912, 0.0, -3.0676811412153606, -0.5296769999981108, 0.0, -0.015360632999329216
115.43000000002324, 247.88651208003716, 0.0, 33.89746077109754, 1.327757517487707, 0.0, -3.0678333067512904, -0.5288632499981072, 0.0, -0.015072602624331077
115.44000000002325, 247.89976322563072, 0.0, 33.86678168919074, 1.3224729599877234, 0.0, -3.0679825958403457, -0.5280479999981029, 0.0, -0.014785343999332401
115.45000000002325, 247.91296156643685, 0.0, 33.83610112874309, 1.31719656248774, 0.0, -3.0681290162112758, -0.5272312499980991, 0.0, -0.014498859374334039
115.46000000002326, 247.9261071841305, 0.0, 33.805419118403044, 1.3119283399877562, 0.0, -3.0682725756153344, -0.5264129999980949, 0.0, -0.014213150999335955
115.47000000002326, 247.93920016053667, 0.0, 33.774735686741394, 1.306668307487775, 0.0, -3.068413281826264, -0.5255932499980913, 0.0, -0.013928221124337892
115.48000000002327, 247.95224057763028, 0.0, 33.74405086225116, 1.3014164799877888, 0.0, -3.0685511426403185, -0.5247719999980875, 0.0, -0.013644071999339147
115.49000000002327, 247.9652285175364, 0.0, 33.71336467334716, 1.2961728724878077, 0.0, -3.068686165876249, -0.5239492499980833, 0.0, -0.013360705874341017
115.50000000002328, 247.97816406253008, 0.0, 33.682677148366054, 1.2909374999878223, 0.0, -3.068818359375306, -0.5231249999980796, 0.0, -0.0130781249993428
115.51000000002328, 247.99104729503622, 0.0, 33.65198831556587, 1.285710377487841, 0.0, -3.068947731001238, -0.5222992499980754, 0.0, -0.012796331624344237
115.52000000002329, 248.00387829762983, 0.0, 33.621298203125946, 1.280491519987856, 0.0, -3.0690742886402944, -0.5214719999980719, 0.0, -0.012515327999346182
115.53000000002329, 248.01665715303594, 0.0, 33.59060683914663, 1.2752809424878722, 0.0, -3.069198040201223, -0.520643249998068, 0.0, -0.01223511637434771
115.5400000000233, 248.0293839441296, 0.0, 33.55991425164906, 1.270078659987889, 0.0, -3.0693189936152834, -0.5198129999980639, 0.0, -0.011955698999349451
115.5500000000233, 248.04205875393578, 0.0, 33.52922046857493, 1.264884687487906, 0.0, -3.069437156836212, -0.51898124999806, 0.0, -0.01167707812435137
115.56000000002331, 248.05468166562937, 0.0, 33.49852551778636, 1.2596990399879244, 0.0, -3.0695525378402673, -0.5181479999980558, 0.0, -0.011399255999352764
115.57000000002331, 248.06725276253547, 0.0, 33.46782942706549, 1.2545217324879383, 0.0, -3.0696651446262004, -0.5173132499980522, 0.0, -0.011122234874354486
115.58000000002332, 248.07977212812915, 0.0, 33.437132224114464, 1.249352779987956, 0.0, -3.069774985215254, -0.5164769999980483, 0.0, -0.010846016999356278
115.59000000002332, 248.0922398460353, 0.0, 33.40643393655501, 1.2441921974879735, 0.0, -3.0698820676511893, -0.5156392499980442, 0.0, -0.010570604624357882
115.60000000002333, 248.1046560000289, 0.0, 33.37573459192836, 1.239039999987992, 0.0, -3.06998640000024, -0.5147999999980406, 0.0, -0.01029599999936015
115.61000000002333, 248.117020674035, 0.0, 33.34503421769497, 1.2338962024880091, 0.0, -3.0700879903511753, -0.5139592499980363, 0.0, -0.010022205374361715
115.62000000002334, 248.12933395212866, 0.0, 33.314332841234275, 1.2287608199880244, 0.0, -3.070186846815231, -0.5131169999980325, 0.0, -0.009749222999363427
115.63000000002334, 248.14159591853485, 0.0, 33.283630489844484, 1.2236338674880427, 0.0, -3.0702829775261575, -0.5122732499980289, 0.0, -0.00947705512436503
115.64000000002335, 248.15380665762845, 0.0, 33.25292719074238, 1.218515359988058, 0.0, -3.0703763906402184, -0.5114279999980247, 0.0, -0.009205703999367154
115.65000000002335, 248.16596625393456, 0.0, 33.22222297106303, 1.2134053124880735, 0.0, -3.0704670943361485, -0.5105812499980207, 0.0, -0.008935171874368653
115.66000000002336, 248.17807479212823, 0.0, 33.19151785785968, 1.208303739988092, 0.0, -3.0705550968152027, -0.5097329999980167, 0.0, -0.008665460999370378
115.67000000002336, 248.19013235703437, 0.0, 33.16081187810333, 1.2032106574881096, 0.0, -3.0706404063011368, -0.5088832499980129, 0.0, -0.008396573624372516
115.68000000002337, 248.20213903362801, 0.0, 33.13010505868279, 1.1981260799881275, 0.0, -3.070723031040192, -0.5080319999980092, 0.0, -0.008128511999373922
115.69000000002337, 248.21409490703414, 0.0, 33.099397426404124, 1.1930500224881433, 0.0, -3.0708029793011242, -0.5071792499980048, 0.0, -0.00786127837437589
115.70000000002338, 248.22600006252776, 0.0, 33.06868900799068, 1.1879824999881636, 0.0, -3.0708802593751807, -0.5063249999980011, 0.0, -0.007594874999377943
115.71000000002338, 248.23785458553394, 0.0, 33.03797983008282, 1.182923527488179, 0.0, -3.070954879576113, -0.5054692499979967, 0.0, -0.007329304124379377
115.72000000002339, 248.24965856162754, 0.0, 33.007269919237594, 1.177873119988198, 0.0, -3.0710268482401677, -0.504611999997993, 0.0, -0.007064567999381044
115.7300000000234, 248.26141207653367, 0.0, 32.976559301928575, 1.1728312924882145, 0.0, -3.0710961737260964, -0.5037532499979893, 0.0, -0.006800668874383353
115.7400000000234, 248.2731152161273, 0.0, 32.945848004545695, 1.1677980599882316, 0.0, -3.0711628644151556, -0.5028929999979852, 0.0, -0.006537608999385158
115.7500000000234, 248.28476806643351, 0.0, 32.9151360533949, 1.1627734374882488, 0.0, -3.071226928711085, -0.5020312499979813, 0.0, -0.006275390624386867
115.76000000002341, 248.29637071362714, 0.0, 32.884423474697996, 1.157757439988269, 0.0, -3.071288375040143, -0.5011679999979772, 0.0, -0.006014015999388667
115.77000000002342, 248.30792324403322, 0.0, 32.85371029459247, 1.1527500824882866, 0.0, -3.071347211851071, -0.5003032499979734, 0.0, -0.005753487374390742
115.78000000002342, 248.31942574412687, 0.0, 32.8229965391311, 1.1477513799883043, 0.0, -3.07140344761513, -0.49943699999796953, 0.0, -0.005493806999392392
115.79000000002343, 248.33087830053302, 0.0, 32.79228223428197, 1.1427613474883218, 0.0, -3.07145709082606, -0.4985692499979655, 0.0, -0.005234977124394247
115.80000000002343, 248.34228100002667, 0.0, 32.76156740592802, 1.1377799999883367, 0.0, -3.0715081500001205, -0.49769999999796144, 0.0, -0.004976999999395826
115.81000000002344, 248.35363392953275, 0.0, 32.730852079866935, 1.1328073524883555, 0.0, -3.0715566336760496, -0.4968292499979574, 0.0, -0.004719877874397982
115.82000000002344, 248.36493717612643, 0.0, 32.70013628181093, 1.1278434199883725, 0.0, -3.0716025504151085, -0.4959569999979536, 0.0, -0.004463612999399791
115.83000000002345, 248.3761908270326, 0.0, 32.669420037386445, 1.1228882174883923, 0.0, -3.071645908801038, -0.49508324999794984, 0.0, -0.004208207624401661
115.84000000002345, 248.38739496962626, 0.0, 32.63870337213403, 1.117941759988411, 0.0, -3.0716867174400937, -0.4942079999979456, 0.0, -0.003953663999403334
115.85000000002346, 248.39854969143232, 0.0, 32.60798631150802, 1.1130040624884296, 0.0, -3.071724984961028, -0.49333124999794187, 0.0, -0.0036999843744056626
115.86000000002346, 248.40965508012596, 0.0, 32.57726888087632, 1.108075139988446, 0.0, -3.0717607200150816, -0.49245299999793746, 0.0, -0.0034471709994075006
115.87000000002347, 248.42071122353218, 0.0, 32.54655110552032, 1.103155007488465, 0.0, -3.071793931276015, -0.4915732499979337, 0.0, -0.003195226124409256
115.88000000002347, 248.43171820962579, 0.0, 32.51583301063443, 1.0982436799884825, 0.0, -3.071824627440071, -0.49069199999793, 0.0, -0.0029441519994115595
115.89000000002348, 248.4426761265319, 0.0, 32.48511462132609, 1.0933411724885014, 0.0, -3.0718528172260005, -0.48980924999792563, 0.0, -0.0026939508744132645
115.90000000002348, 248.45358506252558, 0.0, 32.45439596261535, 1.0884474999885212, 0.0, -3.0718785093750594, -0.48892499999792194, 0.0, -0.0024446249994147795
115.91000000002349, 248.46444510603172, 0.0, 32.423677059434795, 1.0835626774885379, 0.0, -3.0719017126509938, -0.4880392499979176, 0.0, -0.0021961766244171788
115.92000000002349, 248.47525634562533, 0.0, 32.39295793662926, 1.0786867199885544, 0.0, -3.0719224358400474, -0.4871519999979139, 0.0, -0.0019486079994190941
115.9300000000235, 248.48601887003144, 0.0, 32.36223861895556, 1.0738196424885738, 0.0, -3.0719406877509803, -0.48626324999791004, 0.0, -0.0017019213744211559
115.9400000000235, 248.49673276812513, 0.0, 32.33151913108236, 1.068961459988592, 0.0, -3.0719564772150356, -0.48537299999790573, 0.0, -0.001456118999422662
115.95000000002351, 248.5073981289313, 0.0, 32.30079949758987, 1.064112187488612, 0.0, -3.0719698130859667, -0.4844812499979021, 0.0, -0.001211203124425131
115.96000000002351, 248.5180150416249, 0.0, 32.27007974296967, 1.0592718399886314, 0.0, -3.0719807042400253, -0.4835879999978978, 0.0, -0.0009671759994269724
115.97000000002352, 248.52858359553102, 0.0, 32.239359891624446, 1.054440432488648, 0.0, -3.0719891595759554, -0.482693249997894, 0.0, -0.0007240398744288168
115.98000000002352, 248.53910388012469, 0.0, 32.20863996786778, 1.0496179799886685, 0.0, -3.0719951880150154, -0.48179699999789016, 0.0, -0.0004817969994308502
115.99000000002353, 248.54957598503086, 0.0, 32.17791999592394, 1.044804497488685, 0.0, -3.071998798500945, -0.4808992499978859, 0.0, -0.00024044962443303675
116.00000000002353, 248.56000000002447, 0.0, 32.14719999992768, 1.0399999999887024, 0.0, -3.072, -0.4799999999978821, 0.0, 5.655476087440547e-13
116.01000000002354, 248.57037601503058, 0.0, 32.11648000392391, 1.0352045024887238, 0.0, -3.071998801500934, -0.4790992499978777, 0.0, 0.00023954962556338444
116.02000000002354, 248.58070412012424, 0.0, 32.08576003186759, 1.0304180199887414, 0.0, -3.0719952120149907, -0.47819699999787413, 0.0, 0.0004781970005609537
116.03000000002355, 248.59098440553043, 0.0, 32.05504010762343, 1.0256405674887619, 0.0, -3.0719892405759213, -0.47729324999787015, 0.0, 0.0007159398755591795
116.04000000002355, 248.60121696162406, 0.0, 32.0243202549657, 1.0208721599887811, 0.0, -3.071980896239978, -0.47638799999786596, 0.0, 0.0009527760005567654
116.05000000002356, 248.61140187893017, 0.0, 31.993600497577994, 1.0161128124888004, 0.0, -3.0719701880859116, -0.47548124999786223, 0.0, 0.0011887031255550795
116.06000000002356, 248.62153924812384, 0.0, 31.962880859053012, 1.0113625399888155, 0.0, -3.07195712521497, -0.4745729999978576, 0.0, 0.0014237190005534917
116.07000000002357, 248.63162916003, 0.0, 31.932161362892316, 1.0066213574888367, 0.0, -3.0719417167509, -0.4736632499978539, 0.0, 0.0016578213755513715
116.08000000002357, 248.64167170562362, 0.0, 31.901442032506107, 1.0018892799888564, 0.0, -3.071923971839958, -0.47275199999785, 0.0, 0.0018910080005491992
116.09000000002358, 248.65166697602973, 0.0, 31.87072289121308, 0.9971663224888774, 0.0, -3.071903899650888, -0.4718392499978461, 0.0, 0.0021232766255467883
116.10000000002358, 248.66161506252342, 0.0, 31.840003962240036, 0.992452499988894, 0.0, -3.071881509374946, -0.4709249999978422, 0.0, 0.002354625000544841
116.11000000002359, 248.67151605652958, 0.0, 31.80928526872179, 0.9877478274889109, 0.0, -3.0718568102258796, -0.47000924999783766, 0.0, 0.002585050875542949
116.1200000000236, 248.68137004962318, 0.0, 31.77856683370095, 0.9830523199889329, 0.0, -3.0718298114399323, -0.469091999997834, 0.0, 0.0028145520005407043
116.1300000000236, 248.69117713352932, 0.0, 31.747848680127557, 0.978365992488949, 0.0, -3.07180052227587, -0.46817324999782994, 0.0, 0.0030431261255392528
116.1400000000236, 248.700937400123, 0.0, 31.717130830859045, 0.9736888599889708, 0.0, -3.071768952014925, -0.4672529999978259, 0.0, 0.003270771000536854
116.15000000002361, 248.71065094142915, 0.0, 31.68641330865989, 0.969020937488991, 0.0, -3.0717351099608594, -0.46633124999782205, 0.0, 0.003497484375534654
116.16000000002362, 248.7203178496228, 0.0, 31.65569613620137, 0.9643622399890087, 0.0, -3.071699005439916, -0.4654079999978178, 0.0, 0.003723264000532467
116.17000000002362, 248.7299382170289, 0.0, 31.624979336061454, 0.9597127824890271, 0.0, -3.071660647800848, -0.464483249997814, 0.0, 0.003948107625530772
116.18000000002363, 248.73951213612253, 0.0, 31.594262930724472, 0.9550725799890475, 0.0, -3.071620046414904, -0.46355699999780997, 0.0, 0.004172013000528274
116.19000000002363, 248.74903969952877, 0.0, 31.563546942580967, 0.9504416474890692, 0.0, -3.071577210675833, -0.46262924999780597, 0.0, 0.004394977875525674
116.20000000002364, 248.75852100002234, 0.0, 31.53283139392738, 0.9458199999890883, 0.0, -3.071532149999892, -0.461699999997802, 0.0, 0.0046170000005241185
116.21000000002364, 248.7679561305285, 0.0, 31.502116306965913, 0.9412076524891112, 0.0, -3.0714848738258222, -0.4607692499977978, 0.0, 0.004838077125521423
116.22000000002365, 248.77734518412214, 0.0, 31.471401703804275, 0.936604619989125, 0.0, -3.07143539161488, -0.4598369999977938, 0.0, 0.005058207000519843
116.23000000002365, 248.78668825402832, 0.0, 31.440687606455445, 0.932010917489147, 0.0, -3.071383712850815, -0.4589032499977901, 0.0, 0.005277387375517861
116.24000000002366, 248.79598543362192, 0.0, 31.4099740368374, 0.9274265599891659, 0.0, -3.0713298470398707, -0.4579679999977857, 0.0, 0.005495616000515735
116.25000000002366, 248.80523681642805, 0.0, 31.379261016773007, 0.9228515624891883, 0.0, -3.0712738037108034, -0.457031249997782, 0.0, 0.005712890625513722
116.26000000002367, 248.81444249612173, 0.0, 31.34854856798973, 0.9182859399892048, 0.0, -3.0712155924148625, -0.45609299999777764, 0.0, 0.005929209000511193
116.27000000002367, 248.82360256652788, 0.0, 31.31783671211932, 0.9137297074892238, 0.0, -3.0711552227257943, -0.4551532499977735, 0.0, 0.006144568875509071
116.28000000002368, 248.83271712162153, 0.0, 31.287125470697834, 0.9091828799892482, 0.0, -3.0710927042398524, -0.45421199999777007, 0.0, 0.006358968000506948
116.29000000002368, 248.84178625552767, 0.0, 31.2564148651651, 0.9046454724892651, 0.0, -3.071028046575785, -0.4532692499977655, 0.0, 0.006572404125504638
116.30000000002369, 248.8508100625213, 0.0, 31.225704916864732, 0.9001174999892864, 0.0, -3.0709612593748394, -0.4523249999977619, 0.0, 0.006784875000502177
116.31000000002369, 248.8597886370275, 0.0, 31.19499564704383, 0.8955989774893062, 0.0, -3.070892352300775, -0.45137924999775736, 0.0, 0.006996378375500489
116.3200000000237, 248.86872207362111, 0.0, 31.164287076852645, 0.8910899199893257, 0.0, -3.070821335039832, -0.4504319999977535, 0.0, 0.007206912000498278
116.3300000000237, 248.8776104670272, 0.0, 31.133579227344583, 0.8865903424893445, 0.0, -3.070748217300763, -0.4494832499977497, 0.0, 0.007416473625496023
116.34000000002371, 248.8864539121209, 0.0, 31.102872119475766, 0.8821002599893656, 0.0, -3.070673008814821, -0.44853299999774543, 0.0, 0.00762506100049376
116.35000000002371, 248.89525250392708, 0.0, 31.072165774104906, 0.8776196874893866, 0.0, -3.0705957193357545, -0.4475812499977414, 0.0, 0.00783267187549197
116.36000000002372, 248.90400633762073, 0.0, 31.04146021199307, 0.873148639989407, 0.0, -3.0705163586398134, -0.44662799999773717, 0.0, 0.0080393040004898
116.37000000002372, 248.9127155085268, 0.0, 31.01075545380348, 0.8686871324894297, 0.0, -3.0704349365257437, -0.4456732499977336, 0.0, 0.00824495512548662
116.38000000002373, 248.92138011212052, 0.0, 30.980051520101195, 0.8642351799894473, 0.0, -3.070351462814803, -0.4447169999977294, 0.0, 0.00844962300048513
116.39000000002373, 248.9300002440267, 0.0, 30.949348431352984, 0.859792797489468, 0.0, -3.0702659473507348, -0.4437592499977254, 0.0, 0.008653305375482478
116.40000000002374, 248.9385760000203, 0.0, 30.918646207927086, 0.855359999989486, 0.0, -3.0701783999997945, -0.44279999999772124, 0.0, 0.00885600000048048
116.41000000002374, 248.94710747602642, 0.0, 30.887944870092955, 0.8509368024895078, 0.0, -3.070088830650721, -0.44183924999771684, 0.0, 0.009057704625478058
116.42000000002375, 248.95559476812014, 0.0, 30.857244438021024, 0.8465232199895293, 0.0, -3.0699972492147847, -0.4408769999977131, 0.0, 0.009258417000475694
116.43000000002375, 248.96403797252628, 0.0, 30.82654493178248, 0.84211926748955, 0.0, -3.0699036656257155, -0.4399132499977092, 0.0, 0.009458134875473645
116.44000000002376, 248.9724371856199, 0.0, 30.79584637134912, 0.8377249599895694, 0.0, -3.069808089839773, -0.4389479999977046, 0.0, 0.009656856000471503
116.45000000002376, 248.98079250392604, 0.0, 30.765148776593048, 0.8333403124895923, 0.0, -3.069710531835704, -0.43798124999770116, 0.0, 0.00985457812546886
116.46000000002377, 248.9891040241197, 0.0, 30.734452167286445, 0.8289653399896145, 0.0, -3.0696110016147626, -0.4370129999976966, 0.0, 0.010051299000466862
116.47000000002377, 248.9973718430259, 0.0, 30.70375656310137, 0.824600057489632, 0.0, -3.069509509200696, -0.43604324999769273, 0.0, 0.010247016375464879
116.48000000002378, 249.00559605761947, 0.0, 30.67306198360955, 0.820244479989655, 0.0, -3.069406064639754, -0.4350719999976891, 0.0, 0.01044172800046228
116.49000000002378, 249.01377676502563, 0.0, 30.642368448282134, 0.8158986224896775, 0.0, -3.0693006780006886, -0.4340992499976848, 0.0, 0.010635431625459546
116.50000000002379, 249.02191406251927, 0.0, 30.611675976489465, 0.811562499989699, 0.0, -3.069193359374742, -0.4331249999976807, 0.0, 0.010828125000457378
116.5100000000238, 249.03000804752548, 0.0, 30.580984587500875, 0.8072361274897136, 0.0, -3.0690841188756792, -0.43214924999767595, 0.0, 0.011019805875455813
116.5200000000238, 249.0380588176191, 0.0, 30.550294300484374, 0.8029195199897369, 0.0, -3.0689729666397367, -0.43117199999767236, 0.0, 0.011210472000453331
116.5300000000238, 249.0460664705252, 0.0, 30.519605134506612, 0.7986126924897629, 0.0, -3.068859912825663, -0.43019324999766856, 0.0, 0.011400121125450191
116.54000000002381, 249.0540311041189, 0.0, 30.488917108532494, 0.7943156599897804, 0.0, -3.068744967614724, -0.4292129999976641, 0.0, 0.011588751000448427
116.55000000002381, 249.0619528164251, 0.0, 30.45823024142495, 0.7900284374897996, 0.0, -3.0686281412106586, -0.4282312499976603, 0.0, 0.011776359375446077
116.56000000002382, 249.0698317056187, 0.0, 30.427544551944813, 0.7857510399898252, 0.0, -3.068509443839715, -0.4272479999976559, 0.0, 0.011962944000443176
116.57000000002382, 249.07766787002484, 0.0, 30.396860058750516, 0.7814834824898426, 0.0, -3.0683888857506494, -0.4262632499976517, 0.0, 0.01214850262544176
116.58000000002383, 249.0854614081185, 0.0, 30.36617678039792, 0.7772257799898653, 0.0, -3.068266477214708, -0.4252769999976482, 0.0, 0.012333033000438975
116.59000000002384, 249.0932124185247, 0.0, 30.335494735340053, 0.772977947489884, 0.0, -3.0681422285256437, -0.42428924999764356, 0.0, 0.012516532875436637
116.60000000002384, 249.10092100001833, 0.0, 30.30481394192684, 0.7687399999899088, 0.0, -3.068016149999699, -0.42329999999764006, 0.0, 0.012699000000434335
116.61000000002385, 249.10858725152445, 0.0, 30.274134418405023, 0.7645119524899269, 0.0, -3.0678882519756314, -0.42230924999763547, 0.0, 0.012880432125431884
116.62000000002385, 249.1162112721181, 0.0, 30.243456182917754, 0.7602938199899498, 0.0, -3.0677585448146942, -0.42131699999763156, 0.0, 0.013060827000429764
116.63000000002386, 249.1237931610243, 0.0, 30.212779253504532, 0.7560856174899737, 0.0, -3.0676270389006204, -0.4203232499976279, 0.0, 0.013240182375426679
116.64000000002386, 249.13133301761795, 0.0, 30.182103648100874, 0.7518873599899962, 0.0, -3.067493744639683, -0.41932799999762355, 0.0, 0.01341849600042444
116.65000000002387, 249.13883094142406, 0.0, 30.15142938453809, 0.747699062490015, 0.0, -3.0673586724606174, -0.41833124999761945, 0.0, 0.013595765625422418
116.66000000002387, 249.14628703211775, 0.0, 30.120756480543175, 0.7435207399900385, 0.0, -3.067221832814675, -0.41733299999761514, 0.0, 0.013771989000420204
116.67000000002388, 249.15370138952392, 0.0, 30.090084953738415, 0.7393524074900626, 0.0, -3.0670832361756037, -0.41633324999761107, 0.0, 0.013947163875417612
116.68000000002388, 249.16107411361756, 0.0, 30.059414821641294, 0.7351940799900831, 0.0, -3.066942893039662, -0.4153319999976072, 0.0, 0.014121288000414678
116.69000000002389, 249.16840530452367, 0.0, 30.028746101664186, 0.7310457724901049, 0.0, -3.0668008139255942, -0.4143292499976032, 0.0, 0.014294359125411882
116.70000000002389, 249.17569506251738, 0.0, 29.998078811114198, 0.7269074999901275, 0.0, -3.0666570093746515, -0.4133249999975989, 0.0, 0.014466375000410148
116.7100000000239, 249.1829434880235, 0.0, 29.967412967192914, 0.7227792774901485, 0.0, -3.066511489950588, -0.41231924999759445, 0.0, 0.014637333375407513
116.7200000000239, 249.19015068161718, 0.0, 29.936748586996128, 0.7186611199901674, 0.0, -3.06636426623965, -0.41131199999759066, 0.0, 0.014807232000405568
116.7300000000239, 249.19731674402328, 0.0, 29.90608568751369, 0.7145530424901925, 0.0, -3.0662153488505792, -0.4103032499975871, 0.0, 0.01497606862540235
116.74000000002391, 249.204441776117, 0.0, 29.875424285629254, 0.7104550599902126, 0.0, -3.066064748414643, -0.40929299999758245, 0.0, 0.01514384100040056
116.75000000002392, 249.21152587892317, 0.0, 29.84476439812001, 0.7063671874902344, 0.0, -3.0659124755855736, -0.4082812499975785, 0.0, 0.015310546875397346
116.76000000002392, 249.21856915361678, 0.0, 29.814106041656576, 0.7022894399902573, 0.0, -3.0657585410396306, -0.4072679999975743, 0.0, 0.015476184000394966
116.77000000002393, 249.2255717015229, 0.0, 29.783449232802585, 0.6982218324902842, 0.0, -3.0656029554755646, -0.40625324999757034, 0.0, 0.015640750125392344
116.78000000002393, 249.23253362411663, 0.0, 29.752793988014673, 0.6941643799903041, 0.0, -3.06544572961462, -0.4052369999975666, 0.0, 0.01580424300038996
116.79000000002394, 249.23945502302283, 0.0, 29.7221403236421, 0.6901170974903252, 0.0, -3.0652868742005586, -0.4042192499975618, 0.0, 0.01596666037538763
116.80000000002394, 249.2463360000164, 0.0, 29.69148825592661, 0.6860799999903453, 0.0, -3.0651263999996186, -0.4031999999975581, 0.0, 0.01612800000038561
116.81000000002395, 249.25317665702255, 0.0, 29.66083780100208, 0.6820531024903655, 0.0, -3.0649643178005492, -0.40217924999755333, 0.0, 0.01628825962538305
116.82000000002395, 249.25997709611622, 0.0, 29.630188974894516, 0.6780364199903943, 0.0, -3.0648006384146065, -0.40115699999754967, 0.0, 0.016447437000379983
116.83000000002396, 249.26673741952243, 0.0, 29.599541793521595, 0.6740299674904116, 0.0, -3.064635372675543, -0.4001332499975458, 0.0, 0.016605529875378222
116.84000000002396, 249.27345772961604, 0.0, 29.568896272692616, 0.670033759990438, 0.0, -3.0644685314395996, -0.39910799999754126, 0.0, 0.01676253600037514
116.85000000002397, 249.28013812892218, 0.0, 29.538252428108176, 0.6660478124904607, 0.0, -3.064300125585535, -0.3980812499975374, 0.0, 0.016918453125372546
116.86000000002397, 249.28677872011585, 0.0, 29.507610275359927, 0.6620721399904828, 0.0, -3.0641301660145883, -0.39705299999753335, 0.0, 0.017073279000369812
116.87000000002398, 249.29337960602206, 0.0, 29.4769698299305, 0.6581067574905088, 0.0, -3.063958663650525, -0.3960232499975291, 0.0, 0.017227011375366974
116.88000000002398, 249.2999408896157, 0.0, 29.446331107193064, 0.6541516799905278, 0.0, -3.0637856294395815, -0.39499199999752505, 0.0, 0.017379648000364734
116.89000000002399, 249.30646267402182, 0.0, 29.41569412241126, 0.6502069224905516, 0.0, -3.063611074350516, -0.3939592499975208, 0.0, 0.017531186625362682
116.900000000024, 249.31294506251552, 0.0, 29.38505889073897, 0.6462724999905707, 0.0, -3.0634350093745777, -0.3929249999975168, 0.0, 0.01768162500036019
116.910000000024, 249.3193881585217, 0.0, 29.354425427219994, 0.6423484274905953, 0.0, -3.063257445525511, -0.39188924999751257, 0.0, 0.017830960875357293
116.920000000024, 249.3257920656153, 0.0, 29.323793746787885, 0.6384347199906177, 0.0, -3.0630783938395716, -0.39085199999750814, 0.0, 0.01797919200035536
116.93000000002401, 249.33215688752142, 0.0, 29.293163864265754, 0.6345313924906428, 0.0, -3.062897865375504, -0.3898132499975044, 0.0, 0.018126316125352204
116.94000000002401, 249.33848272811514, 0.0, 29.262535794366016, 0.6306384599906647, 0.0, -3.0627158712145643, -0.3887729999975, 0.0, 0.01827233100034964
116.95000000002402, 249.34476969142133, 0.0, 29.231909551690094, 0.6267559374906899, 0.0, -3.062532422460496, -0.38773124999749625, 0.0, 0.018417234375346814
116.96000000002402, 249.35101788161495, 0.0, 29.20128515072831, 0.6228838399907108, 0.0, -3.0623475302395526, -0.38668799999749187, 0.0, 0.018561024000344428
116.97000000002403, 249.3572274030211, 0.0, 29.170662605859665, 0.619022182490734, 0.0, -3.062161205700492, -0.3856432499974877, 0.0, 0.018703697625341853
116.98000000002403, 249.3633983601148, 0.0, 29.140041931351462, 0.6151709799907554, 0.0, -3.06197346001455, -0.3845969999974838, 0.0, 0.018845253000339346
116.99000000002404, 249.36953085752094, 0.0, 29.109423141359184, 0.6113302474907834, 0.0, -3.061784304375479, -0.3835492499974797, 0.0, 0.018985687875336277
117.00000000002404, 249.37562500001462, 0.0, 29.07880624992638, 0.6074999999908013, 0.0, -3.0615937499995436, -0.38249999999747536, 0.0, 0.019125000000334014
117.01000000002405, 249.38168089252076, 0.0, 29.048191270984166, 0.6036802524908282, 0.0, -3.0614018081254732, -0.38144924999747126, 0.0, 0.019263187125330816
117.02000000002405, 249.38769864011442, 0.0, 29.017578218351264, 0.5998710199908477, 0.0, -3.0612084900145327, -0.38039699999746696, 0.0, 0.01940024700032894
117.03000000002406, 249.39367834802061, 0.0, 28.986967105733687, 0.5960723174908734, 0.0, -3.061013806950468, -0.3793432499974629, 0.0, 0.01953617737532576
117.04000000002407, 249.39962012161425, 0.0, 28.9563579467244, 0.592284159990894, 0.0, -3.060817770239531, -0.3782879999974586, 0.0, 0.019670976000323526
117.05000000002407, 249.4055240664204, 0.0, 28.925750754803268, 0.5885065624909197, 0.0, -3.060620391210465, -0.37723124999745455, 0.0, 0.01980464062532139
117.06000000002408, 249.41139028811406, 0.0, 28.895145543336714, 0.5847395399909411, 0.0, -3.0604216812145193, -0.3761729999974503, 0.0, 0.019937169000318056
117.07000000002408, 249.41721889252028, 0.0, 28.864542325577577, 0.5809831074909683, 0.0, -3.060221651625457, -0.3751132499974463, 0.0, 0.020068558875314668
117.08000000002409, 249.4230099856139, 0.0, 28.833941114664835, 0.5772372799909901, 0.0, -3.0600203138395132, -0.3740519999974425, 0.0, 0.02019880800031304
117.09000000002409, 249.42876367352005, 0.0, 28.803341923623368, 0.573502072491013, 0.0, -3.0598176792754526, -0.3729892499974376, 0.0, 0.020327914125310542
117.1000000000241, 249.43448006251373, 0.0, 28.77274476536377, 0.5697774999910367, 0.0, -3.059613759374507, -0.37192499999743384, 0.0, 0.02045587500030699
117.1100000000241, 249.44015925901994, 0.0, 28.742149652682066, 0.566063577491064, 0.0, -3.0594085656004406, -0.3708592499974294, 0.0, 0.020582688375304414
117.1200000000241, 249.44580136961355, 0.0, 28.711556598259673, 0.5623603199910873, 0.0, -3.059202109439502, -0.3697919999974257, 0.0, 0.020708352000301744
117.13000000002411, 249.45140650101968, 0.0, 28.680965614662867, 0.5586677424911114, 0.0, -3.058994402400433, -0.36872324999742173, 0.0, 0.020832863625298792
117.14000000002412, 249.45697476011338, 0.0, 28.650376714342812, 0.5549858599911358, 0.0, -3.058785456014496, -0.36765299999741713, 0.0, 0.020956221000295816
117.15000000002412, 249.46250625391957, 0.0, 28.619789909635177, 0.5513146874911582, 0.0, -3.0585752818354273, -0.3665812499974132, 0.0, 0.021078421875293518
117.16000000002413, 249.4680010896132, 0.0, 28.589205212760103, 0.5476542399911816, 0.0, -3.0583638914394893, -0.36550799999740863, 0.0, 0.021199464000290824
117.17000000002413, 249.47345937451936, 0.0, 28.558622635821756, 0.5440045324912072, 0.0, -3.0581512964254234, -0.36443324999740473, 0.0, 0.021319345125287326
117.18000000002414, 249.47888121611302, 0.0, 28.52804219080822, 0.5403655799912291, 0.0, -3.057937508414483, -0.3633569999974006, 0.0, 0.0214380630002855
117.19000000002414, 249.48426672201924, 0.0, 28.49746388959129, 0.5367373974912558, 0.0, -3.057722539050417, -0.3622792499973963, 0.0, 0.021555615375282278
117.20000000002415, 249.48961600001286, 0.0, 28.46688774392615, 0.5331199999912778, 0.0, -3.0575063999994807, -0.3611999999973918, 0.0, 0.021672000000280356
117.21000000002415, 249.49492915801903, 0.0, 28.436313765451278, 0.5295134024913016, 0.0, -3.0572891029504152, -0.3601192499973875, 0.0, 0.02178721462527755
117.22000000002416, 249.5002063041127, 0.0, 28.405741965688055, 0.5259176199913268, 0.0, -3.0570706596144728, -0.3590369999973834, 0.0, 0.02190125700027412
117.23000000002416, 249.5054475465189, 0.0, 28.37517235604079, 0.5223326674913492, 0.0, -3.0568510817254104, -0.3579532499973796, 0.0, 0.02201412487527188
117.24000000002417, 249.51065299361252, 0.0, 28.344604947796174, 0.5187585599913772, 0.0, -3.0566303810394633, -0.35686799999737556, 0.0, 0.022125816000268417
117.25000000002417, 249.51582275391868, 0.0, 28.31403975212336, 0.5151953124914014, 0.0, -3.056408569335403, -0.3557812499973713, 0.0, 0.022236328125266214
117.26000000002418, 249.52095693611238, 0.0, 28.283476780073503, 0.5116429399914247, 0.0, -3.0561856584144618, -0.35469299999736686, 0.0, 0.02234565900026353
117.27000000002418, 249.5260556490186, 0.0, 28.252916042579685, 0.5081014574914485, 0.0, -3.0559616601003956, -0.3536032499973631, 0.0, 0.02245380637526062
117.28000000002419, 249.5311190016122, 0.0, 28.222357550456618, 0.5045708799914722, 0.0, -3.0557365862394583, -0.35251199999735866, 0.0, 0.02256076800025797
117.2900000000242, 249.53614710301835, 0.0, 28.19180131440046, 0.5010512224914953, 0.0, -3.055510448700394, -0.35141924999735447, 0.0, 0.02266654162525472
117.3000000000242, 249.54114006251206, 0.0, 28.16124734498856, 0.49754249999152067, 0.0, -3.0552832593744537, -0.3503249999973505, 0.0, 0.02277112500025269
117.3100000000242, 249.54609798951827, 0.0, 28.130695652679204, 0.49404472749154793, 0.0, -3.055055030175385, -0.3492292499973459, 0.0, 0.022874515875249468
117.32000000002421, 249.55102099361187, 0.0, 28.100146247811466, 0.49055791999157117, 0.0, -3.0548257730394504, -0.34813199999734196, 0.0, 0.02297671200024687
117.33000000002421, 249.55590918451801, 0.0, 28.06959914060497, 0.487082092491597, 0.0, -3.0545954999253837, -0.3470332499973378, 0.0, 0.023077711125243594
117.34000000002422, 249.56076267211174, 0.0, 28.03905434115959, 0.483617259991623, 0.0, -3.054364222814442, -0.34593299999733346, 0.0, 0.02317751100024057
117.35000000002422, 249.5655815664179, 0.0, 28.008511859455304, 0.48016343749164697, 0.0, -3.0541319537103746, -0.34483124999732934, 0.0, 0.023276109375238274
117.36000000002423, 249.57036597761157, 0.0, 27.977971705351894, 0.47672063999167186, 0.0, -3.053898704639437, -0.343727999997325, 0.0, 0.023373504000234968
117.37000000002423, 249.5751160160177, 0.0, 27.947433888588876, 0.4732888824916918, 0.0, -3.0536644876503747, -0.3426232499973209, 0.0, 0.02346969262523224
117.38000000002424, 249.5798317921114, 0.0, 27.916898418785024, 0.46986817999172054, 0.0, -3.0534293148144336, -0.3415169999973166, 0.0, 0.023564673000229464
117.39000000002424, 249.58451341651758, 0.0, 27.886365305438392, 0.46645854749174503, 0.0, -3.053193198225369, -0.34040924999731254, 0.0, 0.02365844287522645
117.40000000002425, 249.58916100001125, 0.0, 27.855834557925945, 0.4630599999917701, 0.0, -3.0529561499994244, -0.33929999999730825, 0.0, 0.023751000000223232
117.41000000002425, 249.59377465351739, 0.0, 27.825306185503372, 0.459672552491797, 0.0, -3.0527181822753597, -0.33818924999730376, 0.0, 0.023842342125220517
117.42000000002426, 249.59835448811108, 0.0, 27.794780197304878, 0.4562962199918252, 0.0, -3.052479307214421, -0.33707699999729995, 0.0, 0.023932467000217006
117.43000000002426, 249.60290061501726, 0.0, 27.76425660234289, 0.452931017491847, 0.0, -3.0522395370003537, -0.33596324999729593, 0.0, 0.02402137237521451
117.44000000002427, 249.6074131456109, 0.0, 27.733735409507997, 0.4495769599918708, 0.0, -3.051998883839415, -0.33484799999729126, 0.0, 0.02410905600021196
117.45000000002427, 249.61189219141704, 0.0, 27.70321662756849, 0.4462340624918996, 0.0, -3.0517573599603534, -0.33373124999728726, 0.0, 0.02419551562520894
117.46000000002428, 249.61633786411076, 0.0, 27.6727002651703, 0.442902339991924, 0.0, -3.0515149776144117, -0.33261299999728305, 0.0, 0.024280749000205937
117.47000000002429, 249.62075027551697, 0.0, 27.642186330836807, 0.4395818074919488, 0.0, -3.051271749075349, -0.33149324999727864, 0.0, 0.024364753875202982
117.48000000002429, 249.62512953761058, 0.0, 27.611674832968422, 0.43627247999197344, 0.0, -3.0510276866394097, -0.33037199999727446, 0.0, 0.024447528000200336
117.4900000000243, 249.62947576251673, 0.0, 27.581165779842568, 0.43297437249199916, 0.0, -3.050782802625344, -0.32924924999727007, 0.0, 0.024529069125196923
117.5000000000243, 249.63378906251043, 0.0, 27.55065917961335, 0.42968749999202543, 0.0, -3.050537109374405, -0.3281249999972659, 0.0, 0.024609375000194778
117.5100000000243, 249.63806955001664, 0.0, 27.520155040311312, 0.42641187749205356, 0.0, -3.0502906192503385, -0.326999249997262, 0.0, 0.024688443375190605
117.52000000002431, 249.64231733761028, 0.0, 27.48965336984326, 0.42314751999207756, 0.0, -3.0500433446393984, -0.32587199999725786, 0.0, 0.024766272000187328
117.53000000002432, 249.64653253801643, 0.0, 27.459154175992076, 0.41989444249210406, 0.0, -3.049795297950336, -0.32474324999725396, 0.0, 0.024842858625185205
117.54000000002432, 249.65071526411015, 0.0, 27.4286574664164, 0.41665265999212897, 0.0, -3.0495464916143966, -0.32361299999724896, 0.0, 0.024918201000181828
117.55000000002433, 249.65486562891635, 0.0, 27.398163248650427, 0.41342218749215354, 0.0, -3.049296938085334, -0.3224812499972451, 0.0, 0.024992296875179232
117.56000000002433, 249.65898374561, 0.0, 27.367671530103703, 0.41020303999218255, 0.0, -3.0490466498393918, -0.32134799999724056, 0.0, 0.0250651440001759
117.57000000002434, 249.66306972751613, 0.0, 27.337182318060982, 0.40699523249220837, 0.0, -3.0487956393753226, -0.3202132499972367, 0.0, 0.02513674012517253
117.58000000002434, 249.66712368810983, 0.0, 27.306695619681836, 0.403798779992234, 0.0, -3.048543919214385, -0.31907699999723266, 0.0, 0.025207083000169828
117.59000000002435, 249.67114574101603, 0.0, 27.27621144200052, 0.4006136974922607, 0.0, -3.0482915019003247, -0.31793924999722795, 0.0, 0.025276170375167162
117.60000000002435, 249.67513600000967, 0.0, 27.245729791925747, 0.3974399999922844, 0.0, -3.048038399999381, -0.3167999999972239, 0.0, 0.025344000000164346
117.61000000002436, 249.67909457901584, 0.0, 27.21525067624051, 0.39427770249231164, 0.0, -3.04778462610032, -0.31565924999721967, 0.0, 0.02541056962516075
117.62000000002436, 249.68302159210953, 0.0, 27.184774101601672, 0.39112681999233656, 0.0, -3.0475301928143796, -0.3145169999972152, 0.0, 0.025475877000157965
117.63000000002437, 249.6869171535157, 0.0, 27.15430007454001, 0.3879873674923675, 0.0, -3.0472751127753135, -0.31337324999721144, 0.0, 0.02553991987515447
117.64000000002437, 249.69078137760937, 0.0, 27.123828601459792, 0.38485935999238974, 0.0, -3.047019398639378, -0.3122279999972066, 0.0, 0.025602696000152303
117.65000000002438, 249.69461437891553, 0.0, 27.093359688638607, 0.38174281249241515, 0.0, -3.046763063085315, -0.3110812499972028, 0.0, 0.025664203125149054
117.66000000002438, 249.69841627210923, 0.0, 27.062893342227113, 0.37863773999244144, 0.0, -3.046506118814378, -0.3099329999971979, 0.0, 0.02572443900014587
117.67000000002439, 249.70218717201544, 0.0, 27.03242956824893, 0.37554415749246806, 0.0, -3.0462485785503137, -0.3087832499971942, 0.0, 0.025783401375142123
117.68000000002439, 249.70592719360909, 0.0, 27.001968372600217, 0.3724620799924945, 0.0, -3.0459904550393695, -0.3076319999971898, 0.0, 0.02584108800014029
117.6900000000244, 249.70963645201525, 0.0, 26.971509761049717, 0.36939152249252194, 0.0, -3.0457317610503107, -0.3064792499971857, 0.0, 0.025897496625136185
117.7000000000244, 249.7133150625089, 0.0, 26.941053739238143, 0.36633249999254996, 0.0, -3.045472509374365, -0.3053249999971813, 0.0, 0.025952625000132734
117.71000000002441, 249.71696314051513, 0.0, 26.91060031267842, 0.36328502749257613, 0.0, -3.045212712825304, -0.3041692499971772, 0.0, 0.02600647087512975
117.72000000002441, 249.7205808016088, 0.0, 26.880149486755087, 0.36024911999259995, 0.0, -3.044952384239366, -0.3030119999971729, 0.0, 0.02605903200012749
117.73000000002442, 249.72416816151497, 0.0, 26.849701266724217, 0.357224792492628, 0.0, -3.0446915364753053, -0.3018532499971688, 0.0, 0.02611030612512444
117.74000000002442, 249.72772533610868, 0.0, 26.819255657713207, 0.3542120599926562, 0.0, -3.0444301824143647, -0.3006929999971645, 0.0, 0.026160291000120406
117.75000000002443, 249.73125244141488, 0.0, 26.78881266472054, 0.351210937492684, 0.0, -3.0441683349603004, -0.2995312499971604, 0.0, 0.026208984375117872
117.76000000002443, 249.73474959360848, 0.0, 26.75837229261552, 0.3482214399927109, 0.0, -3.043906007039361, -0.2983679999971557, 0.0, 0.026256384000113986
117.77000000002444, 249.73821690901468, 0.0, 26.727934546138123, 0.3452435824927345, 0.0, -3.043643211600301, -0.29720324999715164, 0.0, 0.02630248762511167
117.78000000002444, 249.74165450410837, 0.0, 26.697499429898656, 0.3422773799927615, 0.0, -3.0433799616143613, -0.2960369999971474, 0.0, 0.026347293000108962
117.79000000002445, 249.74506249551456, 0.0, 26.667066948377638, 0.33932284749279124, 0.0, -3.0431162700752914, -0.2948692499971429, 0.0, 0.026390797875104788
117.80000000002445, 249.7484410000082, 0.0, 26.63663710592556, 0.33637999999281615, 0.0, -3.042852149999357, -0.2936999999971387, 0.0, 0.026433000000101625
117.81000000002446, 249.75179013451438, 0.0, 26.60620990676263, 0.3334488524928428, 0.0, -3.042587614425292, -0.29252924999713426, 0.0, 0.026473897125098844
117.82000000002446, 249.7551100161081, 0.0, 26.575785354978485, 0.3305294199928724, 0.0, -3.0423226764143525, -0.2913569999971305, 0.0, 0.026513487000095814
117.83000000002447, 249.75840076201428, 0.0, 26.545363454532158, 0.32762171749290087, 0.0, -3.042057349050289, -0.2901832499971261, 0.0, 0.02655176737509235
117.84000000002447, 249.76166248960794, 0.0, 26.51494420925161, 0.3247257599929277, 0.0, -3.0417916454393517, -0.2890079999971219, 0.0, 0.026588736000089153
117.85000000002448, 249.7648953164141, 0.0, 26.484527622833717, 0.3218415624929541, 0.0, -3.0415255787102886, -0.2878312499971175, 0.0, 0.026624390625085592
117.86000000002448, 249.76809936010784, 0.0, 26.45411369884394, 0.31896913999297954, 0.0, -3.0412591620143523, -0.2866529999971129, 0.0, 0.026658729000082815
117.87000000002449, 249.77127473851402, 0.0, 26.423702440716035, 0.31610850749300706, 0.0, -3.0409924085252875, -0.28547324999710855, 0.0, 0.026691748875079746
117.8800000000245, 249.77442156960768, 0.0, 26.39329385175205, 0.31325967999303794, 0.0, -3.0407253314393454, -0.28429199999710486, 0.0, 0.0267234480000762
117.8900000000245, 249.77753997151382, 0.0, 26.362887935121833, 0.3104226724930609, 0.0, -3.0404579439752872, -0.2831092499971001, 0.0, 0.026753824125073766
117.9000000000245, 249.78063006250756, 0.0, 26.332484693862995, 0.3075974999930896, 0.0, -3.040190259374347, -0.28192499999709597, 0.0, 0.026782875000070483
117.91000000002451, 249.78369196101374, 0.0, 26.30208413088056, 0.30478417749312003, 0.0, -3.039922290900284, -0.28073924999709166, 0.0, 0.026810598375066164
117.92000000002452, 249.78672578560742, 0.0, 26.2716862489469, 0.3019827199931481, 0.0, -3.039654051839346, -0.2795519999970876, 0.0, 0.026836992000063287
117.93000000002452, 249.78973165501358, 0.0, 26.241291050701356, 0.29919314249317497, 0.0, -3.0393855555002816, -0.27836324999708373, 0.0, 0.026862053625060334
117.94000000002453, 249.79270968810727, 0.0, 26.210898538650035, 0.29641545999320196, 0.0, -3.0391168152143475, -0.2771729999970788, 0.0, 0.02688578100005712
117.95000000002453, 249.7956600039135, 0.0, 26.180508715165658, 0.2936496874932285, 0.0, -3.0388478443352778, -0.2759812499970745, 0.0, 0.026908171875053455
117.96000000002454, 249.79858272160715, 0.0, 26.15012158248733, 0.29089583999325763, 0.0, -3.0385786562393413, -0.27478799999707004, 0.0, 0.026929224000050933
117.97000000002454, 249.8014779605133, 0.0, 26.11973714272024, 0.28815393249328525, 0.0, -3.038309264325278, -0.27359324999706625, 0.0, 0.026948935125047146
117.98000000002455, 249.80434584010703, 0.0, 26.08935539783546, 0.28542397999331437, 0.0, -3.0380396820143396, -0.27239699999706224, 0.0, 0.026967303000043685
117.99000000002455, 249.80718648001323, 0.0, 26.058976349669784, 0.28270599749333913, 0.0, -3.037769922750277, -0.27119924999705713, 0.0, 0.026984325375040363
118.00000000002456, 249.81000000000688, 0.0, 26.02859999992539, 0.27999999999336966, 0.0, -3.0374999999993406, -0.26999999999705315, 0.0, 0.02700000000003744
118.01000000002456, 249.81278652001302, 0.0, 25.99822635016976, 0.2773060024933983, 0.0, -3.037229927250273, -0.26879924999704896, 0.0, 0.02701432462503428
118.02000000002457, 249.81554616010675, 0.0, 25.96785540183531, 0.2746240199934281, 0.0, -3.036959718014339, -0.26759699999704456, 0.0, 0.02702729700003026
118.03000000002457, 249.81827904051295, 0.0, 25.937487156219284, 0.2719540674934532, 0.0, -3.036689385825275, -0.2663932499970404, 0.0, 0.027038914875027853
118.04000000002458, 249.8209852816066, 0.0, 25.90712161448343, 0.2692961599934801, 0.0, -3.036418944239337, -0.2651879999970356, 0.0, 0.02704917600002421
118.05000000002458, 249.8236650039128, 0.0, 25.876758777653876, 0.2666503124935102, 0.0, -3.0361484068352773, -0.2639812499970319, 0.0, 0.02705807812502048
118.06000000002459, 249.82631832810648, 0.0, 25.84639864662075, 0.2640165399935392, 0.0, -3.0358777872143374, -0.2627729999970271, 0.0, 0.027065619000016916
118.07000000002459, 249.82894537501272, 0.0, 25.816041222138175, 0.26139485749356844, 0.0, -3.0356070990002717, -0.26156324999702296, 0.0, 0.027071796375014223
118.0800000000246, 249.8315462656064, 0.0, 25.78568650482388, 0.2587852799935992, 0.0, -3.035336355839336, -0.2603519999970191, 0.0, 0.027076608000009994
118.0900000000246, 249.83412112101252, 0.0, 25.755334495158984, 0.256187822493622, 0.0, -3.0350655714002777, -0.2591392499970141, 0.0, 0.02708005162500804
118.10000000002461, 249.83667006250624, 0.0, 25.72498519348779, 0.2536024999936541, 0.0, -3.0347947593743356, -0.25792499999701024, 0.0, 0.027082125000003288
118.11000000002461, 249.83919321151245, 0.0, 25.694638600017704, 0.25102932749368073, 0.0, -3.0345239334752723, -0.25670924999700573, 0.0, 0.027082825875000438
118.12000000002462, 249.8416906896061, 0.0, 25.66429471481871, 0.2484683199937085, 0.0, -3.0342531074393335, -0.25549199999700145, 0.0, 0.027082151999997084
118.13000000002462, 249.84416261851226, 0.0, 25.633953537823473, 0.24591949249374218, 0.0, -3.03398229502527, -0.2542732499969974, 0.0, 0.027080101124993483
118.14000000002463, 249.846609120106, 0.0, 25.603615068826855, 0.24338285999376524, 0.0, -3.0337115100143386, -0.2530529999969927, 0.0, 0.027076670999990338
118.15000000002463, 249.8490303164122, 0.0, 25.573279307485784, 0.2408584374937967, 0.0, -3.0334407662102727, -0.2518312499969887, 0.0, 0.02707185937498613
118.16000000002464, 249.85142632960589, 0.0, 25.542946253319172, 0.2383462399938236, 0.0, -3.033170077439335, -0.250607999996984, 0.0, 0.027065663999983336
118.17000000002464, 249.853797282012, 0.0, 25.51261590570737, 0.2358462824938578, 0.0, -3.03289945755027, -0.24938324999698003, 0.0, 0.02705808262497955
118.18000000002465, 249.85614329610576, 0.0, 25.482288263892286, 0.23335857999388285, 0.0, -3.0326289204143357, -0.24815699999697582, 0.0, 0.02704911299997592
118.19000000002465, 249.85846449451196, 0.0, 25.451963326976916, 0.23088314749391234, 0.0, -3.0323584799252696, -0.2469292499969714, 0.0, 0.027038752874972705
118.20000000002466, 249.86076100000565, 0.0, 25.421641093925217, 0.22841999999394222, 0.0, -3.0320881499993337, -0.24569999999696723, 0.0, 0.02702699999996927
118.21000000002466, 249.8630329355118, 0.0, 25.39132156356189, 0.2259691524939684, 0.0, -3.0318179445752733, -0.2444692499969624, 0.0, 0.027013852124965432
118.22000000002467, 249.86528042410555, 0.0, 25.36100473457214, 0.22353061999399923, 0.0, -3.03154787761434, -0.24323699999695825, 0.0, 0.02699930699996278
118.23000000002467, 249.86750358901173, 0.0, 25.330690605501403, 0.22110441749402884, 0.0, -3.031277963100271, -0.24200324999695433, 0.0, 0.026983362374958908
118.24000000002468, 249.8697025536054, 0.0, 25.300379174755257, 0.21869055999405493, 0.0, -3.031008215039341, -0.2407679999969493, 0.0, 0.02696601599995585
118.25000000002468, 249.87187744141156, 0.0, 25.270070440598992, 0.2162890624940876, 0.0, -3.0307386474602733, -0.23953124999694542, 0.0, 0.026947265624952088
118.26000000002469, 249.8740283761053, 0.0, 25.239764401157586, 0.21389993999411927, 0.0, -3.0304692744143367, -0.23829299999694087, 0.0, 0.02692710899994788
118.2700000000247, 249.87615548151152, 0.0, 25.209461054415335, 0.21152320749414222, 0.0, -3.0302001099752776, -0.23705324999693655, 0.0, 0.02690554387494526
118.2800000000247, 249.87825888160518, 0.0, 25.179160398215707, 0.2091588799941737, 0.0, -3.0299311682393437, -0.23581199999693248, 0.0, 0.026882567999942708
118.2900000000247, 249.88033870051134, 0.0, 25.148862430261083, 0.2068069724942061, 0.0, -3.0296624633252716, -0.2345692499969282, 0.0, 0.02685817912493782
118.30000000002471, 249.88239506250505, 0.0, 25.118567148112625, 0.2044674999942353, 0.0, -3.0293940093743377, -0.2333249999969237, 0.0, 0.026832374999934405
118.31000000002471, 249.8844280920113, 0.0, 25.088274549189848, 0.20214047749426434, 0.0, -3.029125820550277, -0.23207924999691898, 0.0, 0.026805153374930946
118.32000000002472, 249.88643791360494, 0.0, 25.057984630770555, 0.1998259199942909, 0.0, -3.028857911039342, -0.2308319999969145, 0.0, 0.026776511999928143
118.33000000002473, 249.8884246520111, 0.0, 25.027697389990607, 0.19752384249432153, 0.0, -3.028590295050277, -0.2295832499969107, 0.0, 0.02674644862492448
118.34000000002473, 249.89038843210483, 0.0, 24.997412823843668, 0.19523425999435576, 0.0, -3.0283229868143398, -0.22833299999690626, 0.0, 0.026714960999920656
118.35000000002474, 249.89232937891103, 0.0, 24.967130929180925, 0.19295718749438232, 0.0, -3.028056000585279, -0.2270812499969016, 0.0, 0.026682046874917376
118.36000000002474, 249.89424761760472, 0.0, 24.936851702710996, 0.19069263999440958, 0.0, -3.027789350639342, -0.22582799999689718, 0.0, 0.026647703999914008
118.37000000002475, 249.8961432735109, 0.0, 24.906575140999507, 0.18844063249444057, 0.0, -3.027523051275283, -0.224573249996893, 0.0, 0.026611930124909478
118.38000000002475, 249.89801647210464, 0.0, 24.876301240469118, 0.18620117999446942, 0.0, -3.027257116814347, -0.2233169999968886, 0.0, 0.026574722999907152
118.39000000002476, 249.89986733901083, 0.0, 24.84602999739903, 0.18397429749450625, 0.0, -3.026991561600278, -0.22205924999688442, 0.0, 0.026536080374902404
118.40000000002476, 249.9016960000045, 0.0, 24.815761407925017, 0.18175999999453277, 0.0, -3.0267263999993457, -0.22079999999688005, 0.0, 0.02649599999989949
118.41000000002477, 249.90350258101068, 0.0, 24.785495468039016, 0.17955830249456264, 0.0, -3.026461646400284, -0.21953924999687546, 0.0, 0.026454479624896
118.42000000002477, 249.90528720810443, 0.0, 24.755232173588972, 0.1773692199945936, 0.0, -3.026197315214352, -0.21827699999687156, 0.0, 0.026411516999892193
118.43000000002478, 249.90705000751063, 0.0, 24.72497152027855, 0.17519276749462503, 0.0, -3.0259334208752886, -0.2170132499968674, 0.0, 0.026367109874887884
118.44000000002478, 249.90879110560428, 0.0, 24.69471350366709, 0.1730289599946529, 0.0, -3.0256699778393497, -0.2157479999968622, 0.0, 0.026321255999885107
118.45000000002479, 249.91051062891046, 0.0, 24.664458119169126, 0.17087781249468376, 0.0, -3.0254070005852878, -0.2144812499968581, 0.0, 0.0262739531248819
118.46000000002479, 249.91220870410416, 0.0, 24.63420536205441, 0.16873933999471175, 0.0, -3.0251445036143547, -0.21321299999685336, 0.0, 0.02622519899987763
118.4700000000248, 249.9138854580104, 0.0, 24.603955227447457, 0.16661355749473988, 0.0, -3.024882501450291, -0.2119432499968493, 0.0, 0.02617499137487478
118.4800000000248, 249.91554101760408, 0.0, 24.573707710327525, 0.16450047999477652, 0.0, -3.024621008639352, -0.21067199999684547, 0.0, 0.02612332799987005
118.4900000000248, 249.91717551001025, 0.0, 24.543462805528236, 0.16240012249480335, 0.0, -3.0243600397502934, -0.20939924999684054, 0.0, 0.02607020662486681
118.50000000002481, 249.918789062504, 0.0, 24.513220507737444, 0.16031249999483763, 0.0, -3.0240996093743533, -0.20812499999683673, 0.0, 0.026015624999862652
118.51000000002482, 249.9203818025102, 0.0, 24.482980811496972, 0.15823762749486633, 0.0, -3.023839732125296, -0.20684924999683182, 0.0, 0.02595958087485961
118.52000000002482, 249.92195385760385, 0.0, 24.452743711202373, 0.15617551999489784, 0.0, -3.0235804226393572, -0.2055719999968276, 0.0, 0.025902071999855725
118.53000000002483, 249.92350535551006, 0.0, 24.42250920110275, 0.15412619249492807, 0.0, -3.0233216955752944, -0.2042932499968236, 0.0, 0.02584309612485125
118.54000000002483, 249.92503642410378, 0.0, 24.392277275300486, 0.15208965999495647, 0.0, -3.023063565614363, -0.20301299999681852, 0.0, 0.02578265099984911
118.55000000002484, 249.92654719141, 0.0, 24.362047927751078, 0.1500659374949914, 0.0, -3.0228060474603, -0.201731249996815, 0.0, 0.02572073437484379
118.56000000002484, 249.9280377856037, 0.0, 24.331821152262805, 0.14805503999502342, 0.0, -3.0225491558393625, -0.20044799999680993, 0.0, 0.025657343999840876
118.57000000002485, 249.92950833500984, 0.0, 24.301596942496623, 0.14605698249505203, 0.0, -3.0222929055003043, -0.19916324999680599, 0.0, 0.025592477624837073
118.58000000002485, 249.93095896810357, 0.0, 24.271375291965917, 0.14407177999508203, 0.0, -3.0220373112143637, -0.1978769999968014, 0.0, 0.025526132999833084
118.59000000002486, 249.93238981350981, 0.0, 24.24115619403615, 0.1420994474951146, 0.0, -3.021782387775305, -0.19658924999679703, 0.0, 0.025458307874829167
118.60000000002486, 249.93380100000348, 0.0, 24.210939641924874, 0.14013999999514037, 0.0, -3.021528149999371, -0.19529999999679246, 0.0, 0.02538899999982691
118.61000000002487, 249.93519265650968, 0.0, 24.18072562870114, 0.13819345249517478, 0.0, -3.0212746127253105, -0.19400924999678812, 0.0, 0.025318207124822578
118.62000000002487, 249.9365649121034, 0.0, 24.150514147285776, 0.13625981999520842, 0.0, -3.0210217908143733, -0.19271699999678402, 0.0, 0.025245926999818646
118.63000000002488, 249.93791789600962, 0.0, 24.120305190450658, 0.13433911749523897, 0.0, -3.020769699150314, -0.1914232499967797, 0.0, 0.02517215737481493
118.64000000002488, 249.93925173760329, 0.0, 24.090098750818896, 0.13243135999526767, 0.0, -3.020518352639378, -0.19012799999677518, 0.0, 0.025096895999811242
118.65000000002489, 249.94056656640947, 0.0, 24.05989482086428, 0.13053656249529932, 0.0, -3.020267766210317, -0.1888312499967709, 0.0, 0.025020140624807397
118.6600000000249, 249.9418625121032, 0.0, 24.029693392911213, 0.1286547399953281, 0.0, -3.020017954814387, -0.18753299999676595, 0.0, 0.024941888999804096
118.6700000000249, 249.94313970450943, 0.0, 23.99949445913459, 0.1267859074953658, 0.0, -3.019768933425322, -0.18623324999676213, 0.0, 0.024862138874799822
118.6800000000249, 249.94439827360313, 0.0, 23.969298011559346, 0.12493007999539243, 0.0, -3.019520717039386, -0.18493199999675766, 0.0, 0.024780887999796164
118.69000000002491, 249.9456383495093, 0.0, 23.939104042060393, 0.12308727249542342, 0.0, -3.0192733206753246, -0.18362924999675298, 0.0, 0.02469813412479205
118.70000000002491, 249.94686006250302, 0.0, 23.908912542362287, 0.12125749999546001, 0.0, -3.019026759374391, -0.18232499999674898, 0.0, 0.024613874999788177
118.71000000002492, 249.94806354300925, 0.0, 23.87872350403908, 0.11944077749548569, 0.0, -3.0187810482003314, -0.18101924999674388, 0.0, 0.024528108374784807
118.72000000002492, 249.94924892160293, 0.0, 23.848536918514192, 0.11763711999551944, 0.0, -3.0185362022393925, -0.17971199999673945, 0.0, 0.024440831999780865
118.73000000002493, 249.9504163290091, 0.0, 23.818352777059857, 0.11584654249554831, 0.0, -3.018292236600333, -0.17840324999673526, 0.0, 0.024352043624777497
118.74000000002493, 249.95156589610286, 0.0, 23.788171070797297, 0.11406905999558418, 0.0, -3.0180491664143982, -0.17709299999673087, 0.0, 0.024261740999773185
118.75000000002494, 249.9526977539091, 0.0, 23.757991790696167, 0.11230468749561767, 0.0, -3.017807006835337, -0.1757812499967267, 0.0, 0.02416992187476863
118.76000000002495, 249.9538120336028, 0.0, 23.727814927574634, 0.11055343999564643, 0.0, -3.0175657730394025, -0.17446799999672188, 0.0, 0.024076583999765866
118.77000000002495, 249.95490886650893, 0.0, 23.697640472098755, 0.10881533249568237, 0.0, -3.01732548022534, -0.17315324999671775, 0.0, 0.023981725124761155
118.78000000002496, 249.95598838410268, 0.0, 23.667468414782746, 0.10709037999571253, 0.0, -3.0170861436144065, -0.1718369999967134, 0.0, 0.023885342999758308
118.79000000002496, 249.9570507180089, 0.0, 23.637298745988296, 0.10537859749574525, 0.0, -3.016847778450348, -0.17051924999670884, 0.0, 0.02378743537475403
118.80000000002497, 249.95809600000257, 0.0, 23.607131455924666, 0.10367999999577467, 0.0, -3.016610399999413, -0.16919999999670451, 0.0, 0.023687999999750353
118.81000000002497, 249.95912436200877, 0.0, 23.57696653464827, 0.10199460249580912, 0.0, -3.016374023550352, -0.16787924999669998, 0.0, 0.023587034624745762
118.82000000002498, 249.9601359361025, 0.0, 23.546803972062577, 0.10032241999584275, 0.0, -3.0161386644144166, -0.16655699999669568, 0.0, 0.02348453699974229
118.83000000002498, 249.96113085450872, 0.0, 23.51664375791779, 0.09866346749586971, 0.0, -3.015904337925358, -0.16523324999669117, 0.0, 0.02338050487473886
118.84000000002499, 249.96210924960243, 0.0, 23.4864858818107, 0.09701775999590542, 0.0, -3.015671059439418, -0.1639079999966869, 0.0, 0.023274935999734403
118.85000000002499, 249.9630712539086, 0.0, 23.45633033318439, 0.09538531249593693, 0.0, -3.0154388443353604, -0.16258124999668241, 0.0, 0.023167828124730505
118.860000000025, 249.96401700010233, 0.0, 23.426177101328044, 0.09376613999596904, 0.0, -3.015207708014424, -0.16125299999667816, 0.0, 0.023059178999726537
118.870000000025, 249.9649466210086, 0.0, 23.396026175376704, 0.09216025749599942, 0.0, -3.014977665900366, -0.15992324999667326, 0.0, 0.022948986374722757
118.880000000025, 249.96586024960226, 0.0, 23.365877544311147, 0.09056767999603287, 0.0, -3.014748733439431, -0.15859199999666948, 0.0, 0.02283724799971809
118.89000000002501, 249.96675801900844, 0.0, 23.335731196957497, 0.08898842249606707, 0.0, -3.0145209261003743, -0.1572592499966646, 0.0, 0.022723961624715017
118.90000000002502, 249.9676400625022, 0.0, 23.305587121987067, 0.08742249999609975, 0.0, -3.014294259374438, -0.15592499999666037, 0.0, 0.022609124999710684
118.91000000002502, 249.9685065135084, 0.0, 23.275445307916208, 0.08586992749613209, 0.0, -3.014068748775376, -0.15458924999665552, 0.0, 0.022492735874706682
118.92000000002503, 249.9693575056021, 0.0, 23.245305743106, 0.08433071999616537, 0.0, -3.0138444098394412, -0.15325199999665134, 0.0, 0.022374791999702826
118.93000000002503, 249.9701931725083, 0.0, 23.215168415761994, 0.08280489249619727, 0.0, -3.013621258125383, -0.1519132499966474, 0.0, 0.022255291124698484
118.94000000002504, 249.97101364810203, 0.0, 23.18503331393412, 0.08129245999622904, 0.0, -3.0133993092144493, -0.15057299999664236, 0.0, 0.022134230999694804
118.95000000002504, 249.97181906640827, 0.0, 23.154900425516296, 0.07979343749626545, 0.0, -3.013178578710388, -0.14923124999663845, 0.0, 0.02201160937469071
118.96000000002505, 249.97260956160198, 0.0, 23.12476973824645, 0.07830783999629355, 0.0, -3.012959082239453, -0.14788799999663343, 0.0, 0.02188742399968735
118.97000000002505, 249.97338526800814, 0.0, 23.094641239705886, 0.07683568249632879, 0.0, -3.0127408354503977, -0.1465432499966291, 0.0, 0.02176167262468276
118.98000000002506, 249.9741463201019, 0.0, 23.064514917319563, 0.07537697999636175, 0.0, -3.0125238540144608, -0.145196999996625, 0.0, 0.021634352999678974
118.99000000002506, 249.97489285250813, 0.0, 23.03439075835542, 0.07393174749639722, 0.0, -3.0123081536254013, -0.14384924999662024, 0.0, 0.021505462874675363
119.00000000002507, 249.9756250000018, 0.0, 23.00426874992445, 0.07249999999642578, 0.0, -3.012093749999469, -0.14249999999661572, 0.0, 0.021374999999671296
119.01000000002507, 249.976342897508, 0.0, 22.974148878980408, 0.07108175249645936, 0.0, -3.011880658875409, -0.141149249996611, 0.0, 0.02124296212466792
119.02000000002508, 249.97704668010175, 0.0, 22.94403113231938, 0.0696770199964956, 0.0, -3.0116688960144735, -0.13979699999660694, 0.0, 0.021109346999662826
119.03000000002508, 249.97773648300802, 0.0, 22.91391549657994, 0.06828581749652511, 0.0, -3.0114584772004136, -0.13844324999660268, 0.0, 0.02097415237465894
119.04000000002509, 249.97841244160168, 0.0, 22.883801958242515, 0.06690815999656334, 0.0, -3.011249418239478, -0.1370879999965982, 0.0, 0.02083737599965474
119.0500000000251, 249.97907469140785, 0.0, 22.853690503629522, 0.06554406249659378, 0.0, -3.011041734960422, -0.13573124999659353, 0.0, 0.02069901562465093
119.0600000000251, 249.97972336810162, 0.0, 22.823581118904826, 0.0641935399966283, 0.0, -3.0108354432144893, -0.13437299999658864, 0.0, 0.020559068999646435
119.0700000000251, 249.98035860750787, 0.0, 22.79347379007381, 0.0628566074966575, 0.0, -3.0106305588754303, -0.13301324999658443, 0.0, 0.020417533874642402
119.08000000002511, 249.98098054560154, 0.0, 22.76336850298295, 0.06153327999669329, 0.0, -3.010427097839493, -0.13165199999658045, 0.0, 0.020274407999638644
119.09000000002511, 249.98158931850773, 0.0, 22.7332652433196, 0.060223572496729785, 0.0, -3.010225076025435, -0.13028924999657537, 0.0, 0.020129689124634975
119.10000000002512, 249.98218506250146, 0.0, 22.703163996611863, 0.058927499996761126, 0.0, -3.0100245093745013, -0.12892499999657098, 0.0, 0.019983374999630765
119.11000000002512, 249.98276791400775, 0.0, 22.673064748228356, 0.05764507749679567, 0.0, -3.0098254138504394, -0.12755924999656681, 0.0, 0.019835463374626272
119.12000000002513, 249.98333800960143, 0.0, 22.642967483377802, 0.05637631999683109, 0.0, -3.009627805439509, -0.126191999996562, 0.0, 0.019685951999623086
119.13000000002513, 249.98389548600764, 0.0, 22.61287218710909, 0.05512124249686154, 0.0, -3.0094317001504507, -0.12482324999655786, 0.0, 0.019534838624617912
119.14000000002514, 249.98444048010134, 0.0, 22.582778844310894, 0.053879859996895346, 0.0, -3.009237114014514, -0.12345299999655351, 0.0, 0.019382120999614116
119.15000000002514, 249.9849731289076, 0.0, 22.5526874397114, 0.05265218749692666, 0.0, -3.009044063085458, -0.12208124999654896, 0.0, 0.019227796874610625
119.16000000002515, 249.9854935696013, 0.0, 22.52259795787822, 0.05143823999696383, 0.0, -3.0088525634395236, -0.12070799999654419, 0.0, 0.019071863999605476
119.17000000002515, 249.9860019395075, 0.0, 22.49251038321802, 0.050238032496993865, 0.0, -3.0086626311754667, -0.11933324999653966, 0.0, 0.01891432012460248
119.18000000002516, 249.98649837610122, 0.0, 22.462424699976303, 0.04905157999703224, 0.0, -3.008474282414527, -0.1179569999965358, 0.0, 0.018755162999596564
119.19000000002517, 249.9869830170075, 0.0, 22.432340892237555, 0.04787889749706597, 0.0, -3.008287533300475, -0.11657924999653085, 0.0, 0.018594390374593317
119.20000000002517, 249.98745600000117, 0.0, 22.40225894392426, 0.04671999999709986, 0.0, -3.00810239999954, -0.11519999999652658, 0.0, 0.018431999999589888
119.21000000002518, 249.98791746300736, 0.0, 22.37217883879753, 0.04557490249713514, 0.0, -3.007918898700485, -0.1138192499965221, 0.0, 0.018267989624584757
119.22000000002518, 249.98836754410115, 0.0, 22.34210056045621, 0.04444361999716596, 0.0, -3.007737045614549, -0.1124369999965174, 0.0, 0.01810235699958085
119.23000000002519, 249.98880638150737, 0.0, 22.312024092337012, 0.0433261674972042, 0.0, -3.007556856975487, -0.11105324999651295, 0.0, 0.017935099874576643
119.24000000002519, 249.98923411360107, 0.0, 22.28194941771431, 0.04222255999723691, 0.0, -3.0073783490395574, -0.10966799999650828, 0.0, 0.017766215999573287
119.2500000000252, 249.98965087890724, 0.0, 22.25187651969962, 0.04113281249726888, 0.0, -3.0072015380854946, -0.10828124999650428, 0.0, 0.01759570312456793
119.2600000000252, 249.990056816101, 0.0, 22.221805381241616, 0.04005693999730844, 0.0, -3.0070264404145632, -0.10689299999649919, 0.0, 0.017423558999563937
119.2700000000252, 249.9904520640073, 0.0, 22.191735985125938, 0.03899495749733908, 0.0, -3.006853072350511, -0.10550324999649478, 0.0, 0.017249781374560236
119.28000000002521, 249.99083676160092, 0.0, 22.161668313974737, 0.037946879997376254, 0.0, -3.0066814502395687, -0.10411199999649061, 0.0, 0.017074367999556195
119.29000000002522, 249.9912110480072, 0.0, 22.13160235024673, 0.036912722497410545, 0.0, -3.0065115904505184, -0.10271924999648623, 0.0, 0.016897316624551184
119.30000000002522, 249.9915750625009, 0.0, 22.10153807623665, 0.035892499997443185, 0.0, -3.0063435093745863, -0.10132499999648163, 0.0, 0.016718624999547682
119.31000000002523, 249.99192894450715, 0.0, 22.07147547407544, 0.03488622749747543, 0.0, -3.006177223425528, -0.09992924999647683, 0.0, 0.016538290874542838
119.32000000002523, 249.99227283360085, 0.0, 22.041414525729564, 0.03389391999751206, 0.0, -3.0060127490395896, -0.0985319999964727, 0.0, 0.016356311999538242
119.33000000002524, 249.99260686950703, 0.0, 22.011355213001195, 0.032915592497550765, 0.0, -3.0058501026755327, -0.09713324999646837, 0.0, 0.016172686124534152
119.34000000002524, 249.99293119210083, 0.0, 21.981297517527693, 0.03195125999758569, 0.0, -3.0056893008146037, -0.09573299999646383, 0.0, 0.015987410999529494
119.35000000002525, 249.99324594140705, 0.0, 21.9512414207815, 0.03100093749762162, 0.0, -3.0055303599605363, -0.09433124999645907, 0.0, 0.015800484374525414
119.36000000002525, 249.99355125760076, 0.0, 21.921186904069977, 0.030064639997652694, 0.0, -3.005373296639611, -0.09292799999645455, 0.0, 0.01561190399952217
119.37000000002526, 249.99384728100696, 0.0, 21.891133948535085, 0.029142382497687257, 0.0, -3.0052181274005516, -0.09152324999644983, 0.0, 0.015421667624517799
119.38000000002526, 249.9941341521007, 0.0, 21.86108253515311, 0.028234179997726552, 0.0, -3.0050648688146158, -0.09011699999644578, 0.0, 0.015229772999512559
119.39000000002527, 249.994412011507, 0.0, 21.831032644734606, 0.02734004749775761, 0.0, -3.004913537475563, -0.08870924999644107, 0.0, 0.015036217874508928
119.40000000002527, 249.9946810000007, 0.0, 21.80098425792405, 0.02645999999779233, 0.0, -3.004764149999625, -0.0872999999964366, 0.0, 0.0148409999995045
119.41000000002528, 249.99494125850686, 0.0, 21.770937355199557, 0.02559405249783195, 0.0, -3.0046167230255634, -0.08588924999643192, 0.0, 0.014644117124499978
119.42000000002528, 249.9951929281006, 0.0, 21.740891916872954, 0.0247422199978635, 0.0, -3.0044712732146426, -0.08447699999642748, 0.0, 0.014445566999496062
119.43000000002529, 249.99543615000687, 0.0, 21.710847923089133, 0.02390451749789533, 0.0, -3.0043278172505854, -0.08306324999642282, 0.0, 0.014245347374492123
119.4400000000253, 249.9956710656006, 0.0, 21.680805353826074, 0.02308095999793223, 0.0, -3.0041863718396513, -0.08164799999641796, 0.0, 0.01404345599948753
119.4500000000253, 249.9958978164068, 0.0, 21.650764188894662, 0.022271562497971895, 0.0, -3.0040469537105903, -0.08023124999641422, 0.0, 0.013839890624482543
119.4600000000253, 249.99611654410054, 0.0, 21.62072440793841, 0.021476339998004905, 0.0, -3.003909579614657, -0.07881299999640938, 0.0, 0.013634648999478305
119.47000000002531, 249.9963273905068, 0.0, 21.590685990432974, 0.020695307498039602, 0.0, -3.003774266325607, -0.07739324999640476, 0.0, 0.013427728874474631
119.48000000002531, 249.99653049760053, 0.0, 21.5606489156865, 0.01992847999807723, 0.0, -3.003641030639667, -0.07597199999640039, 0.0, 0.013219127999470004
119.49000000002532, 249.9967260075067, 0.0, 21.53061316283877, 0.01917587249811548, 0.0, -3.0035098893756054, -0.07454924999639581, 0.0, 0.013008844124465568
119.50000000002532, 249.99691406250048, 0.0, 21.500578710861404, 0.018437499998152036, 0.0, -3.0033808593746762, -0.07312499999639147, 0.0, 0.012796874999460695
119.51000000002533, 249.99709480500672, 0.0, 21.470545538557488, 0.017713377498184593, 0.0, -3.003253957500622, -0.07169924999638647, 0.0, 0.012583218374456973
119.52000000002533, 249.99726837760045, 0.0, 21.440513624561348, 0.017003519998217937, 0.0, -3.003129200639693, -0.07027199999638215, 0.0, 0.012367871999452884
119.53000000002534, 249.99743492300664, 0.0, 21.410482947338267, 0.016307942498256865, 0.0, -3.0030066057006284, -0.06884324999637806, 0.0, 0.012150833624447355
119.54000000002534, 249.9975945841004, 0.0, 21.38045348518444, 0.015626659998295513, 0.0, -3.0028861896147045, -0.06741299999637332, 0.0, 0.011932100999442863
119.55000000002535, 249.99774750390668, 0.0, 21.350425216226597, 0.014959687498328019, 0.0, -3.002767969335647, -0.06598124999636881, 0.0, 0.011711671874439666
119.56000000002535, 249.99789382560036, 0.0, 21.320398118421743, 0.014307039998366277, 0.0, -3.0026519618397085, -0.0645479999963641, 0.0, 0.011489543999434026
119.57000000002536, 249.99803369250657, 0.0, 21.290372169557173, 0.013668732498397321, 0.0, -3.002538184125658, -0.06311324999635962, 0.0, 0.011265715124430198
119.58000000002536, 249.99816724810034, 0.0, 21.260347347249883, 0.013044779998436604, 0.0, -3.0024266532147266, -0.06167699999635537, 0.0, 0.011040182999426218
119.59000000002537, 249.99829463600656, 0.0, 21.230323628946657, 0.012435197498474704, 0.0, -3.0023173861506613, -0.06023924999635047, 0.0, 0.010812945374421457
119.60000000002537, 249.9984160000003, 0.0, 21.200300991923775, 0.011839999998512868, 0.0, -3.0022103999997327, -0.05879999999634625, 0.0, 0.010583999999416172
119.61000000002538, 249.99853148400652, 0.0, 21.17027941328662, 0.011259202498545227, 0.0, -3.002105711850673, -0.05735924999634137, 0.0, 0.010353344624411953
119.62000000002539, 249.99864123210025, 0.0, 21.140258869969706, 0.010692819998583682, 0.0, -3.002003338814742, -0.055916999996337174, 0.0, 0.010120976999407727
119.63000000002539, 249.9987453885065, 0.0, 21.11023933873617, 0.010140867498618818, 0.0, -3.0019032980256863, -0.05447324999633232, 0.0, 0.009886894874403751
119.6400000000254, 249.99884409760028, 0.0, 21.08022079617784, 0.009603359998651872, 0.0, -3.00180560663976, -0.0530279999963277, 0.0, 0.009651095999399395
119.6500000000254, 249.99893750390643, 0.0, 21.050203218714735, 0.009080312498691194, 0.0, -3.001710281835699, -0.05158124999632332, 0.0, 0.009413578124394029
119.6600000000254, 249.99902575210018, 0.0, 21.020186582595116, 0.008571739998723812, 0.0, -3.0016173408147697, -0.05013299999631828, 0.0, 0.00917433899939013
119.67000000002541, 249.99910898700648, 0.0, 20.99017086389506, 0.008077657498761628, 0.0, -3.001526800800713, -0.048683249996313925, 0.0, 0.008933376374385293
119.68000000002542, 249.99918735360018, 0.0, 20.96015603851822, 0.0075980799987987735, 0.0, -3.0014386790397793, -0.0472319999963098, 0.0, 0.008690687999380664
119.69000000002542, 249.99926099700642, 0.0, 20.930142082195836, 0.007133022498836493, 0.0, -3.0013529928007294, -0.045779249996305026, 0.0, 0.008446271624376056
119.70000000002543, 249.99933006250018, 0.0, 20.90012897048618, 0.006682499998876027, 0.0, -3.0012697593747912, -0.04432499999630048, 0.0, 0.008200124999371727
119.71000000002543, 249.99939469550645, 0.0, 20.870116678774558, 0.0062465274989079575, 0.0, -3.0011889960757383, -0.04286924999629573, 0.0, 0.007952245874367492
119.72000000002544, 249.99945504160016, 0.0, 20.840105182273064, 0.0058251199989441844, 0.0, -3.0011107202398115, -0.041411999996291214, 0.0, 0.007702631999363607
119.73000000002544, 249.99951124650636, 0.0, 20.81009445602031, 0.005418292498982396, 0.0, -3.001034949225751, -0.03995324999628693, 0.0, 0.007451281124358111
119.74000000002545, 249.99956345610013, 0.0, 20.780084474881207, 0.00502605999902028, 0.0, -3.000961700414825, -0.03849299999628199, 0.0, 0.00719819099935437
119.75000000002545, 249.9996118164064, 0.0, 20.750075213546666, 0.004648437499059079, 0.0, -3.0008909912107615, -0.03703124999627773, 0.0, 0.0069433593743486455
119.76000000002546, 249.9996564736001, 0.0, 20.720066646533482, 0.00428543999909648, 0.0, -3.0008228390398326, -0.03556799999627326, 0.0, 0.0066867839993447475
119.77000000002546, 249.99969757400635, 0.0, 20.690058748184214, 0.003937082499130173, 0.0, -3.0007572613507794, -0.03410324999626814, 0.0, 0.006428462624340714
119.78000000002547, 249.9997352641001, 0.0, 20.660051492666646, 0.0036033799991685026, 0.0, -3.000694275614846, -0.03263699999626414, 0.0, 0.00616839299933547
119.79000000002547, 249.99976969050635, 0.0, 20.630044853973757, 0.0032843474992056056, 0.0, -3.0006338993257895, -0.031169249996259044, 0.0, 0.005906572874330607
119.80000000002548, 249.99980100000008, 0.0, 20.600038805923518, 0.0029799999992462757, 0.0, -3.00057614999986, -0.02969999999625507, 0.0, 0.005642999999326381
119.81000000002548, 249.99982933950628, 0.0, 20.570033322158686, 0.0026903524992810957, 0.0, -3.0005210451758053, -0.028229249996249997, 0.0, 0.00537767212432172
119.82000000002549, 249.99985485610006, 0.0, 20.540028376146466, 0.002415419999318412, 0.0, -3.000468602414877, -0.0267569999962456, 0.0, 0.0051105869993168795
119.83000000002549, 249.99987769700633, 0.0, 20.510023941178233, 0.0021552174993559135, 0.0, -3.000418839300817, -0.02528324999624144, 0.0, 0.004841742374313007
119.8400000000255, 249.9998980096001, 0.0, 20.480019990369563, 0.001909759999391288, 0.0, -3.000371773439891, -0.023807999996236184, 0.0, 0.00457113599930814
119.8500000000255, 249.9999159414063, 0.0, 20.450016496659792, 0.0016790624994293298, 0.0, -3.0003274224608294, -0.02233124999623205, 0.0, 0.0042987656243034245
119.86000000002551, 249.99993164010004, 0.0, 20.420013432811878, 0.001463139999467727, 0.0, -3.000285804014897, -0.02085299999622726, 0.0, 0.004024628999298674
119.87000000002551, 249.9999452535063, 0.0, 20.390010771412108, 0.0012620074995077207, 0.0, -3.000246935775845, -0.019373249996222704, 0.0, 0.0037487238742937024
119.88000000002552, 249.99995692960002, 0.0, 20.360008484869958, 0.0010756799995434467, 0.0, -3.0002108354399155, -0.017891999996218384, 0.0, 0.003471047999289656
119.89000000002552, 249.99996681650623, 0.0, 20.330006545417852, 0.0009041724995796989, 0.0, -3.0001775207258614, -0.01640924999621341, 0.0, 0.003191599124284128
119.90000000002553, 249.99997506250003, 0.0, 20.300004925110876, 0.0007474999996212708, 0.0, -3.000147009374931, -0.014924999996209116, 0.0, 0.002910374999280041
119.91000000002553, 249.9999818160063, 0.0, 20.270003595826616, 0.0006056774996587458, 0.0, -3.000119319150876, -0.013439249996204166, 0.0, 0.0026273733742754324
119.92000000002554, 249.9999872256, 0.0, 20.240002529264785, 0.0004787199996969174, 0.0, -3.000094467839938, -0.011951999996199896, 0.0, 0.002342591999269672
119.93000000002554, 249.99999144000623, 0.0, 20.21000169694735, 0.0003666424997299213, 0.0, -3.0000724732508903, -0.010463249996195417, 0.0, 0.0020560286242656822
119.94000000002555, 249.9999946081, 0.0, 20.18000107021792, 0.0002694599997732096, 0.0, -3.000053353214957, -0.008972999996190282, 0.0, 0.0017676809992606124
119.95000000002555, 249.99999687890627, 0.0, 20.15000062024164, 0.0001871874998102597, 0.0, -3.0000371255858997, -0.007481249996186271, 0.0, 0.0014775468742556086
119.96000000002556, 249.9999984016, 0.0, 20.120000318005225, 0.00011983999984586551, 0.0, -3.000023808239975, -0.005987999996181162, 0.0, 0.0011856239992513729
119.97000000002556, 249.9999993255062, 0.0, 20.09000013431625, 6.743249988837355e-05, 0.0, -3.0000134190759162, -0.004493249996176731, 0.0, 0.0008919101242468308
119.98000000002557, 249.9999998001, 0.0, 20.060000039803327, 2.9979999921261336e-05, 0.0, -3.0000059760149878, -0.0029969999961720908, 0.0, 0.0005964029992422404
119.99000000002557, 249.99999997500626, 0.0, 20.030000004915756, 7.497499963533553e-06, 0.0, -3.000001497000934, -0.0014992499961676848, 0.0, 0.0002991003742374154
120.00000000002558, 250.0, 0.0, 19.99999999992326, 0.0, 0.0, -3.0, 0.0, 0.0, 2.7625901566360536e-12
120.01000000002558, 250.0, 0.0, 19.97000001792424, 0.0, 0.0, -2.999994599602972, 0.0, 0.0, 0.0010801188027637469
120.02000000002559, 250.0, 0.0, 19.94000014393904, 0.0, 0.0, -2.9999783968479448, 0.0, 0.0, 0.002160470402764886
120.0300000000256, 250.0, 0.0, 19.910000486002758, 0.0, 0.0, -2.999951389442917, 0.0, 0.0, 0.0032410476027660063
120.0400000000256, 250.0, 0.0, 19.88000115217306, 0.0, 0.0, -2.9999135751678896, 0.0, 0.0, 0.004321843202767109
120.0500000000256, 250.0, 0.0, 19.85000225052944, 0.0, 0.0, -2.9998649518748617, 0.0, 0.0, 0.005402850002768193
120.06000000002561, 250.0, 0.0, 19.820003889172522, 0.0, 0.0, -2.999805517487834, 0.0, 0.0, 0.006484060802769258
120.07000000002562, 250.0, 0.0, 19.79000617622332, 0.0, 0.0, -2.999735270002806, 0.0, 0.0, 0.007565468402770306
120.08000000002562, 250.0, 0.0, 19.760009219822543, 0.0, 0.0, -2.9996542074877786, 0.0, 0.0, 0.008647065602771335
120.09000000002563, 250.0, 0.0, 19.73001312812984, 0.0, 0.0, -2.999562328082751, 0.0, 0.0, 0.009728845202772346
120.10000000002563, 250.0, 0.0, 19.700018009323124, 0.0, 0.0, -2.999459629999723, 0.0, 0.0, 0.01081080000277334
120.11000000002564, 250.0, 0.0, 19.670023971597804, 0.0, 0.0, -2.9993461115226947, 0.0, 0.0, 0.011892922802774314
120.12000000002564, 250.0, 0.0, 19.640031123166104, 0.0, 0.0, -2.9992217710076674, 0.0, 0.0, 0.01297520640277527
120.13000000002565, 250.0, 0.0, 19.61003957225633, 0.0, 0.0, -2.99908660688264, 0.0, 0.0, 0.014057643602776209
120.14000000002565, 250.0, 0.0, 19.58004942711213, 0.0, 0.0, -2.9989406176476114, 0.0, 0.0, 0.01514022720277713
120.15000000002566, 250.0, 0.0, 19.550060795991815, 0.0, 0.0, -2.998783801874584, 0.0, 0.0, 0.01622295000277803
120.16000000002566, 250.0, 0.0, 19.520073787167597, 0.0, 0.0, -2.9986161582075557, 0.0, 0.0, 0.01730580480277891
120.17000000002567, 250.0, 0.0, 19.490088508924902, 0.0, 0.0, -2.998437685362528, 0.0, 0.0, 0.018388784402779777
120.18000000002567, 250.0, 0.0, 19.46010506956162, 0.0, 0.0, -2.9982483821275, 0.0, 0.0, 0.019471881602780624
120.19000000002568, 250.0, 0.0, 19.430123577387427, 0.0, 0.0, -2.9980482473624726, 0.0, 0.0, 0.020555089202781453
120.20000000002568, 250.0, 0.0, 19.400144140723008, 0.0, 0.0, -2.997837279999444, 0.0, 0.0, 0.021638400002782263
120.21000000002569, 250.0, 0.0, 19.370166867899396, 0.0, 0.0, -2.997615479042416, 0.0, 0.0, 0.02272180680278305
120.22000000002569, 250.0, 0.0, 19.340191867257197, 0.0, 0.0, -2.9973828435673884, 0.0, 0.0, 0.023805302402783828
120.2300000000257, 250.0, 0.0, 19.310219247145923, 0.0, 0.0, -2.9971393727223603, 0.0, 0.0, 0.02488887960278458
120.2400000000257, 250.0, 0.0, 19.28024911592323, 0.0, 0.0, -2.9968850657273323, 0.0, 0.0, 0.025972531202785316
120.25000000002571, 250.0, 0.0, 19.250281581954216, 0.0, 0.0, -2.9966199218743044, 0.0, 0.0, 0.027056250002786032
120.26000000002571, 250.0, 0.0, 19.2203167536107, 0.0, 0.0, -2.9963439405272765, 0.0, 0.0, 0.028140028802786734
120.27000000002572, 250.0, 0.0, 19.190354739270504, 0.0, 0.0, -2.9960571211222486, 0.0, 0.0, 0.029223860402787412
120.28000000002572, 250.0, 0.0, 19.16039564731673, 0.0, 0.0, -2.9957594631672206, 0.0, 0.0, 0.030307737602788078
120.29000000002573, 250.0, 0.0, 19.13043958613704, 0.0, 0.0, -2.9954509662421924, 0.0, 0.0, 0.031391653202788715
120.30000000002573, 250.0, 0.0, 19.100486664122926, 0.0, 0.0, -2.995131629999164, 0.0, 0.0, 0.032475600002789345
120.31000000002574, 250.0, 0.0, 19.070536989669012, 0.0, 0.0, -2.994801454162136, 0.0, 0.0, 0.03355957080278995
120.32000000002574, 250.0, 0.0, 19.040590671172318, 0.0, 0.0, -2.9944604385271085, 0.0, 0.0, 0.03464355840279054
120.33000000002575, 250.0, 0.0, 19.01064781703155, 0.0, 0.0, -2.99410858296208, 0.0, 0.0, 0.03572755560279111
120.34000000002575, 250.0, 0.0, 18.980708535646357, 0.0, 0.0, -2.993745887407052, 0.0, 0.0, 0.03681155520279166
120.35000000002576, 250.0, 0.0, 18.950772935416644, 0.0, 0.0, -2.993372351874024, 0.0, 0.0, 0.03789555000279219
120.36000000002576, 250.0, 0.0, 18.920841124741834, 0.0, 0.0, -2.992987976446996, 0.0, 0.0, 0.038979532802792705
120.37000000002577, 250.0, 0.0, 18.89091321202014, 0.0, 0.0, -2.9925927612819674, 0.0, 0.0, 0.040063496402793206
120.38000000002577, 250.0, 0.0, 18.860989305647873, 0.0, 0.0, -2.9921867066069394, 0.0, 0.0, 0.04114743360279368
120.39000000002578, 250.0, 0.0, 18.831069514018683, 0.0, 0.0, -2.9917698127219112, 0.0, 0.0, 0.04223133720279414
120.40000000002578, 250.0, 0.0, 18.80115394552287, 0.0, 0.0, -2.9913420799988835, 0.0, 0.0, 0.043315200002794575
120.41000000002579, 250.0, 0.0, 18.771242708546662, 0.0, 0.0, -2.990903508881855, 0.0, 0.0, 0.044399014802795
120.4200000000258, 250.0, 0.0, 18.74133591147147, 0.0, 0.0, -2.9904540998868265, 0.0, 0.0, 0.0454827744027954
120.4300000000258, 250.0, 0.0, 18.711433662673205, 0.0, 0.0, -2.9899938536017983, 0.0, 0.0, 0.046566471602795784
120.4400000000258, 250.0, 0.0, 18.681536070521513, 0.0, 0.0, -2.9895227706867704, 0.0, 0.0, 0.04765009920279615
120.45000000002581, 250.0, 0.0, 18.651643243379105, 0.0, 0.0, -2.989040851873742, 0.0, 0.0, 0.0487336500027965
120.46000000002581, 250.0, 0.0, 18.621755289600998, 0.0, 0.0, -2.988548097966714, 0.0, 0.0, 0.049817116802796824
120.47000000002582, 250.0, 0.0, 18.591872317533806, 0.0, 0.0, -2.9880445098416857, 0.0, 0.0, 0.050900492402797134
120.48000000002583, 250.0, 0.0, 18.561994435515036, 0.0, 0.0, -2.9875300884466576, 0.0, 0.0, 0.05198376960279743
120.49000000002583, 250.0, 0.0, 18.532121751872353, 0.0, 0.0, -2.987004834801629, 0.0, 0.0, 0.0530669412027977
120.50000000002584, 250.0, 0.0, 18.502254374922845, 0.0, 0.0, -2.986468749998601, 0.0, 0.0, 0.05415000000279795
120.51000000002584, 250.0, 0.0, 18.472392412972336, 0.0, 0.0, -2.9859218352015726, 0.0, 0.0, 0.055232938802798184
120.52000000002585, 250.0, 0.0, 18.44253597431465, 0.0, 0.0, -2.9853640916465443, 0.0, 0.0, 0.0563157504027984
120.53000000002585, 250.0, 0.0, 18.412685167230883, 0.0, 0.0, -2.984795520641516, 0.0, 0.0, 0.0573984276027986
120.54000000002586, 250.0, 0.0, 18.382840099988695, 0.0, 0.0, -2.984216123566488, 0.0, 0.0, 0.05848096320279877
120.55000000002586, 250.0, 0.0, 18.353000880841588, 0.0, 0.0, -2.9836259018734594, 0.0, 0.0, 0.059563350002798936
120.56000000002587, 250.0, 0.0, 18.323167618028187, 0.0, 0.0, -2.9830248570864315, 0.0, 0.0, 0.060645580802799075
120.57000000002587, 250.0, 0.0, 18.293340419771496, 0.0, 0.0, -2.982412990801403, 0.0, 0.0, 0.0617276484027992
120.58000000002588, 250.0, 0.0, 18.263519394278237, 0.0, 0.0, -2.9817903046863745, 0.0, 0.0, 0.0628095456027993
120.59000000002588, 250.0, 0.0, 18.233704649738048, 0.0, 0.0, -2.9811568004813465, 0.0, 0.0, 0.06389126520279938
120.60000000002589, 250.0, 0.0, 18.203896294322846, 0.0, 0.0, -2.980512479998318, 0.0, 0.0, 0.06497280000279945
120.61000000002589, 250.0, 0.0, 18.174094436186042, 0.0, 0.0, -2.9798573451212897, 0.0, 0.0, 0.06605414280279949
120.6200000000259, 250.0, 0.0, 18.144299183461854, 0.0, 0.0, -2.9791913978062614, 0.0, 0.0, 0.06713528640279953
120.6300000000259, 250.0, 0.0, 18.114510644264595, 0.0, 0.0, -2.978514640081233, 0.0, 0.0, 0.06821622360279954
120.6400000000259, 250.0, 0.0, 18.08472892668791, 0.0, 0.0, -2.9778270740462047, 0.0, 0.0, 0.06929694720279952
120.65000000002591, 250.0, 0.0, 18.054954138804106, 0.0, 0.0, -2.9771287018731765, 0.0, 0.0, 0.0703774500027995
120.66000000002592, 250.0, 0.0, 18.025186388663407, 0.0, 0.0, -2.976419525806148, 0.0, 0.0, 0.07145772480279945
120.67000000002592, 250.0, 0.0, 17.99542578429322, 0.0, 0.0, -2.9756995481611197, 0.0, 0.0, 0.07253776440279937
120.68000000002593, 250.0, 0.0, 17.96567243369746, 0.0, 0.0, -2.974968771326091, 0.0, 0.0, 0.07361756160279928
120.69000000002593, 250.0, 0.0, 17.935926444855777, 0.0, 0.0, -2.974227197761063, 0.0, 0.0, 0.07469710920279918
120.70000000002594, 250.0, 0.0, 17.906187925722875, 0.0, 0.0, -2.9734748299980347, 0.0, 0.0, 0.07577640000279906
120.71000000002594, 250.0, 0.0, 17.876456984227776, 0.0, 0.0, -2.972711670641006, 0.0, 0.0, 0.07685542680279892
120.72000000002595, 250.0, 0.0, 17.846733728273094, 0.0, 0.0, -2.9719377223659778, 0.0, 0.0, 0.07793418240279876
120.73000000002595, 250.0, 0.0, 17.81701826573433, 0.0, 0.0, -2.9711529879209495, 0.0, 0.0, 0.07901265960279857
120.74000000002596, 250.0, 0.0, 17.78731070445915, 0.0, 0.0, -2.9703574701259208, 0.0, 0.0, 0.08009085120279838
120.75000000002596, 250.0, 0.0, 17.75761115226665, 0.0, 0.0, -2.9695511718728924, 0.0, 0.0, 0.08116875000279816
120.76000000002597, 250.0, 0.0, 17.72791971694665, 0.0, 0.0, -2.9687340961258646, 0.0, 0.0, 0.08224634880279792
120.77000000002597, 250.0, 0.0, 17.698236506258972, 0.0, 0.0, -2.967906245920836, 0.0, 0.0, 0.08332364040279766
120.78000000002598, 250.0, 0.0, 17.66856162793271, 0.0, 0.0, -2.967067624365807, 0.0, 0.0, 0.08440061760279739
120.79000000002598, 250.0, 0.0, 17.638895189665533, 0.0, 0.0, -2.966218234640779, 0.0, 0.0, 0.0854772732027971
120.80000000002599, 250.0, 0.0, 17.609237299122935, 0.0, 0.0, -2.965358079997751, 0.0, 0.0, 0.08655360000279679
120.810000000026, 250.0, 0.0, 17.57958806393754, 0.0, 0.0, -2.964487163760722, 0.0, 0.0, 0.08762959080279645
120.820000000026, 250.0, 0.0, 17.549947591708356, 0.0, 0.0, -2.9636054893256936, 0.0, 0.0, 0.08870523840279611
120.830000000026, 250.0, 0.0, 17.520315990000096, 0.0, 0.0, -2.9627130601606657, 0.0, 0.0, 0.08978053560279574
120.84000000002601, 250.0, 0.0, 17.490693366342423, 0.0, 0.0, -2.961809879805637, 0.0, 0.0, 0.09085547520279535
120.85000000002601, 250.0, 0.0, 17.461079828229224, 0.0, 0.0, -2.9608959518726086, 0.0, 0.0, 0.09193005000279493
120.86000000002602, 250.0, 0.0, 17.43147548311793, 0.0, 0.0, -2.95997128004558, 0.0, 0.0, 0.09300425280279452
120.87000000002602, 250.0, 0.0, 17.40188043842875, 0.0, 0.0, -2.9590358680805515, 0.0, 0.0, 0.09407807640279407
120.88000000002603, 250.0, 0.0, 17.372294801543994, 0.0, 0.0, -2.9580897198055234, 0.0, 0.0, 0.09515151360279359
120.89000000002603, 250.0, 0.0, 17.342718679807316, 0.0, 0.0, -2.957132839120495, 0.0, 0.0, 0.0962245572027931
120.90000000002604, 250.0, 0.0, 17.313152180523023, 0.0, 0.0, -2.9561652299974663, 0.0, 0.0, 0.0972972000027926
120.91000000002605, 250.0, 0.0, 17.28359541095533, 0.0, 0.0, -2.9551868964804378, 0.0, 0.0, 0.09836943480279209
120.92000000002605, 250.0, 0.0, 17.25404847832765, 0.0, 0.0, -2.9541978426854096, 0.0, 0.0, 0.09944125440279153
120.93000000002606, 250.0, 0.0, 17.224511489821897, 0.0, 0.0, -2.9531980728003813, 0.0, 0.0, 0.10051265160279096
120.94000000002606, 250.0, 0.0, 17.194984552577722, 0.0, 0.0, -2.9521875910853526, 0.0, 0.0, 0.1015836192027904
120.95000000002607, 250.0, 0.0, 17.165467773691823, 0.0, 0.0, -2.951166401872324, 0.0, 0.0, 0.10265415000278978
120.96000000002607, 250.0, 0.0, 17.135961260217233, 0.0, 0.0, -2.950134509565296, 0.0, 0.0, 0.10372423680278918
120.97000000002608, 250.0, 0.0, 17.106465119162557, 0.0, 0.0, -2.9490919186402675, 0.0, 0.0, 0.10479387240278853
120.98000000002608, 250.0, 0.0, 17.0769794574913, 0.0, 0.0, -2.9480386336452384, 0.0, 0.0, 0.10586304960278789
120.99000000002609, 250.0, 0.0, 17.04750438212113, 0.0, 0.0, -2.9469746592002104, 0.0, 0.0, 0.1069317612027872
121.00000000002609, 250.0, 0.0, 17.018039999923136, 0.0, 0.0, -2.9458999999971818, 0.0, 0.0, 0.1080000000027865
121.0100000000261, 250.0, 0.0, 16.988586417721145, 0.0, 0.0, -2.9448146608001537, 0.0, 0.0, 0.1090677588027858
121.0200000000261, 250.0, 0.0, 16.959143742290976, 0.0, 0.0, -2.943718646445125, 0.0, 0.0, 0.11013503040278506
121.0300000000261, 250.0, 0.0, 16.92971208035972, 0.0, 0.0, -2.942611961840097, 0.0, 0.0, 0.11120180760278431
121.04000000002611, 250.0, 0.0, 16.900291538605046, 0.0, 0.0, -2.9414946119650685, 0.0, 0.0, 0.11226808320278353
121.05000000002612, 250.0, 0.0, 16.870882223654455, 0.0, 0.0, -2.9403666018720402, 0.0, 0.0, 0.11333385000278273
121.06000000002612, 250.0, 0.0, 16.841484242084565, 0.0, 0.0, -2.9392279366850116, 0.0, 0.0, 0.11439910080278193
121.07000000002613, 250.0, 0.0, 16.812097700420395, 0.0, 0.0, -2.9380786215999835, 0.0, 0.0, 0.1154638284027811
121.08000000002613, 250.0, 0.0, 16.782722705134645, 0.0, 0.0, -2.936918661884955, 0.0, 0.0, 0.11652802560278025
121.09000000002614, 250.0, 0.0, 16.753359362646975, 0.0, 0.0, -2.9357480628799264, 0.0, 0.0, 0.11759168520277936
121.10000000002614, 250.0, 0.0, 16.724007779323284, 0.0, 0.0, -2.934566829996898, 0.0, 0.0, 0.11865480000277848
121.11000000002615, 250.0, 0.0, 16.694668061474996, 0.0, 0.0, -2.93337496871987, 0.0, 0.0, 0.11971736280277756
121.12000000002615, 250.0, 0.0, 16.66534031535832, 0.0, 0.0, -2.9321724846048416, 0.0, 0.0, 0.12077936640277663
121.13000000002616, 250.0, 0.0, 16.63602464717357, 0.0, 0.0, -2.930959383279813, 0.0, 0.0, 0.1218408036027757
121.14000000002616, 250.0, 0.0, 16.606721163064403, 0.0, 0.0, -2.929735670444785, 0.0, 0.0, 0.12290166720277472
121.15000000002617, 250.0, 0.0, 16.57742996911712, 0.0, 0.0, -2.9285013518717564, 0.0, 0.0, 0.12396195000277374
121.16000000002617, 250.0, 0.0, 16.54815117135993, 0.0, 0.0, -2.927256433404728, 0.0, 0.0, 0.12502164480277275
121.17000000002618, 250.0, 0.0, 16.51888487576226, 0.0, 0.0, -2.9260009209596998, 0.0, 0.0, 0.1260807444027717
121.18000000002618, 250.0, 0.0, 16.489631188234014, 0.0, 0.0, -2.9247348205246713, 0.0, 0.0, 0.12713924160277065
121.19000000002619, 250.0, 0.0, 16.460390214624844, 0.0, 0.0, -2.9234581381596425, 0.0, 0.0, 0.12819712920276957
121.2000000000262, 250.0, 0.0, 16.43116206072346, 0.0, 0.0, -2.9221708799966146, 0.0, 0.0, 0.12925440000276853
121.2100000000262, 250.0, 0.0, 16.40194683225687, 0.0, 0.0, -2.9208730522395863, 0.0, 0.0, 0.1303110468027674
121.2200000000262, 250.0, 0.0, 16.372744634889706, 0.0, 0.0, -2.9195646611645576, 0.0, 0.0, 0.13136706240276627
121.23000000002621, 250.0, 0.0, 16.34355557422346, 0.0, 0.0, -2.9182457131195294, 0.0, 0.0, 0.13242243960276515
121.24000000002621, 250.0, 0.0, 16.31437975579579, 0.0, 0.0, -2.916916214524501, 0.0, 0.0, 0.13347717120276398
121.25000000002622, 250.0, 0.0, 16.28521728507981, 0.0, 0.0, -2.9155761718714728, 0.0, 0.0, 0.13453125000276278
121.26000000002622, 250.0, 0.0, 16.256068267483318, 0.0, 0.0, -2.9142255917244446, 0.0, 0.0, 0.1355846688027616
121.27000000002623, 250.0, 0.0, 16.226932808348156, 0.0, 0.0, -2.9128644807194157, 0.0, 0.0, 0.1366374204027604
121.28000000002623, 250.0, 0.0, 16.197811012949412, 0.0, 0.0, -2.911492845564388, 0.0, 0.0, 0.13768949760275914
121.29000000002624, 250.0, 0.0, 16.168702986494743, 0.0, 0.0, -2.9101106930393597, 0.0, 0.0, 0.13874089320275787
121.30000000002624, 250.0, 0.0, 16.139608834123663, 0.0, 0.0, -2.9087180299963316, 0.0, 0.0, 0.1397916000027566
121.31000000002625, 250.0, 0.0, 16.110528660906777, 0.0, 0.0, -2.907314863359303, 0.0, 0.0, 0.14084161080275528
121.32000000002625, 250.0, 0.0, 16.081462571845115, 0.0, 0.0, -2.9059012001242746, 0.0, 0.0, 0.14189091840275397
121.33000000002626, 250.0, 0.0, 16.052410671869367, 0.0, 0.0, -2.9044770473592463, 0.0, 0.0, 0.14293951560275267
121.34000000002627, 250.0, 0.0, 16.023373065839206, 0.0, 0.0, -2.9030424122042184, 0.0, 0.0, 0.14398739520275128
121.35000000002627, 250.0, 0.0, 15.994349858542524, 0.0, 0.0, -2.90159730187119, 0.0, 0.0, 0.14503455000274992
121.36000000002628, 250.0, 0.0, 15.965341154694741, 0.0, 0.0, -2.9001417236441616, 0.0, 0.0, 0.1460809728027485
121.37000000002628, 250.0, 0.0, 15.93634705893808, 0.0, 0.0, -2.8986756848791337, 0.0, 0.0, 0.1471266564027471
121.38000000002629, 250.0, 0.0, 15.907367675840838, 0.0, 0.0, -2.8971991930041052, 0.0, 0.0, 0.14817159360274568
121.39000000002629, 250.0, 0.0, 15.878403109896675, 0.0, 0.0, -2.895712255519077, 0.0, 0.0, 0.1492157772027442
121.4000000000263, 250.0, 0.0, 15.849453465523895, 0.0, 0.0, -2.8942148799960488, 0.0, 0.0, 0.15025920000274273
121.4100000000263, 250.0, 0.0, 15.820518847064713, 0.0, 0.0, -2.892707074079021, 0.0, 0.0, 0.15130185480274122
121.4200000000263, 250.0, 0.0, 15.791599358784552, 0.0, 0.0, -2.8911888454839927, 0.0, 0.0, 0.1523437344027397
121.43000000002631, 250.0, 0.0, 15.762695104871312, 0.0, 0.0, -2.8896602019989643, 0.0, 0.0, 0.15338483160273816
121.44000000002632, 250.0, 0.0, 15.733806189434652, 0.0, 0.0, -2.8881211514839364, 0.0, 0.0, 0.1544251392027366
121.45000000002632, 250.0, 0.0, 15.704932716505272, 0.0, 0.0, -2.886571701870908, 0.0, 0.0, 0.15546465000273504
121.46000000002633, 250.0, 0.0, 15.676074790034193, 0.0, 0.0, -2.8850118611638798, 0.0, 0.0, 0.15650335680273345
121.47000000002633, 250.0, 0.0, 15.647232513892034, 0.0, 0.0, -2.8834416374388514, 0.0, 0.0, 0.1575412524027318
121.48000000002634, 250.0, 0.0, 15.618405991868293, 0.0, 0.0, -2.881861038843824, 0.0, 0.0, 0.1585783296027302
121.49000000002634, 250.0, 0.0, 15.589595327670635, 0.0, 0.0, -2.8802700735987954, 0.0, 0.0, 0.15961458120272856
121.50000000002635, 250.0, 0.0, 15.560800624924157, 0.0, 0.0, -2.8786687499957675, 0.0, 0.0, 0.16065000000272686
121.51000000002635, 250.0, 0.0, 15.532021987170678, 0.0, 0.0, -2.877057076398739, 0.0, 0.0, 0.1616845788027252
121.52000000002636, 250.0, 0.0, 15.50325951786802, 0.0, 0.0, -2.8754350612437114, 0.0, 0.0, 0.16271831040272347
121.53000000002636, 250.0, 0.0, 15.474513320389281, 0.0, 0.0, -2.873802713038683, 0.0, 0.0, 0.16375118760272173
121.54000000002637, 250.0, 0.0, 15.445783498022125, 0.0, 0.0, -2.872160040363655, 0.0, 0.0, 0.16478320320272
121.55000000002637, 250.0, 0.0, 15.417070153968048, 0.0, 0.0, -2.870507051870627, 0.0, 0.0, 0.16581435000271819
121.56000000002638, 250.0, 0.0, 15.388373391341672, 0.0, 0.0, -2.868843756283599, 0.0, 0.0, 0.16684462080271642
121.57000000002638, 250.0, 0.0, 15.359693313170014, 0.0, 0.0, -2.867170162398571, 0.0, 0.0, 0.1678740084027146
121.58000000002639, 250.0, 0.0, 15.33103002239178, 0.0, 0.0, -2.865486279083543, 0.0, 0.0, 0.16890250560271278
121.5900000000264, 250.0, 0.0, 15.302383621856622, 0.0, 0.0, -2.8637921152785153, 0.0, 0.0, 0.16993010520271093
121.6000000000264, 250.0, 0.0, 15.273754214324448, 0.0, 0.0, -2.862087679995487, 0.0, 0.0, 0.17095680000270905
121.6100000000264, 250.0, 0.0, 15.24514190246467, 0.0, 0.0, -2.860372982318459, 0.0, 0.0, 0.17198258280270715
121.62000000002641, 250.0, 0.0, 15.216546788855517, 0.0, 0.0, -2.858648031403431, 0.0, 0.0, 0.17300744640270524
121.63000000002641, 250.0, 0.0, 15.18796897598328, 0.0, 0.0, -2.8569128364784033, 0.0, 0.0, 0.17403138360270332
121.64000000002642, 250.0, 0.0, 15.159408566241627, 0.0, 0.0, -2.8551674068433757, 0.0, 0.0, 0.17505438720270136
121.65000000002642, 250.0, 0.0, 15.130865661930853, 0.0, 0.0, -2.8534117518703472, 0.0, 0.0, 0.1760764500026994
121.66000000002643, 250.0, 0.0, 15.102340365257179, 0.0, 0.0, -2.8516458810033196, 0.0, 0.0, 0.1770975648026974
121.67000000002643, 250.0, 0.0, 15.073832778332026, 0.0, 0.0, -2.8498698037582915, 0.0, 0.0, 0.17811772440269538
121.68000000002644, 250.0, 0.0, 15.04534300317129, 0.0, 0.0, -2.848083529723264, 0.0, 0.0, 0.17913692160269334
121.69000000002644, 250.0, 0.0, 15.016871141694638, 0.0, 0.0, -2.8462870685582358, 0.0, 0.0, 0.1801551492026913
121.70000000002645, 250.0, 0.0, 14.988417295724766, 0.0, 0.0, -2.844480429995208, 0.0, 0.0, 0.18117240000268922
121.71000000002645, 250.0, 0.0, 14.959981566986693, 0.0, 0.0, -2.84266362383818, 0.0, 0.0, 0.18218866680268714
121.72000000002646, 250.0, 0.0, 14.931564057107039, 0.0, 0.0, -2.840836659963153, 0.0, 0.0, 0.18320394240268503
121.73000000002646, 250.0, 0.0, 14.90316486761331, 0.0, 0.0, -2.838999548318125, 0.0, 0.0, 0.1842182196026829
121.74000000002647, 250.0, 0.0, 14.874784099933159, 0.0, 0.0, -2.8371522989230975, 0.0, 0.0, 0.18523149120268076
121.75000000002647, 250.0, 0.0, 14.846421855393686, 0.0, 0.0, -2.8352949218700694, 0.0, 0.0, 0.18624375000267857
121.76000000002648, 250.0, 0.0, 14.818078235220716, 0.0, 0.0, -2.8334274273230413, 0.0, 0.0, 0.18725498880267638
121.77000000002649, 250.0, 0.0, 14.789753340538065, 0.0, 0.0, -2.831549825518014, 0.0, 0.0, 0.18826520040267417
121.78000000002649, 250.0, 0.0, 14.761447272366835, 0.0, 0.0, -2.8296621267629862, 0.0, 0.0, 0.18927437760267193
121.7900000000265, 250.0, 0.0, 14.733160131624683, 0.0, 0.0, -2.8277643414379585, 0.0, 0.0, 0.19028251320266967
121.8000000000265, 250.0, 0.0, 14.704892019125113, 0.0, 0.0, -2.825856479994931, 0.0, 0.0, 0.19128960000266743
121.8100000000265, 250.0, 0.0, 14.676643035576744, 0.0, 0.0, -2.8239385529579035, 0.0, 0.0, 0.19229563080266512
121.82000000002651, 250.0, 0.0, 14.648413281582593, 0.0, 0.0, -2.8220105709228753, 0.0, 0.0, 0.1933005984026628
121.83000000002652, 250.0, 0.0, 14.620202857639365, 0.0, 0.0, -2.820072544557848, 0.0, 0.0, 0.19430449560266047
121.84000000002652, 250.0, 0.0, 14.592011864136717, 0.0, 0.0, -2.8181244846028206, 0.0, 0.0, 0.1953073152026581
121.85000000002653, 250.0, 0.0, 14.56384040135655, 0.0, 0.0, -2.816166401869793, 0.0, 0.0, 0.1963090500026557
121.86000000002653, 250.0, 0.0, 14.53568856947228, 0.0, 0.0, -2.814198307242765, 0.0, 0.0, 0.1973096928026533
121.87000000002654, 250.0, 0.0, 14.507556468548133, 0.0, 0.0, -2.8122202116777375, 0.0, 0.0, 0.1983092364026509
121.88000000002654, 250.0, 0.0, 14.479444198538404, 0.0, 0.0, -2.8102321262027106, 0.0, 0.0, 0.19930767360264845
121.89000000002655, 250.0, 0.0, 14.451351859286756, 0.0, 0.0, -2.8082340619176827, 0.0, 0.0, 0.20030499720264602
121.90000000002655, 250.0, 0.0, 14.423279550525491, 0.0, 0.0, -2.806226029994655, 0.0, 0.0, 0.20130120000264354
121.91000000002656, 250.0, 0.0, 14.395227371874824, 0.0, 0.0, -2.8042080416776276, 0.0, 0.0, 0.20229627480264104
121.92000000002656, 250.0, 0.0, 14.367195422842176, 0.0, 0.0, -2.8021801082826006, 0.0, 0.0, 0.20329021440263853
121.93000000002657, 250.0, 0.0, 14.339183802821452, 0.0, 0.0, -2.8001422411975727, 0.0, 0.0, 0.204283011602636
121.94000000002657, 250.0, 0.0, 14.311192611092306, 0.0, 0.0, -2.7980944518825455, 0.0, 0.0, 0.20527465920263344
121.95000000002658, 250.0, 0.0, 14.283221946819438, 0.0, 0.0, -2.796036751869518, 0.0, 0.0, 0.20626515000263085
121.96000000002658, 250.0, 0.0, 14.255271909051874, 0.0, 0.0, -2.7939691527624904, 0.0, 0.0, 0.20725447680262826
121.97000000002659, 250.0, 0.0, 14.22734259672223, 0.0, 0.0, -2.791891666237463, 0.0, 0.0, 0.20824263240262564
121.98000000002659, 250.0, 0.0, 14.199434108646004, 0.0, 0.0, -2.789804304042436, 0.0, 0.0, 0.20922960960262302
121.9900000000266, 250.0, 0.0, 14.171546543520861, 0.0, 0.0, -2.787707077997409, 0.0, 0.0, 0.21021540120262033
122.0000000000266, 250.0, 0.0, 14.143679999925896, 0.0, 0.0, -2.7855999999943815, 0.0, 0.0, 0.21120000000261768
122.01000000002661, 250.0, 0.0, 14.115834576320932, 0.0, 0.0, -2.7834830819973546, 0.0, 0.0, 0.212183398802615
122.02000000002661, 250.0, 0.0, 14.088010371045788, 0.0, 0.0, -2.781356336042327, 0.0, 0.0, 0.21316559040261226
122.03000000002662, 250.0, 0.0, 14.060207482319564, 0.0, 0.0, -2.7792197742372995, 0.0, 0.0, 0.21414656760260953
122.04000000002662, 250.0, 0.0, 14.032426008239922, 0.0, 0.0, -2.7770734087622726, 0.0, 0.0, 0.21512632320260675
122.05000000002663, 250.0, 0.0, 14.00466604678236, 0.0, 0.0, -2.7749172518692453, 0.0, 0.0, 0.216104850002604
122.06000000002663, 250.0, 0.0, 13.976927695799496, 0.0, 0.0, -2.7727513158822186, 0.0, 0.0, 0.21708214080260116
122.07000000002664, 250.0, 0.0, 13.949211053020354, 0.0, 0.0, -2.7705756131971913, 0.0, 0.0, 0.21805818840259836
122.08000000002664, 250.0, 0.0, 13.921516216049632, 0.0, 0.0, -2.768390156282164, 0.0, 0.0, 0.21903298560259554
122.09000000002665, 250.0, 0.0, 13.89384328236699, 0.0, 0.0, -2.7661949576771376, 0.0, 0.0, 0.22000652520259267
122.10000000002665, 250.0, 0.0, 13.86619234932633, 0.0, 0.0, -2.7639900299941105, 0.0, 0.0, 0.22097880000258976
122.11000000002666, 250.0, 0.0, 13.838563514155068, 0.0, 0.0, -2.761775385917083, 0.0, 0.0, 0.22194980280258686
122.12000000002666, 250.0, 0.0, 13.810956873953426, 0.0, 0.0, -2.759551038202056, 0.0, 0.0, 0.22291952640258395
122.13000000002667, 250.0, 0.0, 13.783372525693707, 0.0, 0.0, -2.757316999677029, 0.0, 0.0, 0.223887963602581
122.14000000002667, 250.0, 0.0, 13.755810566219566, 0.0, 0.0, -2.755073283242002, 0.0, 0.0, 0.22485510720257806
122.15000000002668, 250.0, 0.0, 13.728271092245306, 0.0, 0.0, -2.752819901868975, 0.0, 0.0, 0.22582095000257507
122.16000000002668, 250.0, 0.0, 13.700754200355146, 0.0, 0.0, -2.7505568686019486, 0.0, 0.0, 0.22678548480257205
122.17000000002669, 250.0, 0.0, 13.673259987002506, 0.0, 0.0, -2.7482841965569214, 0.0, 0.0, 0.227748704402569
122.1800000000267, 250.0, 0.0, 13.645788548509287, 0.0, 0.0, -2.746001898921895, 0.0, 0.0, 0.22871060160256598
122.1900000000267, 250.0, 0.0, 13.61833998106515, 0.0, 0.0, -2.743709988956868, 0.0, 0.0, 0.22967116920256292
122.2000000000267, 250.0, 0.0, 13.59091438072679, 0.0, 0.0, -2.741408479993841, 0.0, 0.0, 0.23063040000255983
122.21000000002671, 250.0, 0.0, 13.563511843417233, 0.0, 0.0, -2.7390973854368146, 0.0, 0.0, 0.23158828680255672
122.22000000002672, 250.0, 0.0, 13.536132464925094, 0.0, 0.0, -2.7367767187617873, 0.0, 0.0, 0.23254482240255359
122.23000000002672, 250.0, 0.0, 13.508776340903877, 0.0, 0.0, -2.734446493516761, 0.0, 0.0, 0.23349999960255044
122.24000000002673, 250.0, 0.0, 13.481443566871238, 0.0, 0.0, -2.7321067233217344, 0.0, 0.0, 0.23445381120254727
122.25000000002673, 250.0, 0.0, 13.454134238208281, 0.0, 0.0, -2.7297574218687077, 0.0, 0.0, 0.2354062500025441
122.26000000002674, 250.0, 0.0, 13.426848450158824, 0.0, 0.0, -2.7273986029216806, 0.0, 0.0, 0.23635730880254086
122.27000000002674, 250.0, 0.0, 13.399586297828689, 0.0, 0.0, -2.725030280316654, 0.0, 0.0, 0.23730698040253762
122.28000000002675, 250.0, 0.0, 13.372347876184971, 0.0, 0.0, -2.7226524679616277, 0.0, 0.0, 0.23825525760253435
122.29000000002675, 250.0, 0.0, 13.345133280055334, 0.0, 0.0, -2.7202651798366007, 0.0, 0.0, 0.23920213320253111
122.30000000002676, 250.0, 0.0, 13.31794260412728, 0.0, 0.0, -2.7178684299935743, 0.0, 0.0, 0.24014760000252777
122.31000000002676, 250.0, 0.0, 13.290775942947425, 0.0, 0.0, -2.715462232556548, 0.0, 0.0, 0.24109165080252448
122.32000000002677, 250.0, 0.0, 13.26363339092079, 0.0, 0.0, -2.7130466017215213, 0.0, 0.0, 0.24203427840252115
122.33000000002677, 250.0, 0.0, 13.236515042310074, 0.0, 0.0, -2.7106215517564953, 0.0, 0.0, 0.2429754756025178
122.34000000002678, 250.0, 0.0, 13.20942099123494, 0.0, 0.0, -2.7081870970014688, 0.0, 0.0, 0.24391523520251443
122.35000000002678, 250.0, 0.0, 13.182351331671285, 0.0, 0.0, -2.7057432518684426, 0.0, 0.0, 0.24485355000251102
122.36000000002679, 250.0, 0.0, 13.15530615745053, 0.0, 0.0, -2.703290030841416, 0.0, 0.0, 0.24579041280250763
122.37000000002679, 250.0, 0.0, 13.128285562258897, 0.0, 0.0, -2.7008274484763897, 0.0, 0.0, 0.24672581640250413
122.3800000000268, 250.0, 0.0, 13.101289639636684, 0.0, 0.0, -2.6983555194013635, 0.0, 0.0, 0.24765975360250073
122.3900000000268, 250.0, 0.0, 13.07431848297755, 0.0, 0.0, -2.6958742583163375, 0.0, 0.0, 0.24859221720249722
122.40000000002681, 250.0, 0.0, 13.047372185527799, 0.0, 0.0, -2.6933836799933113, 0.0, 0.0, 0.24952320000249373
122.41000000002681, 250.0, 0.0, 13.020450840385644, 0.0, 0.0, -2.690883799276285, 0.0, 0.0, 0.25045269480249016
122.42000000002682, 250.0, 0.0, 12.993554540500512, 0.0, 0.0, -2.688374631081259, 0.0, 0.0, 0.25138069440248667
122.43000000002682, 250.0, 0.0, 12.9666833786723, 0.0, 0.0, -2.6858561903962324, 0.0, 0.0, 0.25230719160248305
122.44000000002683, 250.0, 0.0, 12.93983744755067, 0.0, 0.0, -2.6833284922812064, 0.0, 0.0, 0.2532321792024795
122.45000000002683, 250.0, 0.0, 12.913016839634317, 0.0, 0.0, -2.6807915518681806, 0.0, 0.0, 0.25415565000247586
122.46000000002684, 250.0, 0.0, 12.886221647270265, 0.0, 0.0, -2.678245384361154, 0.0, 0.0, 0.2550775968024723
122.47000000002684, 250.0, 0.0, 12.859451962653134, 0.0, 0.0, -2.6756900050361283, 0.0, 0.0, 0.2559980124024686
122.48000000002685, 250.0, 0.0, 12.832707877824422, 0.0, 0.0, -2.6731254292411024, 0.0, 0.0, 0.2569168896024649
122.49000000002685, 250.0, 0.0, 12.805989484671791, 0.0, 0.0, -2.6705516723960763, 0.0, 0.0, 0.25783422120246124
122.50000000002686, 250.0, 0.0, 12.779296874928344, 0.0, 0.0, -2.6679687499930504, 0.0, 0.0, 0.2587500000024575
122.51000000002686, 250.0, 0.0, 12.752630140171892, 0.0, 0.0, -2.6653766775960244, 0.0, 0.0, 0.2596642188024538
122.52000000002687, 250.0, 0.0, 12.725989371824262, 0.0, 0.0, -2.6627754708409985, 0.0, 0.0, 0.26057687040245003
122.53000000002687, 250.0, 0.0, 12.699374661150554, 0.0, 0.0, -2.6601651454359727, 0.0, 0.0, 0.26148794760244626
122.54000000002688, 250.0, 0.0, 12.672786099258424, 0.0, 0.0, -2.657545717160947, 0.0, 0.0, 0.2623974432024424
122.55000000002688, 250.0, 0.0, 12.646223777097376, 0.0, 0.0, -2.6549172018679212, 0.0, 0.0, 0.26330535000243865
122.56000000002689, 250.0, 0.0, 12.619687785458026, 0.0, 0.0, -2.6522796154808956, 0.0, 0.0, 0.2642116608024348
122.5700000000269, 250.0, 0.0, 12.593178214971399, 0.0, 0.0, -2.64963297399587, 0.0, 0.0, 0.26511636840243097
122.5800000000269, 250.0, 0.0, 12.566695156108189, 0.0, 0.0, -2.6469772934808438, 0.0, 0.0, 0.26601946560242706
122.5900000000269, 250.0, 0.0, 12.540238699178063, 0.0, 0.0, -2.6443125900758186, 0.0, 0.0, 0.2669209452024232
122.60000000002691, 250.0, 0.0, 12.513808934328914, 0.0, 0.0, -2.641638879992793, 0.0, 0.0, 0.26782080000241926
122.61000000002691, 250.0, 0.0, 12.487405951546169, 0.0, 0.0, -2.638956179515768, 0.0, 0.0, 0.26871902280241533
122.62000000002692, 250.0, 0.0, 12.46102984065204, 0.0, 0.0, -2.636264505000742, 0.0, 0.0, 0.26961560640241133
122.63000000002693, 250.0, 0.0, 12.434680691304834, 0.0, 0.0, -2.6335638728757162, 0.0, 0.0, 0.2705105436024074
122.64000000002693, 250.0, 0.0, 12.408358592998207, 0.0, 0.0, -2.630854299640691, 0.0, 0.0, 0.27140382720240336
122.65000000002694, 250.0, 0.0, 12.382063635060462, 0.0, 0.0, -2.628135801867666, 0.0, 0.0, 0.27229545000239935
122.66000000002694, 250.0, 0.0, 12.355795906653814, 0.0, 0.0, -2.6254083962006405, 0.0, 0.0, 0.2731854048023953
122.67000000002695, 250.0, 0.0, 12.329555496773688, 0.0, 0.0, -2.622672099355615, 0.0, 0.0, 0.2740736844023912
122.68000000002695, 250.0, 0.0, 12.303342494247982, 0.0, 0.0, -2.6199269281205897, 0.0, 0.0, 0.2749602816023871
122.69000000002696, 250.0, 0.0, 12.277156987736358, 0.0, 0.0, -2.6171728993555643, 0.0, 0.0, 0.27584518920238305
122.70000000002696, 250.0, 0.0, 12.250999065729513, 0.0, 0.0, -2.614410029992539, 0.0, 0.0, 0.2767284000023789
122.71000000002697, 250.0, 0.0, 12.224868816548469, 0.0, 0.0, -2.6116383370355143, 0.0, 0.0, 0.2776099068023748
122.72000000002697, 250.0, 0.0, 12.198766328343845, 0.0, 0.0, -2.6088578375604894, 0.0, 0.0, 0.2784897024023706
122.73000000002698, 250.0, 0.0, 12.17269168909514, 0.0, 0.0, -2.6060685487154642, 0.0, 0.0, 0.27936777960236636
122.74000000002698, 250.0, 0.0, 12.146644986610017, 0.0, 0.0, -2.603270487720439, 0.0, 0.0, 0.28024413120236213
122.75000000002699, 250.0, 0.0, 12.120626308523573, 0.0, 0.0, -2.6004636718674137, 0.0, 0.0, 0.2811187500023579
122.76000000002699, 250.0, 0.0, 12.094635742297628, 0.0, 0.0, -2.597648118520389, 0.0, 0.0, 0.2819916288023536
122.770000000027, 250.0, 0.0, 12.068673375220007, 0.0, 0.0, -2.5948238451153633, 0.0, 0.0, 0.2828627604023494
122.780000000027, 250.0, 0.0, 12.042739294403804, 0.0, 0.0, -2.5919908691603384, 0.0, 0.0, 0.28373213760234506
122.790000000027, 250.0, 0.0, 12.01683358678668, 0.0, 0.0, -2.589149208235314, 0.0, 0.0, 0.2845997532023408
122.80000000002701, 250.0, 0.0, 11.990956339130138, 0.0, 0.0, -2.586298879992289, 0.0, 0.0, 0.2854656000023364
122.81000000002702, 250.0, 0.0, 11.965107638018797, 0.0, 0.0, -2.5834399021552645, 0.0, 0.0, 0.28632967080233207
122.82000000002702, 250.0, 0.0, 11.939287569859674, 0.0, 0.0, -2.5805722925202397, 0.0, 0.0, 0.28719195840232764
122.83000000002703, 250.0, 0.0, 11.913496220881473, 0.0, 0.0, -2.577696068955215, 0.0, 0.0, 0.2880524556023233
122.84000000002703, 250.0, 0.0, 11.887733677133852, 0.0, 0.0, -2.57481124940019, 0.0, 0.0, 0.2889111552023188
122.85000000002704, 250.0, 0.0, 11.862000024486711, 0.0, 0.0, -2.5719178518671657, 0.0, 0.0, 0.2897680500023144
122.86000000002704, 250.0, 0.0, 11.836295348629472, 0.0, 0.0, -2.569015894440141, 0.0, 0.0, 0.2906231328023099
122.87000000002705, 250.0, 0.0, 11.810619735070352, 0.0, 0.0, -2.5661053952751165, 0.0, 0.0, 0.29147639640230544
122.88000000002705, 250.0, 0.0, 11.78497326913565, 0.0, 0.0, -2.563186372600092, 0.0, 0.0, 0.2923278336023009
122.89000000002706, 250.0, 0.0, 11.75935603596903, 0.0, 0.0, -2.5602588447150674, 0.0, 0.0, 0.2931774372022964
122.90000000002706, 250.0, 0.0, 11.73376812053079, 0.0, 0.0, -2.5573228299920427, 0.0, 0.0, 0.2940252000022918
122.91000000002707, 250.0, 0.0, 11.708209607597151, 0.0, 0.0, -2.5543783468750183, 0.0, 0.0, 0.29487111480228717
122.92000000002707, 250.0, 0.0, 11.682680581759533, 0.0, 0.0, -2.551425413879994, 0.0, 0.0, 0.2957151744022826
122.93000000002708, 250.0, 0.0, 11.657181127423833, 0.0, 0.0, -2.5484640495949695, 0.0, 0.0, 0.29655737160227796
122.94000000002708, 250.0, 0.0, 11.631711328809715, 0.0, 0.0, -2.5454942726799454, 0.0, 0.0, 0.2973976992022733
122.95000000002709, 250.0, 0.0, 11.606271269949877, 0.0, 0.0, -2.542516101866921, 0.0, 0.0, 0.29823615000226866
122.9600000000271, 250.0, 0.0, 11.580861034689338, 0.0, 0.0, -2.539529555959897, 0.0, 0.0, 0.299072716802264
122.9700000000271, 250.0, 0.0, 11.55548070668472, 0.0, 0.0, -2.536534653834873, 0.0, 0.0, 0.2999073924022593
122.9800000000271, 250.0, 0.0, 11.530130369403523, 0.0, 0.0, -2.5335314144398486, 0.0, 0.0, 0.3007401696022546
122.99000000002711, 250.0, 0.0, 11.504810106123406, 0.0, 0.0, -2.530519856794825, 0.0, 0.0, 0.3015710412022498
123.00000000002711, 250.0, 0.0, 11.479519999931469, 0.0, 0.0, -2.527499999991801, 0.0, 0.0, 0.30240000000224504
123.01000000002712, 250.0, 0.0, 11.454260133723531, 0.0, 0.0, -2.5244718631947767, 0.0, 0.0, 0.3032270388022402
123.02000000002712, 250.0, 0.0, 11.429030590203414, 0.0, 0.0, -2.5214354656397524, 0.0, 0.0, 0.30405215040223543
123.03000000002713, 250.0, 0.0, 11.403831451882219, 0.0, 0.0, -2.5183908266347292, 0.0, 0.0, 0.30487532760223063
123.04000000002713, 250.0, 0.0, 11.378662801077603, 0.0, 0.0, -2.5153379655597052, 0.0, 0.0, 0.30569656320222577
123.05000000002714, 250.0, 0.0, 11.353524719913068, 0.0, 0.0, -2.512276901866681, 0.0, 0.0, 0.30651585000222087
123.06000000002715, 250.0, 0.0, 11.328417290317232, 0.0, 0.0, -2.5092076550796576, 0.0, 0.0, 0.307333180802216
123.07000000002715, 250.0, 0.0, 11.303340594023116, 0.0, 0.0, -2.506130244794634, 0.0, 0.0, 0.30814854840221106
123.08000000002716, 250.0, 0.0, 11.27829471256742, 0.0, 0.0, -2.50304469067961, 0.0, 0.0, 0.30896194560220613
123.09000000002716, 250.0, 0.0, 11.253279727289804, 0.0, 0.0, -2.4999510124745865, 0.0, 0.0, 0.3097733652022011
123.10000000002717, 250.0, 0.0, 11.22829571933217, 0.0, 0.0, -2.496849229991563, 0.0, 0.0, 0.3105828000021962
123.11000000002717, 250.0, 0.0, 11.203342769637938, 0.0, 0.0, -2.4937393631145395, 0.0, 0.0, 0.31139024280219113
123.12000000002718, 250.0, 0.0, 11.178420958951323, 0.0, 0.0, -2.4906214317995157, 0.0, 0.0, 0.31219568640218615
123.13000000002718, 250.0, 0.0, 11.15353036781663, 0.0, 0.0, -2.4874954560744924, 0.0, 0.0, 0.3129991236021811
123.14000000002719, 250.0, 0.0, 11.128671076577517, 0.0, 0.0, -2.4843614560394687, 0.0, 0.0, 0.313800547202176
123.15000000002719, 250.0, 0.0, 11.103843165376283, 0.0, 0.0, -2.481219451866446, 0.0, 0.0, 0.3145999500021709
123.1600000000272, 250.0, 0.0, 11.079046714153149, 0.0, 0.0, -2.4780694637994225, 0.0, 0.0, 0.3153973248021658
123.1700000000272, 250.0, 0.0, 11.054281802645537, 0.0, 0.0, -2.4749115121543994, 0.0, 0.0, 0.3161926644021606
123.1800000000272, 250.0, 0.0, 11.029548510387347, 0.0, 0.0, -2.471745617319376, 0.0, 0.0, 0.3169859616021555
123.19000000002721, 250.0, 0.0, 11.004846916708233, 0.0, 0.0, -2.468571799754353, 0.0, 0.0, 0.3177772092021503
123.20000000002722, 250.0, 0.0, 10.9801771007329, 0.0, 0.0, -2.4653900799913298, 0.0, 0.0, 0.3185664000021451
123.21000000002722, 250.0, 0.0, 10.955539141380367, 0.0, 0.0, -2.4622004786343066, 0.0, 0.0, 0.31935352680213985
123.22000000002723, 250.0, 0.0, 10.930933117363256, 0.0, 0.0, -2.4590030163592838, 0.0, 0.0, 0.32013858240213466
123.23000000002723, 250.0, 0.0, 10.906359107187065, 0.0, 0.0, -2.455797713914261, 0.0, 0.0, 0.32092155960212937
123.24000000002724, 250.0, 0.0, 10.881817189149455, 0.0, 0.0, -2.452584592119238, 0.0, 0.0, 0.3217024512021241
123.25000000002724, 250.0, 0.0, 10.857307441339525, 0.0, 0.0, -2.449363671866215, 0.0, 0.0, 0.32248125000211875
123.26000000002725, 250.0, 0.0, 10.832829941637094, 0.0, 0.0, -2.4461349741191922, 0.0, 0.0, 0.32325794880211345
123.27000000002725, 250.0, 0.0, 10.808384767711983, 0.0, 0.0, -2.4428985199141695, 0.0, 0.0, 0.32403254040210805
123.28000000002726, 250.0, 0.0, 10.783971997023293, 0.0, 0.0, -2.439654330359147, 0.0, 0.0, 0.32480501760210273
123.29000000002726, 250.0, 0.0, 10.759591706818682, 0.0, 0.0, -2.436402426634124, 0.0, 0.0, 0.3255753732020973
123.30000000002727, 250.0, 0.0, 10.735243974133653, 0.0, 0.0, -2.4331428299911013, 0.0, 0.0, 0.3263436000020919
123.31000000002727, 250.0, 0.0, 10.710928875790824, 0.0, 0.0, -2.4298755617540793, 0.0, 0.0, 0.3271096908020864
123.32000000002728, 250.0, 0.0, 10.686646488399214, 0.0, 0.0, -2.4266006433190563, 0.0, 0.0, 0.327873638402081
123.33000000002728, 250.0, 0.0, 10.662396888353525, 0.0, 0.0, -2.4233180961540337, 0.0, 0.0, 0.3286354356020755
123.34000000002729, 250.0, 0.0, 10.638180151833419, 0.0, 0.0, -2.4200279417990114, 0.0, 0.0, 0.32939507520206995
123.3500000000273, 250.0, 0.0, 10.61399635480279, 0.0, 0.0, -2.416730201865989, 0.0, 0.0, 0.33015255000206445
123.3600000000273, 250.0, 0.0, 10.589845573009061, 0.0, 0.0, -2.4134248980389668, 0.0, 0.0, 0.3309078528020588
123.3700000000273, 250.0, 0.0, 10.565727881982452, 0.0, 0.0, -2.4101120520739445, 0.0, 0.0, 0.33166097640205333
123.38000000002731, 250.0, 0.0, 10.541643357035266, 0.0, 0.0, -2.406791685798922, 0.0, 0.0, 0.3324119136020477
123.39000000002731, 250.0, 0.0, 10.51759207326116, 0.0, 0.0, -2.403463821113901, 0.0, 0.0, 0.3331606572020421
123.40000000002732, 250.0, 0.0, 10.493574105534432, 0.0, 0.0, -2.4001284799908778, 0.0, 0.0, 0.33390720000203644
123.41000000002732, 250.0, 0.0, 10.469589528509303, 0.0, 0.0, -2.396785684473856, 0.0, 0.0, 0.3346515348020308
123.42000000002733, 250.0, 0.0, 10.445638416619197, 0.0, 0.0, -2.393435456678834, 0.0, 0.0, 0.3353936544020251
123.43000000002733, 250.0, 0.0, 10.421720844076011, 0.0, 0.0, -2.3900778187938116, 0.0, 0.0, 0.3361335516020194
123.44000000002734, 250.0, 0.0, 10.397836884869404, 0.0, 0.0, -2.3867127930787904, 0.0, 0.0, 0.3368712192020137
123.45000000002734, 250.0, 0.0, 10.37398661276608, 0.0, 0.0, -2.3833404018657687, 0.0, 0.0, 0.33760665000200796
123.46000000002735, 250.0, 0.0, 10.350170101309052, 0.0, 0.0, -2.3799606675587466, 0.0, 0.0, 0.33833983680200214
123.47000000002735, 250.0, 0.0, 10.326387423816946, 0.0, 0.0, -2.3765736126337247, 0.0, 0.0, 0.3390707724019964
123.48000000002736, 250.0, 0.0, 10.302638653383262, 0.0, 0.0, -2.3731792596387034, 0.0, 0.0, 0.33979944960199054
123.49000000002736, 250.0, 0.0, 10.278923862875658, 0.0, 0.0, -2.369777631193682, 0.0, 0.0, 0.34052586120198475
123.50000000002737, 250.0, 0.0, 10.255243124935232, 0.0, 0.0, -2.36636874999066, 0.0, 0.0, 0.34125000000197886
123.51000000002738, 250.0, 0.0, 10.231596511975809, 0.0, 0.0, -2.362952638793639, 0.0, 0.0, 0.341971858801973
123.52000000002738, 250.0, 0.0, 10.207984096183203, 0.0, 0.0, -2.359529320438617, 0.0, 0.0, 0.34269143040196703
123.53000000002739, 250.0, 0.0, 10.184405949514518, 0.0, 0.0, -2.3560988178335958, 0.0, 0.0, 0.3434087076019612
123.54000000002739, 250.0, 0.0, 10.160862143697416, 0.0, 0.0, -2.3526611539585742, 0.0, 0.0, 0.3441236832019552
123.5500000000274, 250.0, 0.0, 10.137352750229391, 0.0, 0.0, -2.3492163518655524, 0.0, 0.0, 0.34483635000194923
123.5600000000274, 250.0, 0.0, 10.113877840377068, 0.0, 0.0, -2.345764434678532, 0.0, 0.0, 0.3455467008019432
123.5700000000274, 250.0, 0.0, 10.090437485175466, 0.0, 0.0, -2.3423054255935103, 0.0, 0.0, 0.3462547284019372
123.58000000002741, 250.0, 0.0, 10.067031755427283, 0.0, 0.0, -2.3388393478784897, 0.0, 0.0, 0.3469604256019312
123.59000000002742, 250.0, 0.0, 10.043660721702178, 0.0, 0.0, -2.335366224873469, 0.0, 0.0, 0.34766378520192515
123.60000000002742, 250.0, 0.0, 10.020324454336055, 0.0, 0.0, -2.331886079990448, 0.0, 0.0, 0.34836480000191905
123.61000000002743, 250.0, 0.0, 9.997023023430335, 0.0, 0.0, -2.3283989367134263, 0.0, 0.0, 0.34906346280191297
123.62000000002743, 250.0, 0.0, 9.97375649885123, 0.0, 0.0, -2.3249048185984056, 0.0, 0.0, 0.3497597664019068
123.63000000002744, 250.0, 0.0, 9.95052495022905, 0.0, 0.0, -2.3214037492733848, 0.0, 0.0, 0.3504537036019007
123.64000000002744, 250.0, 0.0, 9.927328446957448, 0.0, 0.0, -2.317895752438364, 0.0, 0.0, 0.35114526720189454
123.65000000002745, 250.0, 0.0, 9.904167058192726, 0.0, 0.0, -2.3143808518653435, 0.0, 0.0, 0.35183445000188834
123.66000000002745, 250.0, 0.0, 9.881040852853106, 0.0, 0.0, -2.3108590713983226, 0.0, 0.0, 0.35252124480188207
123.67000000002746, 250.0, 0.0, 9.857949899618005, 0.0, 0.0, -2.307330434953302, 0.0, 0.0, 0.3532056444018759
123.68000000002746, 250.0, 0.0, 9.834894266927325, 0.0, 0.0, -2.3037949665182818, 0.0, 0.0, 0.3538876416018696
123.69000000002747, 250.0, 0.0, 9.811874022980724, 0.0, 0.0, -2.300252690153261, 0.0, 0.0, 0.35456722920186334
123.70000000002747, 250.0, 0.0, 9.788889235736905, 0.0, 0.0, -2.296703629990241, 0.0, 0.0, 0.35524440000185703
123.71000000002748, 250.0, 0.0, 9.765939972912884, 0.0, 0.0, -2.29314781023322, 0.0, 0.0, 0.35591914680185077
123.72000000002748, 250.0, 0.0, 9.743026301983285, 0.0, 0.0, -2.2895852551582, 0.0, 0.0, 0.35659146240184436
123.73000000002749, 250.0, 0.0, 9.720148290179603, 0.0, 0.0, -2.2860159891131797, 0.0, 0.0, 0.357261339601838
123.74000000002749, 250.0, 0.0, 9.697306004489505, 0.0, 0.0, -2.2824400365181594, 0.0, 0.0, 0.3579287712018316
123.7500000000275, 250.0, 0.0, 9.674499511656087, 0.0, 0.0, -2.2788574218651396, 0.0, 0.0, 0.3585937500018252
123.7600000000275, 250.0, 0.0, 9.651728878177167, 0.0, 0.0, -2.275268169718119, 0.0, 0.0, 0.3592562688018187
123.77000000002751, 250.0, 0.0, 9.62899417030457, 0.0, 0.0, -2.2716723047130998, 0.0, 0.0, 0.35991632040181226
123.78000000002751, 250.0, 0.0, 9.606295454043389, 0.0, 0.0, -2.2680698515580793, 0.0, 0.0, 0.3605738976018058
123.79000000002752, 250.0, 0.0, 9.583632795151292, 0.0, 0.0, -2.2644608350330597, 0.0, 0.0, 0.3612289932017993
123.80000000002752, 250.0, 0.0, 9.561006259137773, 0.0, 0.0, -2.26084527999004, 0.0, 0.0, 0.3618816000017928
123.81000000002753, 250.0, 0.0, 9.538415911263455, 0.0, 0.0, -2.2572232113530197, 0.0, 0.0, 0.3625317108017862
123.82000000002753, 250.0, 0.0, 9.515861816539358, 0.0, 0.0, -2.2535946541180008, 0.0, 0.0, 0.3631793184017797
123.83000000002754, 250.0, 0.0, 9.493344039726182, 0.0, 0.0, -2.2499596333529803, 0.0, 0.0, 0.36382441560177303
123.84000000002754, 250.0, 0.0, 9.47086264533358, 0.0, 0.0, -2.2463181741979614, 0.0, 0.0, 0.36446699520176645
123.85000000002755, 250.0, 0.0, 9.448417697619467, 0.0, 0.0, -2.2426703018649414, 0.0, 0.0, 0.3651070500017598
123.86000000002755, 250.0, 0.0, 9.426009260589248, 0.0, 0.0, -2.2390160416379223, 0.0, 0.0, 0.36574457280175315
123.87000000002756, 250.0, 0.0, 9.403637397995153, 0.0, 0.0, -2.235355418872903, 0.0, 0.0, 0.36637955640174646
123.88000000002756, 250.0, 0.0, 9.381302173335477, 0.0, 0.0, -2.2316884589978834, 0.0, 0.0, 0.36701199360173975
123.89000000002757, 250.0, 0.0, 9.359003649853882, 0.0, 0.0, -2.2280151875128644, 0.0, 0.0, 0.367641877201733
123.90000000002757, 250.0, 0.0, 9.336741890538663, 0.0, 0.0, -2.2243356299898456, 0.0, 0.0, 0.36826920000172625
123.91000000002758, 250.0, 0.0, 9.314516958122049, 0.0, 0.0, -2.220649812072826, 0.0, 0.0, 0.3688939548017195
123.92000000002758, 250.0, 0.0, 9.292328915079453, 0.0, 0.0, -2.2169577594778067, 0.0, 0.0, 0.36951613440171277
123.93000000002759, 250.0, 0.0, 9.270177823628778, 0.0, 0.0, -2.213259497992788, 0.0, 0.0, 0.37013573160170593
123.9400000000276, 250.0, 0.0, 9.248063745729683, 0.0, 0.0, -2.209555053477769, 0.0, 0.0, 0.3707527392016991
123.9500000000276, 250.0, 0.0, 9.225986743082869, 0.0, 0.0, -2.2058444518647504, 0.0, 0.0, 0.37136715000169224
123.9600000000276, 250.0, 0.0, 9.203946877129352, 0.0, 0.0, -2.2021277191577315, 0.0, 0.0, 0.37197895680168536
123.97000000002761, 250.0, 0.0, 9.181944209049758, 0.0, 0.0, -2.1984048814327126, 0.0, 0.0, 0.3725881524016784
123.98000000002762, 250.0, 0.0, 9.159978799763584, 0.0, 0.0, -2.194675964837694, 0.0, 0.0, 0.3731947296016715
123.99000000002762, 250.0, 0.0, 9.13805070992849, 0.0, 0.0, -2.1909409955926757, 0.0, 0.0, 0.37379868120166454
124.00000000002763, 250.0, 0.0, 9.116159999939576, 0.0, 0.0, -2.187199999989657, 0.0, 0.0, 0.37440000000165763
124.01000000002763, 250.0, 0.0, 9.094306729928663, 0.0, 0.0, -2.1834530043926383, 0.0, 0.0, 0.37499867880165055
124.02000000002764, 250.0, 0.0, 9.07249095976357, 0.0, 0.0, -2.17970003523762, 0.0, 0.0, 0.37559471040164355
124.03000000002764, 250.0, 0.0, 9.050712749047396, 0.0, 0.0, -2.175941119032602, 0.0, 0.0, 0.37618808760163647
124.04000000002765, 250.0, 0.0, 9.028972157117805, 0.0, 0.0, -2.1721762823575834, 0.0, 0.0, 0.37677880320162943
124.05000000002765, 250.0, 0.0, 9.00726924304629, 0.0, 0.0, -2.168405551864565, 0.0, 0.0, 0.37736685000162234
124.06000000002766, 250.0, 0.0, 8.985604065637478, 0.0, 0.0, -2.164628954277547, 0.0, 0.0, 0.3779522208016152
124.07000000002766, 250.0, 0.0, 8.963976683428385, 0.0, 0.0, -2.160846516392529, 0.0, 0.0, 0.3785349084016081
124.08000000002767, 250.0, 0.0, 8.942387154687713, 0.0, 0.0, -2.157058265077511, 0.0, 0.0, 0.379114905601601
124.09000000002767, 250.0, 0.0, 8.92083553741512, 0.0, 0.0, -2.1532642272724933, 0.0, 0.0, 0.37969220520159375
124.10000000002768, 250.0, 0.0, 8.899321889340507, 0.0, 0.0, -2.1494644299894756, 0.0, 0.0, 0.38026680000158664
124.11000000002768, 250.0, 0.0, 8.877846267923298, 0.0, 0.0, -2.145658900312457, 0.0, 0.0, 0.38083868280157934
124.12000000002769, 250.0, 0.0, 8.856408730351706, 0.0, 0.0, -2.14184766539744, 0.0, 0.0, 0.3814078464015721
124.13000000002769, 250.0, 0.0, 8.835009333542034, 0.0, 0.0, -2.1380307524724227, 0.0, 0.0, 0.3819742836015648
124.1400000000277, 250.0, 0.0, 8.813648134137944, 0.0, 0.0, -2.134208188837405, 0.0, 0.0, 0.38253798720155757
124.1500000000277, 250.0, 0.0, 8.792325188509732, 0.0, 0.0, -2.1303800018643875, 0.0, 0.0, 0.38309895000155025
124.16000000002771, 250.0, 0.0, 8.771040552753622, 0.0, 0.0, -2.12654621899737, 0.0, 0.0, 0.3836571648015429
124.17000000002771, 250.0, 0.0, 8.749794282691031, 0.0, 0.0, -2.122706867752352, 0.0, 0.0, 0.38421262440153553
124.18000000002772, 250.0, 0.0, 8.72858643386786, 0.0, 0.0, -2.118861975717335, 0.0, 0.0, 0.38476532160152815
124.19000000002772, 250.0, 0.0, 8.707417061553773, 0.0, 0.0, -2.1150115705523183, 0.0, 0.0, 0.38531524920152077
124.20000000002773, 250.0, 0.0, 8.686286220741462, 0.0, 0.0, -2.1111556799893005, 0.0, 0.0, 0.3858624000015133
124.21000000002773, 250.0, 0.0, 8.665193966145951, 0.0, 0.0, -2.107294331832284, 0.0, 0.0, 0.3864067668015059
124.22000000002774, 250.0, 0.0, 8.644140352203861, 0.0, 0.0, -2.103427553957267, 0.0, 0.0, 0.38694834240149834
124.23000000002774, 250.0, 0.0, 8.623125433072692, 0.0, 0.0, -2.0995553743122497, 0.0, 0.0, 0.3874871196014909
124.24000000002775, 250.0, 0.0, 8.602149262630105, 0.0, 0.0, -2.0956778209172326, 0.0, 0.0, 0.3880230912014833
124.25000000002775, 250.0, 0.0, 8.581211894473194, 0.0, 0.0, -2.0917949218642162, 0.0, 0.0, 0.3885562500014758
124.26000000002776, 250.0, 0.0, 8.560313381917785, 0.0, 0.0, -2.087906705317199, 0.0, 0.0, 0.3890865888014682
124.27000000002776, 250.0, 0.0, 8.539453777997696, 0.0, 0.0, -2.0840131995121824, 0.0, 0.0, 0.38961410040146066
124.28000000002777, 250.0, 0.0, 8.51863313546403, 0.0, 0.0, -2.080114432757166, 0.0, 0.0, 0.39013877760145305
124.29000000002777, 250.0, 0.0, 8.497851506784441, 0.0, 0.0, -2.07621043343215, 0.0, 0.0, 0.3906606132014454
124.30000000002778, 250.0, 0.0, 8.477108944142431, 0.0, 0.0, -2.0723012299891335, 0.0, 0.0, 0.39117960000143776
124.31000000002778, 250.0, 0.0, 8.456405499436624, 0.0, 0.0, -2.068386850952117, 0.0, 0.0, 0.3916957308014301
124.32000000002779, 250.0, 0.0, 8.435741224280036, 0.0, 0.0, -2.064467324917101, 0.0, 0.0, 0.39220899840142237
124.3300000000278, 250.0, 0.0, 8.415116169999369, 0.0, 0.0, -2.060542680552085, 0.0, 0.0, 0.39271939560141467
124.3400000000278, 250.0, 0.0, 8.394530387634282, 0.0, 0.0, -2.0566129465970686, 0.0, 0.0, 0.3932269152014069
124.3500000000278, 250.0, 0.0, 8.373983927936674, 0.0, 0.0, -2.0526781518640522, 0.0, 0.0, 0.39373155000139914
124.36000000002781, 250.0, 0.0, 8.353476841369966, 0.0, 0.0, -2.0487383252370366, 0.0, 0.0, 0.39423329280139136
124.37000000002782, 250.0, 0.0, 8.33300917810838, 0.0, 0.0, -2.0447934956720206, 0.0, 0.0, 0.39473213640138355
124.38000000002782, 250.0, 0.0, 8.312580988036213, 0.0, 0.0, -2.040843692197005, 0.0, 0.0, 0.3952280736013757
124.39000000002783, 250.0, 0.0, 8.292192320747127, 0.0, 0.0, -2.036888943911989, 0.0, 0.0, 0.39572109720136783
124.40000000002783, 250.0, 0.0, 8.271843225543423, 0.0, 0.0, -2.0329292799889735, 0.0, 0.0, 0.39621120000135995
124.41000000002784, 250.0, 0.0, 8.251533751435316, 0.0, 0.0, -2.0289647296719577, 0.0, 0.0, 0.396698374801352
124.42000000002784, 250.0, 0.0, 8.231263947140231, 0.0, 0.0, -2.024995322276942, 0.0, 0.0, 0.397182614401344
124.43000000002785, 250.0, 0.0, 8.211033861082065, 0.0, 0.0, -2.0210210871919267, 0.0, 0.0, 0.3976639116013362
124.44000000002785, 250.0, 0.0, 8.190843541390478, 0.0, 0.0, -2.0170420538769114, 0.0, 0.0, 0.3981422592013281
124.45000000002786, 250.0, 0.0, 8.170693035900175, 0.0, 0.0, -2.013058251863896, 0.0, 0.0, 0.3986176500013202
124.46000000002786, 250.0, 0.0, 8.150582392150168, 0.0, 0.0, -2.0090697107568807, 0.0, 0.0, 0.3990900768013121
124.47000000002787, 250.0, 0.0, 8.130511657383083, 0.0, 0.0, -2.005076460231866, 0.0, 0.0, 0.39955953240130404
124.48000000002787, 250.0, 0.0, 8.11048087854442, 0.0, 0.0, -2.001078530036851, 0.0, 0.0, 0.400026009601296
124.49000000002788, 250.0, 0.0, 8.090490102281835, 0.0, 0.0, -1.9970759499918358, 0.0, 0.0, 0.400489501201288
124.50000000002788, 250.0, 0.0, 8.07053937494443, 0.0, 0.0, -1.993068749988821, 0.0, 0.0, 0.40095000000127984
124.51000000002789, 250.0, 0.0, 8.050628742582024, 0.0, 0.0, -1.989056959991806, 0.0, 0.0, 0.4014074988012717
124.52000000002789, 250.0, 0.0, 8.030758250944439, 0.0, 0.0, -1.9850406100367914, 0.0, 0.0, 0.40186199040126347
124.5300000000279, 250.0, 0.0, 8.010927945480779, 0.0, 0.0, -1.9810197302317767, 0.0, 0.0, 0.4023134676012553
124.5400000000279, 250.0, 0.0, 7.991137871338694, 0.0, 0.0, -1.9769943507567622, 0.0, 0.0, 0.4027619232012471
124.55000000002791, 250.0, 0.0, 7.97138807336369, 0.0, 0.0, -1.9729645018637478, 0.0, 0.0, 0.40320735000123886
124.56000000002791, 250.0, 0.0, 7.951678596098385, 0.0, 0.0, -1.968930213876733, 0.0, 0.0, 0.4036497408012306
124.57000000002792, 250.0, 0.0, 7.932009483781803, 0.0, 0.0, -1.964891517191719, 0.0, 0.0, 0.4040890884012223
124.58000000002792, 250.0, 0.0, 7.912380780348641, 0.0, 0.0, -1.9608484422767045, 0.0, 0.0, 0.4045253856012141
124.59000000002793, 250.0, 0.0, 7.892792529428557, 0.0, 0.0, -1.9568010196716905, 0.0, 0.0, 0.4049586252012057
124.60000000002793, 250.0, 0.0, 7.873244774345454, 0.0, 0.0, -1.9527492799886763, 0.0, 0.0, 0.40538880000119737
124.61000000002794, 250.0, 0.0, 7.853737558116751, 0.0, 0.0, -1.9486932539116624, 0.0, 0.0, 0.4058159028011889
124.62000000002794, 250.0, 0.0, 7.834270923452669, 0.0, 0.0, -1.9446329721966484, 0.0, 0.0, 0.40623992640118056
124.63000000002795, 250.0, 0.0, 7.814844912755506, 0.0, 0.0, -1.9405684656716347, 0.0, 0.0, 0.4066608636011721
124.64000000002795, 250.0, 0.0, 7.795459568118924, 0.0, 0.0, -1.936499765236621, 0.0, 0.0, 0.4070787072011637
124.65000000002796, 250.0, 0.0, 7.776114931327222, 0.0, 0.0, -1.932426901863607, 0.0, 0.0, 0.4074934500011552
124.66000000002796, 250.0, 0.0, 7.756811043854619, 0.0, 0.0, -1.9283499065965934, 0.0, 0.0, 0.40790508480114684
124.67000000002797, 250.0, 0.0, 7.737547946864539, 0.0, 0.0, -1.9242688105515802, 0.0, 0.0, 0.40831360440113823
124.68000000002797, 250.0, 0.0, 7.718325681208877, 0.0, 0.0, -1.9201836449165668, 0.0, 0.0, 0.4087190016011296
124.69000000002798, 250.0, 0.0, 7.699144287427296, 0.0, 0.0, -1.9160944409515535, 0.0, 0.0, 0.4091212692011212
124.70000000002798, 250.0, 0.0, 7.680003805746494, 0.0, 0.0, -1.91200122998854, 0.0, 0.0, 0.40952040000111256
124.71000000002799, 250.0, 0.0, 7.660904276079493, 0.0, 0.0, -1.9079040434315269, 0.0, 0.0, 0.409916386801104
124.720000000028, 250.0, 0.0, 7.641845738024912, 0.0, 0.0, -1.9038029127565137, 0.0, 0.0, 0.4103092224010953
124.730000000028, 250.0, 0.0, 7.622828230866252, 0.0, 0.0, -1.8996978695115005, 0.0, 0.0, 0.41069889960108674
124.740000000028, 250.0, 0.0, 7.603851793571171, 0.0, 0.0, -1.8955889453164878, 0.0, 0.0, 0.411085411201078
124.75000000002801, 250.0, 0.0, 7.58491646479077, 0.0, 0.0, -1.891476171863475, 0.0, 0.0, 0.4114687500010693
124.76000000002801, 250.0, 0.0, 7.56602228285887, 0.0, 0.0, -1.8873595809164623, 0.0, 0.0, 0.41184890880106056
124.77000000002802, 250.0, 0.0, 7.5471692857912895, 0.0, 0.0, -1.8832392043114496, 0.0, 0.0, 0.4122258804010518
124.78000000002802, 250.0, 0.0, 7.52835751128513, 0.0, 0.0, -1.879115073956437, 0.0, 0.0, 0.412599657601043
124.79000000002803, 250.0, 0.0, 7.509586996718049, 0.0, 0.0, -1.8749872218314243, 0.0, 0.0, 0.4129702332010342
124.80000000002804, 250.0, 0.0, 7.490857779147549, 0.0, 0.0, -1.870855679988412, 0.0, 0.0, 0.4133376000010255
124.81000000002804, 250.0, 0.0, 7.47216989531025, 0.0, 0.0, -1.8667204805513997, 0.0, 0.0, 0.4137017508010167
124.82000000002805, 250.0, 0.0, 7.453523381621171, 0.0, 0.0, -1.8625816557163875, 0.0, 0.0, 0.41406267840100774
124.83000000002805, 250.0, 0.0, 7.434918274173012, 0.0, 0.0, -1.8584392377513754, 0.0, 0.0, 0.41442037560099887
124.84000000002806, 250.0, 0.0, 7.416354608735432, 0.0, 0.0, -1.8542932589963632, 0.0, 0.0, 0.4147748352009899
124.85000000002806, 250.0, 0.0, 7.397832420754333, 0.0, 0.0, -1.8501437518633512, 0.0, 0.0, 0.41512605000098113
124.86000000002807, 250.0, 0.0, 7.379351745351134, 0.0, 0.0, -1.8459907488363394, 0.0, 0.0, 0.41547401280097207
124.87000000002807, 250.0, 0.0, 7.360912617322055, 0.0, 0.0, -1.8418342824713276, 0.0, 0.0, 0.4158187164009631
124.88000000002808, 250.0, 0.0, 7.342515071137396, 0.0, 0.0, -1.837674385396316, 0.0, 0.0, 0.41616015360095404
124.89000000002808, 250.0, 0.0, 7.324159140940819, 0.0, 0.0, -1.8335110903113043, 0.0, 0.0, 0.4164983172009451
124.90000000002809, 250.0, 0.0, 7.30584486054862, 0.0, 0.0, -1.8293444299882928, 0.0, 0.0, 0.416833200000936
124.91000000002809, 250.0, 0.0, 7.287572263449022, 0.0, 0.0, -1.8251744372712815, 0.0, 0.0, 0.41716479480092694
124.9200000000281, 250.0, 0.0, 7.269341382801444, 0.0, 0.0, -1.8210011450762698, 0.0, 0.0, 0.41749309440091775
124.9300000000281, 250.0, 0.0, 7.251152251435786, 0.0, 0.0, -1.8168245863912587, 0.0, 0.0, 0.41781809160090877
124.9400000000281, 250.0, 0.0, 7.233004901851708, 0.0, 0.0, -1.8126447942762476, 0.0, 0.0, 0.41813977920089956
124.95000000002811, 250.0, 0.0, 7.21489936621791, 0.0, 0.0, -1.8084618018632366, 0.0, 0.0, 0.4184581500008903
124.96000000002812, 250.0, 0.0, 7.196835676371412, 0.0, 0.0, -1.8042756423562254, 0.0, 0.0, 0.4187731968008812
124.97000000002812, 250.0, 0.0, 7.178813863816836, 0.0, 0.0, -1.8000863490312144, 0.0, 0.0, 0.419084912400872
124.98000000002813, 250.0, 0.0, 7.160833959725679, 0.0, 0.0, -1.7958939552362037, 0.0, 0.0, 0.41939328960086275
124.99000000002813, 250.0, 0.0, 7.142895994935601, 0.0, 0.0, -1.7916984943911929, 0.0, 0.0, 0.4196983212008535
125.00000000002814, 250.0, 0.0, 7.124999999949704, 0.0, 0.0, -1.7874999999881822, 0.0, 0.0, 0.42000000000084414
125.01000000002814, 250.0, 0.0, 7.107146004935807, 0.0, 0.0, -1.7832985055911719, 0.0, 0.0, 0.4202983188008349
125.02000000002815, 250.0, 0.0, 7.08933403972573, 0.0, 0.0, -1.7790940448361614, 0.0, 0.0, 0.4205932704008255
125.03000000002815, 250.0, 0.0, 7.071564133814574, 0.0, 0.0, -1.774886651431151, 0.0, 0.0, 0.4208848476008162
125.04000000002816, 250.0, 0.0, 7.053836316359996, 0.0, 0.0, -1.7706763591561407, 0.0, 0.0, 0.42117304320080673
125.05000000002816, 250.0, 0.0, 7.036150616181501, 0.0, 0.0, -1.7664632018631308, 0.0, 0.0, 0.4214578500007973
125.06000000002817, 250.0, 0.0, 7.018507061759704, 0.0, 0.0, -1.7622472134761202, 0.0, 0.0, 0.42173926080078794
125.07000000002817, 250.0, 0.0, 7.000905681235628, 0.0, 0.0, -1.7580284279911105, 0.0, 0.0, 0.4220172684007785
125.08000000002818, 250.0, 0.0, 6.983346502409973, 0.0, 0.0, -1.7538068794761006, 0.0, 0.0, 0.422291865600769
125.09000000002818, 250.0, 0.0, 6.965829552742397, 0.0, 0.0, -1.749582602071091, 0.0, 0.0, 0.4225630452007594
125.10000000002819, 250.0, 0.0, 6.9483548593508, 0.0, 0.0, -1.7453556299880812, 0.0, 0.0, 0.42283080000075
125.1100000000282, 250.0, 0.0, 6.9309224490106045, 0.0, 0.0, -1.7411259975110713, 0.0, 0.0, 0.4230951228007404
125.1200000000282, 250.0, 0.0, 6.913532348154029, 0.0, 0.0, -1.736893738996062, 0.0, 0.0, 0.42335600640073084
125.1300000000282, 250.0, 0.0, 6.896184582869375, 0.0, 0.0, -1.7326588888710526, 0.0, 0.0, 0.42361344360072123
125.14000000002821, 250.0, 0.0, 6.8788791789002985, 0.0, 0.0, -1.7284214816360433, 0.0, 0.0, 0.4238674272007117
125.15000000002821, 250.0, 0.0, 6.861616161645103, 0.0, 0.0, -1.724181551863034, 0.0, 0.0, 0.42411795000070207
125.16000000002822, 250.0, 0.0, 6.844395556156007, 0.0, 0.0, -1.7199391341960246, 0.0, 0.0, 0.4243650048006923
125.17000000002822, 250.0, 0.0, 6.8272173871384325, 0.0, 0.0, -1.7156942633510157, 0.0, 0.0, 0.42460858440068255
125.18000000002823, 250.0, 0.0, 6.810081678950278, 0.0, 0.0, -1.7114469741160068, 0.0, 0.0, 0.42484868160067296
125.19000000002823, 250.0, 0.0, 6.792988455601203, 0.0, 0.0, -1.7071973013509978, 0.0, 0.0, 0.42508528920066324
125.20000000002824, 250.0, 0.0, 6.775937740751909, 0.0, 0.0, -1.702945279987989, 0.0, 0.0, 0.42531840000065335
125.21000000002824, 250.0, 0.0, 6.758929557713414, 0.0, 0.0, -1.6986909450309806, 0.0, 0.0, 0.42554800680064353
125.22000000002825, 250.0, 0.0, 6.74196392944634, 0.0, 0.0, -1.694434331555972, 0.0, 0.0, 0.42577410240063385
125.23000000002826, 250.0, 0.0, 6.725040878560185, 0.0, 0.0, -1.6901754747109634, 0.0, 0.0, 0.42599667960062404
125.24000000002826, 250.0, 0.0, 6.708160427312611, 0.0, 0.0, -1.685914409715955, 0.0, 0.0, 0.42621573120061407
125.25000000002827, 250.0, 0.0, 6.691322597608717, 0.0, 0.0, -1.6816511718629468, 0.0, 0.0, 0.4264312500006041
125.26000000002827, 250.0, 0.0, 6.674527411000323, 0.0, 0.0, -1.6773857965159387, 0.0, 0.0, 0.42664322880059435
125.27000000002828, 250.0, 0.0, 6.657774888685249, 0.0, 0.0, -1.6731183191109305, 0.0, 0.0, 0.4268516604005844
125.28000000002828, 250.0, 0.0, 6.641065051506596, 0.0, 0.0, -1.6688487751559227, 0.0, 0.0, 0.42705653760057444
125.29000000002829, 250.0, 0.0, 6.624397919952021, 0.0, 0.0, -1.6645772002309147, 0.0, 0.0, 0.4272578532005644
125.30000000002829, 250.0, 0.0, 6.607773514153028, 0.0, 0.0, -1.6603036299879068, 0.0, 0.0, 0.4274556000005545
125.3100000000283, 250.0, 0.0, 6.591191853884235, 0.0, 0.0, -1.6560281001508994, 0.0, 0.0, 0.4276497708005444
125.3200000000283, 250.0, 0.0, 6.574652958562661, 0.0, 0.0, -1.6517506465158915, 0.0, 0.0, 0.42784035840053436
125.3300000000283, 250.0, 0.0, 6.558156847247007, 0.0, 0.0, -1.647471304950884, 0.0, 0.0, 0.4280273556005243
125.34000000002831, 250.0, 0.0, 6.541703538636934, 0.0, 0.0, -1.6431901113958767, 0.0, 0.0, 0.4282107552005142
125.35000000002832, 250.0, 0.0, 6.525293051072341, 0.0, 0.0, -1.6389071018628696, 0.0, 0.0, 0.4283905500005041
125.36000000002832, 250.0, 0.0, 6.508925402532648, 0.0, 0.0, -1.634622312435862, 0.0, 0.0, 0.4285667328004939
125.37000000002833, 250.0, 0.0, 6.492600610636075, 0.0, 0.0, -1.6303357792708553, 0.0, 0.0, 0.42873929640048364
125.38000000002833, 250.0, 0.0, 6.476318692638923, 0.0, 0.0, -1.6260475385958482, 0.0, 0.0, 0.4289082336004736
125.39000000002834, 250.0, 0.0, 6.46007966543485, 0.0, 0.0, -1.6217576267108416, 0.0, 0.0, 0.4290735372004633
125.40000000002834, 250.0, 0.0, 6.443883545554157, 0.0, 0.0, -1.6174660799878344, 0.0, 0.0, 0.4292352000004531
125.41000000002835, 250.0, 0.0, 6.427730349163065, 0.0, 0.0, -1.613172934870828, 0.0, 0.0, 0.4293932148004428
125.42000000002835, 250.0, 0.0, 6.411620092062992, 0.0, 0.0, -1.6088782278758214, 0.0, 0.0, 0.4295475744004325
125.43000000002836, 250.0, 0.0, 6.39555278968984, 0.0, 0.0, -1.604581995590815, 0.0, 0.0, 0.4296982716004222
125.44000000002836, 250.0, 0.0, 6.379528457113267, 0.0, 0.0, -1.6002842746758086, 0.0, 0.0, 0.4298452992004119
125.45000000002837, 250.0, 0.0, 6.363547109035975, 0.0, 0.0, -1.5959851018628024, 0.0, 0.0, 0.42998865000040143
125.46000000002837, 250.0, 0.0, 6.3476087597929824, 0.0, 0.0, -1.591684513955796, 0.0, 0.0, 0.4301283168003911
125.47000000002838, 250.0, 0.0, 6.3317134233509105, 0.0, 0.0, -1.58738254783079, 0.0, 0.0, 0.4302642924003807
125.48000000002838, 250.0, 0.0, 6.315861113307259, 0.0, 0.0, -1.5830792404357839, 0.0, 0.0, 0.4303965696003703
125.49000000002839, 250.0, 0.0, 6.300051842889687, 0.0, 0.0, -1.5787746287907782, 0.0, 0.0, 0.4305251412003597
125.5000000000284, 250.0, 0.0, 6.284285624955295, 0.0, 0.0, -1.5744687499877728, 0.0, 0.0, 0.4306500000003493
125.5100000000284, 250.0, 0.0, 6.268562471989903, 0.0, 0.0, -1.5701616411907666, 0.0, 0.0, 0.43077113880033885
125.5200000000284, 250.0, 0.0, 6.252882396107332, 0.0, 0.0, -1.5658533396357612, 0.0, 0.0, 0.43088855040032825
125.53000000002841, 250.0, 0.0, 6.23724540904868, 0.0, 0.0, -1.561543882630756, 0.0, 0.0, 0.4310022276003176
125.54000000002841, 250.0, 0.0, 6.221651522181609, 0.0, 0.0, -1.5572333075557505, 0.0, 0.0, 0.43111216320030704
125.55000000002842, 250.0, 0.0, 6.206100746499617, 0.0, 0.0, -1.5529216518627451, 0.0, 0.0, 0.43121835000029657
125.56000000002842, 250.0, 0.0, 6.1905930926213255, 0.0, 0.0, -1.54860895307574, 0.0, 0.0, 0.4313207808002859
125.57000000002843, 250.0, 0.0, 6.175128570789755, 0.0, 0.0, -1.544295248790735, 0.0, 0.0, 0.43141944840027513
125.58000000002843, 250.0, 0.0, 6.159707190871603, 0.0, 0.0, -1.5399805766757304, 0.0, 0.0, 0.43151434560026447
125.59000000002844, 250.0, 0.0, 6.144328962356532, 0.0, 0.0, -1.5356649744707254, 0.0, 0.0, 0.4316054652002539
125.60000000002844, 250.0, 0.0, 6.128993894356441, 0.0, 0.0, -1.5313484799877208, 0.0, 0.0, 0.431692800000243
125.61000000002845, 250.0, 0.0, 6.1137019956047505, 0.0, 0.0, -1.527031131110716, 0.0, 0.0, 0.43177634280023236
125.62000000002845, 250.0, 0.0, 6.09845327445568, 0.0, 0.0, -1.5227129657957115, 0.0, 0.0, 0.43185608640022155
125.63000000002846, 250.0, 0.0, 6.083247738883529, 0.0, 0.0, -1.5183940220707073, 0.0, 0.0, 0.43193202360021077
125.64000000002846, 250.0, 0.0, 6.068085396481958, 0.0, 0.0, -1.5140743380357031, 0.0, 0.0, 0.4320041472001999
125.65000000002847, 250.0, 0.0, 6.052966254463267, 0.0, 0.0, -1.5097539518626988, 0.0, 0.0, 0.432072450000189
125.66000000002848, 250.0, 0.0, 6.037890319657676, 0.0, 0.0, -1.5054329017956949, 0.0, 0.0, 0.4321369248001782
125.67000000002848, 250.0, 0.0, 6.022857598512605, 0.0, 0.0, -1.501111226150691, 0.0, 0.0, 0.4321975644001673
125.68000000002849, 250.0, 0.0, 6.007868097091954, 0.0, 0.0, -1.4967889633156872, 0.0, 0.0, 0.4322543616001564
125.69000000002849, 250.0, 0.0, 5.9929218210753845, 0.0, 0.0, -1.4924661517506834, 0.0, 0.0, 0.4323073092001454
125.7000000000285, 250.0, 0.0, 5.978018775757594, 0.0, 0.0, -1.48814282998768, 0.0, 0.0, 0.4323564000001344
125.7100000000285, 250.0, 0.0, 5.963158966047603, 0.0, 0.0, -1.483819036630676, 0.0, 0.0, 0.4324016268001235
125.7200000000285, 250.0, 0.0, 5.948342396468034, 0.0, 0.0, -1.4794948103556729, 0.0, 0.0, 0.4324429824001124
125.73000000002851, 250.0, 0.0, 5.933569071154382, 0.0, 0.0, -1.4751701899106693, 0.0, 0.0, 0.4324804596001013
125.74000000002852, 250.0, 0.0, 5.918838993854314, 0.0, 0.0, -1.4708452141156667, 0.0, 0.0, 0.4325140512000903
125.75000000002852, 250.0, 0.0, 5.904152167926923, 0.0, 0.0, -1.4665199218626634, 0.0, 0.0, 0.4325437500000792
125.76000000002853, 250.0, 0.0, 5.889508596342033, 0.0, 0.0, -1.4621943521156604, 0.0, 0.0, 0.43256954880006815
125.77000000002853, 250.0, 0.0, 5.8749082816794616, 0.0, 0.0, -1.4578685439106573, 0.0, 0.0, 0.432591440400057
125.78000000002854, 250.0, 0.0, 5.860351226128313, 0.0, 0.0, -1.4535425363556547, 0.0, 0.0, 0.4326094176000458
125.79000000002854, 250.0, 0.0, 5.845837431486243, 0.0, 0.0, -1.449216368630652, 0.0, 0.0, 0.4326234732000347
125.80000000002855, 250.0, 0.0, 5.831366899158752, 0.0, 0.0, -1.4448900799876496, 0.0, 0.0, 0.4326336000000234
125.81000000002855, 250.0, 0.0, 5.816939630158463, 0.0, 0.0, -1.4405637097506476, 0.0, 0.0, 0.4326397908000121
125.82000000002856, 250.0, 0.0, 5.802555625104393, 0.0, 0.0, -1.4362372973156448, 0.0, 0.0, 0.4326420384000008
125.83000000002856, 250.0, 0.0, 5.788214884221243, 0.0, 0.0, -1.431910882150643, 0.0, 0.0, 0.4326403355999896
125.84000000002857, 250.0, 0.0, 5.773917407338673, 0.0, 0.0, -1.4275845037956407, 0.0, 0.0, 0.4326346751999782
125.85000000002857, 250.0, 0.0, 5.759663193890584, 0.0, 0.0, -1.4232582018626385, 0.0, 0.0, 0.43262504999996687
125.86000000002858, 250.0, 0.0, 5.745452242914394, 0.0, 0.0, -1.4189320160356371, 0.0, 0.0, 0.4326114527999555
125.87000000002858, 250.0, 0.0, 5.731284553050324, 0.0, 0.0, -1.4146059860706353, 0.0, 0.0, 0.4325938763999442
125.88000000002859, 250.0, 0.0, 5.717160122540675, 0.0, 0.0, -1.410280151795634, 0.0, 0.0, 0.43257231359993265
125.89000000002859, 250.0, 0.0, 5.703078949229105, 0.0, 0.0, -1.4059545531106323, 0.0, 0.0, 0.4325467571999213
125.9000000000286, 250.0, 0.0, 5.689041030559917, 0.0, 0.0, -1.401629229987631, 0.0, 0.0, 0.4325171999999098
125.9100000000286, 250.0, 0.0, 5.6750463635773265, 0.0, 0.0, -1.3973042224706296, 0.0, 0.0, 0.4324836347998982
125.92000000002861, 250.0, 0.0, 5.6610949449247565, 0.0, 0.0, -1.3929795706756283, 0.0, 0.0, 0.4324460543998868
125.93000000002861, 250.0, 0.0, 5.647186770844107, 0.0, 0.0, -1.3886553147906278, 0.0, 0.0, 0.43240445159987523
125.94000000002862, 250.0, 0.0, 5.633321837175038, 0.0, 0.0, -1.3843314950756265, 0.0, 0.0, 0.43235881919986363
125.95000000002862, 250.0, 0.0, 5.6195001393542485, 0.0, 0.0, -1.380008151862626, 0.0, 0.0, 0.4323091499998521
125.96000000002863, 250.0, 0.0, 5.605721672414759, 0.0, 0.0, -1.3756853255556252, 0.0, 0.0, 0.4322554367998405
125.97000000002863, 250.0, 0.0, 5.591986430985191, 0.0, 0.0, -1.3713630566306247, 0.0, 0.0, 0.43219767239982887
125.98000000002864, 250.0, 0.0, 5.578294409289042, 0.0, 0.0, -1.367041385635624, 0.0, 0.0, 0.4321358495998171
125.99000000002864, 250.0, 0.0, 5.5646456011439716, 0.0, 0.0, -1.3627203531906238, 0.0, 0.0, 0.4320699611998054
126.00000000002865, 250.0, 0.0, 5.551039999961083, 0.0, 0.0, -1.3583999999876237, 0.0, 0.0, 0.43199999999979377
126.01000000002865, 250.0, 0.0, 5.537477598744193, 0.0, 0.0, -1.3540803667906236, 0.0, 0.0, 0.43192595879978213
126.02000000002866, 250.0, 0.0, 5.523958390089125, 0.0, 0.0, -1.3497614944356235, 0.0, 0.0, 0.43184783039977026
126.03000000002866, 250.0, 0.0, 5.510482366182975, 0.0, 0.0, -1.3454434238306239, 0.0, 0.0, 0.43176560759975846
126.04000000002867, 250.0, 0.0, 5.497049518803406, 0.0, 0.0, -1.3411261959556242, 0.0, 0.0, 0.43167928319974674
126.05000000002867, 250.0, 0.0, 5.483659839317917, 0.0, 0.0, -1.3368098518626241, 0.0, 0.0, 0.4315888499997348
126.06000000002868, 250.0, 0.0, 5.470313318683128, 0.0, 0.0, -1.3324944326756247, 0.0, 0.0, 0.43149430079972295
126.07000000002868, 250.0, 0.0, 5.4570099474440585, 0.0, 0.0, -1.3281799795906255, 0.0, 0.0, 0.431395628399711
126.08000000002869, 250.0, 0.0, 5.44374971573341, 0.0, 0.0, -1.3238665338756261, 0.0, 0.0, 0.43129282559969917
126.0900000000287, 250.0, 0.0, 5.430532613270842, 0.0, 0.0, -1.319554136870627, 0.0, 0.0, 0.4311858851996873
126.1000000000287, 250.0, 0.0, 5.417358629362251, 0.0, 0.0, -1.315242829987628, 0.0, 0.0, 0.43107479999967524
126.1100000000287, 250.0, 0.0, 5.404227752899063, 0.0, 0.0, -1.3109326547106295, 0.0, 0.0, 0.4309595627996633
126.12000000002871, 250.0, 0.0, 5.391139972357493, 0.0, 0.0, -1.3066236525956305, 0.0, 0.0, 0.4308401663996513
126.13000000002872, 250.0, 0.0, 5.378095275797843, 0.0, 0.0, -1.3023158652706315, 0.0, 0.0, 0.43071660359963926
126.14000000002872, 250.0, 0.0, 5.365093650863776, 0.0, 0.0, -1.2980093344356334, 0.0, 0.0, 0.4305888671996272
126.15000000002873, 250.0, 0.0, 5.352135084781587, 0.0, 0.0, -1.2937041018626345, 0.0, 0.0, 0.43045694999961504
126.16000000002873, 250.0, 0.0, 5.339219564359498, 0.0, 0.0, -1.2894002093956367, 0.0, 0.0, 0.4303208447996031
126.17000000002874, 250.0, 0.0, 5.326347075986929, 0.0, 0.0, -1.2850976989506382, 0.0, 0.0, 0.4301805443995909
126.18000000002874, 250.0, 0.0, 5.31351760563378, 0.0, 0.0, -1.28079661251564, 0.0, 0.0, 0.43003604159957864
126.19000000002875, 250.0, 0.0, 5.300731138849711, 0.0, 0.0, -1.2764969921506422, 0.0, 0.0, 0.42988732919956646
126.20000000002875, 250.0, 0.0, 5.287987660763422, 0.0, 0.0, -1.2721988799876445, 0.0, 0.0, 0.4297343999995543
126.21000000002876, 250.0, 0.0, 5.275287156081933, 0.0, 0.0, -1.2679023182306468, 0.0, 0.0, 0.4295772467995421
126.22000000002876, 250.0, 0.0, 5.262629609089864, 0.0, 0.0, -1.2636073491556492, 0.0, 0.0, 0.4294158623995298
126.23000000002877, 250.0, 0.0, 5.250015003648715, 0.0, 0.0, -1.2593140151106519, 0.0, 0.0, 0.42925023959951747
126.24000000002877, 250.0, 0.0, 5.237443323196147, 0.0, 0.0, -1.2550223585156544, 0.0, 0.0, 0.4290803711995053
126.25000000002878, 250.0, 0.0, 5.2249145507452575, 0.0, 0.0, -1.2507324218626574, 0.0, 0.0, 0.4289062499994929
126.26000000002878, 250.0, 0.0, 5.212428668883868, 0.0, 0.0, -1.2464442477156599, 0.0, 0.0, 0.42872786879948055
126.27000000002879, 250.0, 0.0, 5.199985659773798, 0.0, 0.0, -1.2421578787106635, 0.0, 0.0, 0.42854522039946813
126.28000000002879, 250.0, 0.0, 5.1875855051501505, 0.0, 0.0, -1.2378733575556664, 0.0, 0.0, 0.4283582975994557
126.2900000000288, 250.0, 0.0, 5.175228186320581, 0.0, 0.0, -1.2335907270306696, 0.0, 0.0, 0.42816709319944335
126.3000000000288, 250.0, 0.0, 5.162913684164592, 0.0, 0.0, -1.2293100299876734, 0.0, 0.0, 0.42797159999943085
126.31000000002881, 250.0, 0.0, 5.1506419791328035, 0.0, 0.0, -1.2250313093506768, 0.0, 0.0, 0.4277718107994183
126.32000000002881, 250.0, 0.0, 5.138413051246234, 0.0, 0.0, -1.2207546081156806, 0.0, 0.0, 0.42756771839940577
126.33000000002882, 250.0, 0.0, 5.126226880095585, 0.0, 0.0, -1.2164799693506843, 0.0, 0.0, 0.4273593155993933
126.34000000002882, 250.0, 0.0, 5.114083444840517, 0.0, 0.0, -1.2122074361956887, 0.0, 0.0, 0.4271465951993807
126.35000000002883, 250.0, 0.0, 5.101982724208926, 0.0, 0.0, -1.2079370518626924, 0.0, 0.0, 0.4269295499993681
126.36000000002883, 250.0, 0.0, 5.089924696496238, 0.0, 0.0, -1.2036688596356968, 0.0, 0.0, 0.42670817279935547
126.37000000002884, 250.0, 0.0, 5.07790933956467, 0.0, 0.0, -1.1994029028707007, 0.0, 0.0, 0.42648245639934285
126.38000000002884, 250.0, 0.0, 5.06593663084252, 0.0, 0.0, -1.1951392249957056, 0.0, 0.0, 0.42625239359933015
126.39000000002885, 250.0, 0.0, 5.054006547323451, 0.0, 0.0, -1.19087786951071, 0.0, 0.0, 0.4260179771993175
126.40000000002885, 250.0, 0.0, 5.042119065565761, 0.0, 0.0, -1.1866188799877146, 0.0, 0.0, 0.4257791999993047
126.41000000002886, 250.0, 0.0, 5.030274161691673, 0.0, 0.0, -1.1823623000707193, 0.0, 0.0, 0.425536054799292
126.42000000002886, 250.0, 0.0, 5.018471811386603, 0.0, 0.0, -1.1781081734757244, 0.0, 0.0, 0.42528853439927927
126.43000000002887, 250.0, 0.0, 5.006711989898452, 0.0, 0.0, -1.1738565439907296, 0.0, 0.0, 0.42503663159926647
126.44000000002887, 250.0, 0.0, 4.994994672036884, 0.0, 0.0, -1.1696074554757347, 0.0, 0.0, 0.42478033919925356
126.45000000002888, 250.0, 0.0, 4.9833198321725956, 0.0, 0.0, -1.16536095186274, 0.0, 0.0, 0.4245196499992409
126.46000000002888, 250.0, 0.0, 4.971687444236606, 0.0, 0.0, -1.1611170771557457, 0.0, 0.0, 0.424254556799228
126.47000000002889, 250.0, 0.0, 4.960097481719536, 0.0, 0.0, -1.1568758754307513, 0.0, 0.0, 0.42398505239921513
126.4800000000289, 250.0, 0.0, 4.948549917670886, 0.0, 0.0, -1.152637390835757, 0.0, 0.0, 0.4237111295992021
126.4900000000289, 250.0, 0.0, 4.937044724698317, 0.0, 0.0, -1.148401667590763, 0.0, 0.0, 0.42343278119918926
126.5000000000289, 250.0, 0.0, 4.925581874966927, 0.0, 0.0, -1.1441687499877689, 0.0, 0.0, 0.4231499999991763
126.51000000002891, 250.0, 0.0, 4.914161340198537, 0.0, 0.0, -1.139938682390775, 0.0, 0.0, 0.42286277879916323
126.52000000002892, 250.0, 0.0, 4.902783091670968, 0.0, 0.0, -1.1357115092357812, 0.0, 0.0, 0.42257111039915024
126.53000000002892, 250.0, 0.0, 4.891447100217319, 0.0, 0.0, -1.1314872750307874, 0.0, 0.0, 0.42227498759913723
126.54000000002893, 250.0, 0.0, 4.880153336225249, 0.0, 0.0, -1.1272660243557941, 0.0, 0.0, 0.4219744031991242
126.55000000002893, 250.0, 0.0, 4.868901769636259, 0.0, 0.0, -1.1230478018628007, 0.0, 0.0, 0.4216693499991111
126.56000000002894, 250.0, 0.0, 4.857692369944969, 0.0, 0.0, -1.1188326522758076, 0.0, 0.0, 0.42135982079909784
126.57000000002894, 250.0, 0.0, 4.846525106198399, 0.0, 0.0, -1.1146206203908147, 0.0, 0.0, 0.4210458083990848
126.58000000002895, 250.0, 0.0, 4.835399946995249, 0.0, 0.0, -1.1104117510758216, 0.0, 0.0, 0.42072730559907173
126.59000000002895, 250.0, 0.0, 4.82431686048518, 0.0, 0.0, -1.1062060892708285, 0.0, 0.0, 0.4204043051990584
126.60000000002896, 250.0, 0.0, 4.81327581436809, 0.0, 0.0, -1.1020036799878365, 0.0, 0.0, 0.4200767999990451
126.61000000002896, 250.0, 0.0, 4.802276775893399, 0.0, 0.0, -1.097804568310844, 0.0, 0.0, 0.41974478279903205
126.62000000002897, 250.0, 0.0, 4.791319711859329, 0.0, 0.0, -1.0936087993958514, 0.0, 0.0, 0.4194082463990187
126.63000000002897, 250.0, 0.0, 4.78040458861218, 0.0, 0.0, -1.0894164184708588, 0.0, 0.0, 0.41906718359900536
126.64000000002898, 250.0, 0.0, 4.769531372045609, 0.0, 0.0, -1.085227470835867, 0.0, 0.0, 0.418721587198992
126.65000000002898, 250.0, 0.0, 4.758700027599919, 0.0, 0.0, -1.0810420018628748, 0.0, 0.0, 0.41837144999897874
126.66000000002899, 250.0, 0.0, 4.747910520261328, 0.0, 0.0, -1.0768600569958828, 0.0, 0.0, 0.41801676479896543
126.67000000002899, 250.0, 0.0, 4.737162814561258, 0.0, 0.0, -1.072681681750891, 0.0, 0.0, 0.41765752439895193
126.680000000029, 250.0, 0.0, 4.726456874575607, 0.0, 0.0, -1.0685069217158996, 0.0, 0.0, 0.41729372159893857
126.690000000029, 250.0, 0.0, 4.715792663924038, 0.0, 0.0, -1.0643358225509083, 0.0, 0.0, 0.4169253491989251
126.70000000002901, 250.0, 0.0, 4.705170145769248, 0.0, 0.0, -1.0601684299879173, 0.0, 0.0, 0.4165523999989116
126.71000000002901, 250.0, 0.0, 4.694589282816256, 0.0, 0.0, -1.0560047898309257, 0.0, 0.0, 0.4161748667988981
126.72000000002902, 250.0, 0.0, 4.684050037311685, 0.0, 0.0, -1.0518449479559346, 0.0, 0.0, 0.41579274239888453
126.73000000002902, 250.0, 0.0, 4.6735523710430344, 0.0, 0.0, -1.0476889503109437, 0.0, 0.0, 0.415406019598871
126.74000000002903, 250.0, 0.0, 4.6630962453379645, 0.0, 0.0, -1.0435368429159528, 0.0, 0.0, 0.4150146911988575
126.75000000002903, 250.0, 0.0, 4.652681621063573, 0.0, 0.0, -1.0393886718629624, 0.0, 0.0, 0.41461874999884385
126.76000000002904, 250.0, 0.0, 4.642308458625682, 0.0, 0.0, -1.0352444833159722, 0.0, 0.0, 0.41421818879883016
126.77000000002904, 250.0, 0.0, 4.6319767179681115, 0.0, 0.0, -1.0311043235109814, 0.0, 0.0, 0.4138130003988165
126.78000000002905, 250.0, 0.0, 4.62168635857196, 0.0, 0.0, -1.0269682387559915, 0.0, 0.0, 0.41340317759880296
126.79000000002905, 250.0, 0.0, 4.611437339454888, 0.0, 0.0, -1.022836275431001, 0.0, 0.0, 0.4129887131987892
126.80000000002906, 250.0, 0.0, 4.601229619170397, 0.0, 0.0, -1.0187084799880113, 0.0, 0.0, 0.41256959999877546
126.81000000002906, 250.0, 0.0, 4.591063155807106, 0.0, 0.0, -1.0145848989510213, 0.0, 0.0, 0.4121458307987616
126.82000000002907, 250.0, 0.0, 4.580937906988035, 0.0, 0.0, -1.010465578916032, 0.0, 0.0, 0.41171739839874794
126.83000000002907, 250.0, 0.0, 4.5708538298698835, 0.0, 0.0, -1.0063505665510424, 0.0, 0.0, 0.41128429559873403
126.84000000002908, 250.0, 0.0, 4.560810881142311, 0.0, 0.0, -1.002239908596053, 0.0, 0.0, 0.4108465151987202
126.85000000002908, 250.0, 0.0, 4.550809017027221, 0.0, 0.0, -0.9981336518630636, 0.0, 0.0, 0.4104040499987063
126.86000000002909, 250.0, 0.0, 4.540848193278028, 0.0, 0.0, -0.9940318432360749, 0.0, 0.0, 0.4099568927986925
126.8700000000291, 250.0, 0.0, 4.530928365178955, 0.0, 0.0, -0.9899345296710862, 0.0, 0.0, 0.4095050363986786
126.8800000000291, 250.0, 0.0, 4.521049487544305, 0.0, 0.0, -0.9858417581960969, 0.0, 0.0, 0.40904847359866464
126.8900000000291, 250.0, 0.0, 4.511211514717732, 0.0, 0.0, -0.9817535759111085, 0.0, 0.0, 0.4085871971986506
126.90000000002911, 250.0, 0.0, 4.50141440057154, 0.0, 0.0, -0.9776700299881198, 0.0, 0.0, 0.4081211999986368
126.91000000002911, 250.0, 0.0, 4.4916580985059475, 0.0, 0.0, -0.9735911676711313, 0.0, 0.0, 0.40765047479862276
126.92000000002912, 250.0, 0.0, 4.481942561448375, 0.0, 0.0, -0.9695170362761433, 0.0, 0.0, 0.4071750143986086
126.93000000002912, 250.0, 0.0, 4.472267741852723, 0.0, 0.0, -0.965447683191155, 0.0, 0.0, 0.4066948115985945
126.94000000002913, 250.0, 0.0, 4.46263359169865, 0.0, 0.0, -0.9613831558761672, 0.0, 0.0, 0.40620985919858055
126.95000000002914, 250.0, 0.0, 4.4530400624908575, 0.0, 0.0, -0.9573235018631794, 0.0, 0.0, 0.40572014999856637
126.96000000002914, 250.0, 0.0, 4.443487105258365, 0.0, 0.0, -0.9532687687561916, 0.0, 0.0, 0.40522567679855215
126.97000000002915, 250.0, 0.0, 4.433974670553792, 0.0, 0.0, -0.949219004231204, 0.0, 0.0, 0.404726432398538
126.98000000002915, 250.0, 0.0, 4.424502708452639, 0.0, 0.0, -0.9451742560362167, 0.0, 0.0, 0.4042224095985239
126.99000000002916, 250.0, 0.0, 4.415071168552567, 0.0, 0.0, -0.9411345719912296, 0.0, 0.0, 0.4037136011985096
127.00000000002916, 250.0, 0.0, 4.405679999972673, 0.0, 0.0, -0.9370999999882422, 0.0, 0.0, 0.40319999999849543
127.01000000002917, 250.0, 0.0, 4.39632915135278, 0.0, 0.0, -0.9330705879912554, 0.0, 0.0, 0.4026815987984811
127.02000000002917, 250.0, 0.0, 4.387018570852707, 0.0, 0.0, -0.9290463840362689, 0.0, 0.0, 0.4021583903984668
127.03000000002918, 250.0, 0.0, 4.377748206151552, 0.0, 0.0, -0.9250274362312821, 0.0, 0.0, 0.40163036759845244
127.04000000002918, 250.0, 0.0, 4.368518004446979, 0.0, 0.0, -0.9210137927562954, 0.0, 0.0, 0.4010975231984381
127.05000000002919, 250.0, 0.0, 4.359327912454486, 0.0, 0.0, -0.9170055018633092, 0.0, 0.0, 0.40055984999842376
127.06000000002919, 250.0, 0.0, 4.350177876406692, 0.0, 0.0, -0.9130026118763229, 0.0, 0.0, 0.4000173407984094
127.0700000000292, 250.0, 0.0, 4.3410678420526185, 0.0, 0.0, -0.909005171191337, 0.0, 0.0, 0.3994699883983949
127.0800000000292, 250.0, 0.0, 4.331997754656963, 0.0, 0.0, -0.905013228276351, 0.0, 0.0, 0.3989177855983805
127.0900000000292, 250.0, 0.0, 4.322967558999389, 0.0, 0.0, -0.901026831671365, 0.0, 0.0, 0.3983607251983659
127.10000000002921, 250.0, 0.0, 4.313977199373795, 0.0, 0.0, -0.8970460299883796, 0.0, 0.0, 0.3977987999983515
127.11000000002922, 250.0, 0.0, 4.3050266195876015, 0.0, 0.0, -0.8930708719113942, 0.0, 0.0, 0.3972320027983369
127.12000000002922, 250.0, 0.0, 4.296115762961026, 0.0, 0.0, -0.8891014061964084, 0.0, 0.0, 0.39666032639832244
127.13000000002923, 250.0, 0.0, 4.2872445723263715, 0.0, 0.0, -0.8851376816714233, 0.0, 0.0, 0.3960837635983078
127.14000000002923, 250.0, 0.0, 4.278412990027296, 0.0, 0.0, -0.8811797472364384, 0.0, 0.0, 0.39550230719829316
127.15000000002924, 250.0, 0.0, 4.269620957918101, 0.0, 0.0, -0.8772276518634539, 0.0, 0.0, 0.3949159499982786
127.16000000002924, 250.0, 0.0, 4.260868417363008, 0.0, 0.0, -0.873281444596469, 0.0, 0.0, 0.3943246847982638
127.17000000002925, 250.0, 0.0, 4.25215530923543, 0.0, 0.0, -0.869341174551484, 0.0, 0.0, 0.39372850439824914
127.18000000002925, 250.0, 0.0, 4.243481573917276, 0.0, 0.0, -0.8654068909165, 0.0, 0.0, 0.3931274015982344
127.19000000002926, 250.0, 0.0, 4.234847151298201, 0.0, 0.0, -0.8614786429515157, 0.0, 0.0, 0.39252136919821967
127.20000000002926, 250.0, 0.0, 4.226251980774904, 0.0, 0.0, -0.8575564799885319, 0.0, 0.0, 0.39191039999820493
127.21000000002927, 250.0, 0.0, 4.217696001250409, 0.0, 0.0, -0.8536404514315475, 0.0, 0.0, 0.3912944867981901
127.22000000002927, 250.0, 0.0, 4.209179151133332, 0.0, 0.0, -0.8497306067565635, 0.0, 0.0, 0.39067362239817527
127.23000000002928, 250.0, 0.0, 4.200701368337177, 0.0, 0.0, -0.8458269955115798, 0.0, 0.0, 0.39004779959816055
127.24000000002928, 250.0, 0.0, 4.192262590279601, 0.0, 0.0, -0.8419296673165964, 0.0, 0.0, 0.38941701119814565
127.25000000002929, 250.0, 0.0, 4.183862753881704, 0.0, 0.0, -0.8380386718636129, 0.0, 0.0, 0.3887812499981308
127.2600000000293, 250.0, 0.0, 4.175501795567308, 0.0, 0.0, -0.8341540589166301, 0.0, 0.0, 0.38814050879811574
127.2700000000293, 250.0, 0.0, 4.1671796512622326, 0.0, 0.0, -0.8302758783116467, 0.0, 0.0, 0.38749478039810087
127.2800000000293, 250.0, 0.0, 4.158896256393575, 0.0, 0.0, -0.8264041799566639, 0.0, 0.0, 0.3868440575980859
127.29000000002931, 250.0, 0.0, 4.150651545888998, 0.0, 0.0, -0.8225390138316808, 0.0, 0.0, 0.3861883331980709
127.30000000002931, 250.0, 0.0, 4.142445454176, 0.0, 0.0, -0.8186804299886986, 0.0, 0.0, 0.38552759999805575
127.31000000002932, 250.0, 0.0, 4.134277915181204, 0.0, 0.0, -0.814828478551716, 0.0, 0.0, 0.3848618507980407
127.32000000002932, 250.0, 0.0, 4.126148862329625, 0.0, 0.0, -0.8109832097167335, 0.0, 0.0, 0.38419107839802574
127.33000000002933, 250.0, 0.0, 4.118058228543968, 0.0, 0.0, -0.8071446737517517, 0.0, 0.0, 0.3835152755980106
127.34000000002933, 250.0, 0.0, 4.1100059462438905, 0.0, 0.0, -0.8033129209967698, 0.0, 0.0, 0.3828344351979954
127.35000000002934, 250.0, 0.0, 4.101991947345293, 0.0, 0.0, -0.7994880018637879, 0.0, 0.0, 0.38214854999798026
127.36000000002934, 250.0, 0.0, 4.094016163259595, 0.0, 0.0, -0.7956699668368062, 0.0, 0.0, 0.3814576127979651
127.37000000002935, 250.0, 0.0, 4.086078524893017, 0.0, 0.0, -0.7918588664718246, 0.0, 0.0, 0.3807616163979499
127.38000000002936, 250.0, 0.0, 4.0781789626458576, 0.0, 0.0, -0.7880547513968434, 0.0, 0.0, 0.38006055359793456
127.39000000002936, 250.0, 0.0, 4.070317406411778, 0.0, 0.0, -0.7842576723118625, 0.0, 0.0, 0.3793544171979194
127.40000000002937, 250.0, 0.0, 4.062493785577081, 0.0, 0.0, -0.7804676799888809, 0.0, 0.0, 0.3786431999979041
127.41000000002937, 250.0, 0.0, 4.054708029019982, 0.0, 0.0, -0.7766848252719001, 0.0, 0.0, 0.37792689479788877
127.42000000002938, 250.0, 0.0, 4.046960065109902, 0.0, 0.0, -0.7729091590769193, 0.0, 0.0, 0.37720549439787343
127.43000000002938, 250.0, 0.0, 4.039249821706743, 0.0, 0.0, -0.769140732391939, 0.0, 0.0, 0.3764789915978581
127.44000000002939, 250.0, 0.0, 4.031577226160165, 0.0, 0.0, -0.7653795962769583, 0.0, 0.0, 0.3757473791978427
127.45000000002939, 250.0, 0.0, 4.023942205308865, 0.0, 0.0, -0.7616258018639777, 0.0, 0.0, 0.37501064999782713
127.4600000000294, 250.0, 0.0, 4.016344685479864, 0.0, 0.0, -0.7578794003569976, 0.0, 0.0, 0.3742687967978118
127.4700000000294, 250.0, 0.0, 4.0087845924877845, 0.0, 0.0, -0.7541404430320178, 0.0, 0.0, 0.37352181239779625
127.4800000000294, 250.0, 0.0, 4.0012618516341245, 0.0, 0.0, -0.7504089812370379, 0.0, 0.0, 0.3727696895977808
127.49000000002941, 250.0, 0.0, 3.993776387706544, 0.0, 0.0, -0.7466850663920586, 0.0, 0.0, 0.37201242119776523
127.50000000002942, 250.0, 0.0, 3.9863281249781437, 0.0, 0.0, -0.7429687499890792, 0.0, 0.0, 0.37124999999774966
127.51000000002942, 250.0, 0.0, 3.9789169872067434, 0.0, 0.0, -0.7392600835921, 0.0, 0.0, 0.37048241879773414
127.52000000002943, 250.0, 0.0, 3.971542897634162, 0.0, 0.0, -0.7355591188371206, 0.0, 0.0, 0.3697096703977186
127.53000000002943, 250.0, 0.0, 3.9642057789855016, 0.0, 0.0, -0.7318659074321415, 0.0, 0.0, 0.36893174759770286
127.54000000002944, 250.0, 0.0, 3.9569055534684203, 0.0, 0.0, -0.7281805011571625, 0.0, 0.0, 0.36814864319768725
127.55000000002944, 250.0, 0.0, 3.949642142772418, 0.0, 0.0, -0.7245029518641841, 0.0, 0.0, 0.36736034999767153
127.56000000002945, 250.0, 0.0, 3.9424154680681163, 0.0, 0.0, -0.7208333114772059, 0.0, 0.0, 0.36656686079765577
127.57000000002945, 250.0, 0.0, 3.935225450006535, 0.0, 0.0, -0.7171716319922276, 0.0, 0.0, 0.36576816839764004
127.58000000002946, 250.0, 0.0, 3.928072008718374, 0.0, 0.0, -0.713517965477249, 0.0, 0.0, 0.3649642655976242
127.59000000002946, 250.0, 0.0, 3.9209550638132913, 0.0, 0.0, -0.7098723640722708, 0.0, 0.0, 0.3641551451976085
127.60000000002947, 250.0, 0.0, 3.913874534379188, 0.0, 0.0, -0.706234879989293, 0.0, 0.0, 0.3633407999975927
127.61000000002947, 250.0, 0.0, 3.906830338981486, 0.0, 0.0, -0.7026055655123156, 0.0, 0.0, 0.3625212227975768
127.62000000002948, 250.0, 0.0, 3.8998223956624027, 0.0, 0.0, -0.6989844729973381, 0.0, 0.0, 0.36169640639756084
127.63000000002948, 250.0, 0.0, 3.89285062194024, 0.0, 0.0, -0.6953716548723602, 0.0, 0.0, 0.360866343597545
127.64000000002949, 250.0, 0.0, 3.885914934808656, 0.0, 0.0, -0.6917671636373834, 0.0, 0.0, 0.3600310271975291
127.6500000000295, 250.0, 0.0, 3.8790152507359528, 0.0, 0.0, -0.6881710518644065, 0.0, 0.0, 0.35919044999751315
127.6600000000295, 250.0, 0.0, 3.87215148566435, 0.0, 0.0, -0.6845833721974293, 0.0, 0.0, 0.3583446047974971
127.6700000000295, 250.0, 0.0, 3.8653235550092644, 0.0, 0.0, -0.6810041773524524, 0.0, 0.0, 0.3574934843974811
127.68000000002951, 250.0, 0.0, 3.8585313736586, 0.0, 0.0, -0.677433520117476, 0.0, 0.0, 0.3566370815974651
127.69000000002951, 250.0, 0.0, 3.8517748559720175, 0.0, 0.0, -0.6738714533524999, 0.0, 0.0, 0.355775389197449
127.70000000002952, 250.0, 0.0, 3.8450539157802126, 0.0, 0.0, -0.6703180299895235, 0.0, 0.0, 0.35490839999743296
127.71000000002952, 250.0, 0.0, 3.8383684663842073, 0.0, 0.0, -0.6667733030325474, 0.0, 0.0, 0.3540361067974168
127.72000000002953, 250.0, 0.0, 3.8317184205546226, 0.0, 0.0, -0.6632373255575716, 0.0, 0.0, 0.35315850239740076
127.73000000002953, 250.0, 0.0, 3.8251036905309572, 0.0, 0.0, -0.6597101507125958, 0.0, 0.0, 0.35227557959738454
127.74000000002954, 250.0, 0.0, 3.8185241880208727, 0.0, 0.0, -0.6561918317176203, 0.0, 0.0, 0.3513873311973684
127.75000000002954, 250.0, 0.0, 3.811979824199466, 0.0, 0.0, -0.652682421864645, 0.0, 0.0, 0.35049374999735217
127.76000000002955, 250.0, 0.0, 3.8054705097085604, 0.0, 0.0, -0.6491819745176696, 0.0, 0.0, 0.34959482879733594
127.77000000002955, 250.0, 0.0, 3.798996154655975, 0.0, 0.0, -0.6456905431126946, 0.0, 0.0, 0.3486905603973195
127.78000000002956, 250.0, 0.0, 3.7925566686148087, 0.0, 0.0, -0.6422081811577196, 0.0, 0.0, 0.3477809375973032
127.79000000002956, 250.0, 0.0, 3.786151960622721, 0.0, 0.0, -0.6387349422327447, 0.0, 0.0, 0.34686595319728697
127.80000000002957, 250.0, 0.0, 3.7797819391812157, 0.0, 0.0, -0.6352708799897704, 0.0, 0.0, 0.3459455999972707
127.81000000002958, 250.0, 0.0, 3.7734465122549077, 0.0, 0.0, -0.631816048152796, 0.0, 0.0, 0.34501987079725427
127.82000000002958, 250.0, 0.0, 3.76714558727082, 0.0, 0.0, -0.6283705005178218, 0.0, 0.0, 0.34408875839723785
127.83000000002959, 250.0, 0.0, 3.760879071117653, 0.0, 0.0, -0.6249342909528475, 0.0, 0.0, 0.3431522555972213
127.84000000002959, 250.0, 0.0, 3.7546468701450633, 0.0, 0.0, -0.6215074733978734, 0.0, 0.0, 0.342210355197205
127.8500000000296, 250.0, 0.0, 3.7484488901629556, 0.0, 0.0, -0.6180901018649003, 0.0, 0.0, 0.3412630499971885
127.8600000000296, 250.0, 0.0, 3.7422850364407485, 0.0, 0.0, -0.6146822304379264, 0.0, 0.0, 0.34031033279717193
127.8700000000296, 250.0, 0.0, 3.7361552137066596, 0.0, 0.0, -0.6112839132729531, 0.0, 0.0, 0.3393521963971553
127.88000000002961, 250.0, 0.0, 3.730059326146991, 0.0, 0.0, -0.6078952045979799, 0.0, 0.0, 0.3383886335971389
127.89000000002962, 250.0, 0.0, 3.7239972774054024, 0.0, 0.0, -0.604516158713007, 0.0, 0.0, 0.3374196371971222
127.90000000002962, 250.0, 0.0, 3.717968970582193, 0.0, 0.0, -0.601146829990034, 0.0, 0.0, 0.33644519999710565
127.91000000002963, 250.0, 0.0, 3.7119743082335828, 0.0, 0.0, -0.5977872728730615, 0.0, 0.0, 0.33546531479708885
127.92000000002963, 250.0, 0.0, 3.7060131923709942, 0.0, 0.0, -0.594437541878089, 0.0, 0.0, 0.3344799743970722
127.93000000002964, 250.0, 0.0, 3.700085524460324, 0.0, 0.0, -0.5910976915931165, 0.0, 0.0, 0.3334891715970555
127.94000000002964, 250.0, 0.0, 3.694191205421233, 0.0, 0.0, -0.5877677766781443, 0.0, 0.0, 0.33249289919703884
127.95000000002965, 250.0, 0.0, 3.6883301356264226, 0.0, 0.0, -0.584447851865172, 0.0, 0.0, 0.331491149997022
127.96000000002965, 250.0, 0.0, 3.6825022149009117, 0.0, 0.0, -0.5811379719582004, 0.0, 0.0, 0.3304839167970053
127.97000000002966, 250.0, 0.0, 3.6767073425213193, 0.0, 0.0, -0.5778381918332289, 0.0, 0.0, 0.3294711923969885
127.98000000002966, 250.0, 0.0, 3.670945417215149, 0.0, 0.0, -0.5745485664382575, 0.0, 0.0, 0.3284529695969717
127.99000000002967, 250.0, 0.0, 3.6652163371600572, 0.0, 0.0, -0.5712691507932861, 0.0, 0.0, 0.3274292411969548
128.00000000002967, 250.0, 0.0, 3.659519999983145, 0.0, 0.0, -0.5679999999903149, 0.0, 0.0, 0.3263999999969379
128.01000000002966, 250.0, 0.0, 3.6538563027602433, 0.0, 0.0, -0.5647411691933482, 0.0, 0.0, 0.32536523879692236
128.02000000002968, 250.0, 0.0, 3.64822514201514, 0.0, 0.0, -0.5614927136383728, 0.0, 0.0, 0.324324950396904
128.0300000000297, 250.0, 0.0, 3.6426264137189603, 0.0, 0.0, -0.5582546886333983, 0.0, 0.0, 0.3232791275968856
128.0400000000297, 250.0, 0.0, 3.6370600132893744, 0.0, 0.0, -0.5550271495584322, 0.0, 0.0, 0.32222776319686997
128.05000000002968, 250.0, 0.0, 3.631525835589869, 0.0, 0.0, -0.5518101518654664, 0.0, 0.0, 0.3211708499968544
128.0600000000297, 250.0, 0.0, 3.626023774929049, 0.0, 0.0, -0.5486037510784922, 0.0, 0.0, 0.3201083807968359
128.07000000002972, 250.0, 0.0, 3.6205537250599478, 0.0, 0.0, -0.5454080027935173, 0.0, 0.0, 0.3190403483968173
128.0800000000297, 250.0, 0.0, 3.6151155791792804, 0.0, 0.0, -0.5422229626785519, 0.0, 0.0, 0.3179667455968017
128.0900000000297, 250.0, 0.0, 3.6097092299266946, 0.0, 0.0, -0.5390486864735875, 0.0, 0.0, 0.31688756519678607
128.10000000002972, 250.0, 0.0, 3.6043345693840703, 0.0, 0.0, -0.535885229990613, 0.0, 0.0, 0.3158027999967675
128.11000000002974, 250.0, 0.0, 3.5989914890748493, 0.0, 0.0, -0.5327326491136398, 0.0, 0.0, 0.3147124427967487
128.12000000002973, 250.0, 0.0, 3.5936798799632603, 0.0, 0.0, -0.5295909997986745, 0.0, 0.0, 0.313616486396733
128.13000000002972, 250.0, 0.0, 3.5883996324535925, 0.0, 0.0, -0.5264603380737108, 0.0, 0.0, 0.3125149235967174
128.14000000002974, 250.0, 0.0, 3.5831506363894885, 0.0, 0.0, -0.5233407200387374, 0.0, 0.0, 0.3114077471966986
128.15000000002976, 250.0, 0.0, 3.577932781053265, 0.0, 0.0, -0.5202322018657642, 0.0, 0.0, 0.3102949499966796
128.16000000002975, 250.0, 0.0, 3.572745955165158, 0.0, 0.0, -0.5171348397988006, 0.0, 0.0, 0.3091765247966638
128.17000000002975, 250.0, 0.0, 3.5675900468825654, 0.0, 0.0, -0.514048690153837, 0.0, 0.0, 0.30805246439664813
128.18000000002976, 250.0, 0.0, 3.5624649437993834, 0.0, 0.0, -0.5109738093188647, 0.0, 0.0, 0.3069227615966291
128.19000000002978, 250.0, 0.0, 3.557370532945278, 0.0, 0.0, -0.5079102537538924, 0.0, 0.0, 0.30578740919661007
128.20000000002977, 250.0, 0.0, 3.5523067007849667, 0.0, 0.0, -0.5048580799909288, 0.0, 0.0, 0.30464639999659415
128.21000000002977, 250.0, 0.0, 3.5472733332174555, 0.0, 0.0, -0.501817344633966, 0.0, 0.0, 0.30349972679657855
128.22000000002978, 250.0, 0.0, 3.542270315575351, 0.0, 0.0, -0.49878810435899446, 0.0, 0.0, 0.30234738239655923
128.2300000000298, 250.0, 0.0, 3.5372975326241645, 0.0, 0.0, -0.4957704159140234, 0.0, 0.0, 0.30118935959654014
128.2400000000298, 250.0, 0.0, 3.532354868561573, 0.0, 0.0, -0.49276433611906034, 0.0, 0.0, 0.30002565119652413
128.2500000000298, 250.0, 0.0, 3.527442207016661, 0.0, 0.0, -0.48976992186609847, 0.0, 0.0, 0.2988562499965084
128.2600000000298, 250.0, 0.0, 3.5225594310492356, 0.0, 0.0, -0.4867872301191274, 0.0, 0.0, 0.2976811487964891
128.27000000002982, 250.0, 0.0, 3.517706423149128, 0.0, 0.0, -0.4838163179141566, 0.0, 0.0, 0.2965003403964698
128.28000000002982, 250.0, 0.0, 3.5128830652354566, 0.0, 0.0, -0.4808572423591949, 0.0, 0.0, 0.2953138175964537
128.2900000000298, 250.0, 0.0, 3.5080892386558604, 0.0, 0.0, -0.47791006063423325, 0.0, 0.0, 0.29412157319643795
128.30000000002983, 250.0, 0.0, 3.503324824185834, 0.0, 0.0, -0.4749748299912634, 0.0, 0.0, 0.29292359999641837
128.31000000002985, 250.0, 0.0, 3.498589702028004, 0.0, 0.0, -0.4720516077542931, 0.0, 0.0, 0.29171989079639893
128.32000000002984, 250.0, 0.0, 3.49388375181141, 0.0, 0.0, -0.4691404513193326, 0.0, 0.0, 0.2905104383963828
128.33000000002983, 250.0, 0.0, 3.489206852590734, 0.0, 0.0, -0.4662414181543708, 0.0, 0.0, 0.28929523559636694
128.34000000002985, 250.0, 0.0, 3.4845588828456253, 0.0, 0.0, -0.46335456579940215, 0.0, 0.0, 0.28807427519634743
128.35000000002987, 250.0, 0.0, 3.4799397204799973, 0.0, 0.0, -0.4604799518664331, 0.0, 0.0, 0.28684754999632767
128.36000000002986, 250.0, 0.0, 3.4753492428212795, 0.0, 0.0, -0.45761763403947264, 0.0, 0.0, 0.2856150527963116
128.37000000002985, 250.0, 0.0, 3.470787326619684, 0.0, 0.0, -0.454767670074512, 0.0, 0.0, 0.28437677639629544
128.38000000002987, 250.0, 0.0, 3.4662538480474927, 0.0, 0.0, -0.45193011779954384, 0.0, 0.0, 0.2831327135962758
128.3900000000299, 250.0, 0.0, 3.461748682698383, 0.0, 0.0, -0.44910503511457533, 0.0, 0.0, 0.28188285719625594
128.40000000002988, 250.0, 0.0, 3.457271705586666, 0.0, 0.0, -0.4462924799916157, 0.0, 0.0, 0.28062719999623975
128.41000000002987, 250.0, 0.0, 3.4528227911465463, 0.0, 0.0, -0.4434925104746559, 0.0, 0.0, 0.27936573479622373
128.4200000000299, 250.0, 0.0, 3.448401813231436, 0.0, 0.0, -0.4407051846796881, 0.0, 0.0, 0.27809845439620384
128.4300000000299, 250.0, 0.0, 3.444008645113244, 0.0, 0.0, -0.43793056079472104, 0.0, 0.0, 0.27682535159618404
128.4400000000299, 250.0, 0.0, 3.4396431594816446, 0.0, 0.0, -0.4351686970797617, 0.0, 0.0, 0.2755464191961675
128.4500000000299, 250.0, 0.0, 3.435305228443326, 0.0, 0.0, -0.4324196518668022, 0.0, 0.0, 0.2742616499961513
128.4600000000299, 250.0, 0.0, 3.430994723521292, 0.0, 0.0, -0.42968348355983577, 0.0, 0.0, 0.27297103679613144
128.47000000002993, 250.0, 0.0, 3.4267115156541803, 0.0, 0.0, -0.4269602506348691, 0.0, 0.0, 0.27167457239611137
128.48000000002992, 250.0, 0.0, 3.4224554751954983, 0.0, 0.0, -0.42425001163991105, 0.0, 0.0, 0.27037224959609507
128.4900000000299, 250.0, 0.0, 3.4182264719128965, 0.0, 0.0, -0.4215528251949521, 0.0, 0.0, 0.26906406119607873
128.50000000002993, 250.0, 0.0, 3.4140243749874615, 0.0, 0.0, -0.41886874999198676, 0.0, 0.0, 0.26774999999605864
128.51000000002995, 250.0, 0.0, 3.4098490530130303, 0.0, 0.0, -0.41619784479502075, 0.0, 0.0, 0.2664300587960383
128.52000000002994, 250.0, 0.0, 3.4057003739954257, 0.0, 0.0, -0.4135401684400637, 0.0, 0.0, 0.2651042303960218
128.53000000002993, 250.0, 0.0, 3.401578205351743, 0.0, 0.0, -0.4108957798351054, 0.0, 0.0, 0.26377250759600546
128.54000000002995, 250.0, 0.0, 3.397482413909628, 0.0, 0.0, -0.4082647379601403, 0.0, 0.0, 0.2624348831959852
128.55000000002997, 250.0, 0.0, 3.3934128659065923, 0.0, 0.0, -0.4056471018671759, 0.0, 0.0, 0.26109134999596495
128.56000000002996, 250.0, 0.0, 3.3893694269892696, 0.0, 0.0, -0.4030429306802179, 0.0, 0.0, 0.2597419007959483
128.57000000002995, 250.0, 0.0, 3.3853519622126624, 0.0, 0.0, -0.40045228359526086, 0.0, 0.0, 0.2583865283959319
128.58000000002997, 250.0, 0.0, 3.381360336039467, 0.0, 0.0, -0.3978752198802977, 0.0, 0.0, 0.25702522559591146
128.59000000003, 250.0, 0.0, 3.3773944123393496, 0.0, 0.0, -0.39531179887533274, 0.0, 0.0, 0.255657985195891
128.60000000002998, 250.0, 0.0, 3.3734540543882234, 0.0, 0.0, -0.39276207999237633, 0.0, 0.0, 0.2542847999958744
128.61000000002997, 250.0, 0.0, 3.369539124867498, 0.0, 0.0, -0.39022612271542045, 0.0, 0.0, 0.2529056627958578
128.62000000003, 250.0, 0.0, 3.3656494858633814, 0.0, 0.0, -0.387703986600457, 0.0, 0.0, 0.2515205663958372
128.63000000003, 250.0, 0.0, 3.3617849988661823, 0.0, 0.0, -0.38519573127549367, 0.0, 0.0, 0.25012950359581665
128.64000000003, 250.0, 0.0, 3.357945524769575, 0.0, 0.0, -0.38270141644053846, 0.0, 0.0, 0.2487324671957999
128.65000000003, 250.0, 0.0, 3.354130923869847, 0.0, 0.0, -0.3802211018675816, 0.0, 0.0, 0.24732944999578343
128.66000000003, 250.0, 0.0, 3.3503410558652074, 0.0, 0.0, -0.3777548474006198, 0.0, 0.0, 0.24592044479576247
128.67000000003003, 250.0, 0.0, 3.346575779855088, 0.0, 0.0, -0.3753027129556572, 0.0, 0.0, 0.24450544439574184
128.68000000003002, 250.0, 0.0, 3.342834954339399, 0.0, 0.0, -0.37286475852070233, 0.0, 0.0, 0.24308444159572495
128.69000000003, 250.0, 0.0, 3.3391184372177882, 0.0, 0.0, -0.37044104415574797, 0.0, 0.0, 0.24165742919570843
128.70000000003003, 250.0, 0.0, 3.3354260857889466, 0.0, 0.0, -0.3680316299927855, 0.0, 0.0, 0.24022439999568757
128.71000000003005, 250.0, 0.0, 3.3317577567499064, 0.0, 0.0, -0.36563657623582424, 0.0, 0.0, 0.23878534679566654
128.72000000003004, 250.0, 0.0, 3.3281133061952946, 0.0, 0.0, -0.36325594316086995, 0.0, 0.0, 0.23734026239564987
128.73000000003003, 250.0, 0.0, 3.3244925896166033, 0.0, 0.0, -0.36088979111591546, 0.0, 0.0, 0.23588913959563318
128.74000000003005, 250.0, 0.0, 3.320895461901482, 0.0, 0.0, -0.35853818052095554, 0.0, 0.0, 0.234431971195612
128.75000000003007, 250.0, 0.0, 3.3173217773330372, 0.0, 0.0, -0.35620117186799405, 0.0, 0.0, 0.23296874999559103
128.76000000003006, 250.0, 0.0, 3.313771389589105, 0.0, 0.0, -0.3538788257210408, 0.0, 0.0, 0.23149946879557404
128.77000000003005, 250.0, 0.0, 3.3102441517414922, 0.0, 0.0, -0.3515712027160871, 0.0, 0.0, 0.2300241203955572
128.78000000003007, 250.0, 0.0, 3.306739916255288, 0.0, 0.0, -0.34927836356112674, 0.0, 0.0, 0.22854269759553614
128.7900000000301, 250.0, 0.0, 3.303258534988163, 0.0, 0.0, -0.3470003690361678, 0.0, 0.0, 0.22705519319551482
128.80000000003008, 250.0, 0.0, 3.2997998591896285, 0.0, 0.0, -0.344737279993214, 0.0, 0.0, 0.22556159999549796
128.81000000003007, 250.0, 0.0, 3.2963637395002925, 0.0, 0.0, -0.3424891573562612, 0.0, 0.0, 0.224061910795481
128.8200000000301, 250.0, 0.0, 3.292950025951169, 0.0, 0.0, -0.34025606212130244, 0.0, 0.0, 0.22255611839545963
128.8300000000301, 250.0, 0.0, 3.2895585679629633, 0.0, 0.0, -0.33803805535634424, 0.0, 0.0, 0.2210442155954383
128.8400000000301, 250.0, 0.0, 3.2861892143453457, 0.0, 0.0, -0.3358351982013916, 0.0, 0.0, 0.21952619519542116
128.8500000000301, 250.0, 0.0, 3.2828418132962094, 0.0, 0.0, -0.3336475518684394, 0.0, 0.0, 0.21800204999540396
128.8600000000301, 250.0, 0.0, 3.2795162124009622, 0.0, 0.0, -0.3314751776414815, 0.0, 0.0, 0.21647177279538277
128.87000000003013, 250.0, 0.0, 3.276212258631836, 0.0, 0.0, -0.32931813687652345, 0.0, 0.0, 0.2149353563953612
128.88000000003012, 250.0, 0.0, 3.2729297983471373, 0.0, 0.0, -0.3271764910015713, 0.0, 0.0, 0.21339279359534402
128.8900000000301, 250.0, 0.0, 3.269668677290517, 0.0, 0.0, -0.3250503015166202, 0.0, 0.0, 0.21184407719532705
128.90000000003013, 250.0, 0.0, 3.266428740590268, 0.0, 0.0, -0.3229396299936629, 0.0, 0.0, 0.21028919999530538
128.91000000003015, 250.0, 0.0, 3.26320983275862, 0.0, 0.0, -0.32084453807670665, 0.0, 0.0, 0.20872815479528384
128.92000000003014, 250.0, 0.0, 3.2600117976909972, 0.0, 0.0, -0.3187650874817549, 0.0, 0.0, 0.20716093439526662
128.93000000003013, 250.0, 0.0, 3.2568344786652985, 0.0, 0.0, -0.31670133999680505, 0.0, 0.0, 0.20558753159524945
128.94000000003015, 250.0, 0.0, 3.2536777183411685, 0.0, 0.0, -0.3146533574818482, 0.0, 0.0, 0.20400793919522764
128.95000000003017, 250.0, 0.0, 3.250541358759318, 0.0, 0.0, -0.31262120186889253, 0.0, 0.0, 0.20242214999520602
128.96000000003016, 250.0, 0.0, 3.2474252413407747, 0.0, 0.0, -0.3106049351619429, 0.0, 0.0, 0.20083015679518867
128.97000000003015, 250.0, 0.0, 3.244329206886151, 0.0, 0.0, -0.30860461943699136, 0.0, 0.0, 0.19923195239517133
128.98000000003017, 250.0, 0.0, 3.241253095574939, 0.0, 0.0, -0.3066203168420374, 0.0, 0.0, 0.1976275295951494
128.9900000000302, 250.0, 0.0, 3.238196746964807, 0.0, 0.0, -0.30465208959708145, 0.0, 0.0, 0.19601688119512772
129.00000000003018, 250.0, 0.0, 3.2351599999908633, 0.0, 0.0, -0.3026999999941322, 0.0, 0.0, 0.19439999999511004
129.01000000003017, 250.0, 0.0, 3.232142692964918, 0.0, 0.0, -0.30076411039718276, 0.0, 0.0, 0.19277687879509264
129.0200000000302, 250.0, 0.0, 3.229144663574783, 0.0, 0.0, -0.29884448324222834, 0.0, 0.0, 0.19114751039507083
129.0300000000302, 250.0, 0.0, 3.2261657488835707, 0.0, 0.0, -0.29694118103727507, 0.0, 0.0, 0.18951188759504856
129.0400000000302, 250.0, 0.0, 3.2232057853289433, 0.0, 0.0, -0.2950542663623261, 0.0, 0.0, 0.18787000319503122
129.0500000000302, 250.0, 0.0, 3.2202646087223963, 0.0, 0.0, -0.2931838018693771, 0.0, 0.0, 0.1862218499950138
129.06000000003021, 250.0, 0.0, 3.2173420542485403, 0.0, 0.0, -0.2913298502824233, 0.0, 0.0, 0.18456742079499178
129.07000000003023, 250.0, 0.0, 3.214437956464404, 0.0, 0.0, -0.2894924743974703, 0.0, 0.0, 0.18290670839496947
129.08000000003022, 250.0, 0.0, 3.211552149298696, 0.0, 0.0, -0.2876717370825217, 0.0, 0.0, 0.18123970559495206
129.09000000003022, 250.0, 0.0, 3.208684466051069, 0.0, 0.0, -0.2858677012775743, 0.0, 0.0, 0.1795664051949345
129.10000000003024, 250.0, 0.0, 3.2058347393914097, 0.0, 0.0, -0.284080429994622, 0.0, 0.0, 0.17788679999491208
129.11000000003025, 250.0, 0.0, 3.2030028013591507, 0.0, 0.0, -0.2823099863176688, 0.0, 0.0, 0.17620088279488966
129.12000000003025, 250.0, 0.0, 3.200188483362522, 0.0, 0.0, -0.28055643340272196, 0.0, 0.0, 0.17450864639487218
129.13000000003024, 250.0, 0.0, 3.1973916161778115, 0.0, 0.0, -0.2788198344777746, 0.0, 0.0, 0.1728100835948545
129.14000000003026, 250.0, 0.0, 3.194612029948672, 0.0, 0.0, -0.27710025284282347, 0.0, 0.0, 0.17110518719483214
129.15000000003027, 250.0, 0.0, 3.1918495541854117, 0.0, 0.0, -0.2753977518698716, 0.0, 0.0, 0.1693939499948096
129.16000000003027, 250.0, 0.0, 3.1891040177642593, 0.0, 0.0, -0.27371239500292455, 0.0, 0.0, 0.16767636479479198
129.17000000003026, 250.0, 0.0, 3.1863752489266273, 0.0, 0.0, -0.27204424575797925, 0.0, 0.0, 0.1659524243947742
129.18000000003028, 250.0, 0.0, 3.183663075278404, 0.0, 0.0, -0.27039336772302835, 0.0, 0.0, 0.16422212159475158
129.1900000000303, 250.0, 0.0, 3.180967323789263, 0.0, 0.0, -0.2687598245580769, 0.0, 0.0, 0.16248544919472896
129.2000000000303, 250.0, 0.0, 3.178287820791908, 0.0, 0.0, -0.2671436799951321, 0.0, 0.0, 0.1607423999947114
129.21000000003028, 250.0, 0.0, 3.1756243919813536, 0.0, 0.0, -0.26554499783818564, 0.0, 0.0, 0.15899296679469344
129.2200000000303, 250.0, 0.0, 3.1729768624142087, 0.0, 0.0, -0.2639638419632364, 0.0, 0.0, 0.15723714239467068
129.23000000003032, 250.0, 0.0, 3.170345056507988, 0.0, 0.0, -0.2624002763182862, 0.0, 0.0, 0.15547491959464788
129.2400000000303, 250.0, 0.0, 3.167728798040348, 0.0, 0.0, -0.2608543649233419, 0.0, 0.0, 0.1537062911946303
129.2500000000303, 250.0, 0.0, 3.1651279101483913, 0.0, 0.0, -0.2593261718703963, 0.0, 0.0, 0.15193124999461216
129.26000000003032, 250.0, 0.0, 3.162542215327928, 0.0, 0.0, -0.25781576132344775, 0.0, 0.0, 0.1501497887945894
129.27000000003034, 250.0, 0.0, 3.1599715354327813, 0.0, 0.0, -0.25632319751849986, 0.0, 0.0, 0.14836190039456632
129.28000000003033, 250.0, 0.0, 3.157415691674064, 0.0, 0.0, -0.2548485447635547, 0.0, 0.0, 0.14656757759454864
129.29000000003032, 250.0, 0.0, 3.154874504619424, 0.0, 0.0, -0.2533918674386104, 0.0, 0.0, 0.14476681319453066
129.30000000003034, 250.0, 0.0, 3.152347794192356, 0.0, 0.0, -0.2519532299956626, 0.0, 0.0, 0.14295959999450747
129.31000000003036, 250.0, 0.0, 3.1498353796714875, 0.0, 0.0, -0.25053269695871494, 0.0, 0.0, 0.14114593079448456
129.32000000003035, 250.0, 0.0, 3.147337079689847, 0.0, 0.0, -0.2491303329237713, 0.0, 0.0, 0.13932579839446635
129.33000000003034, 250.0, 0.0, 3.144852712234125, 0.0, 0.0, -0.24774620255882862, 0.0, 0.0, 0.13749919559444856
129.34000000003036, 250.0, 0.0, 3.142382094643975, 0.0, 0.0, -0.24638037060388118, 0.0, 0.0, 0.13566611519442529
129.35000000003038, 250.0, 0.0, 3.1399250436113055, 0.0, 0.0, -0.24503290187093452, 0.0, 0.0, 0.13382654999440202
129.36000000003037, 250.0, 0.0, 3.137481375179542, 0.0, 0.0, -0.24370386124399213, 0.0, 0.0, 0.13198049279438406
129.37000000003036, 250.0, 0.0, 3.135050904742897, 0.0, 0.0, -0.2423933136790497, 0.0, 0.0, 0.13012793639436604
129.38000000003038, 250.0, 0.0, 3.1326334470456683, 0.0, 0.0, -0.24110132420410268, 0.0, 0.0, 0.12826887359434258
129.3900000000304, 250.0, 0.0, 3.130228816181514, 0.0, 0.0, -0.23982795791915779, 0.0, 0.0, 0.1264032971943193
129.4000000000304, 250.0, 0.0, 3.127836825592749, 0.0, 0.0, -0.2385732799962157, 0.0, 0.0, 0.12453119999430107
129.41000000003038, 250.0, 0.0, 3.125457288069585, 0.0, 0.0, -0.23733735567927416, 0.0, 0.0, 0.12265257479428271
129.4200000000304, 250.0, 0.0, 3.1230900157494297, 0.0, 0.0, -0.23612025028432893, 0.0, 0.0, 0.12076741439425942
129.43000000003042, 250.0, 0.0, 3.120734820116196, 0.0, 0.0, -0.23492202919938343, 0.0, 0.0, 0.11887571159423582
129.4400000000304, 250.0, 0.0, 3.1183915119995467, 0.0, 0.0, -0.23374275788444265, 0.0, 0.0, 0.11697745919421765
129.4500000000304, 250.0, 0.0, 3.116059901574179, 0.0, 0.0, -0.23258250187150198, 0.0, 0.0, 0.11507264999419964
129.46000000003042, 250.0, 0.0, 3.1137397983591013, 0.0, 0.0, -0.2314413267645583, 0.0, 0.0, 0.11316127679417587
129.47000000003044, 250.0, 0.0, 3.111431011216947, 0.0, 0.0, -0.23031929823961406, 0.0, 0.0, 0.11124333239415196
129.48000000003043, 250.0, 0.0, 3.109133348353218, 0.0, 0.0, -0.2292164820446736, 0.0, 0.0, 0.10931880959413354
129.49000000003042, 250.0, 0.0, 3.106846617315565, 0.0, 0.0, -0.2281329439997335, 0.0, 0.0, 0.10738770119411534
129.50000000003044, 250.0, 0.0, 3.1045706249930873, 0.0, 0.0, -0.22706874999679005, 0.0, 0.0, 0.10544999999409166
129.51000000003046, 250.0, 0.0, 3.1023051776156096, 0.0, 0.0, -0.22602396599984687, 0.0, 0.0, 0.10350569879406768
129.52000000003045, 250.0, 0.0, 3.1000500807529567, 0.0, 0.0, -0.22499865804490815, 0.0, 0.0, 0.10155479039404947
129.53000000003044, 250.0, 0.0, 3.0978051393142225, 0.0, 0.0, -0.223992892239969, 0.0, 0.0, 0.09959726759403109
129.54000000003046, 250.0, 0.0, 3.0955701575470638, 0.0, 0.0, -0.22300673476502597, 0.0, 0.0, 0.09763312319400708
129.55000000003048, 250.0, 0.0, 3.0933449390369816, 0.0, 0.0, -0.22204025187208343, 0.0, 0.0, 0.09566234999398304
129.56000000003047, 250.0, 0.0, 3.0911292867066056, 0.0, 0.0, -0.22109350988514542, 0.0, 0.0, 0.09368494079396439
129.57000000003046, 250.0, 0.0, 3.088923002814952, 0.0, 0.0, -0.22016657520020688, 0.0, 0.0, 0.09170088839394608
129.58000000003048, 250.0, 0.0, 3.086725888956707, 0.0, 0.0, -0.21925951428526558, 0.0, 0.0, 0.08971018559392219
129.5900000000305, 250.0, 0.0, 3.084537746061544, 0.0, 0.0, -0.21837239368032524, 0.0, 0.0, 0.08771282519389789
129.6000000000305, 250.0, 0.0, 3.082358374393367, 0.0, 0.0, -0.21750527999738667, 0.0, 0.0, 0.08570879999387948
129.61000000003048, 250.0, 0.0, 3.080187573549588, 0.0, 0.0, -0.21665823992044864, 0.0, 0.0, 0.0836981027938608
129.6200000000305, 250.0, 0.0, 3.078025142460425, 0.0, 0.0, -0.21583134020550876, 0.0, 0.0, 0.08168072639383639
129.63000000003052, 250.0, 0.0, 3.0758708793881793, 0.0, 0.0, -0.21502464768056884, 0.0, 0.0, 0.0796566635938123
129.6400000000305, 250.0, 0.0, 3.073724581926519, 0.0, 0.0, -0.21423822924563218, 0.0, 0.0, 0.07762590719379348
129.6500000000305, 250.0, 0.0, 3.0715860469997365, 0.0, 0.0, -0.2134721518726943, 0.0, 0.0, 0.0755884499937749
129.66000000003052, 250.0, 0.0, 3.069455070862052, 0.0, 0.0, -0.21272648260575577, 0.0, 0.0, 0.07354428479375064
129.67000000003054, 250.0, 0.0, 3.067331449096881, 0.0, 0.0, -0.21200128856081646, 0.0, 0.0, 0.07149340439372609
129.68000000003053, 250.0, 0.0, 3.065214976616139, 0.0, 0.0, -0.2112966369258804, 0.0, 0.0, 0.06943580159370755
129.69000000003052, 250.0, 0.0, 3.0631054476594786, 0.0, 0.0, -0.21061259496094387, 0.0, 0.0, 0.06737146919368842
129.70000000003054, 250.0, 0.0, 3.0610026557935877, 0.0, 0.0, -0.20994922999800547, 0.0, 0.0, 0.0653003999936641
129.71000000003056, 250.0, 0.0, 3.0589063939114984, 0.0, 0.0, -0.2093066094410685, 0.0, 0.0, 0.06322258679363957
129.72000000003055, 250.0, 0.0, 3.0568164542318312, 0.0, 0.0, -0.20868480076613194, 0.0, 0.0, 0.06113802239362065
129.73000000003054, 250.0, 0.0, 3.054732628298086, 0.0, 0.0, -0.20808387152119634, 0.0, 0.0, 0.05904669959360209
129.74000000003056, 250.0, 0.0, 3.052654706977912, 0.0, 0.0, -0.2075038893262593, 0.0, 0.0, 0.0569486111935773
129.75000000003058, 250.0, 0.0, 3.0505824804624195, 0.0, 0.0, -0.20694492187332214, 0.0, 0.0, 0.05484374999355257
129.76000000003057, 250.0, 0.0, 3.04851573826543, 0.0, 0.0, -0.20640703692638773, 0.0, 0.0, 0.05273210879353374
129.77000000003056, 250.0, 0.0, 3.0464542692227665, 0.0, 0.0, -0.2058903023214529, 0.0, 0.0, 0.05061368039351466
129.78000000003058, 250.0, 0.0, 3.04439786149151, 0.0, 0.0, -0.2053947859665164, 0.0, 0.0, 0.04848845759348985
129.7900000000306, 250.0, 0.0, 3.0423463025493342, 0.0, 0.0, -0.20492055584158075, 0.0, 0.0, 0.04635643319346516
129.8000000000306, 250.0, 0.0, 3.0402993791937423, 0.0, 0.0, -0.20446767999864734, 0.0, 0.0, 0.04421759999344599
129.81000000003058, 250.0, 0.0, 3.038256877541351, 0.0, 0.0, -0.20403622656171327, 0.0, 0.0, 0.04207195079342729
129.8200000000306, 250.0, 0.0, 3.0362185830271757, 0.0, 0.0, -0.2036262637267785, 0.0, 0.0, 0.03991947839340204
129.83000000003062, 250.0, 0.0, 3.0341842804039167, 0.0, 0.0, -0.2032378597618436, 0.0, 0.0, 0.037760175593376966
129.8400000000306, 250.0, 0.0, 3.032153753741242, 0.0, 0.0, -0.20287108300691026, 0.0, 0.0, 0.03559403519335813
129.8500000000306, 250.0, 0.0, 3.030126786425053, 0.0, 0.0, -0.20252600187397718, 0.0, 0.0, 0.03342104999333917
129.86000000003062, 250.0, 0.0, 3.028103161156749, 0.0, 0.0, -0.2022026848470433, 0.0, 0.0, 0.031241212793314155
129.87000000003064, 250.0, 0.0, 3.0260826599525696, 0.0, 0.0, -0.2019012004821099, 0.0, 0.0, 0.029054516393288488
129.88000000003063, 250.0, 0.0, 3.024065064142815, 0.0, 0.0, -0.2016216174071772, 0.0, 0.0, 0.026860953593269565
129.89000000003062, 250.0, 0.0, 3.022050154371138, 0.0, 0.0, -0.20136400432224466, 0.0, 0.0, 0.024660517193250575
129.90000000003064, 250.0, 0.0, 3.0200377105938365, 0.0, 0.0, -0.2011284299993119, 0.0, 0.0, 0.022453199993224926
129.91000000003066, 250.0, 0.0, 3.018027512079131, 0.0, 0.0, -0.2009149632823788, 0.0, 0.0, 0.020238994793199794
129.92000000003065, 250.0, 0.0, 3.016019337406453, 0.0, 0.0, -0.20072367308744798, 0.0, 0.0, 0.0180178943931808
129.93000000003065, 250.0, 0.0, 3.014012964465694, 0.0, 0.0, -0.2005546284025157, 0.0, 0.0, 0.015789891593161354
129.94000000003066, 250.0, 0.0, 3.012008170456509, 0.0, 0.0, -0.20040789828758454, 0.0, 0.0, 0.013554979193135752
129.95000000003068, 250.0, 0.0, 3.010004731887604, 0.0, 0.0, -0.2002835518746533, 0.0, 0.0, 0.011313149993110505
129.96000000003067, 250.0, 0.0, 3.0080024245760004, 0.0, 0.0, -0.20018165836772184, 0.0, 0.0, 0.009064396793091234
129.97000000003067, 250.0, 0.0, 3.00600102364632, 0.0, 0.0, -0.20010228704279198, 0.0, 0.0, 0.006808712393072014
129.98000000003069, 250.0, 0.0, 3.004000303530054, 0.0, 0.0, -0.2000455072478604, 0.0, 0.0, 0.004546089593046254
129.9900000000307, 250.0, 0.0, 3.0020000379648657, 0.0, 0.0, -0.20001138840292976, 0.0, 0.0, 0.0022765211930204643
130.0000000000307, 250.0, 0.0, 2.999999999993861, 0.0, 0.0, -0.2, 0.0, 0.0, -9.208633855140064e-14
130.0100000000307, 250.0, 0.0, 2.9979999994966113, 0.0, 0.0, -0.20000014890075093, 0.0, 0.0, -2.9670300090036824e-05
130.0200000000307, 250.0, 0.0, 2.9959999960378108, 0.0, 0.0, -0.20000059121200184, 0.0, 0.0, -5.8682400088075556e-05
130.03000000003073, 250.0, 0.0, 2.99399998671624, 0.0, 0.0, -0.20000132036075266, 0.0, 0.0, -8.703810008611727e-05
130.04000000003072, 250.0, 0.0, 2.991999968696321, 0.0, 0.0, -0.20000232979200352, 0.0, 0.0, -0.00011473920008408418
130.0500000000307, 250.0, 0.0, 2.989999939207921, 0.0, 0.0, -0.20000361296875438, 0.0, 0.0, -0.0001417875000820578
130.06000000003073, 250.0, 0.0, 2.987999895546191, 0.0, 0.0, -0.2000051633720052, 0.0, 0.0, -0.00016818480008011226
130.07000000003075, 250.0, 0.0, 2.98599983507139, 0.0, 0.0, -0.20000697450075597, 0.0, 0.0, -0.0001939329000781697
130.08000000003074, 250.0, 0.0, 2.9839997552087008, 0.0, 0.0, -0.20000903987200677, 0.0, 0.0, -0.00021903360007615976
130.09000000003073, 250.0, 0.0, 2.9819996534480304, 0.0, 0.0, -0.20001135302075748, 0.0, 0.0, -0.00024348870007415653
130.10000000003075, 250.0, 0.0, 2.97999952734385, 0.0, 0.0, -0.20001390750000825, 0.0, 0.0, -0.0002673000000722267
130.11000000003077, 250.0, 0.0, 2.97799937451502, 0.0, 0.0, -0.20001669688075893, 0.0, 0.0, -0.00029046930007030006
130.12000000003076, 250.0, 0.0, 2.9759991926445997, 0.0, 0.0, -0.20001971475200966, 0.0, 0.0, -0.0003129984000683132
130.13000000003075, 250.0, 0.0, 2.9739989794796604, 0.0, 0.0, -0.2000229547207603, 0.0, 0.0, -0.00033488910006633315
130.14000000003077, 250.0, 0.0, 2.97199873283111, 0.0, 0.0, -0.20002641041201097, 0.0, 0.0, -0.00035614320006441925
130.1500000000308, 250.0, 0.0, 2.9699984505735295, 0.0, 0.0, -0.20003007546876161, 0.0, 0.0, -0.0003767625000625085
130.16000000003078, 250.0, 0.0, 2.9679981306449794, 0.0, 0.0, -0.2000339435520122, 0.0, 0.0, -0.0003967488000605448
130.17000000003077, 250.0, 0.0, 2.9659977710468097, 0.0, 0.0, -0.2000380083407628, 0.0, 0.0, -0.0004161039000585879
130.1800000000308, 250.0, 0.0, 2.9639973698434896, 0.0, 0.0, -0.2000422635320134, 0.0, 0.0, -0.00043482960005669
130.1900000000308, 250.0, 0.0, 2.9619969251624383, 0.0, 0.0, -0.20004670284076398, 0.0, 0.0, -0.0004529277000547952
130.2000000000308, 250.0, 0.0, 2.959996435193839, 0.0, 0.0, -0.20005132000001452, 0.0, 0.0, -0.0004704000000528547
130.2100000000308, 250.0, 0.0, 2.9579958981904393, 0.0, 0.0, -0.20005610876076502, 0.0, 0.0, -0.0004872483000509209
130.2200000000308, 250.0, 0.0, 2.9559953124673886, 0.0, 0.0, -0.2000610628920155, 0.0, 0.0, -0.000503474400049039
130.23000000003083, 250.0, 0.0, 2.953994676402068, 0.0, 0.0, -0.200066176180766, 0.0, 0.0, -0.0005190801000471603
130.24000000003082, 250.0, 0.0, 2.951993988433898, 0.0, 0.0, -0.20007144243201647, 0.0, 0.0, -0.0005340672000452431
130.2500000000308, 250.0, 0.0, 2.949993247064148, 0.0, 0.0, -0.2000768554687669, 0.0, 0.0, -0.0005484375000433323
130.26000000003083, 250.0, 0.0, 2.9479924508557676, 0.0, 0.0, -0.20008240913201733, 0.0, 0.0, -0.0005621928000414665
130.27000000003085, 250.0, 0.0, 2.9459915984332175, 0.0, 0.0, -0.20008809728076776, 0.0, 0.0, -0.000575334900039604
130.28000000003084, 250.0, 0.0, 2.9439906884822777, 0.0, 0.0, -0.20009391379201816, 0.0, 0.0, -0.0005878656000377101
130.29000000003083, 250.0, 0.0, 2.9419897197498575, 0.0, 0.0, -0.2000998525607685, 0.0, 0.0, -0.0005997867000358224
130.30000000003085, 250.0, 0.0, 2.939988691043827, 0.0, 0.0, -0.20010590750001886, 0.0, 0.0, -0.000611100000033973
130.31000000003087, 250.0, 0.0, 2.9379876012328467, 0.0, 0.0, -0.2001120725407692, 0.0, 0.0, -0.0006218073000321267
130.32000000003086, 250.0, 0.0, 2.935986449246176, 0.0, 0.0, -0.2001183416320195, 0.0, 0.0, -0.0006319104000302557
130.33000000003085, 250.0, 0.0, 2.9339852340734867, 0.0, 0.0, -0.2001247087407698, 0.0, 0.0, -0.0006414111000283912
130.34000000003087, 250.0, 0.0, 2.931983954764686, 0.0, 0.0, -0.2001311678520201, 0.0, 0.0, -0.0006503112000265582
130.3500000000309, 250.0, 0.0, 2.9299826104297555, 0.0, 0.0, -0.20013771296877034, 0.0, 0.0, -0.0006586125000247282
130.36000000003088, 250.0, 0.0, 2.9279812002385555, 0.0, 0.0, -0.2001443381120206, 0.0, 0.0, -0.0006663168000228803
130.37000000003087, 250.0, 0.0, 2.9259797234206357, 0.0, 0.0, -0.2001510373207708, 0.0, 0.0, -0.0006734259000210392
130.3800000000309, 250.0, 0.0, 2.9239781792650654, 0.0, 0.0, -0.20015780465202102, 0.0, 0.0, -0.0006799416000192226
130.3900000000309, 250.0, 0.0, 2.9219765671202644, 0.0, 0.0, -0.2001646341807712, 0.0, 0.0, -0.000685865700017409
130.4000000000309, 250.0, 0.0, 2.919974886393814, 0.0, 0.0, -0.20017152000002136, 0.0, 0.0, -0.0006912000000155844
130.4100000000309, 250.0, 0.0, 2.917973136552265, 0.0, 0.0, -0.20017845622077152, 0.0, 0.0, -0.0006959463000137663
130.4200000000309, 250.0, 0.0, 2.915971317120964, 0.0, 0.0, -0.20018543697202165, 0.0, 0.0, -0.0007001064000119661
130.43000000003093, 250.0, 0.0, 2.9139694276838934, 0.0, 0.0, -0.2001924564007718, 0.0, 0.0, -0.0007036821000101689
130.44000000003092, 250.0, 0.0, 2.9119674678834735, 0.0, 0.0, -0.20019950867202185, 0.0, 0.0, -0.0007066752000083675
130.4500000000309, 250.0, 0.0, 2.909965437420374, 0.0, 0.0, -0.20020658796877192, 0.0, 0.0, -0.0007090875000065726
130.46000000003093, 250.0, 0.0, 2.907963336053343, 0.0, 0.0, -0.200213688492022, 0.0, 0.0, -0.0007109208000047891
130.47000000003095, 250.0, 0.0, 2.9059611635990428, 0.0, 0.0, -0.20022080446077203, 0.0, 0.0, -0.0007121769000030084
130.48000000003094, 250.0, 0.0, 2.9039589199318527, 0.0, 0.0, -0.20022793011202206, 0.0, 0.0, -0.0007128576000012303
130.49000000003093, 250.0, 0.0, 2.901956604983683, 0.0, 0.0, -0.20023505970077204, 0.0, 0.0, -0.0007129646999994586
130.50000000003095, 250.0, 0.0, 2.8999542187438023, 0.0, 0.0, -0.20024218750002204, 0.0, 0.0, -0.0007124999999976914
130.51000000003097, 250.0, 0.0, 2.8979517612586716, 0.0, 0.0, -0.20024930780077205, 0.0, 0.0, -0.0007114652999959276
130.52000000003096, 250.0, 0.0, 2.8959492326317515, 0.0, 0.0, -0.200256414912022, 0.0, 0.0, -0.0007098623999941727
130.53000000003095, 250.0, 0.0, 2.893946633023312, 0.0, 0.0, -0.20026350316077193, 0.0, 0.0, -0.0007076930999924242
130.54000000003097, 250.0, 0.0, 2.891943962650261, 0.0, 0.0, -0.20027056689202186, 0.0, 0.0, -0.0007049591999906739
130.550000000031, 250.0, 0.0, 2.889941221785981, 0.0, 0.0, -0.20027760046877174, 0.0, 0.0, -0.0007016624999889268
130.56000000003098, 250.0, 0.0, 2.887938410760131, 0.0, 0.0, -0.20028459827202164, 0.0, 0.0, -0.0006978047999871948
130.57000000003097, 250.0, 0.0, 2.885935529958461, 0.0, 0.0, -0.20029155470077148, 0.0, 0.0, -0.0006933878999854695
130.580000000031, 250.0, 0.0, 2.8839325798226407, 0.0, 0.0, -0.20029846417202135, 0.0, 0.0, -0.0006884135999837361
130.590000000031, 250.0, 0.0, 2.8819295608500894, 0.0, 0.0, -0.2003053211207712, 0.0, 0.0, -0.0006828836999820059
130.600000000031, 250.0, 0.0, 2.8799264735937897, 0.0, 0.0, -0.200312120000021, 0.0, 0.0, -0.0006767999999802974
130.610000000031, 250.0, 0.0, 2.87792331866209, 0.0, 0.0, -0.20031885528077076, 0.0, 0.0, -0.0006701642999785951
130.620000000031, 250.0, 0.0, 2.8759200967185397, 0.0, 0.0, -0.20032552145202057, 0.0, 0.0, -0.0006629783999768785
130.63000000003103, 250.0, 0.0, 2.8739168084817184, 0.0, 0.0, -0.20033211302077036, 0.0, 0.0, -0.0006552440999751654
130.64000000003102, 250.0, 0.0, 2.871913454725049, 0.0, 0.0, -0.20033862451202009, 0.0, 0.0, -0.0006469631999734798
130.650000000031, 250.0, 0.0, 2.8699100362765986, 0.0, 0.0, -0.20034505046876983, 0.0, 0.0, -0.0006381374999718009
130.66000000003103, 250.0, 0.0, 2.8679065540189184, 0.0, 0.0, -0.20035138545201953, 0.0, 0.0, -0.0006287687999701013
130.67000000003105, 250.0, 0.0, 2.8659030088888677, 0.0, 0.0, -0.20035762404076923, 0.0, 0.0, -0.0006188588999684053
130.68000000003104, 250.0, 0.0, 2.863899401877428, 0.0, 0.0, -0.2003637608320189, 0.0, 0.0, -0.0006084095999667427
130.69000000003103, 250.0, 0.0, 2.861895734029508, 0.0, 0.0, -0.20036979044076855, 0.0, 0.0, -0.0005974226999650871
130.70000000003105, 250.0, 0.0, 2.8598920064437774, 0.0, 0.0, -0.2003757075000182, 0.0, 0.0, -0.0005858999999634044
130.71000000003107, 250.0, 0.0, 2.857888220272497, 0.0, 0.0, -0.20038150666076784, 0.0, 0.0, -0.0005738432999617253
130.72000000003106, 250.0, 0.0, 2.855884376721327, 0.0, 0.0, -0.20038718259201746, 0.0, 0.0, -0.0005612543999600863
130.73000000003105, 250.0, 0.0, 2.8538804770491373, 0.0, 0.0, -0.20039272998076701, 0.0, 0.0, -0.0005481350999584535
130.74000000003107, 250.0, 0.0, 2.851876522567837, 0.0, 0.0, -0.20039814353201663, 0.0, 0.0, -0.0005344871999567885
130.7500000000311, 250.0, 0.0, 2.8498725146422066, 0.0, 0.0, -0.2004034179687662, 0.0, 0.0, -0.0005203124999551264
130.76000000003108, 250.0, 0.0, 2.847868454689706, 0.0, 0.0, -0.20040854803201574, 0.0, 0.0, -0.0005056127999535106
130.77000000003108, 250.0, 0.0, 2.8458643441802867, 0.0, 0.0, -0.20041352848076527, 0.0, 0.0, -0.0004903898999519011
130.7800000000311, 250.0, 0.0, 2.8438601846362164, 0.0, 0.0, -0.20041835409201478, 0.0, 0.0, -0.000474645599950253
130.7900000000311, 250.0, 0.0, 2.8418559776319157, 0.0, 0.0, -0.20042301966076428, 0.0, 0.0, -0.00045838169994860884
130.8000000000311, 250.0, 0.0, 2.839851724793766, 0.0, 0.0, -0.20042752000001376, 0.0, 0.0, -0.0004415999999470156
130.8100000000311, 250.0, 0.0, 2.8378474277999164, 0.0, 0.0, -0.2004318499407632, 0.0, 0.0, -0.0004243022999454295
130.82000000003111, 250.0, 0.0, 2.8358430883801153, 0.0, 0.0, -0.20043600433201267, 0.0, 0.0, -0.0004064903999437987
130.83000000003113, 250.0, 0.0, 2.833838708315545, 0.0, 0.0, -0.2004399780407621, 0.0, 0.0, -0.0003881660999421711
130.84000000003113, 250.0, 0.0, 2.8318342894386257, 0.0, 0.0, -0.20044376595201152, 0.0, 0.0, -0.00036933119994060225
130.85000000003112, 250.0, 0.0, 2.829829833632825, 0.0, 0.0, -0.20044736296876092, 0.0, 0.0, -0.0003499874999390388
130.86000000003114, 250.0, 0.0, 2.8278253428324946, 0.0, 0.0, -0.20045076401201029, 0.0, 0.0, -0.00033013679993742584
130.87000000003115, 250.0, 0.0, 2.8258208190226943, 0.0, 0.0, -0.20045396402075968, 0.0, 0.0, -0.00030978089993581614
130.88000000003115, 250.0, 0.0, 2.823816264239005, 0.0, 0.0, -0.20045695795200902, 0.0, 0.0, -0.00028892159993426956
130.89000000003114, 250.0, 0.0, 2.821811680567335, 0.0, 0.0, -0.20045974078075834, 0.0, 0.0, -0.00026756069993273007
130.90000000003116, 250.0, 0.0, 2.8198070701437543, 0.0, 0.0, -0.20046230750000765, 0.0, 0.0, -0.0002456999999311338
130.91000000003118, 250.0, 0.0, 2.8178024351543236, 0.0, 0.0, -0.20046465312075698, 0.0, 0.0, -0.00022334129992954163
130.92000000003117, 250.0, 0.0, 2.815797777834904, 0.0, 0.0, -0.20046677267200624, 0.0, 0.0, -0.0002004863999280186
130.93000000003116, 250.0, 0.0, 2.8137931004709644, 0.0, 0.0, -0.20046866120075554, 0.0, 0.0, -0.00017713709992650222
130.94000000003118, 250.0, 0.0, 2.811788405397414, 0.0, 0.0, -0.2004703137720048, 0.0, 0.0, -0.00015329519992492396
130.9500000000312, 250.0, 0.0, 2.809783694998434, 0.0, 0.0, -0.20047172546875405, 0.0, 0.0, -0.00012896249992334902
130.9600000000312, 250.0, 0.0, 2.807778971707284, 0.0, 0.0, -0.20047289139200328, 0.0, 0.0, -0.00010414079992184953
130.97000000003118, 250.0, 0.0, 2.8057742380061144, 0.0, 0.0, -0.20047380666075246, 0.0, 0.0, -7.883189992035624e-05
130.9800000000312, 250.0, 0.0, 2.803769496425794, 0.0, 0.0, -0.2004744664120017, 0.0, 0.0, -5.303759991879528e-05
130.99000000003122, 250.0, 0.0, 2.801764749545743, 0.0, 0.0, -0.20047486580075086, 0.0, 0.0, -2.675969991723805e-05
131.0000000000312, 250.0, 0.0, 2.7997599999937437, 0.0, 0.0, -0.20047500000000004, 0.0, 0.0, 8.423790094289063e-14
131.0100000000312, 250.0, 0.0, 2.7977552504457446, 0.0, 0.0, -0.20047486420074917, 0.0, 0.0, 2.723970008570802e-05
131.02000000003122, 250.0, 0.0, 2.7957505036256936, 0.0, 0.0, -0.2004744536119983, 0.0, 0.0, 5.495760008725171e-05
131.03000000003124, 250.0, 0.0, 2.7937457623053734, 0.0, 0.0, -0.2004737634607474, 0.0, 0.0, 8.315190008879029e-05
131.04000000003123, 250.0, 0.0, 2.791741029304204, 0.0, 0.0, -0.20047278899199653, 0.0, 0.0, 0.00011182080009024389
131.05000000003122, 250.0, 0.0, 2.7897363074890538, 0.0, 0.0, -0.20047152546874564, 0.0, 0.0, 0.0001409625000916905
131.06000000003124, 250.0, 0.0, 2.7877315997740735, 0.0, 0.0, -0.2004699681719947, 0.0, 0.0, 0.00017057520009321588
131.07000000003126, 250.0, 0.0, 2.7857269091205237, 0.0, 0.0, -0.20046811240074375, 0.0, 0.0, 0.000200657100094737
131.08000000003125, 250.0, 0.0, 2.783722238536584, 0.0, 0.0, -0.2004659534719928, 0.0, 0.0, 0.00023120640009616705
131.09000000003124, 250.0, 0.0, 2.781717591077164, 0.0, 0.0, -0.20046348672074185, 0.0, 0.0, 0.0002622213000975906
131.10000000003126, 250.0, 0.0, 2.779712969843734, 0.0, 0.0, -0.20046070749999087, 0.0, 0.0, 0.000293700000099098
131.11000000003128, 250.0, 0.0, 2.777708377984154, 0.0, 0.0, -0.20045761118073985, 0.0, 0.0, 0.000325640700100602
131.12000000003127, 250.0, 0.0, 2.7757038186924836, 0.0, 0.0, -0.20045419315198884, 0.0, 0.0, 0.0003580416001020081
131.13000000003126, 250.0, 0.0, 2.7736992952087944, 0.0, 0.0, -0.20045044882073781, 0.0, 0.0, 0.000390900900103408
131.14000000003128, 250.0, 0.0, 2.771694810818994, 0.0, 0.0, -0.20044637361198675, 0.0, 0.0, 0.0004242168001048978
131.1500000000313, 250.0, 0.0, 2.7696903688546644, 0.0, 0.0, -0.2004419629687357, 0.0, 0.0, 0.0004579875001063829
131.1600000000313, 250.0, 0.0, 2.7676859726928646, 0.0, 0.0, -0.20043721235198464, 0.0, 0.0, 0.0004922112001077672
131.17000000003128, 250.0, 0.0, 2.765681625755945, 0.0, 0.0, -0.20043211724073356, 0.0, 0.0, 0.0005268861001091435
131.1800000000313, 250.0, 0.0, 2.7636773315113747, 0.0, 0.0, -0.20042667313198245, 0.0, 0.0, 0.0005620104001106147
131.19000000003132, 250.0, 0.0, 2.7616730934715745, 0.0, 0.0, -0.2004208755407313, 0.0, 0.0, 0.0005975823001120817
131.2000000000313, 250.0, 0.0, 2.7596689151937253, 0.0, 0.0, -0.2004147199999802, 0.0, 0.0, 0.0006336000001134425
131.2100000000313, 250.0, 0.0, 2.757664800279576, 0.0, 0.0, -0.20040820206072904, 0.0, 0.0, 0.0006700617001147965
131.22000000003132, 250.0, 0.0, 2.755660752375275, 0.0, 0.0, -0.20040131729197788, 0.0, 0.0, 0.0007069656001162492
131.23000000003134, 250.0, 0.0, 2.753656775171205, 0.0, 0.0, -0.20039406128072668, 0.0, 0.0, 0.0007443099001176983
131.24000000003133, 250.0, 0.0, 2.751652872401786, 0.0, 0.0, -0.20038642963197553, 0.0, 0.0, 0.0007820928001190349
131.25000000003132, 250.0, 0.0, 2.7496490478452866, 0.0, 0.0, -0.20037841796872433, 0.0, 0.0, 0.0008203125001203655
131.26000000003134, 250.0, 0.0, 2.7476453053236565, 0.0, 0.0, -0.20037002193197312, 0.0, 0.0, 0.0008589672001218012
131.27000000003136, 250.0, 0.0, 2.7456416487023563, 0.0, 0.0, -0.20036123718072188, 0.0, 0.0, 0.0008980551001232311
131.28000000003135, 250.0, 0.0, 2.7436380818901673, 0.0, 0.0, -0.20035205939197062, 0.0, 0.0, 0.000937574400124545
131.29000000003134, 250.0, 0.0, 2.7416346088389973, 0.0, 0.0, -0.2003424842607194, 0.0, 0.0, 0.000977523300125853
131.30000000003136, 250.0, 0.0, 2.7396312335437174, 0.0, 0.0, -0.2003325074999681, 0.0, 0.0, 0.0010179000001272688
131.31000000003138, 250.0, 0.0, 2.7376279600419875, 0.0, 0.0, -0.2003221248407168, 0.0, 0.0, 0.0010587027001286808
131.32000000003137, 250.0, 0.0, 2.7356247924140678, 0.0, 0.0, -0.20031133203196552, 0.0, 0.0, 0.0010999296001299717
131.33000000003136, 250.0, 0.0, 2.733621734782629, 0.0, 0.0, -0.20030012484071422, 0.0, 0.0, 0.0011415789001312559
131.34000000003138, 250.0, 0.0, 2.7316187913125787, 0.0, 0.0, -0.2002884990519629, 0.0, 0.0, 0.0011836488001326535
131.3500000000314, 250.0, 0.0, 2.729615966210899, 0.0, 0.0, -0.20027645046871154, 0.0, 0.0, 0.0012261375001340474
131.3600000000314, 250.0, 0.0, 2.7276132637264494, 0.0, 0.0, -0.20026397491196019, 0.0, 0.0, 0.001269043200135315
131.37000000003138, 250.0, 0.0, 2.725610688149781, 0.0, 0.0, -0.20025106822070884, 0.0, 0.0, 0.0013123641001365762
131.3800000000314, 250.0, 0.0, 2.7236082438129605, 0.0, 0.0, -0.20023772625195746, 0.0, 0.0, 0.0013560984001379547
131.39000000003142, 250.0, 0.0, 2.72160593508941, 0.0, 0.0, -0.20022394488070602, 0.0, 0.0, 0.0014002443001393315
131.4000000000314, 250.0, 0.0, 2.719603766393711, 0.0, 0.0, -0.20020971999995466, 0.0, 0.0, 0.0014448000001405742
131.4100000000314, 250.0, 0.0, 2.717601742181412, 0.0, 0.0, -0.20019504752070325, 0.0, 0.0, 0.0014897637001418122
131.42000000003142, 250.0, 0.0, 2.7155998669488617, 0.0, 0.0, -0.20017992337195178, 0.0, 0.0, 0.0015351336001431732
131.43000000003144, 250.0, 0.0, 2.713598145233042, 0.0, 0.0, -0.2001643435007003, 0.0, 0.0, 0.00158090790014453
131.44000000003143, 250.0, 0.0, 2.711596581611373, 0.0, 0.0, -0.2001483038719489, 0.0, 0.0, 0.0016270848001457496
131.45000000003142, 250.0, 0.0, 2.7095951807015237, 0.0, 0.0, -0.20013180046869747, 0.0, 0.0, 0.0016736625001469644
131.46000000003144, 250.0, 0.0, 2.707593947161244, 0.0, 0.0, -0.2001148292919459, 0.0, 0.0, 0.0017206392001483067
131.47000000003146, 250.0, 0.0, 2.705592885688194, 0.0, 0.0, -0.2000973863606944, 0.0, 0.0, 0.0017680131001496448
131.48000000003145, 250.0, 0.0, 2.703592001019755, 0.0, 0.0, -0.20007946771194293, 0.0, 0.0, 0.0018157824001508423
131.49000000003144, 250.0, 0.0, 2.701591297932836, 0.0, 0.0, -0.2000610694006914, 0.0, 0.0, 0.0018639453001520322
131.50000000003146, 250.0, 0.0, 2.6995907812437063, 0.0, 0.0, -0.20004218749993988, 0.0, 0.0, 0.0019125000001533568
131.51000000003148, 250.0, 0.0, 2.6975904558078265, 0.0, 0.0, -0.20002281810068828, 0.0, 0.0, 0.0019614447001546752
131.52000000003147, 250.0, 0.0, 2.6955903265196572, 0.0, 0.0, -0.20000295731193676, 0.0, 0.0, 0.00201077760015585
131.53000000003146, 250.0, 0.0, 2.6935903983124683, 0.0, 0.0, -0.19998260126068523, 0.0, 0.0, 0.0020604969001570177
131.54000000003148, 250.0, 0.0, 2.6915906761581687, 0.0, 0.0, -0.1999617460919336, 0.0, 0.0, 0.002110600800158322
131.5500000000315, 250.0, 0.0, 2.689591165067139, 0.0, 0.0, -0.19994038796868194, 0.0, 0.0, 0.002161087500159622
131.5600000000315, 250.0, 0.0, 2.6875918700880397, 0.0, 0.0, -0.19991852307193037, 0.0, 0.0, 0.002211955200160773
131.57000000003148, 250.0, 0.0, 2.685592796307621, 0.0, 0.0, -0.19989614760067878, 0.0, 0.0, 0.0022632021001619184
131.5800000000315, 250.0, 0.0, 2.683593948850551, 0.0, 0.0, -0.19987325777192713, 0.0, 0.0, 0.0023148264001632032
131.59000000003152, 250.0, 0.0, 2.681595332879252, 0.0, 0.0, -0.1998498498206754, 0.0, 0.0, 0.0023668263001644842
131.6000000000315, 250.0, 0.0, 2.6795969535937028, 0.0, 0.0, -0.19982591999992377, 0.0, 0.0, 0.002419200000165613
131.6100000000315, 250.0, 0.0, 2.6775988162312543, 0.0, 0.0, -0.19980146458067216, 0.0, 0.0, 0.002471945700166734
131.62000000003152, 250.0, 0.0, 2.6756009260664544, 0.0, 0.0, -0.19977647985192043, 0.0, 0.0, 0.002525061600167999
131.63000000003154, 250.0, 0.0, 2.6736032884108845, 0.0, 0.0, -0.1997509621206687, 0.0, 0.0, 0.0025785459001692627
131.64000000003153, 250.0, 0.0, 2.6716059086129658, 0.0, 0.0, -0.19972490771191706, 0.0, 0.0, 0.002632396800170366
131.65000000003153, 250.0, 0.0, 2.6696087920577667, 0.0, 0.0, -0.19969831296866533, 0.0, 0.0, 0.0026866125001714656
131.66000000003154, 250.0, 0.0, 2.667611944166837, 0.0, 0.0, -0.19967117425191358, 0.0, 0.0, 0.002741191200172713
131.67000000003156, 250.0, 0.0, 2.6656153703980383, 0.0, 0.0, -0.19964348794066178, 0.0, 0.0, 0.0027961311001739562
131.68000000003155, 250.0, 0.0, 2.663619076245349, 0.0, 0.0, -0.19961525043191006, 0.0, 0.0, 0.0028514304001750358
131.69000000003155, 250.0, 0.0, 2.66162306723868, 0.0, 0.0, -0.1995864581406583, 0.0, 0.0, 0.0029070873001761123
131.70000000003157, 250.0, 0.0, 2.659627348943701, 0.0, 0.0, -0.1995571074999065, 0.0, 0.0, 0.0029631000001773405
131.71000000003158, 250.0, 0.0, 2.657631926961672, 0.0, 0.0, -0.19952719496065469, 0.0, 0.0, 0.0030194667001785637
131.72000000003158, 250.0, 0.0, 2.6556368069292526, 0.0, 0.0, -0.1994967169919029, 0.0, 0.0, 0.003076185600179622
131.73000000003157, 250.0, 0.0, 2.653641994518314, 0.0, 0.0, -0.19946567008065114, 0.0, 0.0, 0.003133254900180672
131.74000000003159, 250.0, 0.0, 2.651647495435765, 0.0, 0.0, -0.19943405073189927, 0.0, 0.0, 0.003190672800181881
131.7500000000316, 250.0, 0.0, 2.6496533154233854, 0.0, 0.0, -0.1994018554686474, 0.0, 0.0, 0.0032484375001830858
131.7600000000316, 250.0, 0.0, 2.647659460257637, 0.0, 0.0, -0.19936908083189556, 0.0, 0.0, 0.00330654720018412
131.7700000000316, 250.0, 0.0, 2.645665935749468, 0.0, 0.0, -0.19933572338064376, 0.0, 0.0, 0.0033650001001851474
131.7800000000316, 250.0, 0.0, 2.643672747744149, 0.0, 0.0, -0.19930177969189183, 0.0, 0.0, 0.0034237944001863376
131.79000000003163, 250.0, 0.0, 2.6416799021210995, 0.0, 0.0, -0.1992672463606399, 0.0, 0.0, 0.003482928300187523
131.80000000003162, 250.0, 0.0, 2.639687404793701, 0.0, 0.0, -0.19923211999988805, 0.0, 0.0, 0.0035424000001885335
131.8100000000316, 250.0, 0.0, 2.6376952617091023, 0.0, 0.0, -0.1991963972406362, 0.0, 0.0, 0.0036022077001895397
131.82000000003163, 250.0, 0.0, 2.635703478848053, 0.0, 0.0, -0.1991600747318842, 0.0, 0.0, 0.00366234960019071
131.83000000003165, 250.0, 0.0, 2.633712062224734, 0.0, 0.0, -0.19912314914063226, 0.0, 0.0, 0.0037228239001918743
131.84000000003164, 250.0, 0.0, 2.6317210178865653, 0.0, 0.0, -0.19908561715188033, 0.0, 0.0, 0.003783628800192864
131.85000000003163, 250.0, 0.0, 2.629730351914017, 0.0, 0.0, -0.19904747546862844, 0.0, 0.0, 0.0038447625001938445
131.86000000003165, 250.0, 0.0, 2.6277400704204377, 0.0, 0.0, -0.19900872081187643, 0.0, 0.0, 0.0039062232001949937
131.87000000003167, 250.0, 0.0, 2.625750179551889, 0.0, 0.0, -0.19896934992062437, 0.0, 0.0, 0.003968009100196142
131.88000000003166, 250.0, 0.0, 2.6237606854869506, 0.0, 0.0, -0.19892935955187244, 0.0, 0.0, 0.004030118400197105
131.89000000003165, 250.0, 0.0, 2.621771594436532, 0.0, 0.0, -0.19888874648062052, 0.0, 0.0, 0.004092549300198065
131.90000000003167, 250.0, 0.0, 2.6197829126437027, 0.0, 0.0, -0.19884750749986846, 0.0, 0.0, 0.0041553000001991955
131.9100000000317, 250.0, 0.0, 2.617794646383524, 0.0, 0.0, -0.19880563942061635, 0.0, 0.0, 0.0042183687002003215
131.92000000003168, 250.0, 0.0, 2.6158068019628553, 0.0, 0.0, -0.1987631390718644, 0.0, 0.0, 0.004281753600201261
131.93000000003167, 250.0, 0.0, 2.6138193857201673, 0.0, 0.0, -0.19872000330061246, 0.0, 0.0, 0.004345452900202197
131.9400000000317, 250.0, 0.0, 2.611832404025369, 0.0, 0.0, -0.19867622897186032, 0.0, 0.0, 0.004409464800203308
131.9500000000317, 250.0, 0.0, 2.6098458632796397, 0.0, 0.0, -0.1986318129686082, 0.0, 0.0, 0.004473787500204416
131.9600000000317, 250.0, 0.0, 2.607859769915241, 0.0, 0.0, -0.19858675219185618, 0.0, 0.0, 0.004538419200205334
131.9700000000317, 250.0, 0.0, 2.6058741303953226, 0.0, 0.0, -0.1985410435606042, 0.0, 0.0, 0.004603358100206246
131.9800000000317, 250.0, 0.0, 2.6038889512137544, 0.0, 0.0, -0.198494684011852, 0.0, 0.0, 0.004668602400207338
131.99000000003173, 250.0, 0.0, 2.6019042388949547, 0.0, 0.0, -0.19844767050059983, 0.0, 0.0, 0.0047341503002084236
132.00000000003172, 250.0, 0.0, 2.599919999993707, 0.0, 0.0, -0.1983999999998478, 0.0, 0.0, 0.004800000000209319
132.0100000000317, 250.0, 0.0, 2.597936241094959, 0.0, 0.0, -0.19835166950059574, 0.0, 0.0, 0.004866149700210205
132.02000000003173, 250.0, 0.0, 2.59595296881366, 0.0, 0.0, -0.19830267601184356, 0.0, 0.0, 0.004932597600211279
132.03000000003175, 250.0, 0.0, 2.5939701897945913, 0.0, 0.0, -0.19825301656059133, 0.0, 0.0, 0.004999341900212345
132.04000000003174, 250.0, 0.0, 2.5919879107121733, 0.0, 0.0, -0.19820268819183923, 0.0, 0.0, 0.005066380800213217
132.05000000003173, 250.0, 0.0, 2.590006138270275, 0.0, 0.0, -0.19815168796858718, 0.0, 0.0, 0.005133712500214081
132.06000000003175, 250.0, 0.0, 2.588024879202046, 0.0, 0.0, -0.1981000129718349, 0.0, 0.0, 0.005201335200215134
132.07000000003177, 250.0, 0.0, 2.5860441402697476, 0.0, 0.0, -0.19804766030058263, 0.0, 0.0, 0.005269247100216179
132.08000000003176, 250.0, 0.0, 2.5840639282645603, 0.0, 0.0, -0.19799462707183052, 0.0, 0.0, 0.005337446400217029
132.09000000003175, 250.0, 0.0, 2.582084250006392, 0.0, 0.0, -0.19794091042057843, 0.0, 0.0, 0.005405931300217871
132.10000000003177, 250.0, 0.0, 2.580105112343713, 0.0, 0.0, -0.19788650749982611, 0.0, 0.0, 0.0054747000002189
132.1100000000318, 250.0, 0.0, 2.5781265221533847, 0.0, 0.0, -0.1978314154805738, 0.0, 0.0, 0.005543750700219929
132.12000000003178, 250.0, 0.0, 2.5761484863404664, 0.0, 0.0, -0.19777563155182165, 0.0, 0.0, 0.005613081600220752
132.13000000003177, 250.0, 0.0, 2.5741710118380285, 0.0, 0.0, -0.1977191529205695, 0.0, 0.0, 0.0056826909002215716
132.1400000000318, 250.0, 0.0, 2.57219410560698, 0.0, 0.0, -0.19766197681181719, 0.0, 0.0, 0.005752576800222582
132.1500000000318, 250.0, 0.0, 2.570217774635902, 0.0, 0.0, -0.19760410046856483, 0.0, 0.0, 0.00582273750022359
132.1600000000318, 250.0, 0.0, 2.5682420259408536, 0.0, 0.0, -0.19754552115181265, 0.0, 0.0, 0.005893171200224392
132.1700000000318, 250.0, 0.0, 2.566266866565186, 0.0, 0.0, -0.19748623614056043, 0.0, 0.0, 0.005963876100225187
132.1800000000318, 250.0, 0.0, 2.5642923035793674, 0.0, 0.0, -0.1974262427318081, 0.0, 0.0, 0.0060348504002261764
132.19000000003183, 250.0, 0.0, 2.5623183440808193, 0.0, 0.0, -0.1973655382405557, 0.0, 0.0, 0.006106092300227163
132.20000000003182, 250.0, 0.0, 2.5603449951937214, 0.0, 0.0, -0.1973041199998035, 0.0, 0.0, 0.006177600000227943
132.2100000000318, 250.0, 0.0, 2.558372264068824, 0.0, 0.0, -0.19724198536055126, 0.0, 0.0, 0.006249371700228714
132.22000000003183, 250.0, 0.0, 2.5564001578832753, 0.0, 0.0, -0.19717913169179885, 0.0, 0.0, 0.006321405600229686
132.23000000003185, 250.0, 0.0, 2.5544286838404573, 0.0, 0.0, -0.19711555638054643, 0.0, 0.0, 0.00639369990023065
132.24000000003184, 250.0, 0.0, 2.552457849169789, 0.0, 0.0, -0.19705125683179414, 0.0, 0.0, 0.0064662528002314024
132.25000000003183, 250.0, 0.0, 2.550487661126542, 0.0, 0.0, -0.19698623046854188, 0.0, 0.0, 0.006539062500232151
132.26000000003185, 250.0, 0.0, 2.5485181269916635, 0.0, 0.0, -0.19692047473178945, 0.0, 0.0, 0.0066121272002331016
132.27000000003187, 250.0, 0.0, 2.5465492540716155, 0.0, 0.0, -0.19685398708053697, 0.0, 0.0, 0.006685445100234047
132.28000000003186, 250.0, 0.0, 2.544581049698178, 0.0, 0.0, -0.19678676499178469, 0.0, 0.0, 0.006759014400234782
132.29000000003185, 250.0, 0.0, 2.542613521228261, 0.0, 0.0, -0.1967188059605324, 0.0, 0.0, 0.006832833300235505
132.30000000003187, 250.0, 0.0, 2.5406466760437323, 0.0, 0.0, -0.1966501074997799, 0.0, 0.0, 0.006906900000236437
132.3100000000319, 250.0, 0.0, 2.538680521551254, 0.0, 0.0, -0.1965806671405274, 0.0, 0.0, 0.006981212700237362
132.32000000003188, 250.0, 0.0, 2.536715065182087, 0.0, 0.0, -0.1965104824317751, 0.0, 0.0, 0.007055769600238066
132.33000000003187, 250.0, 0.0, 2.534750314391899, 0.0, 0.0, -0.1964395509405228, 0.0, 0.0, 0.007130568900238775
132.3400000000319, 250.0, 0.0, 2.5327862766606017, 0.0, 0.0, -0.19636787025177024, 0.0, 0.0, 0.007205608800239681
132.3500000000319, 250.0, 0.0, 2.530822959492173, 0.0, 0.0, -0.1962954379685177, 0.0, 0.0, 0.007280887500240581
132.3600000000319, 250.0, 0.0, 2.528860370414476, 0.0, 0.0, -0.19622225171176538, 0.0, 0.0, 0.007356403200241272
132.3700000000319, 250.0, 0.0, 2.5268985169790588, 0.0, 0.0, -0.196148309120513, 0.0, 0.0, 0.0074321541002419465
132.3800000000319, 250.0, 0.0, 2.5249374067609907, 0.0, 0.0, -0.19607360785176045, 0.0, 0.0, 0.007508138400242835
132.39000000003193, 250.0, 0.0, 2.522977047358693, 0.0, 0.0, -0.19599814558050785, 0.0, 0.0, 0.007584354300243719
132.40000000003192, 250.0, 0.0, 2.521017446393745, 0.0, 0.0, -0.1959219199997555, 0.0, 0.0, 0.007660800000244382
132.4100000000319, 250.0, 0.0, 2.5190586115106983, 0.0, 0.0, -0.1958449288205031, 0.0, 0.0, 0.0077374737002450355
132.42000000003193, 250.0, 0.0, 2.5171005503769006, 0.0, 0.0, -0.19576716977175052, 0.0, 0.0, 0.007814373600245905
132.43000000003195, 250.0, 0.0, 2.5151432706823327, 0.0, 0.0, -0.1956886406004979, 0.0, 0.0, 0.007891497900246767
132.44000000003194, 250.0, 0.0, 2.513186780139416, 0.0, 0.0, -0.19560933907174552, 0.0, 0.0, 0.007968844800247406
132.45000000003193, 250.0, 0.0, 2.511231086482818, 0.0, 0.0, -0.1955292629684931, 0.0, 0.0, 0.008046412500248037
132.46000000003195, 250.0, 0.0, 2.5092761974692905, 0.0, 0.0, -0.19544841009174047, 0.0, 0.0, 0.008124199200248886
132.47000000003197, 250.0, 0.0, 2.5073221208774927, 0.0, 0.0, -0.1953667782604878, 0.0, 0.0, 0.008202203100249727
132.48000000003196, 250.0, 0.0, 2.505368864507806, 0.0, 0.0, -0.1952843653117354, 0.0, 0.0, 0.008280422400250344
132.49000000003196, 250.0, 0.0, 2.5034164361821385, 0.0, 0.0, -0.19520116910048294, 0.0, 0.0, 0.008358855300250951
132.50000000003197, 250.0, 0.0, 2.5014648437437614, 0.0, 0.0, -0.19511718749973028, 0.0, 0.0, 0.008437500000251778
132.510000000032, 250.0, 0.0, 2.4995140950571337, 0.0, 0.0, -0.1950324184004776, 0.0, 0.0, 0.0085163547002526
132.52000000003198, 250.0, 0.0, 2.4975641980077166, 0.0, 0.0, -0.19494685971172515, 0.0, 0.0, 0.008595417600253192
132.53000000003198, 250.0, 0.0, 2.49561516050178, 0.0, 0.0, -0.19486050936047267, 0.0, 0.0, 0.008674686900253772
132.540000000032, 250.0, 0.0, 2.493666990466232, 0.0, 0.0, -0.19477336529171996, 0.0, 0.0, 0.008754160800254582
132.55000000003201, 250.0, 0.0, 2.4917196958484547, 0.0, 0.0, -0.19468542546846723, 0.0, 0.0, 0.00883383750025538
132.560000000032, 250.0, 0.0, 2.489773284616108, 0.0, 0.0, -0.19459668787171477, 0.0, 0.0, 0.008913715200255948
132.570000000032, 250.0, 0.0, 2.487827764756941, 0.0, 0.0, -0.19450715050046227, 0.0, 0.0, 0.00899379210025651
132.58000000003202, 250.0, 0.0, 2.4858831442786236, 0.0, 0.0, -0.19441681137170955, 0.0, 0.0, 0.009074066400257295
132.59000000003203, 250.0, 0.0, 2.4839394312085763, 0.0, 0.0, -0.19432566852045682, 0.0, 0.0, 0.009154536300258073
132.60000000003203, 250.0, 0.0, 2.4819966335937798, 0.0, 0.0, -0.1942337199997043, 0.0, 0.0, 0.009235200000258617
132.61000000003202, 250.0, 0.0, 2.480054759500583, 0.0, 0.0, -0.1941409638804518, 0.0, 0.0, 0.009316055700259155
132.62000000003204, 250.0, 0.0, 2.4781138170145356, 0.0, 0.0, -0.194047398251699, 0.0, 0.0, 0.009397101600259916
132.63000000003206, 250.0, 0.0, 2.4761738142402177, 0.0, 0.0, -0.19395302122044625, 0.0, 0.0, 0.009478335900260676
132.64000000003205, 250.0, 0.0, 2.4742347593010514, 0.0, 0.0, -0.19385783091169373, 0.0, 0.0, 0.0095597568002612
132.65000000003204, 250.0, 0.0, 2.472296660339105, 0.0, 0.0, -0.1937618254684412, 0.0, 0.0, 0.009641362500261715
132.66000000003206, 250.0, 0.0, 2.4703595255149278, 0.0, 0.0, -0.19366500305168838, 0.0, 0.0, 0.009723151200262457
132.67000000003208, 250.0, 0.0, 2.4684233630073806, 0.0, 0.0, -0.19356736184043555, 0.0, 0.0, 0.009805121100263194
132.68000000003207, 250.0, 0.0, 2.4664881810134447, 0.0, 0.0, -0.19346890003168302, 0.0, 0.0, 0.00988727040026369
132.69000000003206, 250.0, 0.0, 2.464553987748028, 0.0, 0.0, -0.19336961584043047, 0.0, 0.0, 0.009969597300264178
132.70000000003208, 250.0, 0.0, 2.4626207914438005, 0.0, 0.0, -0.19326950749967764, 0.0, 0.0, 0.010052100000264904
132.7100000000321, 250.0, 0.0, 2.4606886003510233, 0.0, 0.0, -0.19316857326042478, 0.0, 0.0, 0.010134776700265616
132.7200000000321, 250.0, 0.0, 2.4587574227373565, 0.0, 0.0, -0.1930668113916722, 0.0, 0.0, 0.010217625600266095
132.73000000003208, 250.0, 0.0, 2.4568272668876707, 0.0, 0.0, -0.19296422018041962, 0.0, 0.0, 0.010300644900266557
132.7400000000321, 250.0, 0.0, 2.454898141103874, 0.0, 0.0, -0.19286079793166677, 0.0, 0.0, 0.010383832800267258
132.75000000003212, 250.0, 0.0, 2.452970053704747, 0.0, 0.0, -0.1927565429684139, 0.0, 0.0, 0.010467187500267955
132.7600000000321, 250.0, 0.0, 2.45104301302575, 0.0, 0.0, -0.19265145363166128, 0.0, 0.0, 0.010550707200268404
132.7700000000321, 250.0, 0.0, 2.449117027418834, 0.0, 0.0, -0.19254552828040872, 0.0, 0.0, 0.010634390100268853
132.78000000003212, 250.0, 0.0, 2.4471921052522676, 0.0, 0.0, -0.19243876529165582, 0.0, 0.0, 0.010718234400269526
132.79000000003214, 250.0, 0.0, 2.4452682549104705, 0.0, 0.0, -0.19233116306040293, 0.0, 0.0, 0.0108022383002702
132.80000000003213, 250.0, 0.0, 2.443345484793824, 0.0, 0.0, -0.19222271999965032, 0.0, 0.0, 0.010886400000270628
132.81000000003212, 250.0, 0.0, 2.4414238033184783, 0.0, 0.0, -0.1921134345403977, 0.0, 0.0, 0.010970717700271047
132.82000000003214, 250.0, 0.0, 2.4395032189161814, 0.0, 0.0, -0.19200330513164476, 0.0, 0.0, 0.011055189600271706
132.83000000003216, 250.0, 0.0, 2.4375837400341145, 0.0, 0.0, -0.19189233024039185, 0.0, 0.0, 0.011139813900272357
132.84000000003215, 250.0, 0.0, 2.4356653751346986, 0.0, 0.0, -0.1917805083516392, 0.0, 0.0, 0.011224588800272758
132.85000000003214, 250.0, 0.0, 2.4337481326954022, 0.0, 0.0, -0.1916678379683866, 0.0, 0.0, 0.011309512500273157
132.86000000003216, 250.0, 0.0, 2.431832021208576, 0.0, 0.0, -0.19155431761163363, 0.0, 0.0, 0.011394583200273792
132.87000000003218, 250.0, 0.0, 2.4299170491812796, 0.0, 0.0, -0.19143994582038068, 0.0, 0.0, 0.01147979910027442
132.88000000003217, 250.0, 0.0, 2.4280032251350936, 0.0, 0.0, -0.19132472115162805, 0.0, 0.0, 0.011565158400274804
132.89000000003216, 250.0, 0.0, 2.426090557605927, 0.0, 0.0, -0.1912086421803754, 0.0, 0.0, 0.011650659300275173
132.90000000003218, 250.0, 0.0, 2.424179055143851, 0.0, 0.0, -0.19109170749962243, 0.0, 0.0, 0.011736300000275788
132.9100000000322, 250.0, 0.0, 2.4222687263129243, 0.0, 0.0, -0.19097391572036942, 0.0, 0.0, 0.011822078700276399
132.9200000000322, 250.0, 0.0, 2.4203595796910085, 0.0, 0.0, -0.19085526547161677, 0.0, 0.0, 0.011907993600276754
132.93000000003218, 250.0, 0.0, 2.4184516238695726, 0.0, 0.0, -0.1907357554003641, 0.0, 0.0, 0.011994042900277106
132.9400000000322, 250.0, 0.0, 2.4165448674535264, 0.0, 0.0, -0.19061538417161109, 0.0, 0.0, 0.012080224800277702
132.95000000003222, 250.0, 0.0, 2.4146393190610502, 0.0, 0.0, -0.19049415046835808, 0.0, 0.0, 0.012166537500278282
132.9600000000322, 250.0, 0.0, 2.412734987323404, 0.0, 0.0, -0.1903720529916054, 0.0, 0.0, 0.012252979200278617
132.9700000000322, 250.0, 0.0, 2.4108318808847384, 0.0, 0.0, -0.1902490904603527, 0.0, 0.0, 0.012339548100278949
132.98000000003222, 250.0, 0.0, 2.408930008401922, 0.0, 0.0, -0.19012526161159968, 0.0, 0.0, 0.01242624240027951
132.99000000003224, 250.0, 0.0, 2.407029378544376, 0.0, 0.0, -0.19000056520034667, 0.0, 0.0, 0.012513060300280076
133.00000000003223, 250.0, 0.0, 2.40512999999388, 0.0, 0.0, -0.189874999999594, 0.0, 0.0, 0.012600000000280387
133.01000000003222, 250.0, 0.0, 2.4032318814443845, 0.0, 0.0, -0.18974856480034127, 0.0, 0.0, 0.012687059700280692
133.02000000003224, 250.0, 0.0, 2.4013350316018385, 0.0, 0.0, -0.18962125841158825, 0.0, 0.0, 0.012774237600281239
133.03000000003226, 250.0, 0.0, 2.3994394591840225, 0.0, 0.0, -0.18949307966033518, 0.0, 0.0, 0.01286153190028178
133.04000000003225, 250.0, 0.0, 2.397545172920357, 0.0, 0.0, -0.18936402739158245, 0.0, 0.0, 0.01294894080028207
133.05000000003224, 250.0, 0.0, 2.395652181551711, 0.0, 0.0, -0.18923410046832975, 0.0, 0.0, 0.013036462500282349
133.06000000003226, 250.0, 0.0, 2.3937604938302353, 0.0, 0.0, -0.1891032977715767, 0.0, 0.0, 0.013124095200282876
133.07000000003228, 250.0, 0.0, 2.391870118519189, 0.0, 0.0, -0.1889716182003236, 0.0, 0.0, 0.013211837100283393
133.08000000003227, 250.0, 0.0, 2.389981064392754, 0.0, 0.0, -0.18883906067157086, 0.0, 0.0, 0.01329968640028366
133.09000000003226, 250.0, 0.0, 2.388093340235838, 0.0, 0.0, -0.18870562412031816, 0.0, 0.0, 0.013387641300283913
133.10000000003228, 250.0, 0.0, 2.3862069548439124, 0.0, 0.0, -0.18857130749956505, 0.0, 0.0, 0.013475700000284417
133.1100000000323, 250.0, 0.0, 2.384321917022837, 0.0, 0.0, -0.18843610978031194, 0.0, 0.0, 0.01356386070028491
133.1200000000323, 250.0, 0.0, 2.3824382355886713, 0.0, 0.0, -0.1883000299515592, 0.0, 0.0, 0.013652121600285153
133.13000000003228, 250.0, 0.0, 2.380555919367486, 0.0, 0.0, -0.1881630670203065, 0.0, 0.0, 0.013740480900285384
133.1400000000323, 250.0, 0.0, 2.3786749771951907, 0.0, 0.0, -0.18802522001155336, 0.0, 0.0, 0.013828936800285862
133.15000000003232, 250.0, 0.0, 2.376795417917365, 0.0, 0.0, -0.18788648796830024, 0.0, 0.0, 0.01391748750028634
133.1600000000323, 250.0, 0.0, 2.3749172503890694, 0.0, 0.0, -0.1877468699515475, 0.0, 0.0, 0.014006131200286558
133.1700000000323, 250.0, 0.0, 2.3730404834746546, 0.0, 0.0, -0.18760636504029476, 0.0, 0.0, 0.014094866100286775
133.18000000003232, 250.0, 0.0, 2.371165126047589, 0.0, 0.0, -0.1874649723315416, 0.0, 0.0, 0.01418369040028723
133.19000000003234, 250.0, 0.0, 2.3692911869902926, 0.0, 0.0, -0.1873226909402885, 0.0, 0.0, 0.01427260230028768
133.20000000003233, 250.0, 0.0, 2.3674186751939477, 0.0, 0.0, -0.18717951999953572, 0.0, 0.0, 0.01436160000028787
133.21000000003232, 250.0, 0.0, 2.365547599558303, 0.0, 0.0, -0.18703545866028295, 0.0, 0.0, 0.014450681700288064
133.22000000003234, 250.0, 0.0, 2.363677968991507, 0.0, 0.0, -0.1868905060915298, 0.0, 0.0, 0.0145398456002885
133.23000000003236, 250.0, 0.0, 2.3618097924099417, 0.0, 0.0, -0.18674466148027666, 0.0, 0.0, 0.014629089900288932
133.24000000003235, 250.0, 0.0, 2.359943078738027, 0.0, 0.0, -0.1865979240315239, 0.0, 0.0, 0.014718412800289103
133.25000000003234, 250.0, 0.0, 2.358077836908032, 0.0, 0.0, -0.18645029296827112, 0.0, 0.0, 0.014807812500289258
133.26000000003236, 250.0, 0.0, 2.3562140758599064, 0.0, 0.0, -0.18630176753151798, 0.0, 0.0, 0.01489728720028968
133.27000000003238, 250.0, 0.0, 2.3543518045411114, 0.0, 0.0, -0.18615234698026475, 0.0, 0.0, 0.014986835100290087
133.28000000003237, 250.0, 0.0, 2.352491031906427, 0.0, 0.0, -0.186002030591512, 0.0, 0.0, 0.015076454400290233
133.29000000003236, 250.0, 0.0, 2.3506317669177617, 0.0, 0.0, -0.18585081766025924, 0.0, 0.0, 0.015166143300290372
133.30000000003238, 250.0, 0.0, 2.3487740185439865, 0.0, 0.0, -0.185698707499506, 0.0, 0.0, 0.015255900000290758
133.3100000000324, 250.0, 0.0, 2.346917795760761, 0.0, 0.0, -0.18554569944025284, 0.0, 0.0, 0.015345722700291147
133.3200000000324, 250.0, 0.0, 2.345063107550346, 0.0, 0.0, -0.18539179283150004, 0.0, 0.0, 0.015435609600291264
133.33000000003238, 250.0, 0.0, 2.3432099629014114, 0.0, 0.0, -0.1852369870402473, 0.0, 0.0, 0.015525558900291387
133.3400000000324, 250.0, 0.0, 2.3413583708088668, 0.0, 0.0, -0.18508128145149405, 0.0, 0.0, 0.015615568800291753
133.35000000003242, 250.0, 0.0, 2.339508340273692, 0.0, 0.0, -0.18492467546824085, 0.0, 0.0, 0.01570563750029212
133.36000000003241, 250.0, 0.0, 2.337659880302746, 0.0, 0.0, -0.18476716851148808, 0.0, 0.0, 0.01579576320029221
133.3700000000324, 250.0, 0.0, 2.3358129999085824, 0.0, 0.0, -0.1846087600202353, 0.0, 0.0, 0.01588594410029231
133.38000000003242, 250.0, 0.0, 2.333967708109267, 0.0, 0.0, -0.18444944945148206, 0.0, 0.0, 0.015976178400292654
133.39000000003244, 250.0, 0.0, 2.332124013928222, 0.0, 0.0, -0.1842892362802288, 0.0, 0.0, 0.016066464300292994
133.40000000003243, 250.0, 0.0, 2.3302819263940275, 0.0, 0.0, -0.18412811999947604, 0.0, 0.0, 0.01615680000029307
133.41000000003243, 250.0, 0.0, 2.3284414545402337, 0.0, 0.0, -0.18396610012022327, 0.0, 0.0, 0.016247183700293145
133.42000000003245, 250.0, 0.0, 2.326602607405188, 0.0, 0.0, -0.18380317617147, 0.0, 0.0, 0.01633761360029346
133.43000000003246, 250.0, 0.0, 2.324765394031874, 0.0, 0.0, -0.18363934770021675, 0.0, 0.0, 0.016428087900293778
133.44000000003246, 250.0, 0.0, 2.322929823467709, 0.0, 0.0, -0.18347461427146397, 0.0, 0.0, 0.016518604800293827
133.45000000003245, 250.0, 0.0, 2.3210959047643644, 0.0, 0.0, -0.18330897546821118, 0.0, 0.0, 0.016609162500293883
133.46000000003247, 250.0, 0.0, 2.31926364697759, 0.0, 0.0, -0.1831424308914579, 0.0, 0.0, 0.01669975920029418
133.47000000003248, 250.0, 0.0, 2.317433059167046, 0.0, 0.0, -0.18297498016020464, 0.0, 0.0, 0.016790393100294475
133.48000000003248, 250.0, 0.0, 2.315604150396111, 0.0, 0.0, -0.18280662291145183, 0.0, 0.0, 0.0168810624002945
133.49000000003247, 250.0, 0.0, 2.313776929731697, 0.0, 0.0, -0.18263735880019905, 0.0, 0.0, 0.01697176530029453
133.5000000000325, 250.0, 0.0, 2.3119514062440727, 0.0, 0.0, -0.1824671874994458, 0.0, 0.0, 0.017062500000294804
133.5100000000325, 250.0, 0.0, 2.310127589006698, 0.0, 0.0, -0.18229610870019253, 0.0, 0.0, 0.01715326470029507
133.5200000000325, 250.0, 0.0, 2.3083054870960336, 0.0, 0.0, -0.1821241221114397, 0.0, 0.0, 0.017244057600295074
133.5300000000325, 250.0, 0.0, 2.3064851095913492, 0.0, 0.0, -0.1819512274601869, 0.0, 0.0, 0.017334876900295077
133.5400000000325, 250.0, 0.0, 2.3046664655745546, 0.0, 0.0, -0.18177742449143364, 0.0, 0.0, 0.01742572080029533
133.55000000003253, 250.0, 0.0, 2.302849564130031, 0.0, 0.0, -0.18160271296818034, 0.0, 0.0, 0.01751658750029558
133.56000000003252, 250.0, 0.0, 2.301034414344436, 0.0, 0.0, -0.18142709267142756, 0.0, 0.0, 0.017607475200295555
133.5700000000325, 250.0, 0.0, 2.299221025306523, 0.0, 0.0, -0.18125056340017476, 0.0, 0.0, 0.017698382100295534
133.58000000003253, 250.0, 0.0, 2.2974094061069583, 0.0, 0.0, -0.18107312497142145, 0.0, 0.0, 0.017789306400295763
133.59000000003255, 250.0, 0.0, 2.2955995658381636, 0.0, 0.0, -0.18089477722016814, 0.0, 0.0, 0.017880246300295995
133.60000000003254, 250.0, 0.0, 2.29379151359412, 0.0, 0.0, -0.18071551999941535, 0.0, 0.0, 0.01797120000029595
133.61000000003253, 250.0, 0.0, 2.291985258470176, 0.0, 0.0, -0.18053535318016253, 0.0, 0.0, 0.01806216570029591
133.62000000003255, 250.0, 0.0, 2.290180809562882, 0.0, 0.0, -0.1803542766514092, 0.0, 0.0, 0.01815314160029611
133.63000000003257, 250.0, 0.0, 2.288378175969817, 0.0, 0.0, -0.18017229032015591, 0.0, 0.0, 0.018244125900296303
133.64000000003256, 250.0, 0.0, 2.286577366789404, 0.0, 0.0, -0.17998939411140313, 0.0, 0.0, 0.018335116800296248
133.65000000003255, 250.0, 0.0, 2.2847783911207094, 0.0, 0.0, -0.17980558796815033, 0.0, 0.0, 0.018426112500296177
133.66000000003257, 250.0, 0.0, 2.282981258063286, 0.0, 0.0, -0.17962087185139702, 0.0, 0.0, 0.01851711120029636
133.6700000000326, 250.0, 0.0, 2.281185976716992, 0.0, 0.0, -0.1794352457401437, 0.0, 0.0, 0.01860811110029653
133.68000000003258, 250.0, 0.0, 2.2793925561818082, 0.0, 0.0, -0.1792487096313909, 0.0, 0.0, 0.018699110400296447
133.69000000003257, 250.0, 0.0, 2.2776010055576448, 0.0, 0.0, -0.1790612635401381, 0.0, 0.0, 0.018790107300296354
133.7000000000326, 250.0, 0.0, 2.2758113339441706, 0.0, 0.0, -0.17887290749938475, 0.0, 0.0, 0.018881100000296518
133.7100000000326, 250.0, 0.0, 2.274023550440647, 0.0, 0.0, -0.17868364156013145, 0.0, 0.0, 0.018972086700296674
133.7200000000326, 250.0, 0.0, 2.2722376641457327, 0.0, 0.0, -0.17849346579137862, 0.0, 0.0, 0.019063065600296553
133.7300000000326, 250.0, 0.0, 2.2704536841572995, 0.0, 0.0, -0.17830238028012585, 0.0, 0.0, 0.019154034900296442
133.7400000000326, 250.0, 0.0, 2.268671619572256, 0.0, 0.0, -0.1781103851313725, 0.0, 0.0, 0.019244992800296578
133.75000000003263, 250.0, 0.0, 2.2668914794863824, 0.0, 0.0, -0.1779174804681192, 0.0, 0.0, 0.019335937500296704
133.76000000003262, 250.0, 0.0, 2.2651132729941383, 0.0, 0.0, -0.17772366643136642, 0.0, 0.0, 0.019426867200296568
133.7700000000326, 250.0, 0.0, 2.2633370091884752, 0.0, 0.0, -0.1775289431801136, 0.0, 0.0, 0.019517780100296436
133.78000000003263, 250.0, 0.0, 2.261562697160662, 0.0, 0.0, -0.17733331089136026, 0.0, 0.0, 0.019608674400296542
133.79000000003265, 250.0, 0.0, 2.2597903460001176, 0.0, 0.0, -0.17713676976010692, 0.0, 0.0, 0.01969954830029665
133.80000000003264, 250.0, 0.0, 2.258019964794225, 0.0, 0.0, -0.17693931999935414, 0.0, 0.0, 0.019790400000296495
133.81000000003263, 250.0, 0.0, 2.2562515626281314, 0.0, 0.0, -0.17674096184010135, 0.0, 0.0, 0.01988122770029633
133.82000000003265, 250.0, 0.0, 2.254485148584588, 0.0, 0.0, -0.17654169553134802, 0.0, 0.0, 0.019972029600296422
133.83000000003267, 250.0, 0.0, 2.2527207317437745, 0.0, 0.0, -0.17634152134009468, 0.0, 0.0, 0.020062803900296505
133.84000000003266, 250.0, 0.0, 2.250958321183111, 0.0, 0.0, -0.17614043955134184, 0.0, 0.0, 0.02015354880029632
133.85000000003265, 250.0, 0.0, 2.2491979259770676, 0.0, 0.0, -0.17593845046808906, 0.0, 0.0, 0.020244262500296126
133.86000000003267, 250.0, 0.0, 2.2474395551969946, 0.0, 0.0, -0.17573555441133573, 0.0, 0.0, 0.020334943200296197
133.8700000000327, 250.0, 0.0, 2.245683217910951, 0.0, 0.0, -0.17553175172008237, 0.0, 0.0, 0.020425589100296262
133.88000000003268, 250.0, 0.0, 2.2439289231835184, 0.0, 0.0, -0.1753270427513296, 0.0, 0.0, 0.02051619840029605
133.89000000003267, 250.0, 0.0, 2.242176680075605, 0.0, 0.0, -0.1751214278800768, 0.0, 0.0, 0.020606769300295848
133.9000000000327, 250.0, 0.0, 2.240426497644282, 0.0, 0.0, -0.17491490749932348, 0.0, 0.0, 0.020697300000295876
133.9100000000327, 250.0, 0.0, 2.2386783849426086, 0.0, 0.0, -0.1747074820200701, 0.0, 0.0, 0.02078778870029591
133.9200000000327, 250.0, 0.0, 2.236932351019446, 0.0, 0.0, -0.17449915187131737, 0.0, 0.0, 0.020878233600295684
133.9300000000327, 250.0, 0.0, 2.2351884049192625, 0.0, 0.0, -0.1742899175000646, 0.0, 0.0, 0.020968632900295457
133.9400000000327, 250.0, 0.0, 2.233446555681969, 0.0, 0.0, -0.17407977937131122, 0.0, 0.0, 0.021058984800295465
133.95000000003273, 250.0, 0.0, 2.231706812342747, 0.0, 0.0, -0.17386873796805785, 0.0, 0.0, 0.02114928750029549
133.96000000003272, 250.0, 0.0, 2.229969183931854, 0.0, 0.0, -0.17365679379130508, 0.0, 0.0, 0.02123953920029523
133.9700000000327, 250.0, 0.0, 2.2282336794744406, 0.0, 0.0, -0.17344394736005234, 0.0, 0.0, 0.02132973810029497
133.98000000003273, 250.0, 0.0, 2.226500307990378, 0.0, 0.0, -0.17323019921129898, 0.0, 0.0, 0.021419882400294965
133.99000000003275, 250.0, 0.0, 2.224769078494085, 0.0, 0.0, -0.17301554990004564, 0.0, 0.0, 0.021509970300294955
134.00000000003274, 250.0, 0.0, 2.223039999994342, 0.0, 0.0, -0.17279999999929285, 0.0, 0.0, 0.02160000000029468
134.01000000003273, 250.0, 0.0, 2.2213130814940993, 0.0, 0.0, -0.17258355010004012, 0.0, 0.0, 0.02168996970029439
134.02000000003275, 250.0, 0.0, 2.2195883319903063, 0.0, 0.0, -0.17236620081128676, 0.0, 0.0, 0.021779877600294362
134.03000000003277, 250.0, 0.0, 2.217865760473744, 0.0, 0.0, -0.1721479527600334, 0.0, 0.0, 0.021869721900294327
134.04000000003276, 250.0, 0.0, 2.216145375928831, 0.0, 0.0, -0.17192880659128065, 0.0, 0.0, 0.021959500800294025
134.05000000003275, 250.0, 0.0, 2.2144271873334382, 0.0, 0.0, -0.17170876296802792, 0.0, 0.0, 0.02204921250029373
134.06000000003277, 250.0, 0.0, 2.2127112036587153, 0.0, 0.0, -0.17148782257127454, 0.0, 0.0, 0.022138855200293663
134.0700000000328, 250.0, 0.0, 2.210997433868923, 0.0, 0.0, -0.1712659861000212, 0.0, 0.0, 0.0222284271002936
134.08000000003278, 250.0, 0.0, 2.209285886921241, 0.0, 0.0, -0.17104325427126846, 0.0, 0.0, 0.02231792640029329
134.09000000003277, 250.0, 0.0, 2.207576571765578, 0.0, 0.0, -0.1708196278200157, 0.0, 0.0, 0.02240735130029296
134.1000000000328, 250.0, 0.0, 2.2058694973444055, 0.0, 0.0, -0.17059510749926235, 0.0, 0.0, 0.022496700000292878
134.1100000000328, 250.0, 0.0, 2.2041646725925834, 0.0, 0.0, -0.170369694080009, 0.0, 0.0, 0.022585970700292793
134.1200000000328, 250.0, 0.0, 2.2024621064371708, 0.0, 0.0, -0.17014338835125625, 0.0, 0.0, 0.022675161600292437
134.1300000000328, 250.0, 0.0, 2.200761807797238, 0.0, 0.0, -0.1699161911200035, 0.0, 0.0, 0.022764270900292087
134.1400000000328, 250.0, 0.0, 2.1990637855836956, 0.0, 0.0, -0.1696881032112502, 0.0, 0.0, 0.022853296800291988
134.15000000003283, 250.0, 0.0, 2.1973680486991234, 0.0, 0.0, -0.1694591254679968, 0.0, 0.0, 0.022942237500291875
134.16000000003282, 250.0, 0.0, 2.1956746060375814, 0.0, 0.0, -0.16922925875124414, 0.0, 0.0, 0.023031091200291506
134.17000000003281, 250.0, 0.0, 2.193983466484419, 0.0, 0.0, -0.1689985039399914, 0.0, 0.0, 0.02311985610029113
134.18000000003283, 250.0, 0.0, 2.192294638916107, 0.0, 0.0, -0.16876686193123805, 0.0, 0.0, 0.023208530400291
134.19000000003285, 250.0, 0.0, 2.190608132200064, 0.0, 0.0, -0.16853433363998468, 0.0, 0.0, 0.023297112300290874
134.20000000003284, 250.0, 0.0, 2.1889239551944724, 0.0, 0.0, -0.168300919999232, 0.0, 0.0, 0.023385600000290472
134.21000000003284, 250.0, 0.0, 2.1872421167480796, 0.0, 0.0, -0.16806662195997932, 0.0, 0.0, 0.023473991700290082
134.22000000003285, 250.0, 0.0, 2.185562625700038, 0.0, 0.0, -0.16783144049122592, 0.0, 0.0, 0.023562285600289924
134.23000000003287, 250.0, 0.0, 2.1838854908797263, 0.0, 0.0, -0.1675953765799726, 0.0, 0.0, 0.02365047990028976
134.24000000003286, 250.0, 0.0, 2.1822107211065638, 0.0, 0.0, -0.1673584312312199, 0.0, 0.0, 0.02373857280028935
134.25000000003286, 250.0, 0.0, 2.180538325189821, 0.0, 0.0, -0.16712060546796725, 0.0, 0.0, 0.023826562500288924
134.26000000003287, 250.0, 0.0, 2.1788683119284498, 0.0, 0.0, -0.1668819003312139, 0.0, 0.0, 0.023914447200288753
134.2700000000329, 250.0, 0.0, 2.177200690110908, 0.0, 0.0, -0.16664231687996056, 0.0, 0.0, 0.024002225100288575
134.28000000003289, 250.0, 0.0, 2.175535468514976, 0.0, 0.0, -0.1664018561912079, 0.0, 0.0, 0.02408989440028813
134.29000000003288, 250.0, 0.0, 2.1738726559075636, 0.0, 0.0, -0.16616051935995524, 0.0, 0.0, 0.024177453300287678
134.3000000000329, 250.0, 0.0, 2.172212261044542, 0.0, 0.0, -0.1659183074992019, 0.0, 0.0, 0.02426490000028748
134.31000000003291, 250.0, 0.0, 2.1705542926705705, 0.0, 0.0, -0.16567522173994853, 0.0, 0.0, 0.024352232700287267
134.3200000000329, 250.0, 0.0, 2.168898759518908, 0.0, 0.0, -0.16543126323119586, 0.0, 0.0, 0.0244394496002868
134.3300000000329, 250.0, 0.0, 2.167245670311227, 0.0, 0.0, -0.16518643313994325, 0.0, 0.0, 0.024526548900286337
134.34000000003292, 250.0, 0.0, 2.165595033757435, 0.0, 0.0, -0.16494073265118994, 0.0, 0.0, 0.02461352880028611
134.35000000003294, 250.0, 0.0, 2.163946858555513, 0.0, 0.0, -0.16469416296793657, 0.0, 0.0, 0.02470038750028588
134.36000000003293, 250.0, 0.0, 2.1623011533913212, 0.0, 0.0, -0.16444672531118393, 0.0, 0.0, 0.024787123200285383
134.37000000003292, 250.0, 0.0, 2.160657926938409, 0.0, 0.0, -0.1641984209199313, 0.0, 0.0, 0.024873734100284886
134.38000000003294, 250.0, 0.0, 2.159017187857848, 0.0, 0.0, -0.163949251051178, 0.0, 0.0, 0.02496021840028464
134.39000000003296, 250.0, 0.0, 2.1573789447980563, 0.0, 0.0, -0.16369921697992462, 0.0, 0.0, 0.025046574300284383
134.40000000003295, 250.0, 0.0, 2.1557432063946145, 0.0, 0.0, -0.16344831999917203, 0.0, 0.0, 0.02513280000028387
134.41000000003294, 250.0, 0.0, 2.1541099812700732, 0.0, 0.0, -0.16319656141991945, 0.0, 0.0, 0.02521889370028336
134.42000000003296, 250.0, 0.0, 2.1524792780337814, 0.0, 0.0, -0.1629439425711661, 0.0, 0.0, 0.025304853600283082
134.43000000003298, 250.0, 0.0, 2.1508511052817205, 0.0, 0.0, -0.1626904647999128, 0.0, 0.0, 0.025390677900282793
134.44000000003297, 250.0, 0.0, 2.1492254715963086, 0.0, 0.0, -0.16243612947116018, 0.0, 0.0, 0.025476364800282265
134.45000000003296, 250.0, 0.0, 2.1476023855462167, 0.0, 0.0, -0.1621809379679076, 0.0, 0.0, 0.025561912500281718
134.46000000003298, 250.0, 0.0, 2.145981855686196, 0.0, 0.0, -0.1619248916911543, 0.0, 0.0, 0.025647319200281418
134.470000000033, 250.0, 0.0, 2.144363890556905, 0.0, 0.0, -0.16166799205990098, 0.0, 0.0, 0.025732583100281113
134.480000000033, 250.0, 0.0, 2.1427484986847234, 0.0, 0.0, -0.16141024051114844, 0.0, 0.0, 0.025817702400280557
134.49000000003298, 250.0, 0.0, 2.1411356885815622, 0.0, 0.0, -0.16115163849989586, 0.0, 0.0, 0.025902675300279992
134.500000000033, 250.0, 0.0, 2.1395254687446905, 0.0, 0.0, -0.16089218749914258, 0.0, 0.0, 0.025987500000279665
134.51000000003302, 250.0, 0.0, 2.1379178476565697, 0.0, 0.0, -0.16063188899988928, 0.0, 0.0, 0.026072174700279324
134.520000000033, 250.0, 0.0, 2.1363128337846584, 0.0, 0.0, -0.1603707445111367, 0.0, 0.0, 0.026156697600278753
134.530000000033, 250.0, 0.0, 2.134710435581227, 0.0, 0.0, -0.16010875555988416, 0.0, 0.0, 0.02624106690027817
134.54000000003302, 250.0, 0.0, 2.1331106614831863, 0.0, 0.0, -0.15984592369113085, 0.0, 0.0, 0.02632528080027782
134.55000000003304, 250.0, 0.0, 2.1315135199119153, 0.0, 0.0, -0.1595822504678776, 0.0, 0.0, 0.02640933750027746
134.56000000003303, 250.0, 0.0, 2.1299190192730735, 0.0, 0.0, -0.15931773747112507, 0.0, 0.0, 0.02649323520027684
134.57000000003302, 250.0, 0.0, 2.128327167956413, 0.0, 0.0, -0.1590523862998725, 0.0, 0.0, 0.026576972100276236
134.58000000003304, 250.0, 0.0, 2.126737974335602, 0.0, 0.0, -0.15878619857111922, 0.0, 0.0, 0.026660546400275865
134.59000000003306, 250.0, 0.0, 2.125151446768061, 0.0, 0.0, -0.15851917591986597, 0.0, 0.0, 0.02674395630027547
134.60000000003305, 250.0, 0.0, 2.1235675935947698, 0.0, 0.0, -0.1582513199991135, 0.0, 0.0, 0.02682720000027484
134.61000000003304, 250.0, 0.0, 2.1219864231400782, 0.0, 0.0, -0.157982632479861, 0.0, 0.0, 0.02691027570027421
134.62000000003306, 250.0, 0.0, 2.120407943711538, 0.0, 0.0, -0.15771311505110772, 0.0, 0.0, 0.026993181600273804
134.63000000003308, 250.0, 0.0, 2.1188321635997274, 0.0, 0.0, -0.15744276941985447, 0.0, 0.0, 0.02707591590027339
134.64000000003307, 250.0, 0.0, 2.117259091078066, 0.0, 0.0, -0.15717159731110197, 0.0, 0.0, 0.02715847680027274
134.65000000003306, 250.0, 0.0, 2.1156887344026254, 0.0, 0.0, -0.15689960046784948, 0.0, 0.0, 0.027240862500272085
134.66000000003308, 250.0, 0.0, 2.114121101811955, 0.0, 0.0, -0.15662678065109623, 0.0, 0.0, 0.027323071200271644
134.6700000000331, 250.0, 0.0, 2.112556201526914, 0.0, 0.0, -0.15635313963984301, 0.0, 0.0, 0.027405101100271223
134.6800000000331, 250.0, 0.0, 2.1109940417504833, 0.0, 0.0, -0.15607867923109053, 0.0, 0.0, 0.027486950400270535
134.69000000003308, 250.0, 0.0, 2.1094346306675718, 0.0, 0.0, -0.1558034012398381, 0.0, 0.0, 0.02756861730026986
134.7000000000331, 250.0, 0.0, 2.107877976444852, 0.0, 0.0, -0.15552730749908483, 0.0, 0.0, 0.027650100000269417
134.71000000003312, 250.0, 0.0, 2.1063240872305813, 0.0, 0.0, -0.15525039985983163, 0.0, 0.0, 0.027731396700268945
134.7200000000331, 250.0, 0.0, 2.10477297115442, 0.0, 0.0, -0.15497268019107918, 0.0, 0.0, 0.027812505600268253
134.7300000000331, 250.0, 0.0, 2.1032246363272398, 0.0, 0.0, -0.15469415037982678, 0.0, 0.0, 0.027893424900267562
134.74000000003312, 250.0, 0.0, 2.1016790908409497, 0.0, 0.0, -0.1544148123310736, 0.0, 0.0, 0.02797415280026707
134.75000000003314, 250.0, 0.0, 2.1001363427683297, 0.0, 0.0, -0.15413466796782033, 0.0, 0.0, 0.02805468750026658
134.76000000003313, 250.0, 0.0, 2.098596400162838, 0.0, 0.0, -0.15385371923106794, 0.0, 0.0, 0.028135027200265866
134.77000000003312, 250.0, 0.0, 2.097059271058428, 0.0, 0.0, -0.15357196807981555, 0.0, 0.0, 0.028215170100265127
134.78000000003314, 250.0, 0.0, 2.0955249634693676, 0.0, 0.0, -0.15328941649106237, 0.0, 0.0, 0.02829511440026463
134.79000000003316, 250.0, 0.0, 2.0939934853900777, 0.0, 0.0, -0.1530060664598092, 0.0, 0.0, 0.028374858300264122
134.80000000003315, 250.0, 0.0, 2.0924648447949368, 0.0, 0.0, -0.1527219199990568, 0.0, 0.0, 0.028454400000263377
134.81000000003314, 250.0, 0.0, 2.0909390496380964, 0.0, 0.0, -0.15243697913980442, 0.0, 0.0, 0.028533737700262622
134.82000000003316, 250.0, 0.0, 2.089416107853306, 0.0, 0.0, -0.15215124593105125, 0.0, 0.0, 0.02861286960026209
134.83000000003318, 250.0, 0.0, 2.087896027353746, 0.0, 0.0, -0.15186472243979807, 0.0, 0.0, 0.028691793900261546
134.84000000003317, 250.0, 0.0, 2.086378816031836, 0.0, 0.0, -0.15157741075104572, 0.0, 0.0, 0.028770508800260775
134.85000000003316, 250.0, 0.0, 2.084864481759045, 0.0, 0.0, -0.15128931296779338, 0.0, 0.0, 0.02884901250026
134.86000000003318, 250.0, 0.0, 2.083353032385725, 0.0, 0.0, -0.15100043121104023, 0.0, 0.0, 0.028927303200259442
134.8700000000332, 250.0, 0.0, 2.081844475740936, 0.0, 0.0, -0.15071076761978708, 0.0, 0.0, 0.029005379100258882
134.8800000000332, 250.0, 0.0, 2.080338819632255, 0.0, 0.0, -0.15042032435103475, 0.0, 0.0, 0.02908323840025808
134.89000000003318, 250.0, 0.0, 2.0788360718455943, 0.0, 0.0, -0.15012910357978243, 0.0, 0.0, 0.029160879300257285
134.9000000000332, 250.0, 0.0, 2.0773362401450246, 0.0, 0.0, -0.1498371074990293, 0.0, 0.0, 0.029238300000256692
134.91000000003322, 250.0, 0.0, 2.0758393322726056, 0.0, 0.0, -0.14954433831977615, 0.0, 0.0, 0.029315498700256112
134.9200000000332, 250.0, 0.0, 2.0743453559481946, 0.0, 0.0, -0.14925079827102386, 0.0, 0.0, 0.029392473600255292
134.9300000000332, 250.0, 0.0, 2.0728543188692643, 0.0, 0.0, -0.1489564895997716, 0.0, 0.0, 0.02946922290025448
134.94000000003322, 250.0, 0.0, 2.071366228710725, 0.0, 0.0, -0.14866141457101847, 0.0, 0.0, 0.029545744800253855
134.95000000003324, 250.0, 0.0, 2.0698810931247555, 0.0, 0.0, -0.1483655754677654, 0.0, 0.0, 0.02962203750025324
134.96000000003323, 250.0, 0.0, 2.0683989197406145, 0.0, 0.0, -0.14806897459101312, 0.0, 0.0, 0.029698099200252404
134.97000000003322, 250.0, 0.0, 2.066919716164455, 0.0, 0.0, -0.14777161425976088, 0.0, 0.0, 0.029773928100251555
134.98000000003324, 250.0, 0.0, 2.0654434899791454, 0.0, 0.0, -0.14747349681100774, 0.0, 0.0, 0.029849522400250912
134.99000000003326, 250.0, 0.0, 2.0639702487441056, 0.0, 0.0, -0.14717462459975472, 0.0, 0.0, 0.029924880300250277
135.00000000003325, 250.0, 0.0, 2.062499999995116, 0.0, 0.0, -0.1468749999990025, 0.0, 0.0, 0.030000000000249404
135.01000000003324, 250.0, 0.0, 2.0610327512441255, 0.0, 0.0, -0.14657462539975025, 0.0, 0.0, 0.030074879700248545
135.02000000003326, 250.0, 0.0, 2.059568509979086, 0.0, 0.0, -0.1462735032109972, 0.0, 0.0, 0.03014951760024788
135.03000000003328, 250.0, 0.0, 2.058107283663777, 0.0, 0.0, -0.14597163585974415, 0.0, 0.0, 0.03022391190024721
135.04000000003327, 250.0, 0.0, 2.0566490797376167, 0.0, 0.0, -0.14566902579099195, 0.0, 0.0, 0.03029806080024633
135.05000000003326, 250.0, 0.0, 2.055193905615477, 0.0, 0.0, -0.14536567546773974, 0.0, 0.0, 0.030371962500245445
135.06000000003328, 250.0, 0.0, 2.0537417686875075, 0.0, 0.0, -0.1450615873709867, 0.0, 0.0, 0.03044561520024476
135.0700000000333, 250.0, 0.0, 2.052292676318968, 0.0, 0.0, -0.14475676399973367, 0.0, 0.0, 0.03051901710024405
135.0800000000333, 250.0, 0.0, 2.0508466358500383, 0.0, 0.0, -0.14445120787098154, 0.0, 0.0, 0.030592166400243148
135.09000000003329, 250.0, 0.0, 2.0494036545956282, 0.0, 0.0, -0.14414492151972938, 0.0, 0.0, 0.03066506130024224
135.1000000000333, 250.0, 0.0, 2.0479637398452093, 0.0, 0.0, -0.14383790749897635, 0.0, 0.0, 0.030737700000241508
135.11000000003332, 250.0, 0.0, 2.04652689886264, 0.0, 0.0, -0.14353016837972338, 0.0, 0.0, 0.030810080700240806
135.12000000003331, 250.0, 0.0, 2.0450931388859805, 0.0, 0.0, -0.14322170675097123, 0.0, 0.0, 0.030882201600239863
135.1300000000333, 250.0, 0.0, 2.0436624671273007, 0.0, 0.0, -0.14291252521971914, 0.0, 0.0, 0.030954060900238924
135.14000000003333, 250.0, 0.0, 2.042234890772512, 0.0, 0.0, -0.14260262641096616, 0.0, 0.0, 0.031025656800238173
135.15000000003334, 250.0, 0.0, 2.0408104169811927, 0.0, 0.0, -0.14229201296771318, 0.0, 0.0, 0.031096987500237427
135.16000000003334, 250.0, 0.0, 2.0393890528864027, 0.0, 0.0, -0.14198068755096108, 0.0, 0.0, 0.03116805120023646
135.17000000003333, 250.0, 0.0, 2.037970805594493, 0.0, 0.0, -0.141668652839709, 0.0, 0.0, 0.0312388461002355
135.18000000003335, 250.0, 0.0, 2.036555682184934, 0.0, 0.0, -0.14135591153095606, 0.0, 0.0, 0.03130937040023472
135.19000000003336, 250.0, 0.0, 2.0351436897101456, 0.0, 0.0, -0.14104246633970308, 0.0, 0.0, 0.03137962230023396
135.20000000003336, 250.0, 0.0, 2.0337348351953057, 0.0, 0.0, -0.14072831999895105, 0.0, 0.0, 0.03144960000023298
135.21000000003335, 250.0, 0.0, 2.032329125638166, 0.0, 0.0, -0.140413475259699, 0.0, 0.0, 0.03151930170023198
135.22000000003337, 250.0, 0.0, 2.0309265680088773, 0.0, 0.0, -0.14009793489094607, 0.0, 0.0, 0.03158872560023118
135.23000000003339, 250.0, 0.0, 2.0295271692498185, 0.0, 0.0, -0.13978170167969317, 0.0, 0.0, 0.031657869900230395
135.24000000003338, 250.0, 0.0, 2.0281309362754087, 0.0, 0.0, -0.13946477843094116, 0.0, 0.0, 0.031726732800229376
135.25000000003337, 250.0, 0.0, 2.0267378759719192, 0.0, 0.0, -0.13914716796768917, 0.0, 0.0, 0.03179531250022837
135.2600000000334, 250.0, 0.0, 2.0253479951973006, 0.0, 0.0, -0.13882887313093625, 0.0, 0.0, 0.03186360720022755
135.2700000000334, 250.0, 0.0, 2.023961300781012, 0.0, 0.0, -0.13850989677968334, 0.0, 0.0, 0.03193161510022671
135.2800000000334, 250.0, 0.0, 2.022577799523833, 0.0, 0.0, -0.13819024179093137, 0.0, 0.0, 0.031999334400225704
135.2900000000334, 250.0, 0.0, 2.0211974981976732, 0.0, 0.0, -0.13786991105967944, 0.0, 0.0, 0.032066763300224656
135.3000000000334, 250.0, 0.0, 2.019820403545405, 0.0, 0.0, -0.13754890749892656, 0.0, 0.0, 0.0321339000002238
135.31000000003343, 250.0, 0.0, 2.018446522280686, 0.0, 0.0, -0.13722723403967374, 0.0, 0.0, 0.03220074270022295
135.32000000003342, 250.0, 0.0, 2.017075861087777, 0.0, 0.0, -0.1369048936309218, 0.0, 0.0, 0.032267289600221925
135.3300000000334, 250.0, 0.0, 2.0157084266213476, 0.0, 0.0, -0.13658188923966988, 0.0, 0.0, 0.03233353890022087
135.34000000003343, 250.0, 0.0, 2.0143442255063086, 0.0, 0.0, -0.13625822385091707, 0.0, 0.0, 0.032399488800219985
135.35000000003345, 250.0, 0.0, 2.012983264337641, 0.0, 0.0, -0.1359339004676642, 0.0, 0.0, 0.0324651375002191
135.36000000003344, 250.0, 0.0, 2.0116255496802014, 0.0, 0.0, -0.13560892211091236, 0.0, 0.0, 0.03253048320021801
135.37000000003343, 250.0, 0.0, 2.0102710880685417, 0.0, 0.0, -0.13528329181966045, 0.0, 0.0, 0.03259552410021694
135.38000000003345, 250.0, 0.0, 2.008919886006734, 0.0, 0.0, -0.13495701265090765, 0.0, 0.0, 0.03266025840021604
135.39000000003347, 250.0, 0.0, 2.0075719499681957, 0.0, 0.0, -0.13463008767965487, 0.0, 0.0, 0.032724684300215114
135.40000000003346, 250.0, 0.0, 2.0062272863955064, 0.0, 0.0, -0.134302519998903, 0.0, 0.0, 0.03278880000021402
135.41000000003345, 250.0, 0.0, 2.004885901700217, 0.0, 0.0, -0.1339743127196512, 0.0, 0.0, 0.03285260370021293
135.42000000003347, 250.0, 0.0, 2.003547802262679, 0.0, 0.0, -0.13364546897089843, 0.0, 0.0, 0.032916093600212
135.4300000000335, 250.0, 0.0, 2.0022129944318707, 0.0, 0.0, -0.13331599189964569, 0.0, 0.0, 0.03297926790021106
135.44000000003348, 250.0, 0.0, 2.0008814845252116, 0.0, 0.0, -0.13298588467089387, 0.0, 0.0, 0.03304212480020993
135.45000000003347, 250.0, 0.0, 1.999553278828372, 0.0, 0.0, -0.13265515046764206, 0.0, 0.0, 0.033104662500208805
135.4600000000335, 250.0, 0.0, 1.9982283835951045, 0.0, 0.0, -0.13232379249088932, 0.0, 0.0, 0.03316687920020785
135.4700000000335, 250.0, 0.0, 1.9969068050470662, 0.0, 0.0, -0.13199181395963663, 0.0, 0.0, 0.033228773100206895
135.4800000000335, 250.0, 0.0, 1.9955885493736374, 0.0, 0.0, -0.13165921811088488, 0.0, 0.0, 0.03329034240020572
135.4900000000335, 250.0, 0.0, 1.9942736227317281, 0.0, 0.0, -0.13132600819963317, 0.0, 0.0, 0.03335158530020459
135.5000000000335, 250.0, 0.0, 1.9929620312456102, 0.0, 0.0, -0.13099218749888047, 0.0, 0.0, 0.03341250000020359
135.51000000003353, 250.0, 0.0, 1.9916537810067425, 0.0, 0.0, -0.13065775929962778, 0.0, 0.0, 0.033473084700202604
135.52000000003352, 250.0, 0.0, 1.9903488780735834, 0.0, 0.0, -0.13032272691087607, 0.0, 0.0, 0.03353333760020143
135.5300000000335, 250.0, 0.0, 1.9890473284714045, 0.0, 0.0, -0.12998709365962435, 0.0, 0.0, 0.033593256900200257
135.54000000003353, 250.0, 0.0, 1.9877491381921164, 0.0, 0.0, -0.1296508628908717, 0.0, 0.0, 0.03365284080019925
135.55000000003355, 250.0, 0.0, 1.9864543131940988, 0.0, 0.0, -0.1293140379676191, 0.0, 0.0, 0.03371208750019823
135.56000000003354, 250.0, 0.0, 1.9851628594020099, 0.0, 0.0, -0.12897662227086737, 0.0, 0.0, 0.033770995200197024
135.57000000003353, 250.0, 0.0, 1.9838747827066006, 0.0, 0.0, -0.12863861919961572, 0.0, 0.0, 0.033829562100195824
135.58000000003355, 250.0, 0.0, 1.9825900889645431, 0.0, 0.0, -0.12830003217086317, 0.0, 0.0, 0.03388778640019479
135.59000000003357, 250.0, 0.0, 1.9813087839982557, 0.0, 0.0, -0.12796086461961054, 0.0, 0.0, 0.03394566630019374
135.60000000003356, 250.0, 0.0, 1.9800308735957166, 0.0, 0.0, -0.12762111999885892, 0.0, 0.0, 0.03400320000019254
135.61000000003355, 250.0, 0.0, 1.9787563635102776, 0.0, 0.0, -0.12728080177960727, 0.0, 0.0, 0.034060385700191306
135.62000000003357, 250.0, 0.0, 1.9774852594604901, 0.0, 0.0, -0.12693991345085476, 0.0, 0.0, 0.03411722160019023
135.6300000000336, 250.0, 0.0, 1.9762175671299327, 0.0, 0.0, -0.1265984585196022, 0.0, 0.0, 0.03417370590018916
135.64000000003358, 250.0, 0.0, 1.974953292167024, 0.0, 0.0, -0.1262564405108506, 0.0, 0.0, 0.034229836800187916
135.65000000003357, 250.0, 0.0, 1.9736924401848353, 0.0, 0.0, -0.12591386296759904, 0.0, 0.0, 0.034285612500186684
135.6600000000336, 250.0, 0.0, 1.9724350167609175, 0.0, 0.0, -0.12557072945084652, 0.0, 0.0, 0.03434103120018558
135.6700000000336, 250.0, 0.0, 1.9711810274371304, 0.0, 0.0, -0.125227043539594, 0.0, 0.0, 0.03439609110018447
135.6800000000336, 250.0, 0.0, 1.9699304777194515, 0.0, 0.0, -0.12488280883084249, 0.0, 0.0, 0.03445079040018323
135.6900000000336, 250.0, 0.0, 1.9686833730777926, 0.0, 0.0, -0.12453802893959093, 0.0, 0.0, 0.03450512730018195
135.7000000000336, 250.0, 0.0, 1.9674397189458255, 0.0, 0.0, -0.12419270749883848, 0.0, 0.0, 0.03455910000018082
135.71000000003363, 250.0, 0.0, 1.966199520720808, 0.0, 0.0, -0.123846848159586, 0.0, 0.0, 0.03461270670017971
135.72000000003362, 250.0, 0.0, 1.9649627837633996, 0.0, 0.0, -0.12350045459083452, 0.0, 0.0, 0.03466594560017841
135.7300000000336, 250.0, 0.0, 1.963729513397471, 0.0, 0.0, -0.12315353047958309, 0.0, 0.0, 0.034718814900177114
135.74000000003363, 250.0, 0.0, 1.9624997149099335, 0.0, 0.0, -0.12280607953083063, 0.0, 0.0, 0.034771312800175966
135.75000000003365, 250.0, 0.0, 1.9612733935505662, 0.0, 0.0, -0.12245810546757821, 0.0, 0.0, 0.03482343750017481
135.76000000003364, 250.0, 0.0, 1.9600505545318276, 0.0, 0.0, -0.12210961203082676, 0.0, 0.0, 0.034875187200173484
135.77000000003363, 250.0, 0.0, 1.958831203028669, 0.0, 0.0, -0.12176060297957535, 0.0, 0.0, 0.034926560100172165
135.78000000003365, 250.0, 0.0, 1.9576153441783617, 0.0, 0.0, -0.12141108209082296, 0.0, 0.0, 0.034977554400170995
135.79000000003367, 250.0, 0.0, 1.9564029830803251, 0.0, 0.0, -0.12106105315957061, 0.0, 0.0, 0.035028168300169825
135.80000000003366, 250.0, 0.0, 1.9551941247959364, 0.0, 0.0, -0.12071051999881922, 0.0, 0.0, 0.03507840000016847
135.81000000003365, 250.0, 0.0, 1.9539887743483477, 0.0, 0.0, -0.1203594864395679, 0.0, 0.0, 0.03512824770016714
135.82000000003367, 250.0, 0.0, 1.9527869367223107, 0.0, 0.0, -0.12000795633081553, 0.0, 0.0, 0.03517770960016593
135.8300000000337, 250.0, 0.0, 1.951588616864004, 0.0, 0.0, -0.11965593353956318, 0.0, 0.0, 0.03522678390016472
135.84000000003368, 250.0, 0.0, 1.950393819680845, 0.0, 0.0, -0.11930342195081184, 0.0, 0.0, 0.03527546880016335
135.85000000003367, 250.0, 0.0, 1.9492025500413068, 0.0, 0.0, -0.11895042546756053, 0.0, 0.0, 0.035323762500162
135.8600000000337, 250.0, 0.0, 1.9480148127747396, 0.0, 0.0, -0.11859694801080825, 0.0, 0.0, 0.03537166320016077
135.8700000000337, 250.0, 0.0, 1.946830612671203, 0.0, 0.0, -0.118242993519556, 0.0, 0.0, 0.035419169100159506
135.8800000000337, 250.0, 0.0, 1.9456499544812742, 0.0, 0.0, -0.11788856595080474, 0.0, 0.0, 0.035466278400158126
135.8900000000337, 250.0, 0.0, 1.9444728429158658, 0.0, 0.0, -0.11753366927955347, 0.0, 0.0, 0.03551298930015674
135.9000000000337, 250.0, 0.0, 1.9432992826460491, 0.0, 0.0, -0.11717830749880122, 0.0, 0.0, 0.035559300000155496
135.91000000003373, 250.0, 0.0, 1.9421292783028823, 0.0, 0.0, -0.11682248461954904, 0.0, 0.0, 0.03560520870015422
135.92000000003372, 250.0, 0.0, 1.9409628344772243, 0.0, 0.0, -0.11646620467079777, 0.0, 0.0, 0.03565071360015282
135.93000000003371, 250.0, 0.0, 1.9397999557195458, 0.0, 0.0, -0.11610947169954657, 0.0, 0.0, 0.03569581290015139
135.94000000003373, 250.0, 0.0, 1.9386406465397588, 0.0, 0.0, -0.11575228977079438, 0.0, 0.0, 0.035740504800150105
135.95000000003375, 250.0, 0.0, 1.9374849114070423, 0.0, 0.0, -0.11539466296754215, 0.0, 0.0, 0.035784787500148796
135.96000000003374, 250.0, 0.0, 1.9363327547496536, 0.0, 0.0, -0.11503659539079103, 0.0, 0.0, 0.0358286592001474
135.97000000003374, 250.0, 0.0, 1.9351841809547456, 0.0, 0.0, -0.11467809115953989, 0.0, 0.0, 0.035872118100145955
135.98000000003375, 250.0, 0.0, 1.934039194368189, 0.0, 0.0, -0.11431915441078776, 0.0, 0.0, 0.035915162400144626
135.99000000003377, 250.0, 0.0, 1.9328977992944023, 0.0, 0.0, -0.11395978929953562, 0.0, 0.0, 0.0359577903001433
136.00000000003376, 250.0, 0.0, 1.9317599999961639, 0.0, 0.0, -0.11359999999878453, 0.0, 0.0, 0.03600000000014186
136.01000000003376, 250.0, 0.0, 1.9306258006944257, 0.0, 0.0, -0.11323979069953341, 0.0, 0.0, 0.036041789700140395
136.02000000003378, 250.0, 0.0, 1.9294952055681387, 0.0, 0.0, -0.11287916561078137, 0.0, 0.0, 0.03608315760013904
136.0300000000338, 250.0, 0.0, 1.9283682187540827, 0.0, 0.0, -0.11251812895952923, 0.0, 0.0, 0.03612410190013768
136.04000000003379, 250.0, 0.0, 1.9272448443466745, 0.0, 0.0, -0.11215668499077817, 0.0, 0.0, 0.0361646208001362
136.05000000003378, 250.0, 0.0, 1.9261250863977863, 0.0, 0.0, -0.11179483796752718, 0.0, 0.0, 0.036204712500134725
136.0600000000338, 250.0, 0.0, 1.9250089489165698, 0.0, 0.0, -0.11143259217077511, 0.0, 0.0, 0.036244375200133364
136.07000000003382, 250.0, 0.0, 1.9238964358692834, 0.0, 0.0, -0.11106995189952314, 0.0, 0.0, 0.03628360710013197
136.0800000000338, 250.0, 0.0, 1.9227875511791053, 0.0, 0.0, -0.11070692147077218, 0.0, 0.0, 0.03632240640013047
136.0900000000338, 250.0, 0.0, 1.921682298725947, 0.0, 0.0, -0.1103435052195212, 0.0, 0.0, 0.03636077130012895
136.10000000003382, 250.0, 0.0, 1.9205806823462808, 0.0, 0.0, -0.10997970749876917, 0.0, 0.0, 0.03639870000012756
136.11000000003384, 250.0, 0.0, 1.9194827058329642, 0.0, 0.0, -0.1096155326795172, 0.0, 0.0, 0.036436190700126145
136.12000000003383, 250.0, 0.0, 1.9183883729350557, 0.0, 0.0, -0.10925098515076623, 0.0, 0.0, 0.036473241600124606
136.13000000003382, 250.0, 0.0, 1.9172976873576277, 0.0, 0.0, -0.10888606931951537, 0.0, 0.0, 0.03650985090012307
136.14000000003384, 250.0, 0.0, 1.9162106527615919, 0.0, 0.0, -0.10852078961076347, 0.0, 0.0, 0.03654601680012165
136.15000000003386, 250.0, 0.0, 1.9151272727635256, 0.0, 0.0, -0.10815515046751153, 0.0, 0.0, 0.0365817375001202
136.16000000003385, 250.0, 0.0, 1.9140475509354873, 0.0, 0.0, -0.10778915635076071, 0.0, 0.0, 0.036617011200118676
136.17000000003384, 250.0, 0.0, 1.912971490804829, 0.0, 0.0, -0.10742281173950986, 0.0, 0.0, 0.03665183610011713
136.18000000003386, 250.0, 0.0, 1.9118990958540232, 0.0, 0.0, -0.10705612113075795, 0.0, 0.0, 0.03668621040011563
136.19000000003388, 250.0, 0.0, 1.9108303695204867, 0.0, 0.0, -0.10668908903950611, 0.0, 0.0, 0.036720132300114186
136.20000000003387, 250.0, 0.0, 1.909765315196399, 0.0, 0.0, -0.10632171999875531, 0.0, 0.0, 0.03675360000011263
136.21000000003386, 250.0, 0.0, 1.9087039362285108, 0.0, 0.0, -0.10595401855950451, 0.0, 0.0, 0.036786611700111035
136.22000000003388, 250.0, 0.0, 1.9076462359179744, 0.0, 0.0, -0.10558598929075268, 0.0, 0.0, 0.036819165600109546
136.2300000000339, 250.0, 0.0, 1.9065922175201686, 0.0, 0.0, -0.10521763677950087, 0.0, 0.0, 0.036851259900108055
136.2400000000339, 250.0, 0.0, 1.9055418842445107, 0.0, 0.0, -0.10484896563075016, 0.0, 0.0, 0.036882892800106454
136.25000000003388, 250.0, 0.0, 1.9044952392542724, 0.0, 0.0, -0.10447998046749943, 0.0, 0.0, 0.036914062500104844
136.2600000000339, 250.0, 0.0, 1.9034522856664067, 0.0, 0.0, -0.10411068593074768, 0.0, 0.0, 0.036944767200103354
136.27000000003392, 250.0, 0.0, 1.9024130265513708, 0.0, 0.0, -0.10374108667949591, 0.0, 0.0, 0.03697500510010179
136.2800000000339, 250.0, 0.0, 1.9013774649329425, 0.0, 0.0, -0.10337118739074534, 0.0, 0.0, 0.03700477440010018
136.2900000000339, 250.0, 0.0, 1.9003456037880344, 0.0, 0.0, -0.10300099275949469, 0.0, 0.0, 0.03703407330009856
136.30000000003392, 250.0, 0.0, 1.8993174460465185, 0.0, 0.0, -0.10263050749874295, 0.0, 0.0, 0.03706290000009703
136.31000000003394, 250.0, 0.0, 1.8982929945910527, 0.0, 0.0, -0.10225973633949129, 0.0, 0.0, 0.037091252700095445
136.32000000003393, 250.0, 0.0, 1.8972722522568943, 0.0, 0.0, -0.10188868403074061, 0.0, 0.0, 0.03711912960009382
136.33000000003392, 250.0, 0.0, 1.8962552218317168, 0.0, 0.0, -0.10151735533949005, 0.0, 0.0, 0.03714652890009215
136.34000000003394, 250.0, 0.0, 1.8952419060554306, 0.0, 0.0, -0.10114575505073845, 0.0, 0.0, 0.03717344880009059
136.35000000003396, 250.0, 0.0, 1.8942323076200154, 0.0, 0.0, -0.10077388796748682, 0.0, 0.0, 0.03719988750008901
136.36000000003395, 250.0, 0.0, 1.893226429169327, 0.0, 0.0, -0.10040175891073627, 0.0, 0.0, 0.037225843200087344
136.37000000003394, 250.0, 0.0, 1.8922242732989192, 0.0, 0.0, -0.10002937271948575, 0.0, 0.0, 0.037251314100085656
136.38000000003396, 250.0, 0.0, 1.8912258425558632, 0.0, 0.0, -0.09965673425073412, 0.0, 0.0, 0.03727629840008406
136.39000000003398, 250.0, 0.0, 1.8902311394385776, 0.0, 0.0, -0.09928384837948259, 0.0, 0.0, 0.03730079430008243
136.40000000003397, 250.0, 0.0, 1.8892401663966396, 0.0, 0.0, -0.09891071999873219, 0.0, 0.0, 0.03732480000008073
136.41000000003396, 250.0, 0.0, 1.8882529258306018, 0.0, 0.0, -0.09853735401948169, 0.0, 0.0, 0.037348313700079044
136.42000000003398, 250.0, 0.0, 1.887269420091816, 0.0, 0.0, -0.09816375537073022, 0.0, 0.0, 0.03737133360007744
136.430000000034, 250.0, 0.0, 1.8862896514822602, 0.0, 0.0, -0.09778992899947872, 0.0, 0.0, 0.037393857900075766
136.440000000034, 250.0, 0.0, 1.8853136222543525, 0.0, 0.0, -0.09741587987072825, 0.0, 0.0, 0.03741588480007407
136.45000000003398, 250.0, 0.0, 1.8843413346107643, 0.0, 0.0, -0.0970416129674779, 0.0, 0.0, 0.037437412500072334
136.460000000034, 250.0, 0.0, 1.883372790704249, 0.0, 0.0, -0.0966671332907264, 0.0, 0.0, 0.037458439200070665
136.47000000003402, 250.0, 0.0, 1.8824079926374635, 0.0, 0.0, -0.09629244585947505, 0.0, 0.0, 0.03747896310006901
136.480000000034, 250.0, 0.0, 1.8814469424627853, 0.0, 0.0, -0.09591755571072466, 0.0, 0.0, 0.03749898240006726
136.490000000034, 250.0, 0.0, 1.8804896421821276, 0.0, 0.0, -0.09554246789947432, 0.0, 0.0, 0.03751849530006554
136.50000000003402, 250.0, 0.0, 1.8795360937467622, 0.0, 0.0, -0.09516718749872297, 0.0, 0.0, 0.03753750000006381
136.51000000003404, 250.0, 0.0, 1.8785862990571462, 0.0, 0.0, -0.09479171959947158, 0.0, 0.0, 0.037555994700062115
136.52000000003403, 250.0, 0.0, 1.8776402599627384, 0.0, 0.0, -0.0944160693107213, 0.0, 0.0, 0.03757397760006037
136.53000000003402, 250.0, 0.0, 1.8766979782618107, 0.0, 0.0, -0.0940402417594711, 0.0, 0.0, 0.037591446900058584
136.54000000003404, 250.0, 0.0, 1.8757594557012751, 0.0, 0.0, -0.09366424209071986, 0.0, 0.0, 0.037608400800056896
136.55000000003406, 250.0, 0.0, 1.8748246939765099, 0.0, 0.0, -0.0932880754674685, 0.0, 0.0, 0.037624837500055144
136.56000000003405, 250.0, 0.0, 1.8738936947311717, 0.0, 0.0, -0.09291174707071834, 0.0, 0.0, 0.03764075520005335
136.57000000003404, 250.0, 0.0, 1.8729664595570137, 0.0, 0.0, -0.09253526209946808, 0.0, 0.0, 0.03765615210005156
136.58000000003406, 250.0, 0.0, 1.8720429899937086, 0.0, 0.0, -0.09215862577071693, 0.0, 0.0, 0.03767102640004982
136.59000000003408, 250.0, 0.0, 1.871123287528673, 0.0, 0.0, -0.09178184331946568, 0.0, 0.0, 0.037685376300048076
136.60000000003407, 250.0, 0.0, 1.8702073535968855, 0.0, 0.0, -0.09140491999871553, 0.0, 0.0, 0.03769920000004623
136.61000000003406, 250.0, 0.0, 1.8692951895806975, 0.0, 0.0, -0.09102786107946548, 0.0, 0.0, 0.03771249570004444
136.62000000003408, 250.0, 0.0, 1.8683867968096617, 0.0, 0.0, -0.09065067185071427, 0.0, 0.0, 0.03772526160004264
136.6300000000341, 250.0, 0.0, 1.8674821765603564, 0.0, 0.0, -0.09027335761946312, 0.0, 0.0, 0.03773749590004086
136.6400000000341, 250.0, 0.0, 1.8665813300561986, 0.0, 0.0, -0.08989592371071306, 0.0, 0.0, 0.037749196800039034
136.65000000003408, 250.0, 0.0, 1.865684258467261, 0.0, 0.0, -0.08951837546746302, 0.0, 0.0, 0.03776036250003721
136.6600000000341, 250.0, 0.0, 1.8647909629100954, 0.0, 0.0, -0.0891407182507119, 0.0, 0.0, 0.03777099120003538
136.67000000003412, 250.0, 0.0, 1.8639014444475603, 0.0, 0.0, -0.08876295743946086, 0.0, 0.0, 0.037781081100033545
136.6800000000341, 250.0, 0.0, 1.8630157040886324, 0.0, 0.0, -0.0883850984307109, 0.0, 0.0, 0.03779063040003171
136.6900000000341, 250.0, 0.0, 1.8621337427882247, 0.0, 0.0, -0.08800714663946099, 0.0, 0.0, 0.037799637300029845
136.70000000003412, 250.0, 0.0, 1.8612555614470094, 0.0, 0.0, -0.08762910749870989, 0.0, 0.0, 0.03780810000002799
136.71000000003414, 250.0, 0.0, 1.8603811609112442, 0.0, 0.0, -0.08725098645945889, 0.0, 0.0, 0.037816016700026156
136.72000000003413, 250.0, 0.0, 1.8595105419725864, 0.0, 0.0, -0.08687278899070905, 0.0, 0.0, 0.03782338560002427
136.73000000003412, 250.0, 0.0, 1.8586437053679086, 0.0, 0.0, -0.08649452057945911, 0.0, 0.0, 0.03783020490002238
136.74000000003414, 250.0, 0.0, 1.8577806517791235, 0.0, 0.0, -0.0861161867307082, 0.0, 0.0, 0.037836472800020504
136.75000000003416, 250.0, 0.0, 1.8569213818330081, 0.0, 0.0, -0.08573779296745726, 0.0, 0.0, 0.03784218750001862
136.76000000003415, 250.0, 0.0, 1.8560658961010201, 0.0, 0.0, -0.0853593448307074, 0.0, 0.0, 0.03784734720001674
136.77000000003414, 250.0, 0.0, 1.8552141950991126, 0.0, 0.0, -0.08498084787945759, 0.0, 0.0, 0.03785195010001481
136.78000000003416, 250.0, 0.0, 1.8543662792875573, 0.0, 0.0, -0.0846023076907067, 0.0, 0.0, 0.0378559944000129
136.79000000003418, 250.0, 0.0, 1.853522149070772, 0.0, 0.0, -0.08422372985945589, 0.0, 0.0, 0.03785947830001099
136.80000000003417, 250.0, 0.0, 1.8526818047971343, 0.0, 0.0, -0.08384511999870611, 0.0, 0.0, 0.03786240000000905
136.81000000003417, 250.0, 0.0, 1.8518452467587967, 0.0, 0.0, -0.08346648373945637, 0.0, 0.0, 0.03786475770000712
136.82000000003418, 250.0, 0.0, 1.8510124751915111, 0.0, 0.0, -0.08308782673070561, 0.0, 0.0, 0.03786654960000521
136.8300000000342, 250.0, 0.0, 1.8501834902744563, 0.0, 0.0, -0.08270915463945477, 0.0, 0.0, 0.03786777390000326
136.8400000000342, 250.0, 0.0, 1.8493582921300484, 0.0, 0.0, -0.0823304731507051, 0.0, 0.0, 0.0378684288000013
136.85000000003419, 250.0, 0.0, 1.8485368808237608, 0.0, 0.0, -0.0819517879674555, 0.0, 0.0, 0.03786851249999938
136.8600000000342, 250.0, 0.0, 1.8477192563639453, 0.0, 0.0, -0.08157310481070476, 0.0, 0.0, 0.03786802319999742
136.87000000003422, 250.0, 0.0, 1.8469054187016603, 0.0, 0.0, -0.08119442941945401, 0.0, 0.0, 0.037866959099995434
136.88000000003422, 250.0, 0.0, 1.8460953677304826, 0.0, 0.0, -0.08081576755070444, 0.0, 0.0, 0.03786531839999345
136.8900000000342, 250.0, 0.0, 1.8452891032863246, 0.0, 0.0, -0.08043712497945482, 0.0, 0.0, 0.03786309929999146
136.90000000003423, 250.0, 0.0, 1.8444866251472598, 0.0, 0.0, -0.08005850749870425, 0.0, 0.0, 0.037860299999989466
136.91000000003424, 250.0, 0.0, 1.8436879330333444, 0.0, 0.0, -0.07967992091945367, 0.0, 0.0, 0.03785691869998749
136.92000000003424, 250.0, 0.0, 1.8428930266064363, 0.0, 0.0, -0.07930137107070409, 0.0, 0.0, 0.03785295359998546
136.93000000003423, 250.0, 0.0, 1.8421019054700087, 0.0, 0.0, -0.0789228637994546, 0.0, 0.0, 0.037848402899983466
136.94000000003425, 250.0, 0.0, 1.8413145691689736, 0.0, 0.0, -0.07854440497070406, 0.0, 0.0, 0.03784326479998143
136.95000000003427, 250.0, 0.0, 1.8405310171895088, 0.0, 0.0, -0.07816600046745353, 0.0, 0.0, 0.037837537499979396
136.96000000003426, 250.0, 0.0, 1.8397512489588708, 0.0, 0.0, -0.0777876561907041, 0.0, 0.0, 0.037831219199977395
136.97000000003425, 250.0, 0.0, 1.8389752638452133, 0.0, 0.0, -0.07740937805945464, 0.0, 0.0, 0.03782430809997536
136.98000000003427, 250.0, 0.0, 1.838203061157408, 0.0, 0.0, -0.07703117201070417, 0.0, 0.0, 0.03781680239997329
136.99000000003429, 250.0, 0.0, 1.8374346401448731, 0.0, 0.0, -0.07665304399945377, 0.0, 0.0, 0.03780870029997126
137.00000000003428, 250.0, 0.0, 1.836669999997385, 0.0, 0.0, -0.07627499999870432, 0.0, 0.0, 0.03779999999996919
137.01000000003427, 250.0, 0.0, 1.8359091398448975, 0.0, 0.0, -0.07589704599945499, 0.0, 0.0, 0.03779069969996714
137.0200000000343, 250.0, 0.0, 1.8351520587573624, 0.0, 0.0, -0.07551918801070462, 0.0, 0.0, 0.037780797599965055
137.0300000000343, 250.0, 0.0, 1.8343987557445571, 0.0, 0.0, -0.07514143205945426, 0.0, 0.0, 0.03777029189996295
137.0400000000343, 250.0, 0.0, 1.8336492297558995, 0.0, 0.0, -0.07476378419070498, 0.0, 0.0, 0.03775918079996088
137.0500000000343, 250.0, 0.0, 1.8329034796802617, 0.0, 0.0, -0.0743862504674557, 0.0, 0.0, 0.037747462499958806
137.0600000000343, 250.0, 0.0, 1.8321615043457966, 0.0, 0.0, -0.07400883697070545, 0.0, 0.0, 0.03773513519995672
137.07000000003433, 250.0, 0.0, 1.8314233025197615, 0.0, 0.0, -0.07363154979945521, 0.0, 0.0, 0.03772219709995457
137.08000000003432, 250.0, 0.0, 1.830688872908334, 0.0, 0.0, -0.073254395070706, 0.0, 0.0, 0.037708646399952486
137.0900000000343, 250.0, 0.0, 1.829958214156426, 0.0, 0.0, -0.07287737891945678, 0.0, 0.0, 0.037694481299950386
137.10000000003433, 250.0, 0.0, 1.8292313248475112, 0.0, 0.0, -0.07250050749870654, 0.0, 0.0, 0.037679699999948246
137.11000000003435, 250.0, 0.0, 1.828508203503446, 0.0, 0.0, -0.07212378697945632, 0.0, 0.0, 0.037664300699946085
137.12000000003434, 250.0, 0.0, 1.827788848584288, 0.0, 0.0, -0.07174722355070726, 0.0, 0.0, 0.03764828159994399
137.13000000003433, 250.0, 0.0, 1.82707325848811, 0.0, 0.0, -0.07137082341945819, 0.0, 0.0, 0.03763164089994182
137.14000000003435, 250.0, 0.0, 1.826361431550825, 0.0, 0.0, -0.07099459281070805, 0.0, 0.0, 0.03761437679993965
137.15000000003437, 250.0, 0.0, 1.8256533660460101, 0.0, 0.0, -0.07061853796745793, 0.0, 0.0, 0.03759648749993749
137.16000000003436, 250.0, 0.0, 1.8249490601847225, 0.0, 0.0, -0.07024266515070898, 0.0, 0.0, 0.037577971199935334
137.17000000003435, 250.0, 0.0, 1.8242485121153142, 0.0, 0.0, -0.06986698063945992, 0.0, 0.0, 0.03755882609993322
137.18000000003437, 250.0, 0.0, 1.8235517199232594, 0.0, 0.0, -0.06949149073070984, 0.0, 0.0, 0.037539050399930995
137.1900000000344, 250.0, 0.0, 1.822858681630974, 0.0, 0.0, -0.06911620173945981, 0.0, 0.0, 0.03751864229992875
137.20000000003438, 250.0, 0.0, 1.8221693951976365, 0.0, 0.0, -0.06874111999871091, 0.0, 0.0, 0.037497599999926565
137.21000000003437, 250.0, 0.0, 1.821483858518998, 0.0, 0.0, -0.06836625185946205, 0.0, 0.0, 0.03747592169992443
137.2200000000344, 250.0, 0.0, 1.8208020694272131, 0.0, 0.0, -0.067991603690712, 0.0, 0.0, 0.03745360559992217
137.2300000000344, 250.0, 0.0, 1.8201240256906583, 0.0, 0.0, -0.06761718187946203, 0.0, 0.0, 0.03743064989991993
137.2400000000344, 250.0, 0.0, 1.8194497250137505, 0.0, 0.0, -0.0672429928307133, 0.0, 0.0, 0.03740705279991778
137.2500000000344, 250.0, 0.0, 1.8187791650367624, 0.0, 0.0, -0.06686904296746438, 0.0, 0.0, 0.03738281249991558
137.2600000000344, 250.0, 0.0, 1.8181123433356476, 0.0, 0.0, -0.06649533873071453, 0.0, 0.0, 0.03735792719991329
137.27000000003443, 250.0, 0.0, 1.8174492574218626, 0.0, 0.0, -0.06612188657946466, 0.0, 0.0, 0.03733239509991103
137.28000000003442, 250.0, 0.0, 1.816789904742185, 0.0, 0.0, -0.0657486929907159, 0.0, 0.0, 0.03730621439990882
137.2900000000344, 250.0, 0.0, 1.8161342826785267, 0.0, 0.0, -0.06537576445946722, 0.0, 0.0, 0.03727938329990661
137.30000000003443, 250.0, 0.0, 1.8154823885477616, 0.0, 0.0, -0.06500310749871746, 0.0, 0.0, 0.0372518999999043
137.31000000003445, 250.0, 0.0, 1.8148342196015468, 0.0, 0.0, -0.06463072863946775, 0.0, 0.0, 0.03722376269990198
137.32000000003444, 250.0, 0.0, 1.8141897730261385, 0.0, 0.0, -0.06425863443071905, 0.0, 0.0, 0.03719496959989976
137.33000000003443, 250.0, 0.0, 1.8135490459422103, 0.0, 0.0, -0.06388683143947035, 0.0, 0.0, 0.037165518899897526
137.34000000003445, 250.0, 0.0, 1.8129120354046757, 0.0, 0.0, -0.06351532625072068, 0.0, 0.0, 0.037135408799895187
137.35000000003447, 250.0, 0.0, 1.8122787384025105, 0.0, 0.0, -0.06314412546747109, 0.0, 0.0, 0.03710463749989287
137.36000000003446, 250.0, 0.0, 1.8116491518585722, 0.0, 0.0, -0.06277323571072241, 0.0, 0.0, 0.03707320319989059
137.37000000003445, 250.0, 0.0, 1.8110232726294142, 0.0, 0.0, -0.062402663619473886, 0.0, 0.0, 0.03704110409988831
137.38000000003447, 250.0, 0.0, 1.8104010975051092, 0.0, 0.0, -0.062032415850724304, 0.0, 0.0, 0.03700833839988593
137.3900000000345, 250.0, 0.0, 1.8097826232090743, 0.0, 0.0, -0.06166249907947474, 0.0, 0.0, 0.03697490429988359
137.40000000003448, 250.0, 0.0, 1.809167846397886, 0.0, 0.0, -0.06129291999872624, 0.0, 0.0, 0.03694079999988131
137.41000000003447, 250.0, 0.0, 1.808556763661098, 0.0, 0.0, -0.06092368531947773, 0.0, 0.0, 0.036906023699879
137.4200000000345, 250.0, 0.0, 1.807949371521063, 0.0, 0.0, -0.06055480177072825, 0.0, 0.0, 0.03687057359987661
137.4300000000345, 250.0, 0.0, 1.8073456664327583, 0.0, 0.0, -0.060186276099478825, 0.0, 0.0, 0.036834447899874195
137.4400000000345, 250.0, 0.0, 1.8067456447835997, 0.0, 0.0, -0.05981811507073048, 0.0, 0.0, 0.036797644799871895
137.4500000000345, 250.0, 0.0, 1.8061493028932616, 0.0, 0.0, -0.05945032546748208, 0.0, 0.0, 0.03676016249986959
137.4600000000345, 250.0, 0.0, 1.8055566370134966, 0.0, 0.0, -0.05908291409073266, 0.0, 0.0, 0.03672199919986717
137.47000000003453, 250.0, 0.0, 1.8049676433279616, 0.0, 0.0, -0.058715887759483304, 0.0, 0.0, 0.03668315309986475
137.48000000003452, 250.0, 0.0, 1.8043823179520335, 0.0, 0.0, -0.058349253310734955, 0.0, 0.0, 0.03664362239986241
137.4900000000345, 250.0, 0.0, 1.803800656932625, 0.0, 0.0, -0.05798301759948671, 0.0, 0.0, 0.03660340529986006
137.50000000003453, 250.0, 0.0, 1.80322265624801, 0.0, 0.0, -0.05761718749873743, 0.0, 0.0, 0.036562499999857584
137.51000000003455, 250.0, 0.0, 1.802648311807645, 0.0, 0.0, -0.05725176989948816, 0.0, 0.0, 0.03652090469985514
137.52000000003454, 250.0, 0.0, 1.8020776194519867, 0.0, 0.0, -0.056886771710739914, 0.0, 0.0, 0.0364786175998528
137.53000000003453, 250.0, 0.0, 1.8015105749523082, 0.0, 0.0, -0.05652219985949175, 0.0, 0.0, 0.03643563689985041
137.54000000003455, 250.0, 0.0, 1.8009471740105232, 0.0, 0.0, -0.056158061290742606, 0.0, 0.0, 0.03639196079984794
137.55000000003457, 250.0, 0.0, 1.8003874122590084, 0.0, 0.0, -0.055794362967493405, 0.0, 0.0, 0.03634758749984543
137.56000000003456, 250.0, 0.0, 1.7998312852604195, 0.0, 0.0, -0.05543111187074523, 0.0, 0.0, 0.036302515199843066
137.57000000003455, 250.0, 0.0, 1.7992787885075114, 0.0, 0.0, -0.05506831499949713, 0.0, 0.0, 0.036256742099840644
137.58000000003457, 250.0, 0.0, 1.7987299174229563, 0.0, 0.0, -0.05470597937074809, 0.0, 0.0, 0.036210266399838154
137.5900000000346, 250.0, 0.0, 1.798184667359171, 0.0, 0.0, -0.05434411201949904, 0.0, 0.0, 0.03616308629983561
137.60000000003458, 250.0, 0.0, 1.7976430335981328, 0.0, 0.0, -0.05398271999875104, 0.0, 0.0, 0.0361151999998332
137.61000000003457, 250.0, 0.0, 1.797105011351194, 0.0, 0.0, -0.05362181037950303, 0.0, 0.0, 0.036066605699830806
137.6200000000346, 250.0, 0.0, 1.7965705957589089, 0.0, 0.0, -0.05326139025075405, 0.0, 0.0, 0.036017301599828244
137.6300000000346, 250.0, 0.0, 1.796039781890854, 0.0, 0.0, -0.05290146671950502, 0.0, 0.0, 0.0359672858998257
137.6400000000346, 250.0, 0.0, 1.7955125647454455, 0.0, 0.0, -0.052542046910757145, 0.0, 0.0, 0.03591655679982325
137.6500000000346, 250.0, 0.0, 1.7949889392497569, 0.0, 0.0, -0.052183137967509285, 0.0, 0.0, 0.035865112499820856
137.66000000003461, 250.0, 0.0, 1.7944689002593417, 0.0, 0.0, -0.0518247470507604, 0.0, 0.0, 0.035812951199818255
137.67000000003463, 250.0, 0.0, 1.7939524425580569, 0.0, 0.0, -0.051466881339511494, 0.0, 0.0, 0.03576007109981563
137.68000000003462, 250.0, 0.0, 1.7934395608578777, 0.0, 0.0, -0.05110954803076373, 0.0, 0.0, 0.0357064703998132
137.69000000003462, 250.0, 0.0, 1.7929302497987194, 0.0, 0.0, -0.050752754339515926, 0.0, 0.0, 0.035652147299810755
137.70000000003463, 250.0, 0.0, 1.7924245039482545, 0.0, 0.0, -0.05039650749876712, 0.0, 0.0, 0.035597099999808146
137.71000000003465, 250.0, 0.0, 1.791922317801739, 0.0, 0.0, -0.05004081475951838, 0.0, 0.0, 0.035541326699805476
137.72000000003464, 250.0, 0.0, 1.7914236857818302, 0.0, 0.0, -0.04968568339077056, 0.0, 0.0, 0.03548482559980301
137.73000000003464, 250.0, 0.0, 1.790928602238402, 0.0, 0.0, -0.049331120679523, 0.0, 0.0, 0.035427594899800546
137.74000000003466, 250.0, 0.0, 1.7904370614483662, 0.0, 0.0, -0.0489771339307743, 0.0, 0.0, 0.03536963279979788
137.75000000003467, 250.0, 0.0, 1.7899490576155013, 0.0, 0.0, -0.048623730467525716, 0.0, 0.0, 0.03531093749979525
137.76000000003467, 250.0, 0.0, 1.7894645848702622, 0.0, 0.0, -0.048270917630777954, 0.0, 0.0, 0.035251507199792725
137.77000000003466, 250.0, 0.0, 1.7889836372696035, 0.0, 0.0, -0.047918702779530364, 0.0, 0.0, 0.03519134009979022
137.78000000003468, 250.0, 0.0, 1.7885062087967982, 0.0, 0.0, -0.04756709329078185, 0.0, 0.0, 0.03513043439978758
137.7900000000347, 250.0, 0.0, 1.7880322933612627, 0.0, 0.0, -0.047216096559533294, 0.0, 0.0, 0.03506878829978485
137.8000000000347, 250.0, 0.0, 1.7875618847983743, 0.0, 0.0, -0.04686571999878575, 0.0, 0.0, 0.035006399999782334
137.81000000003468, 250.0, 0.0, 1.787094976869285, 0.0, 0.0, -0.046515971039538195, 0.0, 0.0, 0.034943267699779845
137.8200000000347, 250.0, 0.0, 1.7866315632607501, 0.0, 0.0, -0.04616685713078983, 0.0, 0.0, 0.0348793895997771
137.83000000003472, 250.0, 0.0, 1.7861716375849443, 0.0, 0.0, -0.04581838573954139, 0.0, 0.0, 0.03481476389977439
137.8400000000347, 250.0, 0.0, 1.7857151933792856, 0.0, 0.0, -0.04547056435079405, 0.0, 0.0, 0.03474938879977185
137.8500000000347, 250.0, 0.0, 1.7852622241062464, 0.0, 0.0, -0.04512340046754654, 0.0, 0.0, 0.034683262499769274
137.86000000003472, 250.0, 0.0, 1.7848127231531812, 0.0, 0.0, -0.044776901610798225, 0.0, 0.0, 0.034616383199766565
137.87000000003474, 250.0, 0.0, 1.7843666838321457, 0.0, 0.0, -0.044431075319549984, 0.0, 0.0, 0.034548749099763826
137.88000000003473, 250.0, 0.0, 1.7839240993797165, 0.0, 0.0, -0.044085929150802616, 0.0, 0.0, 0.03448035839976124
137.89000000003472, 250.0, 0.0, 1.7834849629568077, 0.0, 0.0, -0.043741470679555305, 0.0, 0.0, 0.03441120929975866
137.90000000003474, 250.0, 0.0, 1.7830492676484924, 0.0, 0.0, -0.043397707498807114, 0.0, 0.0, 0.03434129999975591
137.91000000003476, 250.0, 0.0, 1.782617006463827, 0.0, 0.0, -0.04305464721955887, 0.0, 0.0, 0.034270628699753086
137.92000000003475, 250.0, 0.0, 1.7821881723356672, 0.0, 0.0, -0.04271229747081168, 0.0, 0.0, 0.034199193599750516
137.93000000003474, 250.0, 0.0, 1.7817627581204882, 0.0, 0.0, -0.04237066589956451, 0.0, 0.0, 0.03412699289974794
137.94000000003476, 250.0, 0.0, 1.781340756598203, 0.0, 0.0, -0.04202976017081639, 0.0, 0.0, 0.03405402479974509
137.95000000003478, 250.0, 0.0, 1.7809221604719871, 0.0, 0.0, -0.04168958796756822, 0.0, 0.0, 0.0339802874997423
137.96000000003477, 250.0, 0.0, 1.7805069623680976, 0.0, 0.0, -0.041350156990821174, 0.0, 0.0, 0.033905779199739666
137.97000000003476, 250.0, 0.0, 1.7800951548356887, 0.0, 0.0, -0.041011474959574024, 0.0, 0.0, 0.03383049809973704
137.98000000003478, 250.0, 0.0, 1.7796867303466333, 0.0, 0.0, -0.04067354961082609, 0.0, 0.0, 0.033754442399734186
137.9900000000348, 250.0, 0.0, 1.7792816812953474, 0.0, 0.0, -0.04033638869957806, 0.0, 0.0, 0.03367761029973135
138.0000000000348, 250.0, 0.0, 1.7788799999986082, 0.0, 0.0, -0.03999999999883114, 0.0, 0.0, 0.03359999999972871
138.01000000003478, 250.0, 0.0, 1.7784816786953686, 0.0, 0.0, -0.03966439129958421, 0.0, 0.0, 0.03352160969972606
138.0200000000348, 250.0, 0.0, 1.7780867095465829, 0.0, 0.0, -0.039329570410836234, 0.0, 0.0, 0.03344243759972315
138.03000000003482, 250.0, 0.0, 1.7776950846350275, 0.0, 0.0, -0.03899554515958842, 0.0, 0.0, 0.0333624818997203
138.0400000000348, 250.0, 0.0, 1.777306795965118, 0.0, 0.0, -0.038662323390841524, 0.0, 0.0, 0.0332817407997176
138.0500000000348, 250.0, 0.0, 1.776921835462728, 0.0, 0.0, -0.03832991296759469, 0.0, 0.0, 0.03320021249971497
138.06000000003482, 250.0, 0.0, 1.7765401949750124, 0.0, 0.0, -0.03799832177084689, 0.0, 0.0, 0.03311789519971209
138.07000000003484, 250.0, 0.0, 1.7761618662702265, 0.0, 0.0, -0.037667557699599175, 0.0, 0.0, 0.03303478709970917
138.08000000003483, 250.0, 0.0, 1.7757868410375472, 0.0, 0.0, -0.03733762867085233, 0.0, 0.0, 0.03295088639970642
138.09000000003482, 250.0, 0.0, 1.775415110886887, 0.0, 0.0, -0.03700854261960557, 0.0, 0.0, 0.03286619129970375
138.10000000003484, 250.0, 0.0, 1.7750466673487215, 0.0, 0.0, -0.03668030749885792, 0.0, 0.0, 0.03278069999970082
138.11000000003486, 250.0, 0.0, 1.7746815018739057, 0.0, 0.0, -0.03635293127961031, 0.0, 0.0, 0.032694410699697835
138.12000000003485, 250.0, 0.0, 1.774319605833496, 0.0, 0.0, -0.03602642195086364, 0.0, 0.0, 0.03260732159969515
138.13000000003484, 250.0, 0.0, 1.7739609705185664, 0.0, 0.0, -0.03570078751961697, 0.0, 0.0, 0.03251943089969245
138.14000000003486, 250.0, 0.0, 1.7736055871400302, 0.0, 0.0, -0.03537603601086947, 0.0, 0.0, 0.03243073679968947
138.15000000003488, 250.0, 0.0, 1.7732534468284644, 0.0, 0.0, -0.035052175467621904, 0.0, 0.0, 0.03234123749968648
138.16000000003487, 250.0, 0.0, 1.7729045406339248, 0.0, 0.0, -0.034729213950875304, 0.0, 0.0, 0.032250931199683724
138.17000000003486, 250.0, 0.0, 1.7725588595257649, 0.0, 0.0, -0.03440715953962886, 0.0, 0.0, 0.03215981609968102
138.18000000003488, 250.0, 0.0, 1.772216394392459, 0.0, 0.0, -0.03408602033088143, 0.0, 0.0, 0.032067890399678
138.1900000000349, 250.0, 0.0, 1.771877136041423, 0.0, 0.0, -0.03376580443963412, 0.0, 0.0, 0.031975152299674986
138.2000000000349, 250.0, 0.0, 1.7715410751988327, 0.0, 0.0, -0.03344651999888759, 0.0, 0.0, 0.031881599999672244
138.21000000003488, 250.0, 0.0, 1.7712082025094427, 0.0, 0.0, -0.03312817515964128, 0.0, 0.0, 0.03178723169966943
138.2200000000349, 250.0, 0.0, 1.7708785085364065, 0.0, 0.0, -0.032810778090893944, 0.0, 0.0, 0.03169204559966643
138.23000000003492, 250.0, 0.0, 1.7705519837611006, 0.0, 0.0, -0.03249433697964671, 0.0, 0.0, 0.03159603989966339
138.2400000000349, 250.0, 0.0, 1.7702286185829403, 0.0, 0.0, -0.03217886003090026, 0.0, 0.0, 0.031499212799660586
138.2500000000349, 250.0, 0.0, 1.7699084033192, 0.0, 0.0, -0.03186435546765404, 0.0, 0.0, 0.03140156249965778
138.26000000003492, 250.0, 0.0, 1.7695913282048341, 0.0, 0.0, -0.03155083153090693, 0.0, 0.0, 0.03130308719965472
138.27000000003494, 250.0, 0.0, 1.7692773833922981, 0.0, 0.0, -0.031238296479659755, 0.0, 0.0, 0.031203785099651604
138.28000000003493, 250.0, 0.0, 1.7689665589513672, 0.0, 0.0, -0.030926758590913483, 0.0, 0.0, 0.031103654399648795
138.29000000003492, 250.0, 0.0, 1.768658844868957, 0.0, 0.0, -0.030616226159667248, 0.0, 0.0, 0.031002693299646
138.30000000003494, 250.0, 0.0, 1.7683542310489409, 0.0, 0.0, -0.030306707498920227, 0.0, 0.0, 0.030900899999642878
138.31000000003496, 250.0, 0.0, 1.7680527073119743, 0.0, 0.0, -0.029998210939673142, 0.0, 0.0, 0.030798272699639778
138.32000000003495, 250.0, 0.0, 1.7677542633953136, 0.0, 0.0, -0.02969074483092704, 0.0, 0.0, 0.03069480959963694
138.33000000003494, 250.0, 0.0, 1.7674588889526335, 0.0, 0.0, -0.029384317539681126, 0.0, 0.0, 0.030590508899634078
138.34000000003496, 250.0, 0.0, 1.767166573553847, 0.0, 0.0, -0.02907893745093426, 0.0, 0.0, 0.030485368799630985
138.35000000003498, 250.0, 0.0, 1.7668773066849306, 0.0, 0.0, -0.028774612967687296, 0.0, 0.0, 0.03037938749962782
138.36000000003497, 250.0, 0.0, 1.76659107774774, 0.0, 0.0, -0.02847135251094135, 0.0, 0.0, 0.030272563199624958
138.37000000003496, 250.0, 0.0, 1.7663078760598296, 0.0, 0.0, -0.028169164519695256, 0.0, 0.0, 0.030164894099622114
138.38000000003498, 250.0, 0.0, 1.7660276908542727, 0.0, 0.0, -0.027868057450948558, 0.0, 0.0, 0.030056378399618944
138.390000000035, 250.0, 0.0, 1.765750511279486, 0.0, 0.0, -0.027568039779701903, 0.0, 0.0, 0.02994701429961577
138.400000000035, 250.0, 0.0, 1.7654763263990456, 0.0, 0.0, -0.02726911999895576, 0.0, 0.0, 0.029836799999612834
138.41000000003498, 250.0, 0.0, 1.7652051251915049, 0.0, 0.0, -0.026971306619710034, 0.0, 0.0, 0.029725733699609957
138.420000000035, 250.0, 0.0, 1.7649368965502177, 0.0, 0.0, -0.0266746081709634, 0.0, 0.0, 0.029613813599606797
138.43000000003502, 250.0, 0.0, 1.764671629283161, 0.0, 0.0, -0.026379033199716795, 0.0, 0.0, 0.029501037899603594
138.440000000035, 250.0, 0.0, 1.76440931211275, 0.0, 0.0, -0.026084590270971042, 0.0, 0.0, 0.02938740479960067
138.450000000035, 250.0, 0.0, 1.7641499336756592, 0.0, 0.0, -0.025791287967725396, 0.0, 0.0, 0.029272912499597764
138.46000000003502, 250.0, 0.0, 1.7638934825226427, 0.0, 0.0, -0.02549913489097888, 0.0, 0.0, 0.029157559199594563
138.47000000003504, 250.0, 0.0, 1.7636399471183561, 0.0, 0.0, -0.02520813965973223, 0.0, 0.0, 0.029041343099591277
138.48000000003503, 250.0, 0.0, 1.7633893158411746, 0.0, 0.0, -0.02491831091098673, 0.0, 0.0, 0.02892426239958834
138.49000000003502, 250.0, 0.0, 1.7631415769830134, 0.0, 0.0, -0.024629657299741148, 0.0, 0.0, 0.02880631529958541
138.50000000003504, 250.0, 0.0, 1.7628967187491467, 0.0, 0.0, -0.02434218749899464, 0.0, 0.0, 0.028687499999582172
138.51000000003506, 250.0, 0.0, 1.7626547292580295, 0.0, 0.0, -0.02405591019974823, 0.0, 0.0, 0.028567814699578864
138.52000000003505, 250.0, 0.0, 1.7624155965411181, 0.0, 0.0, -0.02377083411100278, 0.0, 0.0, 0.02844725759957592
138.53000000003505, 250.0, 0.0, 1.7621793085426876, 0.0, 0.0, -0.023486967959757188, 0.0, 0.0, 0.028325826899572942
138.54000000003506, 250.0, 0.0, 1.7619458531196501, 0.0, 0.0, -0.02320432049101101, 0.0, 0.0, 0.02820352079956967
138.55000000003508, 250.0, 0.0, 1.761715218041383, 0.0, 0.0, -0.022922900467764795, 0.0, 0.0, 0.028080337499566344
138.56000000003507, 250.0, 0.0, 1.761487390989541, 0.0, 0.0, -0.022642716671019303, 0.0, 0.0, 0.02795627519956337
138.57000000003507, 250.0, 0.0, 1.7612623595578798, 0.0, 0.0, -0.022363777899774062, 0.0, 0.0, 0.027831332099560402
138.58000000003508, 250.0, 0.0, 1.7610401112520726, 0.0, 0.0, -0.022086092971027815, 0.0, 0.0, 0.027705506399557017
138.5900000000351, 250.0, 0.0, 1.7608206334895358, 0.0, 0.0, -0.02180967071978185, 0.0, 0.0, 0.027578796299553704
138.6000000000351, 250.0, 0.0, 1.760603913599244, 0.0, 0.0, -0.021534519999036605, 0.0, 0.0, 0.0274511999995507
138.6100000000351, 250.0, 0.0, 1.760389938821552, 0.0, 0.0, -0.021260649679791355, 0.0, 0.0, 0.027322715699547667
138.6200000000351, 250.0, 0.0, 1.760178696308015, 0.0, 0.0, -0.020988068651045244, 0.0, 0.0, 0.027193341599544257
138.63000000003512, 250.0, 0.0, 1.7599701731212076, 0.0, 0.0, -0.02071678581979941, 0.0, 0.0, 0.027063075899540934
138.64000000003512, 250.0, 0.0, 1.7597643562345457, 0.0, 0.0, -0.020446810111054148, 0.0, 0.0, 0.02693191679953788
138.6500000000351, 250.0, 0.0, 1.7595612325321035, 0.0, 0.0, -0.020178150467809186, 0.0, 0.0, 0.026799862499534893
138.66000000003513, 250.0, 0.0, 1.7593607888084362, 0.0, 0.0, -0.0199108158510633, 0.0, 0.0, 0.026666911199531462
138.67000000003515, 250.0, 0.0, 1.7591630117683987, 0.0, 0.0, -0.019644815239817426, 0.0, 0.0, 0.026533061099527994
138.68000000003514, 250.0, 0.0, 1.7589678880269668, 0.0, 0.0, -0.019380157631072426, 0.0, 0.0, 0.026398310399524977
138.69000000003513, 250.0, 0.0, 1.7587754041090544, 0.0, 0.0, -0.019116852039827437, 0.0, 0.0, 0.02626265729952193
138.70000000003515, 250.0, 0.0, 1.7585855464493374, 0.0, 0.0, -0.018854907499081697, 0.0, 0.0, 0.026126099999518537
138.71000000003517, 250.0, 0.0, 1.758398301392069, 0.0, 0.0, -0.018594333059836154, 0.0, 0.0, 0.02598863669951501
138.72000000003516, 250.0, 0.0, 1.7582136551909069, 0.0, 0.0, -0.01833513779109125, 0.0, 0.0, 0.02585026559951198
138.73000000003515, 250.0, 0.0, 1.7580315940087248, 0.0, 0.0, -0.018077330779846357, 0.0, 0.0, 0.02571098489950885
138.74000000003517, 250.0, 0.0, 1.757852103917437, 0.0, 0.0, -0.017820921131100786, 0.0, 0.0, 0.025570792799505415
138.7500000000352, 250.0, 0.0, 1.7576751708978189, 0.0, 0.0, -0.017565917967855116, 0.0, 0.0, 0.025429687499501946
138.76000000003518, 250.0, 0.0, 1.7575007808393268, 0.0, 0.0, -0.017312330431110412, 0.0, 0.0, 0.02528766719949882
138.77000000003517, 250.0, 0.0, 1.7573289195399142, 0.0, 0.0, -0.017060167679865623, 0.0, 0.0, 0.02514473009949575
138.7800000000352, 250.0, 0.0, 1.757159572705856, 0.0, 0.0, -0.016809438891120243, 0.0, 0.0, 0.025000874399492223
138.7900000000352, 250.0, 0.0, 1.756992725951568, 0.0, 0.0, -0.01656015325987481, 0.0, 0.0, 0.024856098299488677
138.8000000000352, 250.0, 0.0, 1.7568283647994254, 0.0, 0.0, -0.016312319999130243, 0.0, 0.0, 0.02471039999948557
138.8100000000352, 250.0, 0.0, 1.7566664746795826, 0.0, 0.0, -0.01606594833988567, 0.0, 0.0, 0.024563777699482453
138.8200000000352, 250.0, 0.0, 1.7565070409297947, 0.0, 0.0, -0.015821047531140275, 0.0, 0.0, 0.024416229599478867
138.83000000003523, 250.0, 0.0, 1.7563500487952362, 0.0, 0.0, -0.015577626839895053, 0.0, 0.0, 0.02426775389947536
138.84000000003522, 250.0, 0.0, 1.756195483428323, 0.0, 0.0, -0.015335695551150552, 0.0, 0.0, 0.024118348799472222
138.8500000000352, 250.0, 0.0, 1.7560433298885307, 0.0, 0.0, -0.015095262967906142, 0.0, 0.0, 0.023968012499469032
138.86000000003523, 250.0, 0.0, 1.7558935731422123, 0.0, 0.0, -0.014856338411161019, 0.0, 0.0, 0.023816743199465473
138.87000000003525, 250.0, 0.0, 1.7557461980624238, 0.0, 0.0, -0.014618931219915865, 0.0, 0.0, 0.023664539099461923
138.88000000003524, 250.0, 0.0, 1.7556011894287407, 0.0, 0.0, -0.014383050751171467, 0.0, 0.0, 0.023511398399458733
138.89000000003523, 250.0, 0.0, 1.7554585319270777, 0.0, 0.0, -0.0141487063799271, 0.0, 0.0, 0.02335731929945553
138.90000000003525, 250.0, 0.0, 1.755318210149509, 0.0, 0.0, -0.01391590749918209, 0.0, 0.0, 0.023202299999451947
138.91000000003527, 250.0, 0.0, 1.7551802085940906, 0.0, 0.0, -0.013684663519937135, 0.0, 0.0, 0.023046338699448332
138.92000000003526, 250.0, 0.0, 1.7550445116646767, 0.0, 0.0, -0.013454983871192872, 0.0, 0.0, 0.02288943359944509
138.93000000003525, 250.0, 0.0, 1.7549111036707439, 0.0, 0.0, -0.013226877999948594, 0.0, 0.0, 0.02273158289944191
138.94000000003527, 250.0, 0.0, 1.754779968827205, 0.0, 0.0, -0.013000355371203864, 0.0, 0.0, 0.022572784799438278
138.9500000000353, 250.0, 0.0, 1.7546510912542361, 0.0, 0.0, -0.012775425467959012, 0.0, 0.0, 0.02241303749943463
138.96000000003528, 250.0, 0.0, 1.7545244549770929, 0.0, 0.0, -0.012552097791215022, 0.0, 0.0, 0.022252339199431426
138.97000000003527, 250.0, 0.0, 1.754400043925929, 0.0, 0.0, -0.012330381859970818, 0.0, 0.0, 0.022090688099428213
138.9800000000353, 250.0, 0.0, 1.7542778419356204, 0.0, 0.0, -0.01211028721122609, 0.0, 0.0, 0.02192808239942451
138.9900000000353, 250.0, 0.0, 1.7541578327455811, 0.0, 0.0, -0.011891823399981516, 0.0, 0.0, 0.021764520299420775
139.0000000000353, 250.0, 0.0, 1.7540399999995875, 0.0, 0.0, -0.011674999999237379, 0.0, 0.0, 0.021599999999417557
139.0100000000353, 250.0, 0.0, 1.753924327245594, 0.0, 0.0, -0.01145982659999345, 0.0, 0.0, 0.021434519699414345
139.0200000000353, 250.0, 0.0, 1.7538107979355546, 0.0, 0.0, -0.011246312811249048, 0.0, 0.0, 0.0212680775994106
139.03000000003533, 250.0, 0.0, 1.7536993954252456, 0.0, 0.0, -0.011034468260004482, 0.0, 0.0, 0.021100671899406898
139.04000000003532, 250.0, 0.0, 1.7535901029740812, 0.0, 0.0, -0.01082430259126066, 0.0, 0.0, 0.02093230079940364
139.0500000000353, 250.0, 0.0, 1.7534829037449369, 0.0, 0.0, -0.01061582546801676, 0.0, 0.0, 0.020762962499400378
139.06000000003533, 250.0, 0.0, 1.7533777808039681, 0.0, 0.0, -0.010409046571272507, 0.0, 0.0, 0.020592655199396598
139.07000000003535, 250.0, 0.0, 1.7532747171204284, 0.0, 0.0, -0.01020397560002817, 0.0, 0.0, 0.020421377099392846
139.08000000003534, 250.0, 0.0, 1.753173695566494, 0.0, 0.0, -0.010000622271284454, 0.0, 0.0, 0.020249126399389583
139.09000000003533, 250.0, 0.0, 1.75307469891708, 0.0, 0.0, -0.009798996320040554, 0.0, 0.0, 0.0200759012993863
139.10000000003535, 250.0, 0.0, 1.7529777098496604, 0.0, 0.0, -0.009599107499296489, 0.0, 0.0, 0.01990169999938249
139.11000000003537, 250.0, 0.0, 1.752882710944091, 0.0, 0.0, -0.009400965580052323, 0.0, 0.0, 0.01972652069937869
139.12000000003536, 250.0, 0.0, 1.752789684682426, 0.0, 0.0, -0.009204580351308556, 0.0, 0.0, 0.0195503615993754
139.13000000003535, 250.0, 0.0, 1.7526986134487417, 0.0, 0.0, -0.009009961620065066, 0.0, 0.0, 0.019373220899372046
139.14000000003537, 250.0, 0.0, 1.7526094795289517, 0.0, 0.0, -0.008817119211321, 0.0, 0.0, 0.019195096799368205
139.1500000000354, 250.0, 0.0, 1.7525222651106325, 0.0, 0.0, -0.008626062968076997, 0.0, 0.0, 0.01901598749936445
139.16000000003538, 250.0, 0.0, 1.752436952282837, 0.0, 0.0, -0.008436802751333738, 0.0, 0.0, 0.018835891199361104
139.17000000003537, 250.0, 0.0, 1.7523535230359224, 0.0, 0.0, -0.008249348440090176, 0.0, 0.0, 0.01865480609935774
139.1800000000354, 250.0, 0.0, 1.7522719592613623, 0.0, 0.0, -0.008063709931346086, 0.0, 0.0, 0.01847273039935385
139.1900000000354, 250.0, 0.0, 1.7521922427515717, 0.0, 0.0, -0.007879897140102399, 0.0, 0.0, 0.01828966229935
139.2000000000354, 250.0, 0.0, 1.7521143551997271, 0.0, 0.0, -0.007697919999358871, 0.0, 0.0, 0.018105599999346605
139.2100000000354, 250.0, 0.0, 1.7520382781995822, 0.0, 0.0, -0.0075177884601157485, 0.0, 0.0, 0.01792054169934329
139.2200000000354, 250.0, 0.0, 1.7519639932452917, 0.0, 0.0, -0.007339512491371991, 0.0, 0.0, 0.01773448559933935
139.23000000003543, 250.0, 0.0, 1.7518914817312317, 0.0, 0.0, -0.00716310208012827, 0.0, 0.0, 0.01754742989933547
139.24000000003542, 250.0, 0.0, 1.751820724951816, 0.0, 0.0, -0.006988567231384968, 0.0, 0.0, 0.017359372799332085
139.2500000000354, 250.0, 0.0, 1.751751704101321, 0.0, 0.0, -0.00681591796814196, 0.0, 0.0, 0.01717031249932871
139.26000000003543, 250.0, 0.0, 1.7516844002737006, 0.0, 0.0, -0.006645164331398279, 0.0, 0.0, 0.016980247199324783
139.27000000003545, 250.0, 0.0, 1.7516187944624093, 0.0, 0.0, -0.0064763163801547785, 0.0, 0.0, 0.016789175099320847
139.28000000003544, 250.0, 0.0, 1.7515548675602237, 0.0, 0.0, -0.006309384191411693, 0.0, 0.0, 0.016597094399317447
139.29000000003543, 250.0, 0.0, 1.7514926003590583, 0.0, 0.0, -0.006144377860168637, 0.0, 0.0, 0.016404003299314074
139.30000000003545, 250.0, 0.0, 1.7514319735497876, 0.0, 0.0, -0.005981307499425381, 0.0, 0.0, 0.016209899999310107
139.31000000003547, 250.0, 0.0, 1.7513729677220666, 0.0, 0.0, -0.005820183240181964, 0.0, 0.0, 0.016014782699306063
139.32000000003546, 250.0, 0.0, 1.7513155633641508, 0.0, 0.0, -0.005661015231439026, 0.0, 0.0, 0.015818649599302653
139.33000000003545, 250.0, 0.0, 1.751259740862715, 0.0, 0.0, -0.005503813640196142, 0.0, 0.0, 0.01562149889929923
139.34000000003547, 250.0, 0.0, 1.7512054805026742, 0.0, 0.0, -0.005348588651452935, 0.0, 0.0, 0.015423328799295227
139.3500000000355, 250.0, 0.0, 1.7511527624670027, 0.0, 0.0, -0.005195350468209625, 0.0, 0.0, 0.01522413749929119
139.36000000003548, 250.0, 0.0, 1.751101566836557, 0.0, 0.0, -0.005044109311466927, 0.0, 0.0, 0.015023923199287775
139.37000000003547, 250.0, 0.0, 1.7510518735898903, 0.0, 0.0, -0.004894875420224154, 0.0, 0.0, 0.01482268409928425
139.3800000000355, 250.0, 0.0, 1.751003662603079, 0.0, 0.0, -0.004747659051481001, 0.0, 0.0, 0.0146204183992803
139.3900000000355, 250.0, 0.0, 1.7509569136495375, 0.0, 0.0, -0.004602470480237875, 0.0, 0.0, 0.014417124299276218
139.4000000000355, 250.0, 0.0, 1.7509116063998413, 0.0, 0.0, -0.004459319999495337, 0.0, 0.0, 0.014212799999272718
139.4100000000355, 250.0, 0.0, 1.750867720421545, 0.0, 0.0, -0.004318217920252776, 0.0, 0.0, 0.014007443699269234
139.42000000003551, 250.0, 0.0, 1.7508252351790032, 0.0, 0.0, -0.004179174571509847, 0.0, 0.0, 0.0138010535992652
139.43000000003553, 250.0, 0.0, 1.7507841300331914, 0.0, 0.0, -0.004042200300266918, 0.0, 0.0, 0.013593627899261107
139.44000000003552, 250.0, 0.0, 1.7507443842415247, 0.0, 0.0, -0.003907305471524514, 0.0, 0.0, 0.01338516479925761
139.45000000003552, 250.0, 0.0, 1.7507059769576778, 0.0, 0.0, -0.0037745004682819827, 0.0, 0.0, 0.01317566249925406
139.46000000003554, 250.0, 0.0, 1.7506688872314062, 0.0, 0.0, -0.0036437956915392755, 0.0, 0.0, 0.012965119199249975
139.47000000003555, 250.0, 0.0, 1.7506330940083648, 0.0, 0.0, -0.0035152015602964992, 0.0, 0.0, 0.012753533099245873
139.48000000003555, 250.0, 0.0, 1.7505985761299274, 0.0, 0.0, -0.003388728511554251, 0.0, 0.0, 0.012540902399242382
139.49000000003554, 250.0, 0.0, 1.7505653123330103, 0.0, 0.0, -0.0032643870003119524, 0.0, 0.0, 0.012327225299238853
139.50000000003556, 250.0, 0.0, 1.750533281249888, 0.0, 0.0, -0.0031421874995692933, 0.0, 0.0, 0.012112499999234694
139.51000000003557, 250.0, 0.0, 1.7505024614080156, 0.0, 0.0, -0.0030221405003267865, 0.0, 0.0, 0.011896724699230532
139.52000000003557, 250.0, 0.0, 1.750472831229848, 0.0, 0.0, -0.0029042565115845465, 0.0, 0.0, 0.011679897599226996
139.53000000003556, 250.0, 0.0, 1.7504443690326614, 0.0, 0.0, -0.0027885460603425116, 0.0, 0.0, 0.011462016899223437
139.54000000003558, 250.0, 0.0, 1.7504170530283685, 0.0, 0.0, -0.0026750196916, 0.0, 0.0, 0.011243080799219263
139.5500000000356, 250.0, 0.0, 1.7503908613233463, 0.0, 0.0, -0.0025636879683577085, 0.0, 0.0, 0.0110230874992151
139.5600000000356, 250.0, 0.0, 1.7503657719182484, 0.0, 0.0, -0.0024545614716156017, 0.0, 0.0, 0.010802035199211468
139.57000000003558, 250.0, 0.0, 1.7503417627078306, 0.0, 0.0, -0.0023476508003735796, 0.0, 0.0, 0.010579922099207884
139.5800000000356, 250.0, 0.0, 1.7503188114807677, 0.0, 0.0, -0.0022429665716312552, 0.0, 0.0, 0.010356746399203698
139.59000000003562, 250.0, 0.0, 1.750296895919475, 0.0, 0.0, -0.0021405194203890643, 0.0, 0.0, 0.010132506299199429
139.6000000000356, 250.0, 0.0, 1.7502759935999268, 0.0, 0.0, -0.0020403199996472665, 0.0, 0.0, 0.009907199999195815
139.6100000000356, 250.0, 0.0, 1.750256081991479, 0.0, 0.0, -0.0019423789804052793, 0.0, 0.0, 0.009680825699192264
139.62000000003562, 250.0, 0.0, 1.7502371384566855, 0.0, 0.0, -0.0018467070516632322, 0.0, 0.0, 0.009453381599188071
139.63000000003564, 250.0, 0.0, 1.7502191402511225, 0.0, 0.0, -0.0017533149204211895, 0.0, 0.0, 0.009224865899183754
139.64000000003563, 250.0, 0.0, 1.7502020645232041, 0.0, 0.0, -0.0016622133116794835, 0.0, 0.0, 0.008995276799180107
139.65000000003562, 250.0, 0.0, 1.750185888314006, 0.0, 0.0, -0.0015734129684378262, 0.0, 0.0, 0.008764612499176483
139.66000000003564, 250.0, 0.0, 1.7501705885570824, 0.0, 0.0, -0.0014869246516959755, 0.0, 0.0, 0.008532871199172232
139.67000000003566, 250.0, 0.0, 1.7501561420782896, 0.0, 0.0, -0.0014027591404540685, 0.0, 0.0, 0.008300051099167871
139.68000000003565, 250.0, 0.0, 1.7501425255956005, 0.0, 0.0, -0.0013209272317123988, 0.0, 0.0, 0.008066150399164251
139.69000000003564, 250.0, 0.0, 1.750129715718932, 0.0, 0.0, -0.0012414397404709732, 0.0, 0.0, 0.007831167299160613
139.70000000003566, 250.0, 0.0, 1.750117688949958, 0.0, 0.0, -0.001164307499729067, 0.0, 0.0, 0.007595099999156307
139.71000000003568, 250.0, 0.0, 1.7501064216819344, 0.0, 0.0, -0.0010895413604874449, 0.0, 0.0, 0.007357946699151907
139.72000000003567, 250.0, 0.0, 1.7500958901995152, 0.0, 0.0, -0.001017152191745918, 0.0, 0.0, 0.007119705599148263
139.73000000003566, 250.0, 0.0, 1.7500860706785764, 0.0, 0.0, -0.0009471508805046769, 0.0, 0.0, 0.00688037489914467
139.74000000003568, 250.0, 0.0, 1.7500769391860325, 0.0, 0.0, -0.0008795483317631803, 0.0, 0.0, 0.006639952799140314
139.7500000000357, 250.0, 0.0, 1.7500684716796577, 0.0, 0.0, -0.0008143554685213772, 0.0, 0.0, 0.006398437499135878
139.7600000000357, 250.0, 0.0, 1.7500606440079092, 0.0, 0.0, -0.0007515832317802618, 0.0, 0.0, 0.006155827199132213
139.77000000003568, 250.0, 0.0, 1.7500534319097394, 0.0, 0.0, -0.0006912425805389866, 0.0, 0.0, 0.005912120099128448
139.7800000000357, 250.0, 0.0, 1.750046811014425, 0.0, 0.0, -0.0006333444917977493, 0.0, 0.0, 0.005667314399124157
139.79000000003572, 250.0, 0.0, 1.7500407568413805, 0.0, 0.0, -0.0005778999605563495, 0.0, 0.0, 0.00542140829911969
139.8000000000357, 250.0, 0.0, 1.7500352447999812, 0.0, 0.0, -0.0005249199998150766, 0.0, 0.0, 0.005174399999115953
139.8100000000357, 250.0, 0.0, 1.7500302501893814, 0.0, 0.0, -0.0004744156405742661, 0.0, 0.0, 0.004926287699112242
139.82000000003572, 250.0, 0.0, 1.7500257481983361, 0.0, 0.0, -0.0004263979318329669, 0.0, 0.0, 0.004677069599107797
139.83000000003574, 250.0, 0.0, 1.7500217139050218, 0.0, 0.0, -0.00038087794059182833, 0.0, 0.0, 0.004426743899103358
139.84000000003573, 250.0, 0.0, 1.7500181222768516, 0.0, 0.0, -0.0003378667518507683, 0.0, 0.0, 0.0041753087990996085
139.85000000003572, 250.0, 0.0, 1.7500149481703016, 0.0, 0.0, -0.0002973754686097507, 0.0, 0.0, 0.003922762499095844
139.86000000003574, 250.0, 0.0, 1.7500121663307269, 0.0, 0.0, -0.0002594152118688964, 0.0, 0.0, 0.003669103199091417
139.87000000003576, 250.0, 0.0, 1.7500097513921813, 0.0, 0.0, -0.0002239971206280389, 0.0, 0.0, 0.003414329099086899
139.88000000003575, 250.0, 0.0, 1.750007677877241, 0.0, 0.0, -0.0001911323518870578, 0.0, 0.0, 0.003158438399083141
139.89000000003574, 250.0, 0.0, 1.7500059201968203, 0.0, 0.0, -0.00016083208064621157, 0.0, 0.0, 0.0029014292990794943
139.90000000003576, 250.0, 0.0, 1.7500044526499954, 0.0, 0.0, -0.00013310749990558257, 0.0, 0.0, 0.0026432999990748662
139.91000000003578, 250.0, 0.0, 1.7500032494238191, 0.0, 0.0, -0.00010796982066452188, 0.0, 0.0, 0.0023840486990703846
139.92000000003577, 250.0, 0.0, 1.7500022845931489, 0.0, 0.0, -8.543027192398078e-05, 0.0, 0.0, 0.0021236735990666222
139.93000000003576, 250.0, 0.0, 1.7500015321204578, 0.0, 0.0, -6.55001006835132e-05, 0.0, 0.0, 0.0018621728990628195
139.94000000003578, 250.0, 0.0, 1.7500009658556617, 0.0, 0.0, -4.819057194271892e-05, 0.0, 0.0, 0.0015995447990582723
139.9500000000358, 250.0, 0.0, 1.7500005595359358, 0.0, 0.0, -3.351296870213183e-05, 0.0, 0.0, 0.0013357874990536645
139.9600000000358, 250.0, 0.0, 1.7500002867855347, 0.0, 0.0, -2.147859196155455e-05, 0.0, 0.0, 0.0010708991990499017
139.97000000003578, 250.0, 0.0, 1.7500001211156138, 0.0, 0.0, -1.2098760721279689e-05, 0.0, 0.0, 0.0008048780990461135
139.9800000000358, 250.0, 0.0, 1.7500000359240477, 0.0, 0.0, -5.384811980868598e-06, 0.0, 0.0, 0.0005377223990414848
139.99000000003582, 250.0, 0.0, 1.750000004495251, 0.0, 0.0, -1.348100740261593e-06, 0.0, 0.0, 0.0002694302990369213
140.0000000000358, 250.0, 0.0, 1.75, 0.0, 0.0, 0.0, 0.0, 0.0, 0.0
