id_run_name,iteration,reward,max_reward,std_reward,num_envs_train
ppo_random_hover_1,0,-6.792864302794139,-1.6061427593231201,5.31906635401348,64
ppo_random_hover_1,100,-508.5285986328125,-469.31732177734375,22.795954458438185,64
ppo_random_hover_1,200,-507.7401705932617,-471.24102783203125,23.575287585625276,64
ppo_random_hover_1,300,-514.8871487426758,-471.7731628417969,36.753475728362176,64
ppo_random_hover_1,400,-538.6870620727539,-482.1020812988281,41.473985148282054,64
ppo_random_hover_1,500,-620.8162658691406,-512.3682861328125,58.88460861961215,64
ppo_random_hover_1,600,-696.6201055908203,-544.7045288085938,78.91883158571494,64
ppo_random_hover_1,700,-708.8425793457031,-528.6179809570312,124.9365951915391,64
ppo_random_hover_1,800,-762.8893273925781,-561.6473999023438,164.66881044958797,64
ppo_random_hover_1,900,-666.8858221435547,-507.85400390625,112.94703827074747,64
ppo_random_hover_1,1000,-772.7014935302734,-574.4910278320312,143.66815582372217,64
ppo_random_hover_1,1100,-704.4547598266602,-446.424560546875,109.20461531904266,64
ppo_random_hover_1,1200,-830.2618811035156,-609.2500610351562,107.45567177157112,64
ppo_random_hover_1,1300,-798.5787957763672,-643.9004516601562,87.19572669494276,64
ppo_random_hover_1,1400,-754.5600244140625,-538.5975952148438,76.13465443357828,64
ppo_random_hover_1,1500,-741.093857421875,-578.5189208984375,84.34023192903439,64
ppo_random_hover_1,1600,-703.5150115966796,-532.9085083007812,85.54587341982268,64
ppo_random_hover_1,1700,-628.2300346374511,-157.01283264160156,103.59906928313633,64
ppo_random_hover_2,0,-7.45297953993082,-0.442903071641922,3.7686503700756933,4096
ppo_random_hover_2,100,-455.31517211914064,-409.6599426269531,13.347468419282395,4096
ppo_random_hover_2,200,-455.99770294189454,-420.20648193359375,10.67777430975111,4096
ppo_random_hover_2,300,-454.3515356445312,-405.91339111328125,13.601358194621211,4096
ppo_random_hover_2,400,-455.70423217773435,-414.9364929199219,12.19601282205068,4096
ppo_random_hover_2,500,-453.82226104736327,-417.60894775390625,13.628895752789033,4096
ppo_random_hover_2,600,-455.82925018310544,-421.2035827636719,11.770133573573979,4096
ppo_random_hover_2,700,-455.72392700195314,-425.057373046875,11.421210373967389,4096
ppo_random_hover_2,800,-455.6929763793945,-424.3534240722656,11.292906558985141,4096
ppo_random_hover_2,900,-456.1987905883789,-425.85797119140625,10.881666907472116,4096
ppo_random_hover_2,1000,-454.3946224975586,-408.072021484375,14.02840296461272,4096
ppo_random_hover_2,1100,-453.9992337036133,-420.300048828125,11.64801642255671,4096
ppo_random_hover_2,1200,-454.26347412109374,-407.5494689941406,13.652434351270827,4096
ppo_random_hover_2,1300,-453.722790222168,-413.5364685058594,13.764278336762203,4096
ppo_random_hover_2,1400,-450.2182699584961,-410.0015869140625,13.51525454206197,4096
ppo_random_hover_2,1500,-452.61693878173827,-408.18096923828125,14.574341238700287,4096
ppo_random_hover_2,1600,-450.73997619628904,-414.40570068359375,14.951468860684892,4096
ppo_random_hover_2,1700,-452.192643737793,-406.47723388671875,13.48408253096559,4096
ppo_random_hover_2,1800,-450.9153753662109,-408.8655090332031,13.681219390807767,4096
ppo_random_hover_2,1900,-449.02529693603515,-416.06591796875,13.080014670564886,4096
ppo_random_hover_2,2000,-450.78647186279295,-411.5091247558594,15.830390976937709,4096
ppo_random_hover_3,0,-7.450981266796589,-0.037374310195446014,6.413466464202903,512
ppo_random_hover_3,100,-1007.0186138916016,-545.9259033203125,531.6465539931733,512
ppo_random_hover_3,200,-982.4782318115234,-551.9869384765625,505.20093940483224,512
ppo_random_hover_3,300,-1009.4359747314453,-552.3003540039062,529.4594992507876,512
ppo_random_hover_3,400,-978.9000177001953,-537.8134765625,485.53009072674394,512
ppo_random_hover_3,500,-1150.2139904785156,-581.32275390625,570.3635311003209,512
ppo_random_hover_3,600,-1075.5985552978516,-546.9623413085938,521.6597149581892,512
ppo_random_hover_3,700,-1158.575884399414,-562.2178955078125,587.2945918444726,512
ppo_random_hover_3,800,-1244.7072845458983,-571.5509643554688,625.6513450125544,512
ppo_random_hover_3,900,-1111.5547924804687,-575.3838500976562,543.9314252887838,512
ppo_random_hover_3,1000,-1034.7794519042968,-572.8239135742188,515.3663551632615,512
ppo_random_hover_3,1100,-1050.8743560791015,-587.957275390625,526.5419764541698,512
ppo_random_hover_3,1200,-1078.7570428466797,-573.1334228515625,575.6222706197726,512
ppo_random_hover_3,1300,-1068.2935791015625,-552.563232421875,558.2240570445801,512
ppo_random_hover_3,1400,-1136.9712042236329,-535.7359619140625,582.3890186871907,512
ppo_random_hover_3,1500,-1055.3319427490235,-531.2592163085938,550.3386475223963,512
ppo_random_hover_3,1600,-1128.0931616210937,-517.509033203125,593.895728220737,512
ppo_random_hover_3,1700,-1121.4710388183594,-538.42822265625,585.6729444117234,512
ppo_random_hover_3,1800,-1120.286697998047,-527.0606079101562,607.201869553153,512
ppo_random_hover_3,1900,-1078.013499145508,-532.0965576171875,596.0913778221932,512
ppo_random_hover_3,2000,-1103.9018286132812,-542.0859985351562,585.5884120099387,512
ppo_random_hover_4,0,-14.70887240409851,-2.4914252758026123,13.518942294898077,4096
ppo_random_hover_4,100,-507.6497479248047,-410.38031005859375,79.11059330523022,4096
ppo_random_hover_4,200,-511.96918823242186,-421.0174255371094,83.29277001025278,4096
ppo_random_hover_4,300,-521.2273681640625,-403.40576171875,179.42401039776274,4096
ppo_random_hover_4,400,-505.7605606079102,-420.61102294921875,79.51150707764896,4096
ppo_random_hover_4,500,-571.0149417114258,-424.0674743652344,230.7052066797944,4096
ppo_random_hover_4,600,-525.1386856079101,-411.0055847167969,99.22609404845852,4096
ppo_random_hover_4,700,-534.4875469970704,-451.8653564453125,103.11627574124705,4096
ppo_random_hover_4,800,-587.0203128051758,-469.9064636230469,96.68890527632986,4096
ppo_random_hover_4,900,-633.9893078613281,-504.7242431640625,100.56172813164548,4096
ppo_random_hover_4,1000,-736.619860534668,-477.3103942871094,179.96313472805437,4096
ppo_random_hover_4,1100,-596.5711920166016,-355.8017883300781,119.98520356418598,4096
ppo_random_hover_4,1200,-413.3974952697754,-173.192138671875,159.74154998346856,4096
ppo_random_hover_4,1300,-164.7409052658081,-47.05147171020508,81.75708452994448,4096
ppo_random_hover_4,1400,-114.0849545288086,-37.605770111083984,42.91262864053954,4096
ppo_random_hover_5,0,-4.3856920026566675,-0.037374310195446014,4.457416547658358,512
ppo_random_hover_5,100,-408.5402911376953,-394.07525634765625,9.519262959461338,512
ppo_random_hover_5,200,-407.7838729858398,-394.4605407714844,7.630322327456318,512
ppo_random_hover_5,300,-409.77357513427734,-392.1653747558594,9.167675124252716,512
ppo_random_hover_5,400,-408.0849899291992,-392.66473388671875,6.580944410878966,512
ppo_random_hover_5,500,-411.83918243408203,-393.94354248046875,9.84677683720106,512
ppo_random_hover_5,600,-414.6022027587891,-395.6661376953125,10.755869593166906,512
ppo_random_hover_5,700,-419.6729797363281,-396.3638916015625,11.559909710093928,512
ppo_random_hover_5,800,-432.32032989501954,-402.55279541015625,17.42068264082313,512
ppo_random_hover_5,900,-434.0281216430664,-400.5166320800781,18.949134332745867,512
ppo_random_hover_5,1000,-450.24927978515626,-402.39666748046875,39.79968224341061,512
ppo_random_hover_5,1100,-540.6673751831055,-383.0704345703125,111.54847406187999,512
ppo_random_hover_5,1200,-319.11377769470215,-75.42291259765625,143.54963666791824,512
ppo_random_hover_5,1300,-108.22758772850037,-10.686409950256348,66.47548546058258,512
ppo_random_hover_5,1400,-47.1344981777668,6.2570390701293945,30.972673981762828,512
ppo_random_hover_5,1500,-30.424967455118896,10.044207572937012,29.07116462975121,512
ppo_random_hover_5,1600,-21.110240966379642,15.894393920898438,29.872584708354122,512
ppo_random_hover_5,1700,-16.7212580896914,23.30399513244629,27.054339265813137,512
ppo_random_hover_5,1800,-16.42565252345055,15.554240226745605,17.688734745019943,512
ppo_random_hover_5,1900,-14.059839415252208,26.569934844970703,18.067160071919197,512
ppo_random_hover_5,2000,-9.385062927231193,30.493249893188477,16.51051275610304,512
ppo_random_hover_6,0,-10.920338591205931,-0.037374310195446014,9.551536154206577,2048
ppo_random_hover_6,100,-589.2782434082031,-464.4938049316406,116.51925129701897,2048
ppo_random_hover_6,200,-591.1582266235351,-465.3371276855469,160.8576614755593,2048
ppo_random_hover_6,300,-630.0172048950195,-468.7917785644531,180.99361642224238,2048
ppo_random_hover_6,400,-610.7795446777344,-464.79443359375,164.7358770760544,2048
ppo_random_hover_6,500,-636.9849020385742,-470.33746337890625,227.061604852909,2048
ppo_random_hover_6,600,-608.4414944458008,-456.56671142578125,120.6450177326481,2048
ppo_random_hover_6,700,-615.5383505249024,-470.0894470214844,156.41682770096705,2048
ppo_random_hover_6,800,-609.812958984375,-460.5555419921875,158.9136266391666,2048
ppo_random_hover_6,900,-619.433896484375,-465.3968811035156,151.6665447930365,2048
ppo_random_hover_6,1000,-600.371012878418,-461.67950439453125,183.62385491901694,2048
ppo_random_hover_6,1100,-621.7701348876953,-467.6578369140625,183.02836576553477,2048
ppo_random_hover_6,1200,-606.6002108764649,-462.181396484375,140.62317672565842,2048
ppo_random_hover_6,1300,-581.877691040039,-467.890380859375,102.74930132170483,2048
ppo_random_hover_6,1400,-598.1215982055664,-463.8157043457031,120.13517677633345,2048
ppo_random_hover_6,1500,-639.3938943481445,-462.0255126953125,214.19939358786849,2048
ppo_random_hover_6,1600,-598.1160455322265,-468.9460754394531,185.11399701330407,2048
ppo_random_hover_6,1700,-603.1538500976562,-466.758056640625,135.3230854714249,2048
ppo_random_hover_6,1800,-580.858498840332,-469.864013671875,93.35861878912829,2048
ppo_random_hover_6,1900,-575.0945675659179,-462.6009826660156,115.8302156741626,2048
ppo_random_hover_6,2000,-641.8870654296875,-469.6430969238281,242.01202778113472,2048
ppo_random_hover_7,0,-5.704835921525955,-0.4088960886001587,4.794736284996719,128
ppo_random_hover_7,100,-461.4313024902344,-410.922119140625,15.772620441657958,128
ppo_random_hover_7,200,-453.0291946411133,-407.6903076171875,17.42593867896507,128
ppo_random_hover_7,300,-458.02601470947263,-419.75677490234375,15.662338878827802,128
ppo_random_hover_7,400,-457.53972869873047,-407.5431823730469,17.51490722510637,128
ppo_random_hover_7,500,-456.24294921875,-408.8560791015625,18.38509355410779,128
ppo_random_hover_7,600,-452.83464447021487,-402.560546875,18.851768723846536,128
ppo_random_hover_7,700,-456.85877227783203,-412.64190673828125,20.43650256879138,128
ppo_random_hover_7,800,-463.98767730712893,-418.8346862792969,22.54105458426329,128
ppo_random_hover_7,900,-490.3036584472656,-413.2441101074219,30.58172831819357,128
ppo_random_hover_7,1000,-497.8528723144531,-411.7159118652344,35.672390972971044,128
ppo_random_hover_7,1100,-512.5806539916993,-434.5155029296875,34.408792295156225,128
ppo_random_hover_7,1200,-576.3497720336914,-463.04254150390625,74.38359980610399,128
ppo_random_hover_7,1300,-574.405740661621,-473.5425720214844,67.8502972472602,128
ppo_random_hover_7,1400,-633.0680212402344,-448.86053466796875,133.57535972735033,128
ppo_random_hover_7,1500,-621.2292880249023,-286.56451416015625,154.97633361874063,128
ppo_random_hover_7,1600,-415.3975028991699,-161.30068969726562,121.27989385196385,128
ppo_random_hover_7,1700,-158.27680469512939,-46.27863693237305,102.60086042573272,128
ppo_random_hover_7,1800,-70.03855041503907,3.642578125,27.088949890278503,128
ppo_random_hover_7,1900,-17.853077480494974,21.13614273071289,17.910512444462086,128
ppo_random_hover_7,2000,-5.555007544755935,21.575931549072266,16.09013610539158,128
ppo_random_hover_8,0,-4.486962829918965,-0.037374310195446014,4.521206492107197,512
ppo_random_hover_8,100,-482.23636535644533,-425.3092041015625,34.67003128223731,512
ppo_random_hover_8,200,-478.54550201416015,-426.1030578613281,23.620461609743664,512
ppo_random_hover_8,300,-484.51414489746094,-405.8281555175781,36.06097566226091,512
ppo_random_hover_8,400,-479.3672576904297,-421.3841552734375,27.70975372648445,512
ppo_random_hover_8,500,-484.703115234375,-419.26153564453125,35.300882977024784,512
ppo_random_hover_8,600,-480.79209381103516,-411.88311767578125,36.27534784930921,512
ppo_random_hover_8,700,-485.21915313720706,-414.4687194824219,33.97357352426807,512
ppo_random_hover_8,800,-487.9486184692383,-428.82464599609375,36.950428627287614,512
ppo_random_hover_8,900,-478.27482940673826,-416.521484375,32.376374182323524,512
ppo_random_hover_8,1000,-482.64751220703124,-407.77459716796875,35.23497411967677,512
ppo_random_hover_8,1100,-479.6014163208008,-410.6206359863281,32.24171556685404,512
ppo_random_hover_8,1200,-485.1874740600586,-414.455322265625,33.65591284737936,512
ppo_random_hover_8,1300,-480.24890869140626,-413.0629577636719,32.197861142308774,512
ppo_random_hover_8,1400,-480.48978607177736,-411.69476318359375,38.06961363231406,512
ppo_random_hover_8,1500,-488.1128704833984,-418.57550048828125,47.15320664846423,512
ppo_random_hover_8,1600,-480.5062683105469,-414.54473876953125,35.87474703349833,512
ppo_random_hover_8,1700,-482.7445526123047,-418.45574951171875,30.231307047058632,512
ppo_random_hover_8,1800,-485.30125244140623,-417.9541320800781,39.71018049220913,512
ppo_random_hover_8,1900,-480.78309631347656,-422.7498474121094,39.69125242235578,512
ppo_random_hover_8,2000,-481.83180145263674,-412.2147521972656,41.34789947311383,512
ppo_random_hover_9,0,-5.892065319276991,-0.037374310195446014,4.749284216948251,1024
ppo_random_hover_9,100,-530.5842001342774,-437.0277099609375,88.45644198113527,1024
ppo_random_hover_9,200,-619.4701364135742,-350.81719970703125,152.0460081954052,1024
ppo_random_hover_9,300,-531.7423638916016,-289.65081787109375,153.7842200325853,1024
ppo_random_hover_9,400,-144.65016044616698,-36.12410354614258,116.47455435183551,1024
ppo_random_hover_9,500,-71.88219339370727,-16.49123764038086,65.11106408161122,1024
ppo_random_hover_11,0,-4.307209384506163,-0.037374310195446014,4.37160857200101,512
ppo_random_hover_11,100,-460.64504486083985,-424.4607849121094,14.658234438502518,512
ppo_random_hover_11,200,-451.0173046875,-408.4422302246094,18.998953240285704,512
ppo_random_hover_11,300,-484.4340948486328,-416.9258117675781,34.86111060614332,512
ppo_random_hover_11,400,-504.6321374511719,-417.3997497558594,39.130671140325916,512
ppo_random_hover_11,500,-514.7916577148437,-423.1385192871094,63.44197746214829,512
ppo_random_hover_11,600,-514.5620217895507,-365.200439453125,71.98733687563303,512
ppo_random_hover_11,700,-510.6417021179199,-246.8571319580078,64.11709695395962,512
ppo_random_hover_11,800,-534.5712313842773,-212.84640502929688,84.36096209518853,512
ppo_random_hover_11,900,-536.0847262573242,-274.9503479003906,89.17963317563783,512
ppo_random_hover_11,1000,-553.2264175415039,-269.5211181640625,101.86374706346602,512
ppo_random_hover_11,1100,-549.7225041198731,-179.8356475830078,128.41478350026952,512
ppo_random_hover_11,1200,-542.0955206298828,-166.95999145507812,115.39969354607278,512
ppo_random_hover_11,1300,-530.4780813598633,-219.9674835205078,131.78576602995903,512
ppo_random_hover_11,1400,-537.2741317749023,-272.0200500488281,107.33035236283338,512
ppo_random_hover_11,1500,-514.9108200073242,-245.45538330078125,132.25447806967267,512
ppo_random_hover_11,1600,-530.7736944580079,-280.8670654296875,108.33525338206842,512
ppo_random_hover_11,1700,-534.9853411865234,-225.8468475341797,127.91132487688456,512
ppo_random_hover_11,1800,-512.5670336914062,-140.38922119140625,138.00058981766682,512
ppo_random_hover_11,1900,-519.7961785888672,-248.49905395507812,125.25218285498187,512
ppo_random_hover_11,2000,-504.9724659729004,-212.94602966308594,123.52961338115081,512
ppo_random_hover_13,0,-7.196939306333661,-0.03262776881456375,7.730270717031479,2048
ppo_random_hover_13,100,-512.8279025268555,-410.91912841796875,81.26111639900381,2048
ppo_random_hover_13,200,-508.5198114013672,-407.5252990722656,75.23894908644141,2048
ppo_random_hover_13,300,-557.8594918823242,-432.16357421875,211.5649858270826,2048
ppo_random_hover_13,400,-553.445544128418,-423.4134521484375,155.52542753236187,2048
ppo_random_hover_13,500,-576.6007144165039,-420.8238220214844,160.85996890307663,2048
ppo_random_hover_13,600,-537.9026486206054,-437.87353515625,73.42434394869669,2048
ppo_random_hover_13,700,-572.3836999511718,-425.7974853515625,145.87365059095134,2048
ppo_random_hover_13,800,-571.2407788085937,-366.600341796875,133.99953992764188,2048
ppo_random_hover_13,900,-543.4690032958985,-204.7486572265625,117.5158954633812,2048
ppo_random_hover_13,1000,-228.11027814865113,-24.50605583190918,137.8472162062331,2048
ppo_random_hover_13,1100,-98.73647248744965,-6.729054927825928,91.58398009441463,2048
ppo_random_hover_13,1200,-57.48504378557205,5.967785358428955,48.17343764169095,2048
ppo_random_hover_13,1300,-32.91238152101636,21.04725456237793,79.43109743830621,2048
ppo_random_hover_13,1400,-26.39905063688755,29.39850425720215,54.42757058436158,2048
ppo_random_hover_13,1500,-14.063931004703045,31.520915985107422,46.07567050661774,2048
ppo_random_hover_13,1600,-18.74051054753363,35.262882232666016,44.779579842755375,2048
ppo_random_hover_13,1700,-24.177124520540236,29.253849029541016,40.35215815143674,2048
ppo_random_hover_13,1800,4.247943785637617,37.54553985595703,23.881363921238872,2048
ppo_random_hover_15,0,-7.513950409772604,-0.037374310195446014,6.432055477468087,512
ppo_random_hover_15,100,-486.14284545898437,-454.2054138183594,21.959559249495193,512
ppo_random_hover_15,200,-523.3811764526367,-459.26983642578125,95.58120581461537,512
ppo_random_hover_15,300,-568.7223590087891,-455.47100830078125,248.63832015083148,512
ppo_random_hover_15,400,-567.9864373779296,-451.0203857421875,148.93644747498138,512
ppo_random_hover_15,500,-583.2860433959961,-452.3316955566406,115.74578557577023,512
ppo_random_hover_15,600,-584.6963568115234,-444.6419982910156,142.1718069712033,512
ppo_random_hover_15,700,-604.5547991943359,-346.0399169921875,139.24441947927065,512
ppo_random_hover_15,800,-464.97100311279297,-175.16452026367188,127.33536849085247,512
ppo_random_hover_15,900,-125.95598026275634,-11.378776550292969,137.49948552001183,512
ppo_random_hover_15,1000,-45.754859602451326,17.911659240722656,88.2313982587739,512
ppo_random_hover_15,1100,-34.32036034703255,10.68589973449707,37.18705224250731,512
ppo_random_hover_17,0,-6.884575625260671,-1.7910236120224,5.24424772859774,64
ppo_random_hover_17,100,-478.75112701416015,-455.0301818847656,13.947979433491103,64
ppo_random_hover_17,200,-473.6254278564453,-444.2196960449219,24.227227717674023,64
ppo_random_hover_17,300,-486.84983825683594,-450.87786865234375,19.448564667981806,64
ppo_random_hover_17,400,-479.71418212890626,-445.69110107421875,17.04314188435436,64
ppo_random_hover_17,500,-519.5749124145508,-465.4753112792969,29.924330541686853,64
ppo_random_hover_17,600,-539.317739868164,-433.95068359375,60.30390474181606,64
ppo_random_hover_17,700,-591.8483151245117,-476.2474060058594,74.61182329123977,64
ppo_random_hover_17,800,-583.2806494140625,-473.59625244140625,58.691396946199205,64
ppo_random_hover_17,900,-568.1473672485351,-445.75836181640625,49.76545069411057,64
ppo_random_hover_17,1000,-604.2290570068359,-468.4259033203125,82.32020759046081,64
ppo_random_hover_17,1100,-629.1184521484375,-521.2393798828125,77.64053927392179,64
ppo_random_hover_17,1200,-616.3734106445313,-364.4097595214844,96.46171976591961,64
ppo_random_hover_17,1300,-600.4425762939453,-341.21746826171875,101.03268633184237,64
ppo_random_hover_17,1400,-504.5984173583984,-281.7230529785156,123.2763950552805,64
ppo_random_hover_17,1500,-522.2106234741211,-275.8484191894531,125.18731807609345,64
ppo_random_hover_17,1600,-466.9398153686523,-262.54656982421875,104.4008447617776,64
ppo_random_hover_17,1700,-465.98494598388675,-262.7802734375,117.66486611074708,64
ppo_random_hover_17,1800,-465.38571426391604,-239.2444610595703,109.26545294100296,64
ppo_random_hover_17,1900,-424.3254116821289,-229.24899291992188,119.83322853286923,64
ppo_random_hover_17,2000,-382.2799365234375,-184.70526123046875,92.40456181844019,64
ppo_random_hover_18,0,-5.635018356144428,-0.37498992681503296,4.827470302882114,128
ppo_random_hover_18,100,-439.3164587402344,-404.3058166503906,15.516156842209996,128
ppo_random_hover_18,200,-441.1315640258789,-408.30364990234375,17.61113285142059,128
ppo_random_hover_18,300,-436.92329956054687,-406.44049072265625,14.54228296136428,128
ppo_random_hover_18,400,-436.7633972167969,-412.5592041015625,16.80295652983724,128
ppo_random_hover_18,500,-442.2489987182617,-400.4648742675781,16.07870339934628,128
ppo_random_hover_18,600,-445.94569519042966,-407.02130126953125,17.802049764843876,128
ppo_random_hover_18,700,-443.7735369873047,-407.71820068359375,17.283584402638077,128
ppo_random_hover_18,800,-448.1457989501953,-401.2379150390625,19.542946392484595,128
ppo_random_hover_18,900,-444.72529693603514,-411.9307556152344,15.890253226525585,128
ppo_random_hover_18,1000,-451.2112759399414,-410.28509521484375,18.595937761681174,128
ppo_random_hover_18,1100,-454.3310543823242,-415.5406494140625,19.462813559987058,128
ppo_random_hover_18,1200,-462.79769805908205,-421.2198181152344,15.292135992190378,128
ppo_random_hover_18,1300,-467.4610891723633,-405.487060546875,24.796362489718284,128
ppo_random_hover_18,1400,-463.5571624755859,-416.84954833984375,24.049419315163767,128
ppo_random_hover_18,1500,-481.9716818237305,-427.51953125,32.00803266352141,128
ppo_random_hover_18,1600,-499.00627166748046,-413.8920593261719,38.0256257269549,128
ppo_random_hover_18,1700,-526.7755456542968,-437.4021911621094,77.83301683973407,128
ppo_random_hover_18,1800,-569.4572271728516,-429.8960266113281,108.24708173641987,128
ppo_random_hover_18,1900,-615.4185446166993,-462.3375244140625,114.17878696202932,128
ppo_random_hover_18,2000,-649.8878771972657,-405.07464599609375,107.666296178244,128
ppo_random_hover_19,0,-17.885803439617156,-1.9570717811584473,16.414243149173128,4096
ppo_random_hover_19,100,-594.4198480224609,-452.6080017089844,217.9618307735409,4096
ppo_random_hover_19,200,-589.6174768066406,-449.99456787109375,196.77019451859266,4096
ppo_random_hover_19,300,-566.0232745361328,-401.9052734375,201.67952952054648,4096
ppo_random_hover_19,400,-560.6503479003907,-415.38861083984375,101.78863276891863,4096
ppo_random_hover_19,500,-580.5349987792969,-469.32147216796875,96.6237130210531,4096
ppo_random_hover_19,600,-631.4133801269531,-304.07568359375,147.6032238535084,4096
ppo_random_hover_19,700,-251.73793167114258,-120.439697265625,76.55197599198604,4096
ppo_random_hover_20,0,-11.080819345921988,-0.037374310195446014,9.724709101065589,2048
ppo_random_hover_20,100,-499.9413366699219,-455.0337219238281,43.59211293462519,2048
ppo_random_hover_20,200,-529.5699417114258,-444.3292541503906,119.76338722333318,2048
ppo_random_hover_20,300,-534.9096282958984,-450.8363342285156,93.40955996722592,2048
ppo_random_hover_20,400,-525.8283676147461,-458.4693298339844,100.58633453905227,2048
ppo_random_hover_20,500,-541.1752536010742,-460.3509826660156,67.64396826878595,2048
ppo_random_hover_20,600,-567.417982788086,-462.0018615722656,105.04688039908781,2048
ppo_random_hover_20,700,-589.5490267944336,-473.5374755859375,117.72666991952214,2048
ppo_random_hover_20,800,-599.6693536376953,-492.8624572753906,92.45505641047743,2048
ppo_random_hover_20,900,-594.7084637451172,-493.9654541015625,83.97490047036273,2048
ppo_random_hover_20,1000,-605.2673132324219,-515.4324340820312,69.5362268434073,2048
ppo_random_hover_20,1100,-616.6454220581055,-504.8797302246094,81.99977774446803,2048
ppo_random_hover_20,1200,-647.1188088989257,-505.3568420410156,114.48802664012034,2048
ppo_random_hover_20,1300,-665.1523098754883,-510.3854064941406,142.7064905875376,2048
ppo_random_hover_20,1400,-682.3131616210937,-510.5758056640625,126.0972572005341,2048
ppo_random_hover_20,1500,-690.3896331787109,-464.99871826171875,113.96130051719409,2048
ppo_random_hover_20,1600,-722.2673538208007,-503.5536193847656,114.11679656521045,2048
ppo_random_hover_20,1700,-720.7856384277344,-512.7316284179688,110.97737303265008,2048
ppo_random_hover_20,1800,-702.3328857421875,-453.9740295410156,114.16350033938616,2048
ppo_random_hover_20,1900,-690.9433053588867,-426.6220703125,101.80364472942391,2048
ppo_random_hover_20,2000,-715.5323141479493,-392.33917236328125,117.56614731002529,2048
ppo_random_hover_21,0,-10.255196363925934,-1.4099304676055908,8.03268516314063,4096
ppo_random_hover_21,100,-643.1889849853516,-455.8457336425781,302.33942345096415,4096
ppo_random_hover_21,200,-610.4030041503906,-475.4209899902344,117.751912983736,4096
ppo_random_hover_21,300,-752.0071588134765,-524.6663208007812,238.09197444117694,4096
ppo_random_hover_21,400,-782.0044207763672,-537.902099609375,170.55140084504936,4096
ppo_random_hover_21,500,-780.0919595336914,-489.0796203613281,166.80110262929074,4096
ppo_random_hover_21,600,-826.4046960449218,-557.0055541992188,119.92741852707103,4096
ppo_random_hover_21,700,-660.1670083618164,-408.718994140625,135.8305814756681,4096
ppo_random_hover_21,800,-622.9222354125976,-265.74273681640625,154.37679034278509,4096
ppo_random_hover_21,900,-484.1819729614258,-188.35482788085938,118.5600907906477,4096
ppo_random_hover_21,1000,-341.0010511779785,-134.5770263671875,122.57212081383153,4096
ppo_random_hover_21,1100,-191.85960891723633,-87.14714050292969,90.04487009295332,4096
ppo_random_hover_21,1200,-141.76403636932372,-58.66086959838867,56.24954924617163,4096
ppo_random_hover_21,1300,-127.59714302062989,-40.60695266723633,80.64035631085436,4096
ppo_random_hover_21,1400,-83.22448377609253,-25.507984161376953,60.7379591128577,4096
ppo_random_hover_21,1500,-82.48640642166137,-18.45740509033203,37.456774202236424,4096
ppo_random_hover_21,1600,-84.58637422561645,-16.445947647094727,99.69127843064669,4096
ppo_random_hover_21,1700,-71.38727052241563,-0.47377732396125793,72.96063262647179,4096
ppo_random_hover_21,1800,-71.22160242080689,-11.38463020324707,94.90318830876856,4096
ppo_random_hover_21,1900,-74.92040966510773,-7.5434393882751465,137.076031062458,4096
ppo_random_hover_21,2000,-51.60675959587097,-9.484222412109375,34.037293050030414,4096
ppo_random_hover_22,0,-5.375534508732104,-0.037374310195446014,4.474373754182861,1024
ppo_random_hover_22,100,-505.3612399291992,-425.3059387207031,56.31515824021976,1024
ppo_random_hover_22,200,-582.8845724487305,-341.124267578125,125.84998294307661,1024
ppo_random_hover_22,300,-439.7190921020508,-228.36715698242188,131.70623488360314,1024
ppo_random_hover_22,400,-221.6981463623047,-63.054237365722656,92.65059932189556,1024
ppo_random_hover_22,500,-135.40197570800783,-40.47471618652344,63.87746802480332,1024
ppo_random_hover_22,600,-130.72238538742064,-25.750608444213867,124.90804628733704,1024
ppo_random_hover_22,700,-105.71501266479493,-34.25554275512695,86.30730397094014,1024
ppo_random_hover_22,800,-87.99900218963623,-18.95501136779785,84.41974541556505,1024
ppo_random_hover_22,900,-65.31181806564331,-9.998919486999512,71.333935938952,1024
ppo_random_hover_24,0,-18.174345605373382,-1.9481616020202637,16.551024514313458,4096
ppo_random_hover_24,100,-1183.9569812011719,-474.1271057128906,626.4419462819155,4096
ppo_random_hover_24,200,-1104.214786376953,-472.15667724609375,631.502407946021,4096
ppo_random_hover_24,300,-1180.738292236328,-470.5996398925781,653.577935793127,4096
ppo_random_hover_24,400,-1057.6640414428712,-478.4848327636719,626.5240432347,4096
ppo_random_hover_24,500,-990.5291732788086,-476.849365234375,548.3011830454333,4096
ppo_random_hover_24,600,-1016.5357147216797,-454.9949951171875,582.8889083112788,4096
ppo_random_hover_24,700,-1102.1616088867188,-459.6241455078125,593.7992524222046,4096
ppo_random_hover_24,800,-975.2714541625977,-478.9513244628906,505.4440573707158,4096
ppo_random_hover_24,900,-1004.62896484375,-499.9464111328125,441.85285952340064,4096
ppo_random_hover_24,1000,-879.6890795898438,-559.6736450195312,303.65921536777284,4096
ppo_random_hover_24,1100,-866.4021649169922,-547.1436767578125,214.50130151274266,4096
ppo_random_hover_24,1200,-836.1243377685547,-667.7485961914062,108.6395791436505,4096
ppo_random_hover_24,1300,-778.051044921875,-583.878173828125,105.07779791474323,4096
ppo_random_hover_24,1400,-586.2434649658203,-494.19866943359375,82.30084159877785,4096
ppo_random_hover_24,1500,-454.4241049194336,-344.1434326171875,46.1160394981479,4096
ppo_random_hover_24,1600,-339.9274334716797,-198.16249084472656,80.71396807039484,4096
ppo_random_hover_24,1700,-180.6579554748535,-58.44273376464844,82.54673502222782,4096
ppo_random_hover_25,0,-14.966088600158692,-2.430194139480591,13.8025466591164,4096
ppo_random_hover_25,100,-659.1450787353516,-436.5239562988281,351.07646607785057,4096
ppo_random_hover_25,200,-659.6163223266601,-457.0480041503906,288.41068377424875,4096
ppo_random_hover_25,300,-635.4361630249024,-442.5343017578125,279.4902104813457,4096
ppo_random_hover_25,400,-674.2848828125,-456.2352294921875,333.03267036801435,4096
ppo_random_hover_25,500,-720.3460833740235,-457.6763916015625,426.68427876354224,4096
ppo_random_hover_25,600,-654.6253594970703,-436.1791076660156,328.89637019862266,4096
ppo_random_hover_25,700,-702.5906939697265,-456.8522644042969,390.1531355971903,4096
ppo_random_hover_25,800,-700.4422570800781,-452.41766357421875,419.17235675246854,4096
ppo_random_hover_25,900,-679.1798571777343,-442.1338195800781,363.7183713603525,4096
ppo_random_hover_25,1000,-706.1038949584961,-450.627197265625,430.66867081816235,4096
ppo_random_hover_25,1100,-681.5542492675781,-437.1885986328125,306.4517265664091,4096
ppo_random_hover_25,1200,-631.0572784423828,-440.6824951171875,290.4548232176056,4096
ppo_random_hover_25,1300,-651.3110534667969,-420.296630859375,336.1100312781257,4096
ppo_random_hover_25,1400,-691.2628732299804,-444.7829895019531,420.23129127024913,4096
ppo_random_hover_25,1500,-755.4651809692383,-452.1285705566406,516.2452778968993,4096
ppo_random_hover_25,1600,-617.95654296875,-439.4739685058594,235.56458431884906,4096
ppo_random_hover_25,1700,-643.5016513061523,-446.06402587890625,319.03833477375224,4096
ppo_random_hover_25,1800,-595.1111868286133,-451.0819396972656,241.76413849223454,4096
ppo_random_hover_25,1900,-664.380373840332,-443.323486328125,357.8995669844352,4096
ppo_random_hover_25,2000,-619.1600857543946,-453.71197509765625,252.63097252422273,4096
ppo_random_hover_26,0,-7.2680047741532325,-0.40714940428733826,3.688357294624589,4096
ppo_random_hover_26,100,-459.5844287109375,-418.69818115234375,13.968689645771317,4096
ppo_random_hover_26,200,-486.4663473510742,-420.1196594238281,32.079364087249516,4096
ppo_random_hover_26,300,-591.5132824707031,-453.5509338378906,123.73061952983481,4096
ppo_random_hover_26,400,-595.5640710449219,-227.46734619140625,164.5517622459009,4096
ppo_random_hover_26,500,-583.9411743164062,-316.7456970214844,124.93928263589133,4096
ppo_random_hover_26,600,-576.1975233459473,-224.49981689453125,165.099955367137,4096
ppo_random_hover_26,700,-589.3771903991699,-183.16091918945312,184.18641155380192,4096
ppo_random_hover_26,800,-603.2115045166015,-234.18246459960938,190.95996903531343,4096
ppo_random_hover_26,900,-626.2521633911133,-186.17864990234375,184.9274249731595,4096
ppo_random_hover_26,1000,-637.4543522644043,-157.12423706054688,193.6699788329056,4096
ppo_random_hover_26,1100,-590.613034362793,-149.67330932617188,206.63155806632668,4096
ppo_random_hover_26,1200,-655.8875155639648,-216.146728515625,195.55833791699374,4096
ppo_random_hover_26,1300,-563.2489382934571,-140.32247924804688,200.93175741917628,4096
ppo_random_hover_26,1400,-598.7837768554688,-157.6983184814453,209.93057982050507,4096
ppo_random_hover_26,1500,-610.2771099853516,-117.3932876586914,209.19605344168366,4096
ppo_random_hover_26,1600,-598.2321138000489,-130.8802947998047,197.26395335118684,4096
ppo_random_hover_26,1700,-595.9394500732421,-138.51416015625,211.96200840570492,4096
ppo_random_hover_26,1800,-590.7970901489258,-164.81600952148438,199.20096728221793,4096
ppo_random_hover_26,1900,-581.8782750701904,-79.37946319580078,216.20251850890963,4096
ppo_random_hover_26,2000,-601.2089460754395,-189.77615356445312,199.04920802703242,4096
ppo_random_hover_27,0,-5.859600772460301,-0.37346118688583374,5.46007772037686,64
ppo_random_hover_27,100,-422.1682601928711,-399.9783020019531,13.970874504034787,64
ppo_random_hover_27,200,-435.4635513305664,-398.7340393066406,19.399641262581117,64
ppo_random_hover_27,300,-438.65406799316406,-402.70611572265625,18.963566622158954,64
ppo_random_hover_27,400,-441.689521484375,-399.3158874511719,19.97112659392631,64
ppo_random_hover_27,500,-448.05033233642575,-397.6014099121094,24.994412218508508,64
ppo_random_hover_27,600,-451.9060025024414,-401.529541015625,24.973181753717967,64
ppo_random_hover_27,700,-463.9670755004883,-402.073974609375,29.881395514566496,64
ppo_random_hover_27,800,-469.3809213256836,-397.9406433105469,32.19056837079186,64
ppo_random_hover_27,900,-477.15975311279294,-409.1654968261719,33.20049244336093,64
ppo_random_hover_27,1000,-481.9508911132813,-408.49249267578125,37.256820958958585,64
ppo_random_hover_27,1100,-481.18084899902345,-400.10595703125,38.61135158128656,64
ppo_random_hover_27,1200,-483.3585629272461,-402.6606140136719,44.45970113653896,64
ppo_random_hover_27,1300,-482.78101501464846,-408.5155029296875,40.828563580387,64
ppo_random_hover_27,1400,-495.1557192993164,-407.5758361816406,44.98136529577239,64
ppo_random_hover_27,1500,-494.6262384033203,-408.7938537597656,42.396909134454845,64
ppo_random_hover_27,1600,-495.9717886352539,-417.6585388183594,39.699624108812046,64
ppo_random_hover_27,1700,-500.97562622070313,-404.25799560546875,48.27995392142053,64
ppo_random_hover_27,1800,-503.86400299072267,-404.6930236816406,48.62389411138339,64
ppo_random_hover_27,1900,-510.1636410522461,-419.5283508300781,54.810773341118754,64
ppo_random_hover_27,2000,-503.0372354125977,-404.085205078125,48.29746801070104,64
ppo_random_hover_30,0,-5.795866843312979,-0.41392967104911804,4.83656746543362,128
ppo_random_hover_30,100,-467.6864453125,-420.76617431640625,20.894933496006338,128
ppo_random_hover_30,200,-465.64957458496093,-423.5507507324219,17.86397571518795,128
ppo_random_hover_30,300,-465.82149108886716,-414.33612060546875,19.267299618785536,128
ppo_random_hover_30,400,-464.74573822021483,-423.4822082519531,17.56095039760478,128
ppo_random_hover_30,500,-467.31864349365236,-414.7956237792969,19.099624156602758,128
ppo_random_hover_30,600,-467.5089749145508,-419.9055480957031,20.911858940698117,128
ppo_random_hover_30,700,-469.45757873535155,-433.8426818847656,17.91645591007174,128
ppo_random_hover_30,800,-468.07922210693357,-428.52374267578125,16.65165332646125,128
ppo_random_hover_30,900,-468.5441458129883,-422.01763916015625,19.255955688781093,128
ppo_random_hover_30,1000,-469.7685247802734,-431.5042419433594,17.160063584253002,128
ppo_random_hover_30,1100,-468.1646728515625,-428.90533447265625,21.778619478579017,128
ppo_random_hover_30,1200,-467.23941925048825,-417.8763122558594,17.314026372910053,128
ppo_random_hover_30,1300,-469.5398892211914,-423.287109375,17.556803866974512,128
ppo_random_hover_30,1400,-466.3115313720703,-422.52587890625,19.513576826228643,128
ppo_random_hover_30,1500,-467.5320407104492,-423.291259765625,17.001891473545573,128
ppo_random_hover_30,1600,-470.27537536621094,-422.29644775390625,19.34082955628718,128
ppo_random_hover_30,1700,-466.04906677246095,-432.1695861816406,17.387119852633628,128
ppo_random_hover_30,1800,-467.4256234741211,-424.731689453125,18.40474848302832,128
ppo_random_hover_30,1900,-470.8526968383789,-432.31500244140625,19.546353334811634,128
ppo_random_hover_30,2000,-467.82786437988284,-421.12066650390625,20.152826890431776,128
ppo_random_hover_31,0,-9.095181511803752,-0.037374310195446014,7.803141503837183,1024
ppo_random_hover_31,100,-974.5165762329102,-497.0730895996094,513.4658854844438,1024
ppo_random_hover_31,200,-924.4763555908203,-484.5816345214844,468.1777759712238,1024
ppo_random_hover_31,300,-999.4060830688477,-491.9786071777344,525.4495220857272,1024
ppo_random_hover_31,400,-974.2773822021485,-489.01556396484375,544.2902540977748,1024
ppo_random_hover_31,500,-986.5684210205078,-486.5570983886719,502.02606279074,1024
ppo_random_hover_31,600,-892.4787213134765,-497.572021484375,485.71636903954476,1024
ppo_random_hover_31,700,-986.63599609375,-490.53350830078125,517.9133330654471,1024
ppo_random_hover_31,800,-989.274755859375,-484.20306396484375,542.1536723172544,1024
ppo_random_hover_31,900,-960.1081845092773,-484.8013000488281,511.8828856285324,1024
ppo_random_hover_31,1000,-969.4034072875977,-487.3363952636719,476.21983816319886,1024
ppo_random_hover_31,1100,-1004.3950537109375,-534.196533203125,337.2754890530658,1024
ppo_random_hover_31,1200,-875.540078125,-611.73046875,250.84142475212613,1024
ppo_random_hover_31,1300,-863.560513305664,-564.3560180664062,231.81543358271108,1024
ppo_random_hover_31,1400,-864.1579809570312,-644.4055786132812,103.98739316335553,1024
ppo_random_hover_31,1500,-519.8460461425781,-467.6922302246094,35.930704154714455,1024
ppo_random_hover_31,1600,-318.19890121459963,-244.82720947265625,35.50842806693683,1024
ppo_random_hover_31,1700,-102.4553328704834,-39.605682373046875,42.503241713267,1024
ppo_random_hover_31,1800,-21.441886518895625,14.363798141479492,17.947198297175966,1024
ppo_random_hover_32,0,-45.87923208236694,-10.761062622070312,20.14523109188184,8196
ppo_random_hover_32,100,-810.8454043579102,-464.3519592285156,559.9247617182558,8196
ppo_random_hover_32,200,-828.6890563964844,-466.101806640625,607.1856759600727,8196
ppo_random_hover_32,300,-732.4945416259766,-456.1410217285156,424.6918167712015,8196
ppo_random_hover_32,400,-729.2793572998047,-458.37738037109375,435.3642837039301,8196
ppo_random_hover_32,500,-688.3054403686524,-459.90576171875,391.1338506440177,8196
ppo_random_hover_32,600,-721.413157043457,-460.627197265625,466.2519338998551,8196
ppo_random_hover_32,700,-683.7898648071289,-460.72027587890625,348.130029345041,8196
ppo_random_hover_32,800,-689.9142507934571,-453.2742919921875,412.60790756018326,8196
ppo_random_hover_32,900,-704.7463891601562,-451.5825500488281,370.42020797246516,8196
ppo_random_hover_32,1000,-772.6279711914062,-464.125244140625,528.1513352422038,8196
ppo_random_hover_32,1100,-669.6536712646484,-463.80255126953125,359.9638013875217,8196
ppo_random_hover_32,1200,-670.2567352294922,-456.150634765625,326.73771380813395,8196
ppo_random_hover_32,1300,-687.0272766113281,-457.7074890136719,390.38297374068213,8196
ppo_random_hover_32,1400,-698.9270129394531,-460.5188293457031,406.80161784000046,8196
ppo_random_hover_32,1500,-752.7983953857422,-456.5134582519531,458.2613249212699,8196
ppo_random_hover_32,1600,-771.7700732421876,-458.2995300292969,478.5213768167067,8196
ppo_random_hover_32,1700,-721.4426110839844,-456.2980651855469,396.0371998453958,8196
ppo_random_hover_32,1800,-678.5064395141602,-457.326171875,386.0823309216976,8196
ppo_random_hover_32,1900,-725.4549661254882,-460.2437744140625,443.35163727126024,8196
ppo_random_hover_32,2000,-709.0463986206055,-452.9515075683594,421.988044003501,8196
ppo_random_hover_33,0,-5.381569364773376,-0.037374310195446014,4.479245706452883,1024
ppo_random_hover_33,100,-508.9433383178711,-456.82080078125,52.280021169438214,1024
ppo_random_hover_33,200,-508.17011657714846,-448.31878662109375,71.07303161007685,1024
ppo_random_hover_33,300,-511.67264892578123,-447.37451171875,72.18188869123871,1024
ppo_random_hover_33,400,-529.1060888671875,-435.07733154296875,100.52138781308996,1024
ppo_random_hover_33,500,-528.3244577026367,-445.97314453125,63.74945090221978,1024
ppo_random_hover_33,600,-530.9736401367187,-455.50860595703125,78.00570053538151,1024
ppo_random_hover_33,700,-527.9612094116211,-456.81121826171875,50.3343068859492,1024
ppo_random_hover_33,800,-543.9124078369141,-443.011474609375,118.56873795463302,1024
ppo_random_hover_33,900,-549.9628561401368,-449.165771484375,100.04256004540167,1024
ppo_random_hover_33,1000,-549.0759658813477,-455.7157897949219,116.31118641144941,1024
ppo_random_hover_33,1100,-567.2298587036133,-455.4283142089844,127.50287033906928,1024
ppo_random_hover_33,1200,-553.5687139892578,-458.2522277832031,100.97071340072603,1024
ppo_random_hover_33,1300,-565.9567056274414,-458.659912109375,137.28023200516685,1024
ppo_random_hover_33,1400,-577.29923828125,-451.21246337890625,147.1247528303792,1024
ppo_random_hover_33,1500,-543.8871725463868,-461.0714416503906,86.35637364525661,1024
ppo_random_hover_33,1600,-566.9536911010742,-449.3851623535156,150.79349804889338,1024
ppo_random_hover_33,1700,-580.6429122924804,-454.156005859375,163.78650667810157,1024
ppo_random_hover_33,1800,-553.4534594726563,-455.7364501953125,103.66442837704207,1024
ppo_random_hover_33,1900,-549.7984484863281,-454.17291259765625,91.34888172927688,1024
ppo_random_hover_33,2000,-548.9150662231445,-449.0812683105469,112.97937278008222,1024
ppo_random_hover_34,0,-6.792864302794139,-1.6061427593231201,5.31906635401348,64
ppo_random_hover_34,100,-476.26647216796874,-459.2462158203125,10.403844398043693,64
ppo_random_hover_34,200,-476.8889318847656,-457.759765625,11.382324972163307,64
ppo_random_hover_34,300,-478.619342956543,-455.25042724609375,11.28642008019389,64
ppo_random_hover_34,400,-472.8795083618164,-452.51409912109375,11.93547054071823,64
ppo_random_hover_34,500,-468.2611685180664,-450.3627014160156,11.384310989328082,64
ppo_random_hover_34,600,-469.1950723266602,-447.35992431640625,13.52427193813351,64
ppo_random_hover_34,700,-471.5669369506836,-438.114013671875,21.948213636694977,64
ppo_random_hover_34,800,-472.0735272216797,-427.35986328125,21.00243580015471,64
ppo_random_hover_34,900,-469.8839926147461,-440.2148132324219,18.079364918896207,64
ppo_random_hover_34,1000,-467.12521270751955,-433.80792236328125,19.29373868884403,64
ppo_random_hover_34,1100,-471.3061834716797,-421.77899169921875,18.75427437093038,64
ppo_random_hover_34,1200,-470.6870672607422,-417.1884765625,18.941512113197046,64
ppo_random_hover_34,1300,-471.9835583496094,-436.7289123535156,19.930308807698413,64
ppo_random_hover_34,1400,-472.08891845703124,-424.6307373046875,16.633028066784348,64
ppo_random_hover_34,1500,-476.15181732177734,-448.60308837890625,15.81632178046157,64
ppo_random_hover_34,1600,-472.4153530883789,-439.0411071777344,18.232226538567115,64
ppo_random_hover_34,1700,-478.2816152954102,-448.4781188964844,19.8919875260172,64
ppo_random_hover_34,1800,-478.058889465332,-451.48052978515625,18.245917822097333,64
ppo_random_hover_34,1900,-484.3593859863281,-455.74725341796875,19.324208360301345,64
ppo_random_hover_34,2000,-484.6393981933594,-442.5205383300781,21.97511209941678,64
ppo_random_hover_35,0,-10.97061839158691,-0.037374310195446014,9.614381137968453,2048
ppo_random_hover_35,100,-506.1163381958008,-457.8417663574219,38.22068479897061,2048
ppo_random_hover_35,200,-504.29942108154296,-459.7567443847656,48.25984228027432,2048
ppo_random_hover_35,300,-506.79277435302737,-457.8254089355469,54.872310162000666,2048
ppo_random_hover_35,400,-521.0416317749024,-450.7610778808594,84.64689805929066,2048
ppo_random_hover_35,500,-511.6122668457031,-451.976806640625,50.17995113300322,2048
ppo_random_hover_35,600,-531.6175244140625,-462.1933288574219,59.925061811883914,2048
ppo_random_hover_35,700,-596.193607788086,-452.9227600097656,146.83700407583447,2048
ppo_random_hover_35,800,-661.5009017944336,-477.5838928222656,135.36205955498605,2048
ppo_random_hover_35,900,-621.3132339477539,-483.72149658203125,100.29680115409337,2048
ppo_random_hover_35,1000,-507.1360206604004,-224.95529174804688,144.27556382147586,2048
ppo_random_hover_36,0,-4.592712306134079,-0.037374310195446014,4.342827739474355,512
ppo_random_hover_36,100,-466.03872253417967,-400.34918212890625,30.17482653750865,512
ppo_random_hover_36,200,-471.70167053222656,-395.20648193359375,41.33361910338869,512
ppo_random_hover_36,300,-466.48754730224607,-402.68426513671875,29.820393372023712,512
ppo_random_hover_36,400,-465.3645831298828,-395.74560546875,34.95106434121587,512
ppo_random_hover_36,500,-462.3497525024414,-411.2037353515625,26.87422079384532,512
ppo_random_hover_36,600,-470.02587432861327,-398.510498046875,31.276705097286158,512
ppo_random_hover_36,700,-464.0361090087891,-400.2106628417969,31.61301740048182,512
ppo_random_hover_36,800,-460.04350982666017,-407.736572265625,29.36639474260913,512
ppo_random_hover_36,900,-456.4215234375,-397.3226318359375,28.813133786859563,512
ppo_random_hover_36,1000,-491.0364486694336,-411.38177490234375,57.73149896746273,512
ppo_random_hover_36,1100,-501.14773834228515,-400.57379150390625,59.4656504582843,512
ppo_random_hover_36,1200,-510.1133154296875,-406.01348876953125,66.31277458850225,512
ppo_random_hover_36,1300,-571.5068307495117,-408.3021240234375,164.25745112778895,512
ppo_random_hover_36,1400,-543.2005126953125,-404.219970703125,127.07615208555296,512
ppo_random_hover_36,1500,-511.77480560302735,-261.2039794921875,112.44422178500538,512
ppo_random_hover_36,1600,-503.98676071166994,-219.08612060546875,118.33860861190327,512
ppo_random_hover_36,1700,-485.99664428710935,-215.57940673828125,130.61497089740953,512
ppo_random_hover_36,1800,-433.63907531738283,-217.4086456298828,123.18429511369257,512
ppo_random_hover_36,1900,-389.3258938598633,-169.7270965576172,124.17104549882522,512
ppo_random_hover_36,2000,-377.48904441833497,-102.12139129638672,130.76105248857814,512
ppo_random_hover_37,0,-7.425219294493613,-0.037374310195446014,6.401339412263648,512
ppo_random_hover_38,0,-4.60891337357905,0.026072215288877487,4.256955435516853,2048
ppo_random_hover_38,100,-433.24789947509765,-399.2955627441406,18.967435428650667,2048
ppo_random_hover_38,200,-436.8059310913086,-403.3588562011719,16.892538197836824,2048
ppo_random_hover_38,300,-418.97856872558594,-400.111083984375,10.816392635584196,2048
ppo_random_hover_38,400,-469.33304779052736,-402.46551513671875,51.763949982083425,2048
ppo_random_hover_38,500,-460.65316177368163,-237.98060607910156,111.46387209397136,2048
ppo_random_hover_38,600,-160.06804430007935,-20.721797943115234,133.77708674513346,2048
ppo_random_hover_38,700,-38.19290731139481,11.634818077087402,57.915506898842835,2048
ppo_random_hover_38,800,-33.79038948386908,16.031646728515625,67.86268075260062,2048
ppo_random_hover_38,900,-18.140304730683564,17.502544403076172,21.93742316961866,2048
ppo_random_hover_38,1000,-23.129405361041428,23.927541732788086,78.82944067069808,2048
ppo_random_hover_38,1100,-24.239500123262406,22.535179138183594,77.02737746594806,2048
ppo_random_hover_38,1200,-10.65128872513771,27.3342227935791,20.402970918884357,2048
ppo_random_hover_38,1300,-11.35631593875587,24.731821060180664,20.936912993493866,2048
ppo_random_hover_38,1400,-7.852239636331797,32.35612869262695,19.286237994272778,2048
ppo_random_hover_38,1500,-5.250615902543068,32.56622314453125,18.860908357699728,2048
ppo_random_hover_38,1600,-5.08149664402008,35.1571159362793,23.163559976187525,2048
ppo_random_hover_38,1700,0.668828856498003,35.504356384277344,17.728131444915388,2048
ppo_random_hover_38,1800,3.6407587337493896,37.02080154418945,19.922503456231347,2048
ppo_random_hover_38,1900,6.131852651834488,38.7731819152832,17.985186360558238,2048
ppo_random_hover_38,2000,6.382545704245567,37.14360046386719,21.627624003898745,2048
ppo_random_hover_39,0,-4.542444302659968,-0.037374310195446014,4.272567399115944,512
ppo_random_hover_39,100,-586.8239453125,-491.3866882324219,68.83826747347051,512
ppo_random_hover_39,200,-568.0338995361328,-291.5177001953125,179.37701386552004,512
ppo_random_hover_39,300,-349.85986526489256,-117.32056427001953,124.23657494494279,512
ppo_random_hover_39,400,-122.25419773101807,-21.68588638305664,87.79501446968237,512
ppo_random_hover_39,500,-91.60472452163697,-19.793970108032227,82.69200755387058,512
ppo_random_hover_39,600,-54.02273430347443,-6.978168964385986,34.799054843963894,512
ppo_random_hover_39,700,-51.50713119506836,1.6718125343322754,38.35237303010052,512
ppo_random_hover_40,0,-23.978236231803894,-2.2902283668518066,17.503949927839933,8196
ppo_random_hover_40,100,-1034.1111529541015,-462.42431640625,609.1579838374244,8196
ppo_random_hover_40,200,-942.225309753418,-438.8315734863281,571.1401791721693,8196
ppo_random_hover_40,300,-1067.0943478393556,-450.8179931640625,671.3320982324614,8196
ppo_random_hover_40,400,-1154.3609362792968,-433.67742919921875,672.4428894018304,8196
ppo_random_hover_40,500,-1280.1142645263672,-431.2728576660156,710.4461552547531,8196
ppo_random_hover_40,600,-1048.9852508544923,-411.4721984863281,577.1006019879645,8196
ppo_random_hover_40,700,-1032.658063659668,-460.86212158203125,603.1240623088173,8196
ppo_random_hover_40,800,-1164.911897277832,-445.5699768066406,662.2301826481115,8196
ppo_random_hover_40,900,-1055.9523593139647,-466.6968688964844,595.645158790933,8196
ppo_random_hover_40,1000,-1047.5666104125976,-464.4710998535156,603.626769870776,8196
ppo_random_hover_40,1100,-1058.9477410888671,-450.6047668457031,600.9403382128789,8196
ppo_random_hover_40,1200,-985.6865661621093,-406.7963562011719,603.6611165067337,8196
ppo_random_hover_40,1300,-1113.6107131958008,-442.5133056640625,666.7802012437633,8196
ppo_random_hover_40,1400,-1058.5726037597656,-464.17169189453125,638.0966037791744,8196
ppo_random_hover_40,1500,-1092.636795654297,-429.6397705078125,629.5686763923745,8196
ppo_random_hover_40,1600,-985.7112646484375,-415.2969055175781,573.8095299239727,8196
ppo_random_hover_40,1700,-1020.5868417358398,-450.3560791015625,595.7591066395595,8196
ppo_random_hover_40,1800,-1100.3315274047852,-402.84967041015625,648.3644996961368,8196
ppo_random_hover_40,1900,-1062.9036047363281,-436.4426574707031,666.7579873710329,8196
ppo_random_hover_40,2000,-1138.8984579467774,-461.66204833984375,659.6510334241336,8196
ppo_random_hover_41,0,-10.244885894060134,-1.4298661947250366,7.998314941733727,4096
ppo_random_hover_41,100,-514.4022518920898,-452.64495849609375,57.580172256193784,4096
ppo_random_hover_41,200,-548.8914364624023,-413.36871337890625,108.62980330966646,4096
ppo_random_hover_41,300,-556.2579891967773,-418.00115966796875,101.93464841235092,4096
ppo_random_hover_41,400,-544.4008508300781,-434.0990905761719,55.96494218259336,4096
ppo_random_hover_41,500,-584.4322994995117,-456.7698669433594,65.6554295103143,4096
ppo_random_hover_41,600,-601.6323995971679,-444.4930419921875,109.21887197475625,4096
ppo_random_hover_41,700,-623.4766116333008,-471.2569885253906,139.32895920814218,4096
ppo_random_hover_41,800,-619.1609625244141,-462.427001953125,140.46114951937938,4096
ppo_random_hover_41,900,-673.3181463623047,-442.0051574707031,132.6543545049562,4096
ppo_random_hover_41,1000,-670.511741027832,-390.6903991699219,157.94422433325101,4096
ppo_random_hover_41,1100,-657.626071472168,-274.9169921875,143.62737151620718,4096
ppo_random_hover_41,1200,-655.0238534545898,-339.29638671875,144.42895392125416,4096
ppo_random_hover_41,1300,-639.6947985839844,-385.5347595214844,131.5952347379965,4096
ppo_random_hover_41,1400,-622.772981262207,-295.975341796875,150.95721845392416,4096
ppo_random_hover_41,1500,-621.8421878051757,-321.13916015625,159.23609145330133,4096
ppo_random_hover_41,1600,-594.2111291503907,-324.4530334472656,150.2951487137893,4096
ppo_random_hover_41,1700,-579.96005859375,-277.86199951171875,170.14832628227282,4096
ppo_random_hover_41,1800,-556.6346487426758,-273.2022705078125,174.58211161324803,4096
ppo_random_hover_41,1900,-519.8866293334961,-283.9249572753906,141.97422233411257,4096
ppo_random_hover_41,2000,-541.4303469848633,-256.8183898925781,163.08236317561506,4096
ppo_random_hover_42,0,-5.8188749104738235,-0.6205431222915649,4.701573790693028,128
ppo_random_hover_42,100,-452.03220123291015,-405.843994140625,23.290820568617903,128
ppo_random_hover_42,200,-456.9744354248047,-398.27691650390625,24.679191874055302,128
ppo_random_hover_42,300,-458.3046499633789,-410.6623229980469,26.40248152558903,128
ppo_random_hover_42,400,-487.337490234375,-401.88519287109375,37.78416835995494,128
ppo_random_hover_42,500,-513.5454513549805,-415.7692565917969,44.62506829154194,128
ppo_random_hover_42,600,-545.7235446166992,-450.8241882324219,89.89248822831388,128
ppo_random_hover_42,700,-587.6486285400391,-438.1387634277344,149.49581693446382,128
ppo_random_hover_42,800,-670.0454681396484,-456.1316223144531,199.7713554119981,128
ppo_random_hover_42,900,-638.8728637695312,-372.85186767578125,153.01315900465377,128
ppo_random_hover_42,1000,-613.7015075683594,-374.1370544433594,105.78287857518811,128
ppo_random_hover_42,1100,-563.9346287536621,-249.1404266357422,100.79516790534035,128
ppo_random_hover_42,1200,-542.3051570129395,-241.4248504638672,124.04384623688593,128
ppo_random_hover_42,1300,-534.1779867553711,-260.5084228515625,123.35663428048447,128
ppo_random_hover_42,1400,-509.24049194335936,-287.99462890625,128.2966492056281,128
ppo_random_hover_42,1500,-503.4437113952637,-180.55360412597656,132.0841131246225,128
ppo_random_hover_42,1600,-461.03362991333006,-170.029296875,140.86836453755308,128
ppo_random_hover_42,1700,-474.2508355712891,-181.6476287841797,158.25596393945438,128
ppo_random_hover_42,1800,-466.80738479614257,-224.7239227294922,145.8178877666405,128
ppo_random_hover_42,1900,-467.3844747924805,-208.27212524414062,124.83449204017894,128
ppo_random_hover_42,2000,-421.28153701782225,-211.7091827392578,113.645210488133,128
ppo_random_hover_43,0,-5.63954708352685,-0.37121883034706116,4.839182799417397,128
ppo_random_hover_43,100,-448.2684356689453,-410.8605651855469,17.576894417900192,128
ppo_random_hover_43,200,-454.38750030517576,-398.4417724609375,15.819732486178962,128
ppo_random_hover_43,300,-454.59905700683595,-405.15704345703125,14.92703628942666,128
ppo_random_hover_43,400,-468.87714752197263,-428.842041015625,13.51296251243005,128
ppo_random_hover_43,500,-470.4744525146484,-446.580078125,13.28044556377155,128
ppo_random_hover_43,600,-491.7026873779297,-447.2911682128906,24.881478732172056,128
ppo_random_hover_43,700,-501.8112106323242,-452.5517578125,23.45231160881149,128
ppo_random_hover_43,800,-500.0117178344727,-417.6878662109375,34.5958349160882,128
ppo_random_hover_43,900,-533.4886248779297,-447.5126647949219,57.41981312771569,128
ppo_random_hover_43,1000,-633.0099676513672,-458.779541015625,106.9684307761541,128
ppo_random_hover_43,1100,-692.7409188842773,-462.7463684082031,126.72741366116115,128
ppo_random_hover_43,1200,-628.8535299682617,-416.7309265136719,121.01071055132127,128
ppo_random_hover_43,1300,-575.6743930053711,-216.33615112304688,112.01461337638916,128
ppo_random_hover_43,1400,-590.7249520874024,-283.91241455078125,127.12573122850992,128
ppo_random_hover_43,1500,-497.5438764953613,-255.39585876464844,111.65258454654301,128
ppo_random_hover_43,1600,-494.20142517089846,-295.4404602050781,108.64554693375061,128
ppo_random_hover_43,1700,-448.76134872436523,-200.80442810058594,106.50890761444424,128
ppo_random_hover_43,1800,-464.93072372436524,-246.2025146484375,116.00648307173269,128
ppo_random_hover_43,1900,-464.23354187011716,-266.9784240722656,99.02735182201833,128
ppo_random_hover_43,2000,-463.2527146911621,-224.6885528564453,114.56399972819933,128
ppo_random_hover_44,0,-25.47238247036934,-1.8336851596832275,21.755055467099186,8196
ppo_random_hover_44,100,-674.1195080566406,-454.2587585449219,382.412038747508,8196
ppo_random_hover_44,200,-700.4763763427734,-423.01409912109375,439.43806400873063,8196
ppo_random_hover_44,300,-726.0956512451172,-445.5736999511719,444.8273955755113,8196
ppo_random_hover_44,400,-788.3850656127929,-450.3307800292969,499.07075820258416,8196
ppo_random_hover_44,500,-778.9520175170899,-449.2821960449219,542.8226657653619,8196
ppo_random_hover_44,600,-676.0507675170899,-450.7848815917969,396.8864894571609,8196
ppo_random_hover_44,700,-689.3066989135742,-455.32904052734375,382.44294965199157,8196
ppo_random_hover_44,800,-669.5850366210938,-445.5692138671875,400.6938562305703,8196
ppo_random_hover_44,900,-655.7993399047851,-449.57916259765625,347.78093864875814,8196
ppo_random_hover_44,1000,-647.9989575195312,-451.3679504394531,274.2943821805241,8196
ppo_random_hover_44,1100,-650.6704260253906,-462.96636962890625,283.08816444790665,8196
ppo_random_hover_44,1200,-688.5905004882812,-463.3069152832031,293.85793950120376,8196
ppo_random_hover_44,1300,-615.6519540405274,-456.4557189941406,110.8556021493366,8196
ppo_random_hover_44,1400,-664.3651315307617,-486.09381103515625,91.88433966954837,8196
ppo_random_hover_45,0,-25.686525297164916,-1.564286470413208,21.784639848272704,8196
ppo_random_hover_45,100,-587.5952090454101,-427.36248779296875,245.10907613786478,8196
ppo_random_hover_45,200,-603.7309533691406,-431.7608642578125,246.34966170427745,8196
ppo_random_hover_45,300,-593.3262564086914,-413.3028564453125,242.1587983974543,8196
ppo_random_hover_45,400,-609.4252230834961,-447.59246826171875,271.03175394551835,8196
ppo_random_hover_45,500,-573.42849609375,-453.2360534667969,177.94119035681695,8196
ppo_random_hover_45,600,-575.9358108520507,-451.388916015625,207.1057831943302,8196
ppo_random_hover_45,700,-577.0907415771485,-461.7992858886719,178.91979414940667,8196
ppo_random_hover_45,800,-609.0231637573243,-463.6268615722656,180.94777640622607,8196
ppo_random_hover_45,900,-645.7652722167969,-471.4295654296875,194.59369183512717,8196
ppo_random_hover_45,1000,-676.6664096069336,-480.2666320800781,162.66438115426513,8196
ppo_random_hover_45,1100,-751.3148208618164,-486.1708984375,198.1606707563749,8196
ppo_random_hover_45,1200,-788.1739334106445,-505.4931640625,191.49784536356748,8196
ppo_random_hover_45,1300,-754.9588803100586,-407.66912841796875,141.96428187166,8196
ppo_random_hover_45,1400,-783.9567364501953,-462.514404296875,159.69176904508365,8196
ppo_random_hover_45,1500,-781.5937606811524,-499.4734191894531,145.35742435918633,8196
ppo_random_hover_45,1600,-728.5285357666015,-466.0460205078125,119.68888328095777,8196
ppo_random_hover_45,1700,-690.2203817749023,-477.83154296875,95.33595440372713,8196
ppo_random_hover_45,1800,-633.9706088256836,-470.0382080078125,90.76006188601386,8196
ppo_random_hover_45,1900,-609.8526742553711,-421.249755859375,81.43373570767507,8196
ppo_random_hover_45,2000,-577.8929354858399,-435.3531799316406,68.13409209237807,8196
ppo_random_hover_46,0,-5.783214382827282,-0.4058184027671814,4.772084110367507,128
ppo_random_hover_46,100,-489.36707397460935,-456.133056640625,23.37174290494746,128
ppo_random_hover_46,200,-554.1182876586914,-471.2879333496094,53.682141602415214,128
ppo_random_hover_46,300,-835.8540484619141,-529.6461791992188,171.38510601312228,128
ppo_random_hover_46,400,-951.7346478271485,-627.3074340820312,138.52280606297995,128
ppo_random_hover_46,500,-1029.4144757080078,-665.9818115234375,135.41819646487136,128
ppo_random_hover_46,600,-890.1159393310547,-756.889404296875,83.66402355034731,128
ppo_random_hover_47,0,-45.91112741470337,-10.549946784973145,20.13403644302886,8196
ppo_random_hover_47,100,-720.4510250854493,-456.7845458984375,475.5344560721774,8196
ppo_random_hover_47,200,-687.2667404174805,-459.8603820800781,373.1682325599224,8196
ppo_random_hover_47,300,-772.7850390625,-453.7961120605469,492.5533363711399,8196
ppo_random_hover_47,400,-725.9710577392578,-461.225830078125,450.9902207463703,8196
ppo_random_hover_47,500,-657.398920288086,-459.8293151855469,338.051824487907,8196
ppo_random_hover_47,600,-703.1938513183594,-458.3034362792969,380.51246456100864,8196
ppo_random_hover_47,700,-661.97630859375,-462.9801025390625,327.90687679145367,8196
ppo_random_hover_47,800,-654.6007553100586,-455.1621398925781,275.1573624151969,8196
ppo_random_hover_47,900,-669.899140625,-462.83740234375,309.2973469028402,8196
ppo_random_hover_47,1000,-669.5160089111328,-458.6064758300781,313.96472434894594,8196
ppo_random_hover_47,1100,-642.1789999389648,-457.04876708984375,249.0649055353493,8196
ppo_random_hover_47,1200,-620.8232650756836,-457.8081970214844,252.63941725175314,8196
ppo_random_hover_47,1300,-612.1920831298828,-464.87750244140625,219.03647955487529,8196
ppo_random_hover_47,1400,-620.850539855957,-450.49078369140625,238.22183292463714,8196
ppo_random_hover_47,1500,-711.3970837402344,-452.2989501953125,393.99557289787157,8196
ppo_random_hover_47,1600,-620.9340246582032,-417.7247619628906,322.0253253929746,8196
ppo_random_hover_47,1700,-630.7606982421875,-456.25885009765625,260.08029088839874,8196
ppo_random_hover_47,1800,-638.2923248291015,-461.2248840332031,302.2158382434816,8196
ppo_random_hover_47,1900,-681.4416873168946,-454.0050048828125,361.5452695316663,8196
ppo_random_hover_47,2000,-678.0836361694336,-429.92205810546875,337.3791710298263,8196
ppo_random_hover_48,0,-25.265742223262787,-2.2222907543182373,18.109462340115506,8196
ppo_random_hover_48,100,-661.9830130004883,-443.988525390625,339.1625461727194,8196
ppo_random_hover_48,200,-669.4953881835937,-452.8419189453125,304.28521635241515,8196
ppo_random_hover_48,300,-645.5749737548828,-427.7843322753906,332.2303518586153,8196
ppo_random_hover_48,400,-608.6027212524414,-419.21630859375,250.33097679309896,8196
ppo_random_hover_48,500,-713.731579284668,-451.3015441894531,394.99745852828516,8196
ppo_random_hover_48,600,-619.9639151000977,-430.0962219238281,255.92957317440766,8196
ppo_random_hover_48,700,-606.4847241210938,-455.8037414550781,215.66302124044503,8196
ppo_random_hover_48,800,-596.337560119629,-437.03466796875,162.7579161205659,8196
ppo_random_hover_48,900,-598.2250534057617,-447.99774169921875,134.0038975293279,8196
ppo_random_hover_48,1000,-557.4746545410156,-422.9253234863281,85.6370872524511,8196
ppo_random_hover_48,1100,-549.6423162841797,-453.6902160644531,87.70344837658146,8196
ppo_random_hover_48,1200,-536.9794192504883,-446.8007507324219,60.641647759897,8196
ppo_random_hover_48,1300,-517.9421319580078,-433.54241943359375,49.649353039574265,8196
ppo_random_hover_48,1400,-519.6938946533203,-450.2341613769531,48.38221727121907,8196
ppo_random_hover_48,1500,-544.9089001464844,-452.9406433105469,66.37811605982893,8196
ppo_random_hover_48,1600,-555.6279055786133,-458.40484619140625,74.76101730582558,8196
ppo_random_hover_48,1700,-571.2372012329101,-461.94000244140625,74.00330992283945,8196
ppo_random_hover_48,1800,-599.7522726440429,-453.1541748046875,97.81128748558278,8196
ppo_random_hover_48,1900,-647.0057577514649,-463.6572265625,120.98984063877491,8196
ppo_random_hover_48,2000,-641.6573382568359,-466.03509521484375,126.53216264666936,8196
ppo_random_hover_51,0,-7.456440800726414,-0.4412650167942047,3.7694612776232046,4096
ppo_random_hover_51,100,-409.70893951416014,-391.5789794921875,8.109890621675346,4096
ppo_random_hover_51,200,-408.8319317626953,-392.4662170410156,7.846783790945381,4096
ppo_random_hover_51,300,-411.03210510253905,-392.5576477050781,7.960278409467116,4096
ppo_random_hover_51,400,-410.6244540405273,-392.02508544921875,8.177153154376654,4096
ppo_random_hover_51,500,-409.58547454833985,-394.71990966796875,8.257913693293712,4096
ppo_random_hover_51,600,-407.3078436279297,-394.2511901855469,7.227804700378059,4096
ppo_random_hover_51,700,-409.0568865966797,-393.2520751953125,8.03135873995171,4096
ppo_random_hover_51,800,-409.53443328857423,-395.4460754394531,7.197585344988428,4096
ppo_random_hover_51,900,-409.9779705810547,-393.1660461425781,9.56037391127497,4096
ppo_random_hover_51,1000,-409.33136383056643,-392.3843688964844,7.791491728741229,4096
ppo_random_hover_51,1100,-408.6302279663086,-393.68414306640625,7.787042323221228,4096
ppo_random_hover_51,1200,-409.3308386230469,-393.387939453125,7.99002017053387,4096
ppo_random_hover_51,1300,-410.34215393066404,-392.0986633300781,6.725684604634867,4096
ppo_random_hover_51,1400,-411.22303955078127,-395.1434020996094,7.345652847150076,4096
ppo_random_hover_51,1500,-409.41678802490236,-392.73541259765625,7.771180087949948,4096
ppo_random_hover_51,1600,-409.2307794189453,-394.1142272949219,8.122655404595903,4096
ppo_random_hover_51,1700,-408.79639617919923,-394.0130615234375,7.125435704084136,4096
ppo_random_hover_51,1800,-410.25557830810544,-391.9455871582031,7.6124098817302945,4096
ppo_random_hover_51,1900,-409.96489990234375,-392.74884033203125,8.260820854433101,4096
ppo_random_hover_51,2000,-411.42377410888673,-394.78765869140625,8.420278108938831,4096
ppo_random_hover_54,0,-46.46727891921997,-10.756156921386719,19.873594663342036,8196
ppo_random_hover_54,100,-1361.996413269043,-464.5163879394531,740.3235744261046,8196
ppo_random_hover_54,200,-1181.134831237793,-476.8647155761719,684.9906060966917,8196
ppo_random_hover_54,300,-1295.7039315795898,-471.62896728515625,702.586661030291,8196
ppo_random_hover_54,400,-1278.024204711914,-470.0072021484375,706.2396675236748,8196
ppo_random_hover_54,500,-1299.90908782959,-471.6138610839844,736.57061306656,8196
ppo_random_hover_54,600,-1303.8046875,-465.7413024902344,729.4452234895072,8196
ppo_random_hover_54,700,-1280.2781051635743,-469.7530822753906,734.3091308157863,8196
ppo_random_hover_54,800,-1327.3430966186525,-457.06048583984375,720.5139165087279,8196
ppo_random_hover_54,900,-1342.6744598388673,-470.729248046875,725.6709315171154,8196
ppo_random_hover_54,1000,-1295.8076956176758,-462.4599304199219,678.5470657811534,8196
ppo_random_hover_54,1100,-1054.678740234375,-459.2510070800781,628.1256894378392,8196
ppo_random_hover_54,1200,-1164.6489956665039,-481.7190246582031,693.7898644221232,8196
ppo_random_hover_54,1300,-1008.7789120483399,-468.4606628417969,652.0247124131614,8196
ppo_random_hover_54,1400,-1019.0444882202148,-458.4007873535156,641.2292643883223,8196
ppo_random_hover_54,1500,-1090.437314147949,-455.62628173828125,677.6979440759153,8196
ppo_random_hover_54,1600,-1113.847459716797,-452.38427734375,636.161609188517,8196
ppo_random_hover_54,1700,-1173.3299005126953,-477.1019592285156,664.882063945612,8196
ppo_random_hover_54,1800,-1163.5410089111328,-467.5684814453125,681.3543928958179,8196
ppo_random_hover_54,1900,-1061.572889099121,-457.4615173339844,641.4158516024535,8196
ppo_random_hover_54,2000,-1041.3778411865235,-460.35430908203125,590.7203014174204,8196
ppo_random_hover_55,0,-45.91112741470337,-10.549946784973145,20.13403644302886,8196
ppo_random_hover_55,100,-797.2549594116211,-461.2023010253906,522.1863431102113,8196
ppo_random_hover_55,200,-706.127734375,-468.0239562988281,365.4947898638341,8196
ppo_random_hover_55,300,-748.8508056640625,-466.85205078125,355.9166699422841,8196
ppo_random_hover_55,400,-876.8360552978515,-457.9614562988281,509.9593736253696,8196
ppo_random_hover_55,500,-933.5976040649414,-458.56988525390625,577.1737956551169,8196
ppo_random_hover_55,600,-917.6464346313477,-470.62506103515625,517.9116781522368,8196
ppo_random_hover_55,700,-791.4296429443359,-460.4978332519531,368.6539984522843,8196
ppo_random_hover_55,800,-766.8276132202149,-455.72747802734375,347.8945618990089,8196
ppo_random_hover_55,900,-751.36408203125,-463.453369140625,398.18586548239256,8196
ppo_random_hover_55,1000,-727.647700805664,-457.8685607910156,285.47359842946474,8196
ppo_random_hover_55,1100,-745.5639059448242,-460.1124267578125,425.7636911541258,8196
ppo_random_hover_55,1200,-650.0907998657226,-463.79681396484375,269.66038765212824,8196
ppo_random_hover_55,1300,-664.7845962524414,-467.6147155761719,265.62130929864855,8196
ppo_random_hover_55,1400,-690.5856066894531,-445.17626953125,384.4532889247017,8196
ppo_random_hover_55,1500,-688.4125018310547,-458.9987487792969,354.0866314918222,8196
ppo_random_hover_55,1600,-683.1609060668945,-438.4374694824219,398.78563660466693,8196
ppo_random_hover_55,1700,-717.1710189819336,-434.3456115722656,379.79484531754474,8196
ppo_random_hover_55,1800,-700.3899075317382,-435.6793212890625,372.23382200502874,8196
ppo_random_hover_55,1900,-685.9545913696289,-427.11492919921875,440.12141894210873,8196
ppo_random_hover_55,2000,-630.4067294311524,-450.9558410644531,281.9170532547912,8196
ppo_random_hover_56,0,-5.765750338633855,-0.42702823877334595,5.492342794984311,64
ppo_random_hover_56,100,-455.70579315185546,-400.4167175292969,16.653389051462085,64
ppo_random_hover_56,200,-455.5990060424805,-404.9888916015625,17.102671616676044,64
ppo_random_hover_56,300,-457.3492807006836,-410.31744384765625,16.811635861334633,64
ppo_random_hover_56,400,-456.97185455322267,-409.11968994140625,18.83652703098076,64
ppo_random_hover_56,500,-452.0717071533203,-407.68475341796875,18.20696475384042,64
ppo_random_hover_56,600,-453.5368505859375,-409.2983093261719,19.093026530366195,64
ppo_random_hover_56,700,-455.6038708496094,-406.89398193359375,19.066114207707972,64
ppo_random_hover_56,800,-457.0506652832031,-408.5026550292969,21.441779258655238,64
ppo_random_hover_56,900,-456.5423388671875,-401.5142822265625,20.833712864086536,64
ppo_random_hover_56,1000,-456.3718603515625,-403.57470703125,19.655815730115002,64
ppo_random_hover_56,1100,-461.2317691040039,-400.318359375,21.49660409379523,64
ppo_random_hover_56,1200,-460.94989501953125,-400.0970458984375,20.338089679506496,64
ppo_random_hover_56,1300,-457.2479489135742,-406.09466552734375,22.37269216872555,64
ppo_random_hover_56,1400,-453.26832305908204,-402.8472900390625,26.19434653962038,64
ppo_random_hover_56,1500,-454.755234375,-408.6718444824219,26.546731373556856,64
ppo_random_hover_56,1600,-452.22347137451175,-401.61395263671875,28.40683755053797,64
ppo_random_hover_56,1700,-462.73785003662107,-399.64154052734375,34.82017589268,64
ppo_random_hover_56,1800,-467.1961560058594,-396.2133483886719,38.885020960158045,64
ppo_random_hover_56,1900,-468.4668942260742,-399.3047180175781,39.998893932390885,64
ppo_random_hover_56,2000,-484.65439697265623,-398.1781311035156,50.22801031382186,64
ppo_random_hover_57,0,-7.410647602081299,-0.43332111835479736,3.7508986712644994,4096
ppo_random_hover_57,100,-449.2923208618164,-411.64990234375,15.017496809692663,4096
ppo_random_hover_57,200,-443.3014929199219,-411.4457092285156,15.051131470608036,4096
ppo_random_hover_57,300,-471.170719909668,-410.46185302734375,36.24527839282623,4096
ppo_random_hover_57,400,-497.38477905273436,-250.89828491210938,110.23176954828232,4096
ppo_random_hover_57,500,-168.1020032119751,-53.61955261230469,117.89766587933153,4096
ppo_random_hover_57,600,-75.11328295230865,-6.316635608673096,92.3098250314264,4096
ppo_random_hover_57,700,-19.328160246908666,12.08025074005127,15.983569592883997,4096
ppo_random_hover_57,800,-13.219566783457994,21.578941345214844,35.474482934344756,4096
ppo_random_hover_57,900,-18.485277983248235,20.763795852661133,19.505454328681317,4096
ppo_random_hover_57,1000,-7.657938957437873,26.19628143310547,19.729062819618967,4096
ppo_random_hover_57,1100,-6.107372299209237,25.44331169128418,19.644379008162446,4096
ppo_random_hover_57,1200,-31.075519393086434,2.7950985431671143,24.29944504018049,4096
ppo_random_hover_57,1300,-187.88264795303346,10.13744831085205,235.64688189474893,4096
ppo_random_hover_57,1400,-31.723833330869674,11.753517150878906,54.194685291537816,4096
ppo_random_hover_57,1500,-34.84363007903099,6.168816089630127,56.71825331727514,4096
ppo_random_hover_57,1600,-22.54087186574936,17.189836502075195,17.93374834615476,4096
ppo_random_hover_57,1700,-8.5591818729043,30.450864791870117,18.68098060266475,4096
ppo_random_hover_57,1800,-17.909789689183235,25.71247100830078,19.027244607335675,4096
ppo_random_hover_57,1900,-14.445719191730023,16.039634704589844,20.36127905569175,4096
ppo_random_hover_57,2000,-12.895156065225601,29.181415557861328,18.183912951864283,4096
ppo_random_hover_58,0,-5.845759034156799,-0.7553291320800781,5.202291575077507,64
ppo_random_hover_58,100,-462.3847967529297,-420.6203308105469,16.040916633384104,64
ppo_random_hover_58,200,-462.1576446533203,-413.53076171875,18.677360792904352,64
ppo_random_hover_58,300,-461.79199768066405,-419.1568298339844,17.22861538638311,64
ppo_random_hover_58,400,-460.61977630615235,-410.9730224609375,17.73954136317225,64
ppo_random_hover_58,500,-462.88494476318357,-419.7892150878906,16.897885953526806,64
ppo_random_hover_58,600,-462.41221099853516,-415.32940673828125,19.979076983661795,64
ppo_random_hover_58,700,-463.0637951660156,-419.5259094238281,20.016117571041615,64
ppo_random_hover_58,800,-464.75014038085936,-417.05792236328125,19.357579431384796,64
ppo_random_hover_58,900,-463.2738284301758,-416.1892395019531,20.187862004527066,64
ppo_random_hover_58,1000,-464.54859283447263,-411.6665344238281,19.904288750674493,64
ppo_random_hover_58,1100,-462.7480746459961,-417.4031066894531,18.83688244587387,64
ppo_random_hover_58,1200,-460.2059002685547,-421.9942626953125,20.452460862034126,64
ppo_random_hover_58,1300,-458.5393063354492,-415.96527099609375,22.129663024386158,64
ppo_random_hover_58,1400,-456.15728515625,-409.0086364746094,22.726928185096,64
ppo_random_hover_58,1500,-455.7278427124023,-418.0661315917969,20.050145007199152,64
ppo_random_hover_58,1600,-456.3030340576172,-410.6660461425781,19.407148282927498,64
ppo_random_hover_58,1700,-457.2770074462891,-411.5437927246094,20.26725111148292,64
ppo_random_hover_58,1800,-456.9428387451172,-413.2541809082031,19.946717442774084,64
ppo_random_hover_58,1900,-458.94545166015627,-410.1878356933594,21.216190053585933,64
ppo_random_hover_58,2000,-457.9928912353516,-410.8695068359375,21.330978487693116,64
ppo_random_hover_60,0,-5.921164408503544,-0.037374310195446014,4.836700270304818,1024
ppo_random_hover_60,100,-490.88606536865234,-417.2796325683594,79.6267464180811,1024
ppo_random_hover_60,200,-477.5841333007813,-411.0257568359375,44.12585324211788,1024
ppo_random_hover_60,300,-476.6264859008789,-406.86944580078125,39.23845309826062,1024
ppo_random_hover_60,400,-478.21251892089845,-402.69940185546875,53.92203188053753,1024
ppo_random_hover_60,500,-484.3649871826172,-422.2383117675781,47.48696789251053,1024
ppo_random_hover_60,600,-479.10461364746095,-401.55572509765625,41.57081573639902,1024
ppo_random_hover_60,700,-476.9732946777344,-413.852294921875,36.726945581298466,1024
ppo_random_hover_60,800,-482.7845388793945,-407.52960205078125,38.91910596871636,1024
ppo_random_hover_60,900,-475.6722702026367,-406.1482849121094,40.1630090017369,1024
ppo_random_hover_60,1000,-486.35571716308596,-414.3348083496094,51.75343637673176,1024
ppo_random_hover_60,1100,-476.58451782226564,-406.0496520996094,37.97290866305388,1024
ppo_random_hover_60,1200,-476.8255981445312,-413.8639831542969,32.766923410425925,1024
ppo_random_hover_60,1300,-481.520947265625,-405.6569519042969,41.10086972354947,1024
ppo_random_hover_60,1400,-484.5555587768555,-399.1807556152344,64.2361882926545,1024
ppo_random_hover_60,1500,-473.6834262084961,-412.7347106933594,36.2761458798871,1024
ppo_random_hover_60,1600,-484.57444549560546,-416.1049499511719,94.97703993276522,1024
ppo_random_hover_60,1700,-486.25672454833983,-405.0721740722656,60.6785272708587,1024
ppo_random_hover_60,1800,-471.4839779663086,-412.5516662597656,30.150295227782767,1024
ppo_random_hover_60,1900,-489.98506225585936,-398.2294616699219,82.17415143043269,1024
ppo_random_hover_60,2000,-479.9022326660156,-410.31817626953125,37.10927091167623,1024
ppo_random_hover_61,0,-5.392157901078463,-0.037374310195446014,4.499297416525551,1024
ppo_random_hover_61,100,-487.51392822265626,-408.5979309082031,36.91018017454903,1024
ppo_random_hover_61,200,-483.1909002685547,-408.6297302246094,33.52597940930107,1024
ppo_random_hover_61,300,-477.28641845703123,-399.4197998046875,33.4851955368688,1024
ppo_random_hover_61,400,-480.07581451416013,-402.12677001953125,33.382549805918046,1024
ppo_random_hover_61,500,-479.2189761352539,-404.76275634765625,40.64867809382292,1024
ppo_random_hover_61,600,-480.60562713623045,-402.0519714355469,35.05325714170891,1024
ppo_random_hover_61,700,-475.01135498046875,-412.9814147949219,34.88130153971049,1024
ppo_random_hover_61,800,-480.8891015625,-405.9195556640625,36.45358392672774,1024
ppo_random_hover_61,900,-478.70438262939456,-419.68389892578125,37.39377353728384,1024
ppo_random_hover_61,1000,-480.6755609130859,-411.6077575683594,43.000727142026975,1024
ppo_random_hover_61,1100,-486.2798913574219,-416.6346435546875,43.07737738986607,1024
ppo_random_hover_61,1200,-495.4196743774414,-410.77392578125,55.18839677488741,1024
ppo_random_hover_61,1300,-489.63331146240233,-400.0185546875,46.650572391353414,1024
ppo_random_hover_61,1400,-506.5364242553711,-403.81439208984375,83.81513969276419,1024
ppo_random_hover_61,1500,-502.55461822509767,-400.61224365234375,96.50063386109782,1024
ppo_random_hover_61,1600,-493.7163729858398,-408.4405517578125,51.258810708921786,1024
ppo_random_hover_61,1700,-498.03120391845704,-403.99774169921875,64.9943351086416,1024
ppo_random_hover_61,1800,-497.0044342041016,-405.1974792480469,66.18367616411898,1024
ppo_random_hover_61,1900,-495.9610656738281,-412.23193359375,47.170227516364875,1024
ppo_random_hover_61,2000,-505.5381622314453,-402.942138671875,80.59012804743938,1024
ppo_random_hover_62,0,-5.888286739587784,-0.6334441304206848,5.356697029779892,64
ppo_random_hover_62,100,-458.06575286865234,-403.3061218261719,19.59463467508787,64
ppo_random_hover_62,200,-459.6548385620117,-423.5395202636719,15.231729785212577,64
ppo_random_hover_62,300,-466.56967681884765,-427.43768310546875,16.388837851123313,64
ppo_random_hover_62,400,-466.69945922851565,-431.66485595703125,17.24799798654544,64
ppo_random_hover_62,500,-469.67217620849607,-433.552490234375,18.741457190994414,64
ppo_random_hover_62,600,-464.6752096557617,-416.7961730957031,20.67231183518809,64
ppo_random_hover_62,700,-487.0750473022461,-416.9322204589844,36.334840462422434,64
ppo_random_hover_62,800,-523.8974404907226,-418.5903015136719,46.59124992941783,64
ppo_random_hover_62,900,-611.084692993164,-483.715576171875,80.04093820601113,64
ppo_random_hover_62,1000,-555.9027239990235,-464.9111633300781,73.81845102068533,64
ppo_random_hover_62,1100,-783.2628466796875,-518.3837280273438,209.77999813290128,64
ppo_random_hover_62,1200,-685.5453503417968,-483.86773681640625,110.87023352352504,64
ppo_random_hover_62,1300,-553.4352169799805,-290.2073669433594,148.99954245016787,64
ppo_random_hover_62,1400,-426.9456658935547,-213.7852325439453,121.39385569219031,64
ppo_random_hover_62,1500,-411.07048599243166,-145.8965301513672,124.3429697204495,64
ppo_random_hover_62,1600,-324.6991207885742,-183.88038635253906,68.46379615230563,64
ppo_random_hover_62,1700,-104.00870777130127,-4.358945846557617,53.937836897080416,64
ppo_random_hover_62,1800,-27.08032276600599,10.680230140686035,18.957048361818845,64
ppo_random_hover_62,1900,-11.234428833425046,25.41367530822754,14.985086729141262,64
ppo_random_hover_62,2000,-2.761081037223339,28.801130294799805,14.366192997839997,64
ppo_random_hover_63,0,-5.919762842711949,-0.037374310195446014,4.804596266633785,1024
ppo_random_hover_63,100,-509.63703125,-413.5340576171875,40.88936848970966,1024
ppo_random_hover_63,200,-502.54702026367187,-422.6344909667969,59.351826601553086,1024
ppo_random_hover_63,300,-515.2472296142578,-413.690673828125,71.49754710407402,1024
ppo_random_hover_63,400,-524.13962890625,-421.6954345703125,85.13109863007821,1024
ppo_random_hover_63,500,-536.9488854980468,-442.39129638671875,112.26200401728357,1024
ppo_random_hover_63,600,-525.9763034057618,-421.4720153808594,106.24374912436883,1024
ppo_random_hover_63,700,-534.6898767089843,-426.450439453125,91.05333126778544,1024
ppo_random_hover_63,800,-495.7565380859375,-419.3435974121094,49.149492604663,1024
ppo_random_hover_63,900,-533.9125082397461,-396.78955078125,102.60856183644826,1024
ppo_random_hover_63,1000,-516.9939840698243,-296.5345153808594,113.52902841969404,1024
ppo_random_hover_63,1100,-434.80610061645507,-195.8984375,103.74305130991365,1024
ppo_random_hover_63,1200,-259.5662784576416,-57.3720703125,133.97222859137278,1024
ppo_random_hover_63,1300,-354.43088207244875,-46.02663040161133,232.74925118928954,1024
ppo_random_hover_63,1400,-112.15237414181233,0.13377970457077026,115.20733598217043,1024
ppo_random_hover_63,1500,-48.148523776382206,11.561725616455078,60.66435047221411,1024
ppo_random_hover_63,1600,-18.126630826070905,27.385286331176758,43.85703151609777,1024
ppo_random_hover_63,1700,0.520094790160656,34.46800231933594,19.593294960676804,1024
ppo_random_hover_63,1800,2.8900084297358988,33.261444091796875,18.453822426040468,1024
ppo_random_hover_64,0,-5.691761701234749,-0.037374310195446014,5.637756550450095,2048
ppo_random_hover_64,100,-503.6418557739258,-425.1559753417969,68.0860898543947,2048
ppo_random_hover_64,200,-492.70532958984376,-413.14617919921875,36.34147359632997,2048
ppo_random_hover_64,300,-510.52123077392577,-421.1285705566406,83.67958908329497,2048
ppo_random_hover_64,400,-521.2116781616211,-415.6224670410156,77.81293842968238,2048
ppo_random_hover_64,500,-514.0109893798829,-445.71685791015625,54.539121214300025,2048
ppo_random_hover_64,600,-532.5553665161133,-426.97625732421875,87.14412892516253,2048
ppo_random_hover_64,700,-551.7187344360351,-421.1568908691406,90.3667866724054,2048
ppo_random_hover_64,800,-551.828883972168,-332.9637451171875,136.17166575337924,2048
ppo_random_hover_64,900,-136.24537181854248,-30.565765380859375,97.17278488915865,2048
ppo_random_hover_64,1000,-60.69987595081329,5.979548454284668,58.9403299733658,2048
ppo_random_hover_65,0,-17.801896641254427,-2.0663492679595947,16.4132222182344,4096
ppo_random_hover_65,100,-2164.3641009521484,-557.9673461914062,614.006116812701,4096
ppo_random_hover_65,200,-2026.045625,-523.7164306640625,711.228367105158,4096
ppo_random_hover_65,300,-1947.0996438598634,-505.5102233886719,705.7357487855616,4096
ppo_random_hover_65,400,-1850.262797241211,-514.1090087890625,714.6071699441997,4096
ppo_random_hover_65,500,-1977.542699584961,-524.517822265625,759.0308420304053,4096
ppo_random_hover_65,600,-2156.06410736084,-508.7031555175781,635.6413178023671,4096
ppo_random_hover_65,700,-2024.153233642578,-506.54034423828125,715.1217542145871,4096
ppo_random_hover_65,800,-2058.286672973633,-526.2109375,658.1956099803684,4096
ppo_random_hover_65,900,-1895.0216104125977,-506.9208068847656,752.8774936690365,4096
ppo_random_hover_65,1000,-1907.5434368896485,-521.0882568359375,755.7895913419162,4096
ppo_random_hover_65,1100,-1965.4532141113282,-531.1575927734375,726.0674640502294,4096
ppo_random_hover_65,1200,-1871.6132543945312,-521.9943237304688,822.9781379619409,4096
ppo_random_hover_65,1300,-2060.0968505859373,-550.6494140625,611.5915211047769,4096
ppo_random_hover_65,1400,-1977.9554620361328,-539.418212890625,733.3114307316216,4096
ppo_random_hover_65,1500,-1915.9166174316406,-490.59197998046875,723.1057899808983,4096
ppo_random_hover_65,1600,-1983.9063049316405,-526.1356201171875,706.0033328467031,4096
ppo_random_hover_65,1700,-1904.4587689208984,-497.6197509765625,807.799723933723,4096
ppo_random_hover_65,1800,-2018.8073150634766,-520.8397827148438,618.6252040595488,4096
ppo_random_hover_65,1900,-1962.5938403320313,-522.4650268554688,749.7494086654937,4096
ppo_random_hover_65,2000,-2021.2687463378907,-533.643798828125,701.787501767291,4096
ppo_random_hover_66,0,-5.897486259539922,-0.37225812673568726,5.456243696871888,64
ppo_random_hover_66,100,-465.3876434326172,-419.8951110839844,15.318569649436931,64
ppo_random_hover_66,200,-506.73823608398436,-433.50238037109375,36.83071127171536,64
ppo_random_hover_66,300,-558.1911636352539,-455.74383544921875,72.6690917025914,64
ppo_random_hover_66,400,-671.4297149658203,-477.599853515625,162.14268725575607,64
ppo_random_hover_66,500,-686.6721725463867,-341.3551330566406,175.29489758064895,64
ppo_random_hover_66,600,-602.4002316284179,-290.59344482421875,123.04898404085117,64
ppo_random_hover_66,700,-610.1257781982422,-291.9124450683594,159.95266263950822,64
ppo_random_hover_66,800,-518.3249417114258,-261.3766784667969,139.38516176497734,64
ppo_random_hover_66,900,-546.7519387817383,-164.616943359375,178.24990134386823,64
ppo_random_hover_66,1000,-530.136127319336,-276.14617919921875,140.8915253344591,64
ppo_random_hover_66,1100,-487.85329345703127,-221.2696075439453,162.35123761505363,64
ppo_random_hover_66,1200,-454.90283615112304,-241.39337158203125,122.17586001557297,64
ppo_random_hover_66,1300,-317.4679726409912,-59.59710693359375,111.04625762099397,64
ppo_random_hover_66,1400,-154.96265407629312,0.06945221871137619,84.67095887642257,64
ppo_random_hover_66,1500,-76.05585612297058,-9.351445198059082,32.00307855525815,64
ppo_random_hover_66,1600,-50.61244033813477,8.29069995880127,22.274086201517978,64
ppo_random_hover_66,1700,-44.83387524247169,0.623192310333252,20.84577085821419,64
ppo_random_hover_66,1800,-34.422959973812105,7.941573619842529,19.53013818983298,64
ppo_random_hover_66,1900,-38.679386940002445,5.0267014503479,17.748826768350973,64
ppo_random_hover_66,2000,-39.685539047718045,8.097649574279785,25.786677910752037,64
ppo_random_hover_67,0,-5.033815996455295,-0.037374310195446014,4.477870529599832,1024
ppo_random_hover_67,100,-416.3910845947266,-394.3232421875,10.937911150845702,1024
ppo_random_hover_67,200,-419.9007550048828,-394.1134948730469,14.871422435015994,1024
ppo_random_hover_67,300,-414.8378796386719,-394.5080871582031,11.68868924617968,1024
ppo_random_hover_67,400,-426.39015625,-395.0684509277344,17.509431739728686,1024
ppo_random_hover_67,500,-450.69776763916013,-403.28240966796875,34.18870442868812,1024
ppo_random_hover_67,600,-497.2562759399414,-415.1470031738281,81.17891634649793,1024
ppo_random_hover_67,700,-351.29889663696287,-127.57841491699219,133.0704272178433,1024
ppo_random_hover_67,800,-257.3278442382813,-52.192787170410156,198.69838405971424,1024
ppo_random_hover_67,900,-164.86455387115478,-51.39787292480469,108.86653897962911,1024
ppo_random_hover_67,1000,-98.70862209320069,-28.93844985961914,43.47159795519691,1024
ppo_random_hover_67,1100,-81.92451740264893,-24.431222915649414,39.29412625132218,1024
ppo_random_hover_67,1200,-43.00930740594864,-2.419710397720337,20.096009501161006,1024
ppo_random_hover_67,1300,-28.311323341727256,8.349777221679688,19.935221444602906,1024
ppo_random_hover_67,1400,-14.270752360373736,14.206866264343262,16.610482625746585,1024
ppo_random_hover_67,1500,-17.615014069080352,14.460104942321777,21.31838123540713,1024
ppo_random_hover_67,1600,-15.388986002802849,12.035322189331055,17.540204758391265,1024
ppo_random_hover_67,1700,-12.670096267163753,18.30258560180664,17.546940591496217,1024
ppo_random_hover_67,1800,-9.29223917067051,17.399446487426758,17.73024902553743,1024
ppo_random_hover_67,1900,-14.62338098794222,19.222795486450195,17.914889661875662,1024
ppo_random_hover_67,2000,-13.953178461194039,16.987104415893555,15.922159275611692,1024
ppo_random_hover_68,0,-9.381455661108097,-0.037374310195446014,7.979555399388075,1024
ppo_random_hover_69,0,-26.327906529903412,-2.8513543605804443,15.251878926425336,4096
ppo_random_hover_69,100,-2553.7068869018553,-500.15386962890625,717.0821323082905,4096
ppo_random_hover_69,200,-2477.8990588378906,-499.5157470703125,674.5372815955726,4096
ppo_random_hover_69,300,-2574.74821685791,-510.9794006347656,646.7384777790713,4096
ppo_random_hover_69,400,-2434.0435858154297,-526.4960327148438,724.70189393234,4096
ppo_random_hover_69,500,-2420.400115661621,-480.8549499511719,704.3481431787179,4096
ppo_random_hover_69,600,-2560.3066088867185,-575.8287353515625,598.4891779915807,4096
ppo_random_hover_69,700,-2474.0249743652344,-508.5803527832031,692.5386720685074,4096
ppo_random_hover_69,800,-2536.85893157959,-509.8083801269531,718.394602416904,4096
ppo_random_hover_69,900,-2491.1801422119142,-511.70758056640625,631.4987402205136,4096
ppo_random_hover_69,1000,-2548.9280868530273,-505.1234436035156,588.0140748249954,4096
ppo_random_hover_69,1100,-2535.608973388672,-542.515869140625,562.3709679295198,4096
ppo_random_hover_70,0,-24.14917473077774,-2.2676546573638916,17.516251380645027,8196
ppo_random_hover_70,100,-620.536731262207,-448.5374450683594,277.2002106077863,8196
ppo_random_hover_70,200,-691.6340930175782,-413.18463134765625,430.5306860531029,8196
ppo_random_hover_70,300,-591.940139465332,-421.6285705566406,165.46464418301218,8196
ppo_random_hover_70,400,-592.7675436401368,-437.21539306640625,207.8645797025699,8196
ppo_random_hover_70,500,-598.7475372314453,-461.2580871582031,229.24929065173305,8196
ppo_random_hover_70,600,-577.2531362915039,-427.92742919921875,201.98758776107033,8196
ppo_random_hover_70,700,-573.271333618164,-429.77801513671875,209.34188923967193,8196
ppo_random_hover_70,800,-541.6030505371094,-433.9650573730469,108.54482150529796,8196
ppo_random_hover_70,900,-539.4887191772461,-455.8473205566406,74.28453355489212,8196
ppo_random_hover_70,1000,-551.23185546875,-450.3793640136719,193.1871696271987,8196
ppo_random_hover_70,1100,-566.0937927246093,-450.5815734863281,164.13753684467676,8196
ppo_random_hover_70,1200,-535.8294027709961,-434.001220703125,76.72333845085404,8196
ppo_random_hover_70,1300,-517.0116604614258,-433.7681884765625,62.62962969783203,8196
ppo_random_hover_70,1400,-521.3509521484375,-455.9936828613281,51.37646477169207,8196
ppo_random_hover_70,1500,-541.9055014038086,-456.8902587890625,71.63208966152791,8196
ppo_random_hover_70,1600,-532.3884759521484,-451.3575134277344,51.741466900014736,8196
ppo_random_hover_70,1700,-529.0369989013672,-454.79217529296875,45.10668689187375,8196
ppo_random_hover_70,1800,-547.1834167480469,-454.0447692871094,67.5374550523276,8196
ppo_random_hover_70,1900,-564.3022848510742,-464.42254638671875,71.5738728512641,8196
ppo_random_hover_70,2000,-577.1217385864257,-444.18609619140625,73.78535579938922,8196
ppo_random_hover_72,0,-9.458519872189278,-0.037374310195446014,11.898036046661622,2048
ppo_random_hover_72,100,-530.7833233642579,-452.4732971191406,120.41476282237079,2048
ppo_random_hover_72,200,-532.5648812866211,-459.35992431640625,56.41049166513301,2048
ppo_random_hover_72,300,-588.4312991333007,-466.6202087402344,115.88089516591118,2048
ppo_random_hover_72,400,-662.2117272949218,-515.356201171875,112.05904826487715,2048
ppo_random_hover_72,500,-699.8624594116211,-501.18255615234375,146.16994391267258,2048
ppo_random_hover_72,600,-708.7816091918945,-501.5225830078125,111.91706634277418,2048
ppo_random_hover_72,700,-507.43455017089843,-404.9789733886719,65.44624370206795,2048
ppo_random_hover_72,800,-402.34373931884767,-352.32257080078125,29.142432753612272,2048
ppo_random_hover_72,900,-335.7371041870117,-293.4593811035156,26.110605902477705,2048
ppo_random_hover_72,1000,-323.6082583618164,-295.25390625,16.152647276191068,2048
ppo_random_hover_72,1100,-217.4466222381592,-117.30410766601562,67.2189483762965,2048
ppo_random_hover_72,1200,-53.497493045330046,-0.718217134475708,42.870971632360884,2048
ppo_random_hover_72,1300,-63.30837535113096,7.052875518798828,80.6167868603086,2048
ppo_random_hover_73,0,-46.44761032104492,-10.850257873535156,19.831019384315365,8196
ppo_random_hover_73,100,-694.6790731811524,-459.3319396972656,452.6214728475444,8196
ppo_random_hover_73,200,-739.1910995483398,-459.7752990722656,460.6689319354851,8196
ppo_random_hover_73,300,-752.3194564819336,-469.2427062988281,444.3542770342333,8196
ppo_random_hover_73,400,-719.181233215332,-462.4796447753906,417.3393273570611,8196
ppo_random_hover_73,500,-726.4730755615234,-469.96087646484375,428.12414443689687,8196
ppo_random_hover_73,600,-772.5207434082031,-460.7347106933594,489.3550461325009,8196
ppo_random_hover_73,700,-769.2772769165039,-457.94659423828125,463.0333867354372,8196
ppo_random_hover_73,800,-639.8965362548828,-461.3036804199219,338.36011570076795,8196
ppo_random_hover_73,900,-701.1078854370118,-460.3227844238281,409.445714752318,8196
ppo_random_hover_73,1000,-672.045583190918,-456.84716796875,371.46921651267036,8196
ppo_random_hover_73,1100,-655.9045050048828,-462.195068359375,301.7115545841429,8196
ppo_random_hover_73,1200,-724.5157403564453,-464.3455505371094,437.70876559353326,8196
ppo_random_hover_73,1300,-729.7233563232422,-457.27166748046875,462.7507112904979,8196
ppo_random_hover_73,1400,-677.4827194213867,-463.3654479980469,361.6953181500576,8196
ppo_random_hover_73,1500,-604.7842691040039,-457.1405029296875,270.65567595571633,8196
ppo_random_hover_73,1600,-709.9516183471679,-457.7151184082031,357.328131093528,8196
ppo_random_hover_73,1700,-701.286852722168,-468.27484130859375,402.2167936867053,8196
ppo_random_hover_73,1800,-665.4651309204102,-462.104736328125,297.660589629847,8196
ppo_random_hover_73,1900,-656.4919903564453,-454.4512023925781,293.74936622751767,8196
ppo_random_hover_73,2000,-685.9871331787109,-466.5859375,294.68827375080906,8196
ppo_random_hover_74,0,-5.850505034128825,-0.3777996301651001,5.464747307888289,64
ppo_random_hover_74,100,-430.34320587158203,-402.3898620605469,14.681553934699528,64
ppo_random_hover_74,200,-446.61035919189453,-405.45367431640625,19.026612049127085,64
ppo_random_hover_74,300,-441.9031741333008,-412.09112548828125,13.544085531860297,64
ppo_random_hover_74,400,-447.2778659057617,-407.6101989746094,16.896899317679324,64
ppo_random_hover_74,500,-460.4166912841797,-416.3332214355469,20.89195831226443,64
ppo_random_hover_74,600,-526.9228790283203,-427.9293212890625,56.14750450686255,64
ppo_random_hover_74,700,-563.9258334350586,-426.397705078125,95.98767805924555,64
ppo_random_hover_74,800,-665.4553134155274,-350.8895263671875,157.57170129061075,64
ppo_random_hover_74,900,-566.1996884155274,-363.4089660644531,103.44673346807456,64
ppo_random_hover_74,1000,-462.34151947021485,-247.0025634765625,99.64271357765823,64
ppo_random_hover_74,1100,-493.4856088256836,-273.45587158203125,121.10023224011275,64
ppo_random_hover_74,1200,-377.09189498901367,-164.50213623046875,119.7921290008606,64
ppo_random_hover_74,1300,-317.03979919433596,-93.29641723632812,128.4543189605523,64
ppo_random_hover_74,1400,-184.8554469680786,-28.888835906982422,126.42042932600671,64
ppo_random_hover_74,1500,-94.11918456673622,1.234847068786621,100.22890466450269,64
ppo_random_hover_74,1600,-104.94919528603553,-0.8754478693008423,106.48539829981294,64
ppo_random_hover_74,1700,-71.06837701797485,7.570506572723389,68.50716793580786,64
ppo_random_hover_74,1800,-61.779497063606975,8.280335426330566,60.68938617430084,64
ppo_random_hover_74,1900,-61.567568466812375,11.93739128112793,59.36101728010948,64
ppo_random_hover_74,2000,-47.16825484991074,14.4236421585083,57.133833707438924,64
ppo_random_hover_76,0,-5.845759034156799,-0.7553291320800781,5.202291575077507,64
ppo_random_hover_76,100,-481.40874053955076,-455.0953674316406,15.147802221409815,64
ppo_random_hover_76,200,-482.562399597168,-456.4327697753906,14.820406720271718,64
ppo_random_hover_76,300,-482.6666110229492,-454.5191955566406,15.987880268547405,64
ppo_random_hover_76,400,-480.71251953125,-456.5726013183594,15.93024173116236,64
ppo_random_hover_76,500,-482.87522216796873,-451.58001708984375,17.58362891936521,64
ppo_random_hover_76,600,-481.5895260620117,-456.70562744140625,16.28907728784053,64
ppo_random_hover_76,700,-482.7495880126953,-455.3457946777344,15.957831190882487,64
ppo_random_hover_76,800,-481.2018804931641,-455.3518981933594,14.43347294304597,64
ppo_random_hover_76,900,-482.81242736816404,-456.0578308105469,15.879997024308853,64
ppo_random_hover_76,1000,-482.5617086791992,-456.18560791015625,15.969620845837744,64
ppo_random_hover_76,1100,-482.1514236450195,-455.7901306152344,15.516384144206606,64
ppo_random_hover_76,1200,-483.87292022705077,-455.11761474609375,15.226996578167405,64
ppo_random_hover_76,1300,-485.73881774902344,-456.9869689941406,19.07809751385632,64
ppo_random_hover_76,1400,-483.3653497314453,-451.8766784667969,15.390484438054965,64
ppo_random_hover_76,1500,-481.13529724121094,-459.48779296875,12.481809906067221,64
ppo_random_hover_76,1600,-482.9399035644531,-456.8648986816406,16.20980037459569,64
ppo_random_hover_76,1700,-482.30619140625,-456.0206298828125,15.319031055015207,64
ppo_random_hover_76,1800,-480.96830657958986,-457.5720520019531,13.108999965657867,64
ppo_random_hover_76,1900,-480.8573858642578,-454.7480773925781,14.278246395529742,64
ppo_random_hover_76,2000,-482.6520489501953,-457.27557373046875,14.541076856877632,64
ppo_random_hover_77,0,-7.003203716838644,-0.037374310195446014,6.978561391930674,1024
ppo_random_hover_77,100,-500.7249298095703,-449.49420166015625,37.98901690295247,1024
ppo_random_hover_77,200,-503.3243505859375,-414.8734436035156,129.2262344278176,1024
ppo_random_hover_77,300,-509.8243103027344,-435.6737365722656,49.542531078611255,1024
ppo_random_hover_77,400,-539.4623425292968,-443.6444091796875,57.13602565116895,1024
ppo_random_hover_77,500,-580.486350402832,-460.8939208984375,94.96640448399002,1024
ppo_random_hover_77,600,-659.0457653808594,-484.1305847167969,111.33740774339758,1024
ppo_random_hover_77,700,-625.1731655883789,-387.8848571777344,138.66957744460086,1024
ppo_random_hover_77,800,-586.1711676025391,-289.8033142089844,142.71082640351128,1024
ppo_random_hover_77,900,-545.0849639892579,-268.4340515136719,146.40677723200164,1024
ppo_random_hover_77,1000,-520.2991723632813,-209.94517517089844,159.58233681005981,1024
ppo_random_hover_77,1100,-503.3134121704102,-220.25404357910156,170.45414118708993,1024
ppo_random_hover_77,1200,-465.2214430236816,-214.12643432617188,166.83281307496037,1024
ppo_random_hover_77,1300,-423.19409561157227,-139.15188598632812,122.65848185025257,1024
ppo_random_hover_77,1400,-423.04559768676756,-161.75588989257812,140.46306931685652,1024
ppo_random_hover_77,1500,-426.65422485351564,-118.86283874511719,146.7126344489165,1024
ppo_random_hover_77,1600,-377.3409043121338,-99.86975860595703,133.75278185508952,1024
ppo_random_hover_77,1700,-388.4692608642578,-132.23841857910156,121.00275298880496,1024
ppo_random_hover_77,1800,-390.3008459472656,-151.3204803466797,138.81937312393816,1024
ppo_random_hover_77,1900,-338.58446403503416,-115.28357696533203,128.54453290867298,1024
ppo_random_hover_77,2000,-351.6364277648926,-101.52835083007812,135.95824810958413,1024
ppo_random_hover_78,0,-4.680937729128029,-0.037374310195446014,4.366740841591702,512
ppo_random_hover_78,100,-492.61852661132815,-450.6056213378906,55.52477391184129,512
ppo_random_hover_78,200,-486.9963400268555,-450.90966796875,31.882340158183304,512
ppo_random_hover_78,300,-494.05027069091796,-451.2550048828125,45.7521242525387,512
ppo_random_hover_78,400,-494.37569091796877,-449.3943176269531,51.42120947659801,512
ppo_random_hover_78,500,-488.24509857177736,-454.33148193359375,29.614711454663055,512
ppo_random_hover_78,600,-500.02894592285156,-451.24859619140625,67.36508782622268,512
ppo_random_hover_78,700,-494.09730651855466,-452.9209899902344,55.116809862040036,512
ppo_random_hover_78,800,-486.1594180297852,-450.62396240234375,30.95277801261285,512
ppo_random_hover_78,900,-496.15137756347656,-452.6643981933594,44.35176103421496,512
ppo_random_hover_78,1000,-486.5924331665039,-448.107666015625,45.671200692323794,512
ppo_random_hover_78,1100,-496.94701995849607,-449.1217956542969,62.75653844574012,512
ppo_random_hover_78,1200,-499.0503625488281,-453.553466796875,64.64159479832372,512
ppo_random_hover_78,1300,-489.2166879272461,-455.3343811035156,47.41779051811454,512
ppo_random_hover_78,1400,-483.08237121582033,-448.7275390625,29.2618751897212,512
ppo_random_hover_78,1500,-483.92379486083985,-450.72314453125,24.88340302602398,512
ppo_random_hover_78,1600,-490.30696685791014,-452.3763732910156,55.234115226778606,512
ppo_random_hover_78,1700,-496.36875915527344,-445.98895263671875,50.79535561779645,512
ppo_random_hover_78,1800,-497.4588916015625,-452.3360290527344,69.76155936050885,512
ppo_random_hover_78,1900,-488.31604431152346,-453.2893981933594,30.876746887438166,512
ppo_random_hover_78,2000,-496.1180014038086,-452.9018249511719,52.66610194063639,512
ppo_random_hover_80,0,-46.44761032104492,-10.850257873535156,19.831019384315365,8196
ppo_random_hover_82,0,-5.836124047636986,-0.6374657154083252,4.702861792113507,128
ppo_random_hover_82,100,-499.6500402832031,-453.0594787597656,66.8206210356055,128
ppo_random_hover_82,200,-493.2567715454102,-436.46527099609375,38.897711264348345,128
ppo_random_hover_82,300,-491.9389889526367,-451.20574951171875,40.01596448886649,128
ppo_random_hover_82,400,-488.6357763671875,-435.92578125,31.185114991956635,128
ppo_random_hover_82,500,-489.8520785522461,-427.03955078125,50.26272829883234,128
ppo_random_hover_82,600,-488.7499426269531,-429.2602233886719,36.41401473514585,128
ppo_random_hover_82,700,-490.19206970214844,-449.9529724121094,44.89497434114903,128
ppo_random_hover_82,800,-494.38046966552736,-443.5875244140625,53.542673873931406,128
ppo_random_hover_82,900,-489.4257913208008,-444.1316833496094,43.455759281981514,128
ppo_random_hover_82,1000,-484.4984786987305,-440.54388427734375,29.818829760422908,128
ppo_random_hover_82,1100,-488.7849496459961,-426.51513671875,35.4848335713403,128
ppo_random_hover_82,1200,-492.1164849853516,-443.3597106933594,55.1454779802491,128
ppo_random_hover_82,1300,-499.0385275268555,-439.318359375,101.66609798351794,128
ppo_random_hover_82,1400,-492.90305755615236,-444.55712890625,42.06624841473639,128
ppo_random_hover_82,1500,-496.04849334716795,-437.7243957519531,47.4866333379651,128
ppo_random_hover_82,1600,-496.7731011962891,-445.26251220703125,57.93088097113794,128
ppo_random_hover_82,1700,-500.07053527832034,-447.6229553222656,60.44658094083723,128
ppo_random_hover_82,1800,-498.3242269897461,-442.83709716796875,51.757560265486404,128
ppo_random_hover_82,1900,-506.31087615966794,-445.7950439453125,69.8332820049052,128
ppo_random_hover_82,2000,-506.2633126831055,-446.666748046875,74.30408673712894,128
ppo_random_hover_83,0,-5.394093171649036,-0.037374310195446014,4.4910590206551495,1024
ppo_random_hover_83,100,-512.9464263916016,-453.3565368652344,58.67320090944673,1024
ppo_random_hover_83,200,-523.2049798583985,-443.9814758300781,86.19446464111233,1024
ppo_random_hover_83,300,-525.4820202636719,-453.64178466796875,70.01859452063553,1024
ppo_random_hover_83,400,-520.9412887573242,-452.5899963378906,65.63315940589574,1024
ppo_random_hover_83,500,-514.0885525512696,-453.25048828125,53.03105783762237,1024
ppo_random_hover_83,600,-510.96339599609377,-454.8411560058594,51.1098873106128,1024
ppo_random_hover_83,700,-521.8678436279297,-447.7442321777344,80.78446891270904,1024
ppo_random_hover_83,800,-522.6978698730469,-453.5423278808594,91.94816132435582,1024
ppo_random_hover_83,900,-525.9377856445312,-447.4682312011719,155.75722494561626,1024
ppo_random_hover_83,1000,-526.0885140991211,-449.1077880859375,103.60345871824335,1024
ppo_random_hover_83,1100,-516.7775234985352,-448.84332275390625,87.0556907636486,1024
ppo_random_hover_83,1200,-518.5295220947265,-443.85546875,90.44112104719257,1024
ppo_random_hover_83,1300,-516.3324044799805,-451.4584655761719,67.37237120243914,1024
ppo_random_hover_83,1400,-527.3321334838868,-445.8584899902344,77.95578146177498,1024
ppo_random_hover_83,1500,-517.6145715332032,-452.7240295410156,60.858004273393924,1024
ppo_random_hover_83,1600,-521.6832867431641,-450.4472351074219,76.66651576009629,1024
ppo_random_hover_83,1700,-513.2255444335938,-451.0318298339844,44.579161022667094,1024
ppo_random_hover_83,1800,-508.31284790039064,-444.8127746582031,48.61486879143308,1024
ppo_random_hover_83,1900,-512.6558062744141,-450.2416076660156,50.728665855652245,1024
ppo_random_hover_83,2000,-514.6279986572266,-451.7036437988281,51.88082384234147,1024
ppo_random_hover_84,0,-9.32515632390976,-1.670973539352417,3.874328028753072,8196
ppo_random_hover_84,100,-418.65624572753904,-396.2551574707031,10.774907159182343,8196
ppo_random_hover_84,200,-454.85006042480467,-420.2541198730469,15.139136190542533,8196
ppo_random_hover_84,300,-431.758359375,-405.7002258300781,15.621286660816311,8196
ppo_random_hover_84,400,-418.84017272949217,-399.4705810546875,9.22365229385017,8196
ppo_random_hover_84,500,-425.0068734741211,-398.7891540527344,16.719127579661105,8196
ppo_random_hover_84,600,-476.11346832275393,-402.3223571777344,90.05066299463432,8196
ppo_random_hover_84,700,-522.559115600586,-402.4750061035156,132.82616992804523,8196
ppo_random_hover_84,800,-507.2019930267334,-108.4729995727539,180.97111611868013,8196
ppo_random_hover_84,900,-441.6060472869873,-63.583831787109375,171.1412319182878,8196
ppo_random_hover_84,1000,-338.94821941375733,-36.36627960205078,197.23701657508752,8196
ppo_random_hover_84,1100,-310.3483463287354,-8.822532653808594,200.006890779327,8196
ppo_random_hover_84,1200,-234.1982803940773,12.073522567749023,196.49979094345082,8196
ppo_random_hover_84,1300,-143.74722489356995,19.798755645751953,142.76225859389336,8196
ppo_random_hover_84,1400,-166.03865256905556,15.970465660095215,174.82107946686295,8196
ppo_random_hover_84,1500,-131.22168477058412,13.607585906982422,161.15862309622938,8196
ppo_random_hover_84,1600,-91.79078777641058,25.231067657470703,113.09406095387362,8196
ppo_random_hover_84,1700,-89.1438967692852,28.470537185668945,126.70588044226139,8196
ppo_random_hover_84,1800,-86.88693838536739,32.64055633544922,128.10558390467875,8196
ppo_random_hover_84,1900,-112.64199710715562,40.14339828491211,151.4327816574664,8196
ppo_random_hover_84,2000,-102.16027209639549,12.471824645996094,150.2379248608639,8196
ppo_random_hover_85,0,-6.916381021473734,-0.008336100727319717,7.404510098607542,2048
ppo_random_hover_85,100,-661.7653952026367,-460.72515869140625,254.28346523234958,2048
ppo_random_hover_85,200,-661.580534362793,-458.4238586425781,319.3689068637709,2048
ppo_random_hover_85,300,-657.3934600830078,-456.48040771484375,216.85409880591976,2048
ppo_random_hover_85,400,-676.3256344604492,-483.07110595703125,192.11421963617346,2048
ppo_random_hover_85,500,-648.1829141235352,-484.9784240722656,122.77624916337541,2048
ppo_random_hover_85,600,-676.9980795288086,-498.9133605957031,130.02238736852624,2048
ppo_random_hover_85,700,-659.0625231933594,-486.0602111816406,108.2051886422154,2048
ppo_random_hover_85,800,-677.0144821166992,-494.2154541015625,126.37469263106661,2048
ppo_random_hover_85,900,-673.8732647705078,-487.73541259765625,132.47972213889128,2048
ppo_random_hover_85,1000,-704.2924310302734,-492.24407958984375,149.34679237043528,2048
ppo_random_hover_85,1100,-664.2654556274414,-473.05328369140625,131.5329144767366,2048
ppo_random_hover_86,0,-14.704105792045594,-2.4868783950805664,13.52463096321504,4096
ppo_random_hover_86,100,-532.9039288330079,-415.3046875,161.3801281522683,4096
ppo_random_hover_86,200,-520.7948181152344,-409.437744140625,158.60876648066386,4096
ppo_random_hover_86,300,-514.083637084961,-417.959716796875,99.95517684250778,4096
ppo_random_hover_86,400,-523.4813391113281,-406.56683349609375,158.04953316923928,4096
ppo_random_hover_86,500,-527.8974578857421,-405.4560546875,148.67877601235907,4096
ppo_random_hover_86,600,-543.3629180908204,-430.3721008300781,101.34623375284465,4096
ppo_random_hover_86,700,-529.5560522460937,-424.6772155761719,86.61823134080731,4096
ppo_random_hover_86,800,-516.7112506103516,-405.296630859375,80.88972807138086,4096
ppo_random_hover_86,900,-517.7015185546875,-397.79522705078125,93.11728365555608,4096
ppo_random_hover_86,1000,-525.5178720092773,-417.8880310058594,166.14174867455193,4096
ppo_random_hover_86,1100,-531.7234817504883,-416.5306396484375,206.74871995924383,4096
ppo_random_hover_86,1200,-512.6616384887695,-408.4806213378906,116.82233486502248,4096
ppo_random_hover_86,1300,-510.88431945800784,-424.201904296875,69.54033660595853,4096
ppo_random_hover_86,1400,-511.4548992919922,-398.3773193359375,125.39424137612264,4096
ppo_random_hover_86,1500,-526.9911053466797,-415.3165588378906,120.73615162712446,4096
ppo_random_hover_86,1600,-535.230592956543,-411.33709716796875,108.13743183310768,4096
ppo_random_hover_86,1700,-538.2306875610352,-407.2728271484375,107.75559396857051,4096
ppo_random_hover_86,1800,-583.3487054443359,-427.5050964355469,145.14968883975425,4096
ppo_random_hover_86,1900,-585.9877700805664,-439.6070556640625,169.21407965116975,4096
ppo_random_hover_86,2000,-607.7083837890625,-456.03057861328125,245.06582431632987,4096
ppo_random_hover_89,0,-5.945923676093419,-0.4238554835319519,5.55408783082764,64
ppo_random_hover_89,100,-412.2649948120117,-395.6452331542969,9.347832281366104,64
ppo_random_hover_89,200,-416.06802947998045,-396.8536682128906,9.956749721452221,64
ppo_random_hover_89,300,-420.3384030151367,-399.6589660644531,9.394742009620444,64
ppo_random_hover_89,400,-428.75247344970705,-399.4970397949219,15.173060739765614,64
ppo_random_hover_89,500,-445.01022247314455,-406.2283935546875,21.22540414480932,64
ppo_random_hover_89,600,-467.3968267822266,-404.7109375,33.684785016746886,64
ppo_random_hover_89,700,-484.9599728393555,-409.405517578125,33.461680792271096,64
ppo_random_hover_89,800,-486.977109375,-429.2218017578125,27.494082222380356,64
ppo_random_hover_89,900,-498.7185791015625,-434.8311462402344,32.3735432693243,64
ppo_random_hover_89,1000,-500.02964447021486,-435.1717834472656,28.881128578446,64
ppo_random_hover_89,1100,-518.9260861206054,-420.88623046875,47.69495205928645,64
ppo_random_hover_89,1200,-582.8301544189453,-374.2229919433594,91.48814648653028,64
ppo_random_hover_89,1300,-584.5084219360351,-209.479248046875,136.2542888344805,64
ppo_random_hover_89,1400,-583.5681628417968,-257.5173034667969,152.64228306159663,64
ppo_random_hover_89,1500,-585.2089920043945,-189.00796508789062,154.19231087801248,64
ppo_random_hover_89,1600,-469.69029052734373,-182.49041748046875,175.3389119538021,64
ppo_random_hover_89,1700,-464.53229858398436,-158.94081115722656,152.17331872569878,64
ppo_random_hover_89,1800,-491.168030090332,-229.8213348388672,199.2963474975319,64
ppo_random_hover_89,1900,-483.250859375,-154.63560485839844,192.27959321366365,64
ppo_random_hover_89,2000,-437.1362309265137,-168.39073181152344,162.611083461005,64
ppo_random_hover_90,0,-7.4008242565393445,-0.4352561831474304,3.7457947637441884,4096
ppo_random_hover_90,100,-416.07838165283204,-394.1923828125,10.71922743361433,4096
ppo_random_hover_90,200,-421.6784164428711,-394.7951354980469,13.032255526460364,4096
ppo_random_hover_90,300,-454.6472515869141,-402.5065002441406,29.575322054743662,4096
ppo_random_hover_90,400,-469.0018115234375,-399.0097961425781,29.56889719104891,4096
ppo_random_hover_90,500,-463.35469696044925,-397.634765625,33.00509350688069,4096
ppo_random_hover_90,600,-467.71403930664064,-404.595703125,34.187503758606184,4096
ppo_random_hover_90,700,-459.83883697509765,-399.354248046875,34.04534561743611,4096
ppo_random_hover_90,800,-478.7169613647461,-409.8940734863281,47.99449219436956,4096
ppo_random_hover_90,900,-490.84063415527345,-405.55291748046875,53.80745367167125,4096
ppo_random_hover_90,1000,-493.6125598144531,-402.56561279296875,54.61604513489044,4096
ppo_random_hover_90,1100,-490.5023321533203,-412.0815734863281,51.174057066808516,4096
ppo_random_hover_90,1200,-498.4682064819336,-409.966796875,53.37758639873141,4096
ppo_random_hover_90,1300,-484.1708248901367,-404.819091796875,51.75432452167679,4096
ppo_random_hover_90,1400,-490.2762744140625,-402.00811767578125,54.359737525380346,4096
ppo_random_hover_90,1500,-504.95904052734375,-406.52740478515625,52.78215239094108,4096
ppo_random_hover_90,1600,-493.96226287841796,-401.3832092285156,50.80207269074227,4096
ppo_random_hover_90,1700,-500.17303863525393,-405.43853759765625,52.66034248545788,4096
ppo_random_hover_90,1800,-491.80968017578124,-408.45172119140625,51.76225348310604,4096
ppo_random_hover_90,1900,-493.9235848999023,-410.6557312011719,57.97996866854767,4096
ppo_random_hover_90,2000,-489.5883822631836,-402.8409423828125,54.985390438059305,4096
ppo_random_hover_92,0,-7.123422924074388,-0.037374310195446014,7.295819832480061,1024
ppo_random_hover_92,100,-570.7671652221679,-453.7947692871094,172.52358111099193,1024
ppo_random_hover_92,200,-570.4431234741211,-446.01702880859375,193.27800147596375,1024
ppo_random_hover_92,300,-556.0708929443359,-444.0499267578125,144.17861283341196,1024
ppo_random_hover_92,400,-563.9307382202148,-455.9981689453125,175.6125770317395,1024
ppo_random_hover_92,500,-596.2563287353515,-458.6379699707031,139.39401975509546,1024
ppo_random_hover_92,600,-640.9457379150391,-467.8515930175781,151.52487157814198,1024
ppo_random_hover_92,700,-681.7674703979492,-467.72747802734375,147.74126951399396,1024
ppo_random_hover_93,0,-7.450268322229386,-0.4454389810562134,3.765681044106907,4096
ppo_random_hover_93,100,-409.32739501953125,-393.1770324707031,7.922748733845187,4096
ppo_random_hover_93,200,-420.55955200195314,-398.44378662109375,12.11013269848121,4096
ppo_random_hover_93,300,-507.09518341064455,-425.32659912109375,35.43796035242797,4096
ppo_random_hover_93,400,-241.2828630065918,-69.9307632446289,110.80203780045747,4096
ppo_random_hover_93,500,-66.69379762649537,-18.710756301879883,23.357834950823513,4096
ppo_random_hover_93,600,-15.923167588710784,17.035017013549805,18.572253065166123,4096
ppo_random_hover_93,700,-1.302318693548441,27.56962776184082,17.66465277202819,4096
ppo_random_hover_93,800,-0.10982547640800476,31.380531311035156,18.650891622846707,4096
ppo_random_hover_93,900,-0.08505786210298538,28.064376831054688,15.85612643823903,4096
ppo_random_hover_93,1000,0.30037431448698043,26.652568817138672,14.831131618236867,4096
ppo_random_hover_93,1100,-2.234344637002796,29.33397102355957,16.595934477422542,4096
ppo_random_hover_93,1200,-1.8657664685696362,30.99725341796875,18.362039533237976,4096
ppo_random_hover_93,1300,-1.3854900477826595,30.150171279907227,19.657252195758605,4096
ppo_random_hover_93,1400,0.11872950673103333,27.27642059326172,16.089738638603038,4096
ppo_random_hover_93,1500,2.0317500327713787,29.518634796142578,16.964858067088546,4096
ppo_random_hover_93,1600,-1.053070276081562,30.68315887451172,17.19973700142427,4096
ppo_random_hover_93,1700,-0.1467039269953966,30.85557746887207,18.012123955130296,4096
ppo_random_hover_93,1800,2.3396168318390846,33.28113555908203,17.57635154614189,4096
ppo_random_hover_93,1900,2.3654291623830797,34.82835388183594,17.058821716779327,4096
ppo_random_hover_93,2000,3.555488818585873,30.283233642578125,17.326953481184777,4096
ppo_random_hover_94,0,-5.921169479155824,-0.037374310195446014,4.826796717268021,1024
ppo_random_hover_94,100,-491.42738739013674,-400.0281982421875,85.09278915619194,1024
ppo_random_hover_94,200,-476.46328125,-407.6200866699219,54.3859084286928,1024
ppo_random_hover_94,300,-477.36973266601564,-405.68426513671875,53.553702945544295,1024
ppo_random_hover_94,400,-474.4281332397461,-408.3906555175781,44.3373319837142,1024
ppo_random_hover_94,500,-478.83018676757814,-408.1322937011719,88.81016413594895,1024
ppo_random_hover_94,600,-488.5535244750977,-410.19268798828125,73.25495796960658,1024
ppo_random_hover_94,700,-471.4447998046875,-401.13641357421875,48.186799934824236,1024
ppo_random_hover_94,800,-477.82771759033204,-403.93505859375,45.046333251806516,1024
ppo_random_hover_94,900,-475.2502798461914,-406.93017578125,43.059554491387765,1024
ppo_random_hover_94,1000,-478.2851760864258,-405.61614990234375,61.56538137424538,1024
ppo_random_hover_94,1100,-476.7788787841797,-416.8006286621094,39.547600411625815,1024
ppo_random_hover_94,1200,-470.0229019165039,-404.69097900390625,30.01672143026696,1024
ppo_random_hover_94,1300,-468.0957620239258,-405.8802490234375,36.80048213085334,1024
ppo_random_hover_94,1400,-475.9310647583008,-411.4712219238281,36.02873445152554,1024
ppo_random_hover_94,1500,-483.47654998779296,-414.6236877441406,59.14150849580353,1024
ppo_random_hover_94,1600,-475.01403045654297,-395.8367004394531,44.12645543579579,1024
ppo_random_hover_94,1700,-477.71239593505857,-407.59417724609375,38.72457576929598,1024
ppo_random_hover_94,1800,-474.6668054199219,-410.6171875,41.714481791369934,1024
ppo_random_hover_94,1900,-482.57155334472657,-403.3888854980469,59.127253281418504,1024
ppo_random_hover_94,2000,-493.04374603271486,-408.3319396972656,96.49238125809116,1024
ppo_random_hover_95,0,-6.0710881898800535,-0.45120343565940857,5.561494006213991,64
ppo_random_hover_95,100,-453.12525817871096,-406.6805419921875,20.25523888905509,64
ppo_random_hover_95,200,-452.9168988037109,-408.0054626464844,19.057066289443537,64
ppo_random_hover_95,300,-452.4129153442383,-406.3147888183594,20.07910299410749,64
ppo_random_hover_95,400,-452.3831341552734,-409.9410705566406,21.77615300728631,64
ppo_random_hover_95,500,-454.8412844848633,-405.7048034667969,20.375163385509772,64
ppo_random_hover_95,600,-450.2705853271484,-408.3448181152344,20.277918404425233,64
ppo_random_hover_95,700,-452.4489291381836,-409.0511169433594,17.93484960267604,64
ppo_random_hover_95,800,-452.6518218994141,-407.601806640625,20.536219458808556,64
ppo_random_hover_95,900,-452.41389739990234,-409.14312744140625,19.696314042655892,64
ppo_random_hover_95,1000,-451.9438226318359,-413.5470275878906,18.798359724004403,64
ppo_random_hover_95,1100,-452.6378659057617,-407.92822265625,19.93138689640949,64
ppo_random_hover_95,1200,-451.8810589599609,-409.2558898925781,19.827002229800357,64
ppo_random_hover_95,1300,-454.609111328125,-411.2981262207031,18.26607200741054,64
ppo_random_hover_95,1400,-453.09018371582033,-411.7117614746094,20.248083696262434,64
ppo_random_hover_95,1500,-454.61149993896487,-406.4171447753906,18.816164630217845,64
ppo_random_hover_95,1600,-453.94200103759766,-407.63519287109375,19.15113964352299,64
ppo_random_hover_95,1700,-452.47172302246094,-402.7729797363281,20.575309218549037,64
ppo_random_hover_95,1800,-452.8206945800781,-407.3392333984375,19.1511854581532,64
ppo_random_hover_95,1900,-454.8597161865234,-411.7210693359375,19.289792148180027,64
ppo_random_hover_95,2000,-452.4888461303711,-400.2928771972656,20.873917574882206,64
ppo_random_hover_96,0,-4.612559276743836,0.026247575879096985,4.261138618868808,2048
ppo_random_hover_96,100,-418.84868225097654,-394.933349609375,12.535189928411054,2048
ppo_random_hover_96,200,-437.470754699707,-398.64398193359375,18.59334771142997,2048
ppo_random_hover_96,300,-447.9112219238281,-397.6967468261719,16.501971483948235,2048
ppo_random_hover_96,400,-643.0306918334961,-410.9971618652344,171.50871212978814,2048
ppo_random_hover_96,500,-731.2134982299805,-433.7695617675781,158.49195078277438,2048
ppo_random_hover_96,600,-259.51757385253904,-78.70208740234375,191.0214981989226,2048
ppo_random_hover_96,700,-90.92091222763061,-15.965085983276367,91.1743111952993,2048
ppo_random_hover_96,800,-131.29320308685303,-34.9617805480957,160.38966813521404,2048
ppo_random_hover_96,900,-115.47025543212891,-41.496910095214844,85.81810555794257,2048
ppo_random_hover_96,1000,-96.29288179397582,-28.077442169189453,59.62338307334391,2048
ppo_random_hover_96,1100,-95.42086864471436,-13.878089904785156,125.63573365029679,2048
ppo_random_hover_96,1200,-57.84099413394928,-6.839841365814209,59.936743353440335,2048
ppo_random_hover_96,1300,-45.287817840576174,2.698057174682617,25.17278464166148,2048
ppo_random_hover_96,1400,-43.75445524215698,4.562066555023193,21.024795145379652,2048
ppo_random_hover_96,1500,-48.90787529230118,1.7736399173736572,30.327641384884767,2048
ppo_random_hover_96,1600,-37.12746257781983,8.427253723144531,37.08903797957168,2048
ppo_random_hover_96,1700,-30.06161841392517,6.193249225616455,16.694094919370094,2048
ppo_random_hover_96,1800,-20.017023147046565,23.763425827026367,18.59012327637727,2048
ppo_random_hover_96,1900,-18.18175053998828,16.89033317565918,16.910396033720634,2048
ppo_random_hover_96,2000,-19.042999048531055,15.154696464538574,18.79642317721055,2048
ppo_random_hover_97,0,-5.921164408503544,-0.037374310195446014,4.836700270304818,1024
ppo_random_hover_97,100,-595.668359375,-457.31573486328125,129.1801856820643,1024
ppo_random_hover_97,200,-586.7762286376953,-457.7359619140625,123.9625931242078,1024
ppo_random_hover_97,300,-605.2256295776367,-458.2059631347656,195.83413455468508,1024
ppo_random_hover_97,400,-586.8428311157227,-458.9174499511719,178.16624102822564,1024
ppo_random_hover_97,500,-613.7313714599609,-463.0547790527344,202.94036674449524,1024
ppo_random_hover_97,600,-601.8301901245118,-463.80926513671875,144.14925584804072,1024
ppo_random_hover_97,700,-601.0022286987305,-463.0260314941406,125.31037110074129,1024
ppo_random_hover_97,800,-655.3196731567383,-465.2932434082031,327.81746208997794,1024
ppo_random_hover_97,900,-580.6997143554687,-466.29229736328125,107.70776589885661,1024
ppo_random_hover_97,1000,-594.7164340209961,-466.10064697265625,122.82421856324795,1024
ppo_random_hover_97,1100,-626.3226989746094,-467.9520263671875,200.49811835335302,1024
ppo_random_hover_97,1200,-654.3812219238281,-459.1371154785156,323.4261280781434,1024
ppo_random_hover_97,1300,-590.2682168579101,-466.3370666503906,189.67434989629888,1024
ppo_random_hover_97,1400,-625.2456814575195,-463.121337890625,251.9781915665694,1024
ppo_random_hover_97,1500,-613.4117877197266,-458.54559326171875,196.97983364869813,1024
ppo_random_hover_97,1600,-637.7451440429687,-457.782470703125,319.65952373706443,1024
ppo_random_hover_97,1700,-623.5741036987305,-471.70947265625,195.7700104432714,1024
ppo_random_hover_97,1800,-638.2435702514648,-460.99658203125,241.819537091352,1024
ppo_random_hover_97,1900,-615.1307894897461,-462.423828125,247.04416690717744,1024
ppo_random_hover_97,2000,-679.7728225708008,-459.800537109375,339.0191140258256,1024
ppo_random_hover_98,0,-27.014431402683257,-2.9829883575439453,15.291104197781442,4096
ppo_random_hover_98,100,-573.7841552734375,-462.2516174316406,237.99292442704302,4096
ppo_random_hover_98,200,-553.3164093017579,-462.6659240722656,132.3560884733267,4096
ppo_random_hover_98,300,-542.5879760742188,-459.01544189453125,94.15313509839706,4096
ppo_random_hover_98,400,-589.8807720947266,-460.44970703125,166.91843893492384,4096
ppo_random_hover_98,500,-613.4724655151367,-463.31683349609375,183.96621355530246,4096
ppo_random_hover_98,600,-639.124072265625,-472.501708984375,171.49320404558793,4096
ppo_random_hover_98,700,-777.510528869629,-498.595703125,294.9505414143166,4096
ppo_random_hover_98,800,-801.7736407470703,-515.9680786132812,263.898135477321,4096
ppo_random_hover_98,900,-838.8660852050781,-510.73150634765625,285.7259572571514,4096
ppo_random_hover_98,1000,-724.6814715576172,-505.153564453125,157.72256353846535,4096
ppo_random_hover_98,1100,-704.7047900390625,-498.9072265625,189.67843830591443,4096
ppo_random_hover_98,1200,-720.1255651855469,-513.403564453125,235.55143893033838,4096
ppo_random_hover_98,1300,-717.4411993408203,-509.36322021484375,200.38804318272557,4096
ppo_random_hover_99,0,-5.614720289905866,-0.36701634526252747,5.325857331154329,64
ppo_random_hover_99,100,-455.6389218139648,-401.857177734375,16.71210222375888,64
ppo_random_hover_99,200,-469.19464813232423,-425.6477355957031,18.756027495646503,64
ppo_random_hover_99,300,-500.58042785644534,-433.7532043457031,40.58390520894759,64
ppo_random_hover_99,400,-515.4895111083985,-438.2697448730469,46.91864212290394,64
ppo_random_hover_99,500,-558.0301657104492,-429.4471740722656,126.52680450587741,64
ppo_random_hover_99,600,-571.752474975586,-423.0361328125,125.85304894980568,64
ppo_random_hover_99,700,-604.421022644043,-434.2947998046875,150.78804680848253,64
ppo_random_hover_99,800,-586.9696975708008,-423.0608825683594,134.41099417664933,64
ppo_random_hover_99,900,-591.3068896484375,-396.63739013671875,147.09499514212288,64
ppo_random_hover_99,1000,-585.7443319702148,-382.105712890625,139.28830693331682,64
ppo_random_hover_99,1100,-576.2081607055665,-294.38397216796875,142.697835802693,64
ppo_random_hover_99,1200,-585.2239764404297,-331.7312316894531,131.34551205329342,64
ppo_random_hover_99,1300,-567.2455435180664,-341.2376708984375,121.25648282236997,64
ppo_random_hover_99,1400,-551.8213049316406,-346.2288513183594,115.33066568750054,64
ppo_random_hover_99,1500,-535.0508578491211,-266.5741882324219,136.08056225478745,64
ppo_random_hover_99,1600,-550.6880819702149,-293.949462890625,122.57231601013397,64
ppo_random_hover_99,1700,-510.7336068725586,-270.1956787109375,125.9915280024138,64
ppo_random_hover_99,1800,-507.92335723876954,-253.31527709960938,139.1591966546938,64
ppo_random_hover_99,1900,-504.5127542114258,-199.90518188476562,121.81762653275028,64
ppo_random_hover_99,2000,-459.4947476196289,-268.4581298828125,106.56355330200864,64
ppo_random_hover_100,0,-6.0457664132118225,-0.397027850151062,5.590250492496177,64
ppo_random_hover_100,100,-448.24742309570314,-408.59649658203125,19.968502258772787,64
ppo_random_hover_100,200,-456.78949157714845,-413.8717346191406,21.463299863036042,64
ppo_random_hover_100,300,-479.86884033203125,-434.2107238769531,26.024348351553588,64
ppo_random_hover_100,400,-487.7002517700195,-420.6941833496094,24.278360200518055,64
ppo_random_hover_100,500,-659.273844909668,-498.8518981933594,113.85888167902692,64
ppo_random_hover_100,600,-656.0472253417969,-377.24993896484375,141.43543050324135,64
ppo_random_hover_100,700,-696.437269897461,-442.9047546386719,121.86848583696195,64
ppo_random_hover_100,800,-652.0053329467773,-498.7915954589844,79.10542523583257,64
ppo_random_hover_100,900,-646.5137380981446,-451.19677734375,67.58784425182554,64
ppo_random_hover_100,1000,-573.5392596435547,-363.6056213378906,73.64600880332073,64
ppo_random_hover_100,1100,-543.962398071289,-394.5076599121094,90.87638281199342,64
ppo_random_hover_100,1200,-545.7287393188476,-413.61676025390625,69.77156421062776,64
ppo_random_hover_100,1300,-511.7065588378906,-353.6900329589844,86.72021612956891,64
ppo_random_hover_100,1400,-473.74230712890625,-337.3111877441406,68.96398561790853,64
ppo_random_hover_100,1500,-231.44839263916015,-90.72694396972656,82.35721250367088,64
ppo_random_hover_100,1600,-124.5611039352417,-45.2083854675293,79.5422854442832,64
ppo_random_hover_100,1700,-101.05737878799438,-27.838830947875977,45.576058551754656,64
ppo_random_hover_100,1800,-41.620651812553405,-3.449388027191162,21.094904208202596,64
ppo_random_hover_100,1900,-45.55922902822495,-1.806030511856079,32.80374422028017,64
