id_run_name,iteration,reward,max_reward,std_reward,num_envs_train,mean_Episode_Reward/rew_attitude_stability2,mean_Episode_Reward/rew_ang_vel_stability4,mean_Episode_Reward/rew_pos2,mean_Episode_Reward/rew_action_rate,mean_Episode_Reward/rew_heading,mean_Episode_Reward/rew_track_vel3,mean_Episode_Termination/time_out,mean_Episode_Termination/below_min_altitude,mean_Episode_Termination/bad_attitude,mean_Episode_Termination/safety_shutdown
ppo_random_command14_1,0,8.45260108947754,24.226543426513672,4.890102102886668,8196,0.043261801460175775,0.029347853816943825,0.05031126390076679,-3.056244427451782e-06,0.03505291599276461,0.09751601722484793,0.02550215018891322,0.006741093221990013,0.4091096251727322,0.0
ppo_random_command14_1,100,36.38365685224533,83.59708404541016,19.960881646469414,8196,0.22255614900495857,0.1560681517003104,0.10008299228502437,-7.870740606819027e-06,0.14429091068450361,0.8581945039331913,0.0,0.7202799073420465,0.27947035199031234,0.00024974072721306584
ppo_random_command14_1,200,38.84264178276062,96.36140441894531,16.98471289955918,8196,0.2183290822431445,0.15113537048455328,0.1007163975154981,-4.254147841109557e-06,0.18271442805416882,0.8535046461038291,0.0,0.8067092425189912,0.19329074257984757,0.0
ppo_random_command14_1,300,44.54521422386169,141.41427612304688,22.343766864012032,8196,0.2572095312643796,0.16246917145326734,0.10876893298700452,-4.032301783141179e-06,0.19389520888216794,1.0830759801901877,0.0,0.7670452771708369,0.23295472282916307,0.0
ppo_random_command14_1,400,48.90876040458679,134.37509155273438,27.802438659461156,8196,0.28095071122515947,0.17089600616600364,0.11213285685516894,-4.462384975312261e-06,0.21244928345549852,1.1864301664754748,0.0,0.7808115165680647,0.21907981240656227,0.00010866581260415842
ppo_random_command14_1,500,53.135949211120604,164.2366180419922,30.712869192392684,8196,0.29356337152421474,0.17514897987712175,0.11346338491421193,-4.867912458905721e-06,0.21940061973873526,1.2521750638261437,5.433290630207921e-05,0.7846062402240932,0.2148151472210884,0.0005242648767307401
ppo_random_command14_1,600,56.4566592168808,133.73768615722656,28.65160196049074,8196,0.2878467934206128,0.17148638924118131,0.11237246711971238,-5.252148941536916e-06,0.21967719192616642,1.2331265388056636,0.00012201073695905507,0.7720315116457641,0.2271086941473186,0.0007377836764135282
ppo_random_command14_1,700,51.4037068939209,130.1210174560547,27.23685069006379,8196,0.3034801478497684,0.17451231961604208,0.11469109723111615,-5.911051417228919e-06,0.22718780778814107,1.2739069014787674,0.0,0.7714834166690707,0.22756432788446546,0.0009522556583760888
ppo_random_command14_1,800,51.820863304138186,149.5646514892578,29.179182972484934,8196,0.3125240649096668,0.17631797562353313,0.11566301470156759,-6.556513277189424e-06,0.23534473753534257,1.3049452439881861,0.00038604959740951017,0.7794017209671438,0.21891395351849496,0.0012982704738533357
ppo_random_command14_1,900,60.22984218597412,204.4464111328125,37.0631571929023,8196,0.33193395903799683,0.18083405680954456,0.11862289387499914,-7.580135168439028e-06,0.24284544261172414,1.3646800401620567,0.001032325203595974,0.7686228374950588,0.22836502315476537,0.0019798148332483834
ppo_random_command14_1,1000,59.838910255432125,157.4574737548828,30.641479772087177,8196,0.36733341962099075,0.19200894446112216,0.12068369053304195,-8.916611495379811e-06,0.26230474712792784,1.474669937044382,0.0022076317291066516,0.749567243270576,0.24429695261642337,0.003928173799067736
ppo_random_command14_1,1100,62.33106583595276,192.53173828125,36.5186306913536,8196,0.3844094255473465,0.19652561703696847,0.12189818156184629,-1.00639568891836e-05,0.2704331789864227,1.5380343808792531,0.006340745487250388,0.7389218090102077,0.24552277894690633,0.009214669997163583
ppo_random_command14_1,1200,60.816026730537416,188.65487670898438,40.15492528568443,8196,0.3969460077350959,0.1994055559625849,0.12100278498837724,-1.1191516350095299e-05,0.2785756216617301,1.5748054455034435,0.00956735757063143,0.7085544876754284,0.26984008494764566,0.012038074899464846
ppo_random_command14_1,1300,62.61545617103577,248.89236450195312,41.26774601519177,8196,0.41283226595260203,0.20450997073203325,0.12116864946438,-1.2326612036872575e-05,0.2809595169965178,1.6157183134928346,0.012645268812775612,0.6855202005244792,0.28294765716418624,0.01888688004692085
ppo_random_command14_1,1400,64.82248479843139,189.75099182128906,44.99943811288181,8196,0.42997923912480474,0.2100011871661991,0.12240027933148667,-1.3825967172920173e-05,0.2918928946601227,1.6780491475947201,0.014424910303205252,0.6789030260406435,0.2815454872325063,0.025126585736870766
ppo_random_command14_1,1500,71.66333253383637,211.960205078125,44.07796127208946,8196,0.45668988092802465,0.2178610551636666,0.12249371025245637,-1.5837731503154373e-05,0.31026636820752174,1.779295071028173,0.01747994404286146,0.6709456401877105,0.28069331869482994,0.03088110825046897
ppo_random_command14_1,1600,69.99308841228485,194.64808654785156,46.60213383899502,8196,0.46474750502966344,0.2192806708626449,0.1210474741528742,-1.7515981056703822e-05,0.31845700077246875,1.8164388025179505,0.024566099047660828,0.6485690670087934,0.2854402977973223,0.04142455291002989
ppo_random_command14_1,1700,80.3802695941925,237.61502075195312,55.508624949745816,8196,0.4887926783412695,0.22707331995479763,0.12281697354046628,-1.923505435286188e-05,0.3273739560972899,1.877665494568646,0.029604761861264706,0.637674845289439,0.28131767036393285,0.051402741111814976
ppo_random_command14_1,1800,67.20313982963562,197.39830017089844,47.232929577442704,8196,0.4919735713629052,0.22539535141550004,0.12141626817174256,-2.07873984763296e-05,0.33042168500833213,1.9097413839772344,0.044852291233837605,0.6174152889288962,0.28372833505272865,0.054004047851776704
ppo_random_command14_1,1900,80.05271026134491,263.60821533203125,67.93322977698115,8196,0.5317398204933852,0.23773653991520405,0.12182576983468607,-2.379247390393857e-05,0.3526547265937552,2.0514874048531055,0.056555790826678276,0.6061740992590785,0.27886601770296693,0.058404062408953905
ppo_random_command14_1,2000,85.18594232559204,238.22764587402344,63.15809531364844,8196,0.5574085700791329,0.24595336546190083,0.12250248831696808,-2.6331415689639925e-05,0.3688798483926803,2.1336102103814483,0.0659820712171495,0.5993643766269088,0.26626650569960475,0.06838701665401459
ppo_random_command14_1,2100,80.58038352966308,250.72340393066406,56.326921735876844,8196,0.5808547675842419,0.25511569646187127,0.12446249672211707,-2.914466035974783e-05,0.381087958230637,2.215100985020399,0.07839666545623913,0.58763323770836,0.2686047265306115,0.06536534521728754
ppo_random_command14_1,2200,101.41812750816345,248.63726806640625,62.25507324298917,8196,0.6232655018102378,0.27282746380660683,0.12422483874252066,-3.289524696015178e-05,0.4060567815322429,2.2933663092553616,0.08442475972697139,0.5633121188730001,0.2688802038319409,0.08338290266692638
ppo_random_command14_1,2300,96.52093801021576,253.9751434326172,65.51754094138768,8196,0.6597840964095667,0.28532414603978395,0.12342630058992654,-3.672880862382044e-05,0.42777370719704777,2.4595005530864,0.1023851172067225,0.541929742321372,0.2680366141721606,0.08764851139858365
ppo_random_command14_1,2400,105.88983249664307,241.39126586914062,68.78455931653178,8196,0.700550434179604,0.30463779042474926,0.12461647239979357,-4.136746115079859e-05,0.45479291258379817,2.576523505151272,0.12254072166979313,0.5195741397328675,0.2657908545807004,0.0920942765660584
ppo_random_command14_1,2500,109.90745886802674,264.872802734375,66.9133357982467,8196,0.758416585624218,0.32733161712531,0.12499998562270775,-4.727945376714615e-05,0.4894011521246284,2.8213376961648464,0.157831379910931,0.4971727831289172,0.24868933809921145,0.096306505613029
ppo_random_command14_1,2600,108.85561225414276,264.2217712402344,71.08837090491068,8196,0.8034803592599928,0.34730695781763643,0.13088562845950946,-5.221919974474076e-05,0.5120775636751205,2.9202139945700765,0.18091523461043835,0.484909753780812,0.23440836602821946,0.09976665303111076
ppo_random_command14_1,2700,136.37583608627318,268.22711181640625,70.11122318337848,8196,0.8323079943656921,0.3632969930768013,0.13516200217418373,-5.878267390357905e-05,0.5351120005361736,3.1552382297813892,0.2066318509168923,0.48154397401958704,0.21666627877857536,0.09515788918361068
ppo_random_command14_1,2800,130.00158763885497,271.439697265625,69.15150538718024,8196,0.8984373116400093,0.3889189132023603,0.13033159408951178,-6.435969331164415e-05,0.5665985138621181,3.1674054777249694,0.24459721334278584,0.4203555742278695,0.19121656054630876,0.1438306369818747
ppo_random_command14_1,2900,146.2405211210251,265.0888671875,73.77435947994925,8196,0.9750720076262951,0.4350269492715597,0.13706079695839435,-7.683992788543037e-05,0.6238692346960306,3.686227595433593,0.3156608548015356,0.4175960351713002,0.2115637524984777,0.055179356306325644
ppo_random_command14_1,3000,147.0127405166626,277.6096496582031,80.15937638774862,8196,1.0826924969442189,0.4772232922259718,0.13491374789737165,-9.261134982807562e-05,0.6909452001564205,4.058763789013028,0.41130867088213563,0.3285539550706744,0.18321628030389547,0.07692109438357875
ppo_random_command14_1,3100,155.57765465259553,260.6744689941406,84.03416720316939,8196,1.184001225978136,0.5221472515258938,0.14044039929285645,-0.00010707675573939923,0.7405206717085093,4.3219686802476645,0.5236128848046064,0.2845052001066506,0.13795410562306643,0.053927791013848037
ppo_random_command14_1,3200,166.08414604187013,275.8407897949219,70.70398970939829,8196,1.1432928659487516,0.5275261631468311,0.14532770978985354,-0.00011638455910656376,0.736837399424985,4.274338288232684,0.43971145804971457,0.3065052558667958,0.1705967509187758,0.08318654168397188
ppo_random_command14_1,3300,148.96977242469788,281.8539123535156,52.55250789337681,8196,1.0723043493926525,0.5165539698209614,0.16519865521695465,-0.00012263321559657925,0.7054248980712146,3.6302438769489527,0.2092245784588158,0.321618408896029,0.2400961620733142,0.2290608654730022
ppo_random_command14_1,3400,161.66142349243165,277.8846740722656,43.73949089339183,8196,1.1388493585400283,0.5642943200655282,0.17471861117519438,-0.00015573186209394407,0.760794507805258,3.766612686216831,0.24309686291962862,0.27962763141840696,0.2389742354862392,0.23830127017572522
ppo_random_command14_1,3500,183.13182067871094,287.5427551269531,45.53254398877896,8196,1.2106159352697432,0.606292107142508,0.21643077093176544,-0.00019766726370562537,0.8723190310411155,4.170787556096911,0.2887012246064842,0.33645700803026557,0.2315725702792406,0.14326919708400965
ppo_random_command14_1,3600,211.88702529907226,346.4482727050781,56.70260385377365,8196,1.3381331376731396,0.6782265920192003,0.2543203397653997,-0.0002639751273818547,1.0700884079560637,4.907109132036567,0.3945083683356643,0.2868767832405865,0.2594863325357437,0.0591285009868443
ppo_random_command14_1,3700,254.62373687744142,325.97650146484375,50.31537700508831,8196,1.568968922831118,0.8111801729537547,0.3529786872677505,-0.0003539502499734226,1.3210744471289217,5.966156248003244,0.7230394463986158,0.18203144194558263,0.07729379838565364,0.01763531705364585
ppo_random_command14_1,3800,282.3849969482422,356.5046691894531,56.90766473397577,8196,1.7209480181336403,0.8667348879389465,0.6335771041922271,-0.0004460737404770043,1.5360244875773787,6.680889707058668,0.8395043862983584,0.1528784935362637,0.007617092225700617,0.0
ppo_random_command14_1,3900,284.2293188858032,355.456787109375,60.08648485515495,8196,1.6609413656406105,0.8578429613262415,0.7028750446625054,-0.0005183985729217966,1.5695756124332547,6.6025618221610785,0.8724101022817194,0.11071044905111194,0.016879422590136528,0.0
ppo_random_command14_1,4000,301.43997505187986,362.7161865234375,49.24520588475443,8196,1.7027061227709055,0.8630985296331346,0.852242433000356,-0.0005976484142138361,1.5465258890762925,6.699618943035603,0.8249059957452118,0.16860549803823233,0.00648849283970776,0.0
ppo_random_command14_2,0,5.189424767494201,29.343582153320312,3.501805700909989,8196,0.03617372765165783,0.021661635800228396,0.04561485488375183,-2.518340743273839e-06,0.029194010293394967,0.0632075136545609,0.01516174054268049,0.006304523523340322,0.5460523841627491,0.0
ppo_random_command14_2,100,16.98925901412964,34.01793670654297,8.374000901870481,8196,0.09995620464906096,0.06962867040419951,0.07816880114842206,-8.138969313620237e-06,0.07020622209529392,0.2890618605306372,0.0,0.44807776948437095,0.5519222286529839,0.0
ppo_random_command14_2,200,26.452056851387024,58.719478607177734,11.756638995173105,8196,0.16884198773186654,0.10740651394007728,0.09414659783942625,-8.608529562081912e-06,0.12026906723622233,0.551955807954073,0.0,0.6786599578335881,0.32134007196873426,0.0
ppo_random_command14_2,300,37.30870441913605,77.15332794189453,14.46822223816567,8196,0.20248058857396245,0.12840635643806309,0.11336731753544882,-7.316599088369458e-06,0.16038545744959265,0.8432966987602413,0.0,0.4964731279760599,0.5035268720239401,0.0
ppo_random_command14_2,400,40.00484833717346,80.88812255859375,16.915765608488663,8196,0.21205432200804353,0.13675420283107087,0.12614743324229494,-5.627149359810346e-06,0.17884043382946402,0.988704108633101,0.0,0.4564212067052722,0.5435787932947278,0.0
ppo_random_command14_2,500,44.272153844833376,84.18746185302734,18.761267887825063,8196,0.22931329731363803,0.14344572118716314,0.12818914907984436,-4.938245481866943e-06,0.19564224127680063,1.0821839296258986,0.0,0.4540515299886465,0.5459484700113535,0.0
ppo_random_command14_2,600,49.22297607421875,94.58794403076172,21.2307741226581,8196,0.2451755100628361,0.14982356748078018,0.1301133474917151,-4.421738236004558e-06,0.2078251310158521,1.1556513858959079,0.0,0.4078246932476759,0.5921752769500017,0.0
ppo_random_command14_2,700,51.08143473148346,115.13557434082031,21.838624347325965,8196,0.2713997771497816,0.161063113482669,0.13663789624115452,-4.055774214251073e-06,0.23177217924967408,1.2640304490923882,0.0,0.3892314052209258,0.6107685649767518,0.0
ppo_random_command14_2,800,50.37482635498047,98.75909423828125,21.351843458530244,8196,0.2943980977870524,0.17134994303341955,0.14254509744932875,-3.750934194357569e-06,0.24767554353456944,1.3563362285494804,0.0,0.3728819703683257,0.6271180436015129,0.0
ppo_random_command14_2,900,56.498318634033204,108.64715576171875,20.705006563217307,8196,0.3056550902547315,0.1772885852260515,0.14728565112454817,-3.5771898918568468e-06,0.25199618784245104,1.3977556079626083,0.0,0.41758554987609386,0.5824144203215837,0.0
ppo_random_command14_2,1000,57.862593536376956,98.34712982177734,21.621419897057528,8196,0.321652106475085,0.18487981311045587,0.15058341779513285,-3.3835084281008676e-06,0.2651035626186058,1.4486575098708272,0.0,0.4236260331235826,0.576373937074095,0.0
ppo_random_command14_2,1100,62.41088054656982,151.98692321777344,22.975868162908725,8196,0.33540472202003,0.1905970174120739,0.15292912925360724,-3.252125152286567e-06,0.27013184723909944,1.49895522557199,0.0,0.4263245668262243,0.5736754033714533,0.0
ppo_random_command14_2,1200,62.27213878631592,114.40198516845703,21.73017265810921,8196,0.3460411443375051,0.1939473800593987,0.1547156989108771,-3.236046318022545e-06,0.2801644649589434,1.5461322693154216,0.0,0.41732246428728104,0.5826775059103966,0.0
ppo_random_command14_2,1300,62.11627317428589,103.49372100830078,20.358275004286458,8196,0.3404468453954905,0.19406836689449847,0.15371236280770972,-3.0546719127499955e-06,0.28397481341380626,1.5195563016459346,0.0,0.4252054998651147,0.5747944703325629,0.0
ppo_random_command14_2,1400,63.34194835662842,107.88800811767578,20.546848946490364,8196,0.35805492056533694,0.20135231118183583,0.16060649405699223,-3.030831216221941e-06,0.28971963620278984,1.5963492384180427,0.0,0.4326424337923527,0.5673575364053249,0.0
ppo_random_command14_2,1500,69.01316953659058,150.21044921875,23.929754102753463,8196,0.36733416630886495,0.20694655645638704,0.16145720100030303,-3.1007076550793045e-06,0.2947985107311979,1.6340353013947606,0.0,0.40882842196151614,0.5911715482361615,0.0
ppo_random_command14_2,1600,62.75372281074524,148.62088012695312,23.659544627075668,8196,0.367203468689695,0.2065493423724547,0.1624836332630366,-3.0669046910958286e-06,0.2930291765369475,1.6150096114724874,0.0,0.4139347607269883,0.5860652094706893,0.0
ppo_random_command14_2,1700,65.78728963851928,161.0001983642578,25.304979824302137,8196,0.3637755417730659,0.20646360679529607,0.16292942984728143,-3.105427435201591e-06,0.29988105967640877,1.6140460735186934,0.0,0.40024287160485983,0.5997570985928178,0.0
ppo_random_command14_2,1800,72.93061418533325,138.38307189941406,23.145746497669087,8196,0.3758175508119166,0.21141939528752118,0.16637036023894325,-3.243424307797227e-06,0.30752475385088474,1.660818099975586,0.0,0.4017012808471918,0.5982986893504858,0.0
ppo_random_command14_2,1900,72.24461826324463,162.7322540283203,23.25692637146097,8196,0.3808215691242367,0.21373181184753776,0.16940558003261685,-3.447426188074587e-06,0.312873495509848,1.6825853092595935,0.0,0.3639952060766518,0.6360048237256706,0.0
ppo_random_command14_2,2000,73.83916060447693,140.8761749267578,22.2091489083683,8196,0.3970843779388815,0.22108959429897368,0.17513405461795628,-3.651997356968195e-06,0.31807179539464414,1.749108879826963,0.0,0.4061737358570099,0.5938262343406677,0.0
ppo_random_command14_2,2100,68.50113674163818,125.70076751708984,22.77234162071461,8196,0.38904466782696545,0.21597789553925395,0.17491919524036348,-3.8911127884233565e-06,0.3071140438551083,1.7222747700288892,0.0,0.40392797626554966,0.596071993932128,0.0
ppo_random_command14_2,2200,68.48846244812012,118.08357238769531,20.36784979180209,8196,0.38540681172162294,0.21336670103482902,0.18050925247371197,-4.068226331810365e-06,0.30418239161372185,1.7326539009809494,0.0,0.4010816952213645,0.5989182749763131,0.0
ppo_random_command14_2,2300,75.52357509613037,124.3231430053711,23.01057856416211,8196,0.4172952400986105,0.22375460236798972,0.18789322418160737,-4.472802771715578e-06,0.31247143470682204,1.8301993990316987,0.0,0.3915553279221058,0.6084446422755718,0.0
ppo_random_command14_2,2400,74.25425876617432,172.6911163330078,28.75143035871029,8196,0.42891657119616866,0.22700541571248323,0.1908454765798524,-4.981073317367191e-06,0.31163743091747165,1.8556474298238754,0.0,0.3983183433301747,0.6016816268675029,0.0
ppo_random_command14_2,2500,79.80420248031616,145.2447967529297,26.06684746159126,8196,0.44494936196133494,0.2348366833757609,0.19343847793061286,-5.772268572457051e-06,0.3174335842486471,1.876254903152585,0.0,0.4802790661342442,0.5197209338657558,0.0
ppo_random_command14_2,2600,81.06204509735107,156.0155792236328,28.429981948711024,8196,0.46729527809657156,0.2462896027136594,0.2149657194968313,-7.2075510502145335e-06,0.322083318606019,1.98156160954386,0.0,0.4565022294409573,0.5434977705590427,0.0
ppo_random_command14_2,2700,84.99653779983521,239.89413452148438,35.48023697076394,8196,0.5042515315581113,0.26372156816069037,0.23417793994303793,-8.950272942342963e-06,0.35362917149905115,2.1173372603952885,0.0,0.4175331234000623,0.5824668467976153,0.0
ppo_random_command14_2,2800,91.18389152526855,187.72097778320312,33.67478729062606,8196,0.5317083320114762,0.27263862069230527,0.24832937808241695,-1.1231562545788165e-05,0.3598416799213737,2.1952516678720713,0.00024116184727063228,0.38340730033814907,0.6163515080697834,0.0
ppo_random_command14_2,2900,88.78707090377807,169.9779052734375,32.07136954858286,8196,0.5343806575983763,0.2760086526395753,0.22883470496162772,-1.4088279215229704e-05,0.3696979722008109,2.190090254880488,0.0007253919579852663,0.4216586104594171,0.577615967951715,0.0
ppo_random_command14_2,3000,112.3785280418396,281.8960876464844,49.326333473975325,8196,0.7023224551230669,0.36617232067510486,0.30701570527162403,-2.274488304010447e-05,0.49902601493522525,2.813247185200453,0.011750205885618925,0.4151558210141957,0.5730939460918307,0.0
ppo_random_command14_2,3100,137.7107967376709,303.26312255859375,57.90104636319745,8196,0.8134412192739546,0.4237106788204983,0.35971386928576976,-3.3923888253184487e-05,0.5882132826372981,3.215995818376541,0.030092804692685604,0.43275586562231183,0.5371513073332608,0.0
ppo_random_command14_2,3200,155.87689430236816,331.4794921875,75.34069149008124,8196,0.9737807610072196,0.5010273940861225,0.4068381453398615,-4.9816407624803105e-05,0.6617953474633396,3.765356782823801,0.1084046310861595,0.4493121765553951,0.44228321593254805,0.0
ppo_random_command14_2,3300,161.48951875686646,371.4870910644531,93.28505787216372,8196,0.9480624529533088,0.489765880163759,0.3916770702926442,-6.158599205718929e-05,0.7854969308245927,3.626877648755908,0.13590280059725046,0.6590448301285505,0.2050523841753602,0.0
ppo_random_command14_2,3400,100.79062485694885,369.6391296386719,75.56223739661267,8196,0.579692384460941,0.31131197209469974,0.23550175869604573,-5.366041614252026e-05,0.5869934593793005,2.1233466705307364,0.014305759221315384,0.8218214125372469,0.16387281706556678,0.0
ppo_random_command14_2,3500,85.23309753417969,320.7476806640625,64.71878477776265,8196,0.5341016699094325,0.287165247136727,0.12701779964845628,-6.804117924730235e-05,0.48244131123647094,1.7808249471709132,0.011083913035690784,0.718961619772017,0.26995446998625994,0.0
ppo_random_command14_2,3600,231.98802310943603,350.68792724609375,71.27184774419213,8196,1.3270257953554392,0.6960465703159571,0.276636078953743,-0.00020906777291429535,1.3125813635997474,4.949359506368637,0.1412159886676818,0.3938554204069078,0.46492859395220876,0.0
ppo_random_command14_2,3700,193.88964590072632,351.0888671875,73.08019801541235,8196,1.0730418087914586,0.5892268379684538,0.3085784587310627,-0.00022608231552112557,1.1334080793894827,4.197007562965155,0.19828650914132595,0.5040511367842555,0.29766233917325735,0.0
ppo_random_command14_2,3800,102.77240400314331,298.1245422363281,66.10909845945852,8196,0.5649109410587698,0.3032874098280445,0.1940886519732885,-0.0001550461275314774,0.5671308825258166,2.4186725979670882,0.11139008565805852,0.5313557987101376,0.35725411446765065,0.0
ppo_random_command14_2,3900,152.16632972717287,324.4388427734375,74.57181282465035,8196,0.8732400359585881,0.4596416081767529,0.2752287562470883,-0.0002574761767846212,0.6544709177687764,3.598306445404887,0.06995218526571989,0.700601867865771,0.22944596176967025,0.0
ppo_random_command14_2,4000,75.33072891235352,231.6282958984375,40.21691735459592,8196,0.40295131830498576,0.2449683001032099,0.1550885826582089,-0.00014009390076807904,0.4668466653674841,1.6702119577676058,0.0068211628204153385,0.694991281721741,0.2981875571422279,0.0
ppo_random_command14_3,0,9.782679183483124,31.90375518798828,5.16797779914318,8196,0.04662907157216978,0.03290982266435094,0.052160486549837515,-0.0003302660121455858,0.04154498777734261,0.09985384946719478,0.029251120877233916,0.007427403575547942,0.34954836892597996,0.0
ppo_random_command14_3,100,256.5826168823242,316.1653137207031,36.07910827119265,8196,1.5865898178890347,0.8447937285527587,0.3278858340345323,-0.9398688776418567,1.7814745483919978,6.518446419388056,0.8536576284095645,0.10976486338768154,0.030224347487092018,0.006353137083351612
ppo_random_command14_3,200,249.3093302631378,299.46826171875,51.63324742190207,8196,1.724704402498901,0.8169223940931261,1.1844666320830584,-3.03997416049242,2.285566874779761,7.196621358394623,0.9253437449224293,0.05965848499909043,0.014997788704931736,0.0
ppo_random_command14_3,300,259.57791778564456,305.5574035644531,26.16676379026575,8196,1.7348635476082563,0.8295640419237316,1.0991186355240643,-2.9498552680015564,2.286963226273656,7.234261944890022,0.9355316390283406,0.04843540256842971,0.016032973304390907,0.0
ppo_random_command14_3,400,254.67653942108154,309.15264892578125,44.05712473609335,8196,1.7114820573478937,0.8178886990062892,0.9419041599612683,-2.809621099382639,2.3512814259156585,7.149423584342003,0.9077456067316234,0.06347322603687644,0.02878118958324194,0.0
ppo_random_command14_3,500,252.50075103759767,297.911865234375,46.581858273684496,8196,1.7159712109714746,0.809401011094451,1.1712813545018435,-2.8180235056206584,2.268986008130014,7.088875848799944,0.9186941613443196,0.06556361261755228,0.01574224466457963,0.0
ppo_random_command14_3,600,223.62422711372375,288.58624267578125,58.80173002447604,8196,1.507994812913239,0.7480972404591739,0.5560352373868227,-2.537744835950434,2.1825785441324115,6.381563041359186,0.8658882523886859,0.0909923673607409,0.04311935784062371,0.0
ppo_random_command14_4,0,5.378964958190918,20.722087860107422,2.9883865043534374,8196,0.03559296092589648,0.02107811237056012,0.0465498447574646,-9.730639677352215e-06,0.02855492769913326,0.07122152564056705,0.014835743078720043,0.0,0.5683384063315771,0.0
ppo_random_command14_4,100,47.796774282455445,111.6205062866211,19.880718425705435,8196,0.2770403490867466,0.15941823227331042,0.1215628232457675,-9.496754006477204e-05,0.20028024690691382,1.186724454164505,0.0,0.06000449974089861,0.9399955151602626,0.0
ppo_random_command14_4,200,212.36763061523436,322.3434753417969,73.84624353972,8196,1.4208039841614664,0.6130671279970556,0.48360321356449276,-0.00045037489303467737,0.8281933288089931,5.4968327563256025,0.4029147154651582,0.08891341928392649,0.5081718578003347,0.0
ppo_random_command14_4,300,263.2626357078552,360.91204833984375,83.43582767077027,8196,1.591811504215002,0.7756884810514748,0.6249299182090908,-0.0005136460674748378,1.2647850681096315,6.221432512626052,0.7509627407416701,0.1748337633907795,0.07383746380219236,0.0003660322108771652
ppo_random_command14_4,400,279.8471089172363,356.838623046875,58.34796262126188,8196,1.7191681917756796,0.8467738144099712,0.555733444285579,-0.0006594234851036163,1.633115199394524,6.654783260077238,0.8528931550681591,0.1394220469519496,0.007562759332358837,0.00012201073695905507
ppo_random_command14_4,500,322.01393112182615,381.0945129394531,30.914161958630828,8196,1.8370077554136515,0.9381582927890122,0.7780835090670735,-0.0008226467525673797,2.133987568318844,7.120206978172064,0.9193261386826634,0.07993324054405093,0.000740643303743127,0.0
ppo_random_command14_4,600,322.7279051208496,374.49029541015625,31.2905117938115,8196,1.8127011256292462,0.9356810352765024,0.7836189523804933,-0.0008860983057275007,2.230835313908756,7.132789075374603,0.9567491104826331,0.039768829388776794,0.0034820721120922826,0.0
ppo_random_command14_4,700,334.37358795166017,382.0950622558594,25.859482239629813,8196,1.852936084382236,0.9426796748302877,0.8422052911482751,-0.0008408254611822485,2.365417675115168,7.269136559218168,0.952516864053905,0.04665004275739193,0.0008331045874001575,0.0
ppo_random_command14_4,800,304.04709197998045,369.0657653808594,52.762547176896426,8196,1.5864318469539285,0.8567453599534929,0.40714297082740813,-0.0008217144841182744,2.286641974002123,6.471780417487025,0.7129802354611456,0.07454665098339319,0.21247311355546117,0.0
ppo_random_command14_4,900,342.4362518310547,381.717529296875,18.37960536043532,8196,1.8402058323845267,0.937568387016654,1.072602828964591,-0.0009275802672163991,2.362174643203616,7.315545480698347,0.9488803730346262,0.05022743484005332,0.0008922035340219736,0.0
ppo_random_command14_4,1000,334.0846171569824,370.04266357421875,24.187934181068332,8196,1.8256491059437394,0.932107247877866,1.0081893834285438,-0.0009666744754213141,2.3458598013967276,7.264701627194881,0.9470692765899003,0.050052044447511435,0.0028786908369511366,0.0
ppo_random_command14_4,1100,340.60165878295896,378.26556396484375,32.746517916723455,8196,1.8490996351465583,0.9432876664213836,1.0154568762518466,-0.0009051656447809364,2.5049163307994604,7.366592589765787,0.9791371221654117,0.019747628568438813,0.0011152543638672796,0.0
ppo_random_command14_4,1200,302.94021463394165,377.7510070800781,83.07958298138341,8196,1.734327015466988,0.8908920804969966,1.069965576287359,-0.001009914906717313,2.3421238511800766,7.028802428394556,0.9515245738439262,0.038628789043286815,0.009846647757512983,0.0
ppo_random_command14_4,1300,341.4125387573242,384.9604797363281,21.032435008764967,8196,1.831548827700317,0.9375498639419675,0.9679627828299999,-0.0011096257376266294,2.603681528940797,7.314330570399761,0.9745112005621195,0.023975109681487083,0.0015136956935748458,0.0
ppo_random_command14_4,1400,344.5116876220703,382.7742004394531,24.704297466351047,8196,1.8420237600803375,0.9355339552275836,1.057329113362357,-0.0011686603338603163,2.55472575686872,7.371825750917196,0.9748238530009985,0.022594863548874855,0.002581289656518493,0.0
ppo_random_command14_4,1500,341.7729963684082,384.0174255371094,22.822522940561242,8196,1.815871773287654,0.9288346050307155,0.9926054552197456,-0.0012147669312980724,2.511095553636551,7.2963596396148205,0.9673926383256912,0.02276167506352067,0.009845694636169355,0.0
ppo_random_command14_4,1600,307.5986017942429,385.0815124511719,65.17959933785168,8196,1.7037477530539036,0.8816042188555002,0.7621042921673506,-0.0012500776770139055,2.3092671325430274,6.629372704774141,0.9184510931372643,0.0473782941699028,0.03417063131928444,0.0
ppo_random_command14_4,1700,330.41069996356964,379.8984375,50.21537945489306,8196,1.755456698127091,0.9076449275016785,0.946928279241547,-0.0014419913322853972,2.5014026798307896,7.140920985490084,0.8941804943606257,0.05215672915801406,0.05366280031739734,0.0
ppo_random_command14_5,0,10.294108655452728,33.398860931396484,6.678556750489908,8196,0.04873416173541045,0.03502992913035996,0.05284560669497296,-0.0002217064706702132,0.04241213029354185,0.10029566006841151,0.03284853153490985,0.012608093896233186,0.2900605102181544,0.0
ppo_random_command14_5,100,119.40636245727539,226.5462646484375,38.39869405558169,8196,0.7046318929642439,0.44319952093064785,0.12328594957944006,-0.002332878328161314,0.5033818201627582,2.864865267649293,0.015537304803729057,0.4617706071585417,0.4490080929826945,0.07368399715051055
ppo_random_command14_5,200,295.0298327636719,349.1153259277344,38.09308596838425,8196,1.6798905655741692,0.8962381836026907,0.5994721883907914,-0.003270627401434467,2.0397145487368107,6.856491886079311,0.904224453959614,0.07371449982747436,0.022061066702008247,0.0
ppo_random_command14_5,300,290.5227786254883,385.640625,55.241147819605246,8196,1.6679253401234746,0.8705868669785559,0.610634149517864,-0.002567574538261397,2.156397918239236,6.2989491410553455,0.6905264523811638,0.26926053408533335,0.04021302398177795,0.0
ppo_random_command14_5,400,284.83408964157104,378.13311767578125,88.35498744394768,8196,1.5347207691520452,0.8045517187565565,0.9433090565726161,-0.002055887955975777,2.108205772936344,6.444223165512085,0.7678288146853447,0.14332067035138607,0.08885050751268864,0.0
ppo_random_command14_5,500,329.5427776527405,380.331298828125,42.632029440219924,8196,1.7455538278445601,0.8961960151791573,1.2120905546471477,-0.0021505746781258495,2.250409989617765,7.132779993116856,0.9271233854815364,0.06984637910500169,0.0030302510131150484,0.0
ppo_random_command14_5,600,302.325305480957,369.919189453125,74.81842199423238,8196,1.7135206954553723,0.880007894244045,0.8521895320154727,-0.0019077856959484052,2.219163700006902,6.924184523522854,0.911621353123337,0.08533888682723045,0.0030397831487789517,0.0
ppo_random_command14_5,700,341.1112321472168,387.55181884765625,34.55417950006471,8196,1.7913370551541448,0.9143881811760366,1.3124380530789495,-0.0016272806369670434,2.457077071070671,7.289532911032438,0.9392472463659942,0.05649001942947507,0.004262750037014484,0.0
ppo_random_command14_5,800,339.08033615112305,384.4443054199219,45.41789719198361,8196,1.7954447595402598,0.9195709922350943,1.108091885689646,-0.0015571584472127142,2.4693338721990585,7.273951441049576,0.9595010238699615,0.03735339501872659,0.0031455892913072603,0.0
ppo_random_command14_5,900,330.9890084838867,373.5545959472656,31.84657243653108,8196,1.8140233727172017,0.9145836546085775,0.8913018745370209,-0.0014807911447860533,2.327160415239632,7.249560486525297,0.9316778164356947,0.06207868177443743,0.006243518088012934,0.0
ppo_random_command14_5,1000,339.5889320373535,380.5649108886719,33.6779602218447,8196,1.8128398889675736,0.9270679098553956,1.06355981528759,-0.0013578884700109484,2.528313510119915,7.348715454339981,0.9691970623098314,0.029749649576842785,0.0010532958067415166,0.0
ppo_random_command14_5,1100,343.50525405883786,390.0556945800781,38.03542250827834,8196,1.7859806967899203,0.9151444146409631,1.2971211192198098,-0.00126171294687083,2.49616581434384,7.2570077404379845,0.9357461109757423,0.061919495929032564,0.002334408462047577,0.0
ppo_random_command14_5,1200,340.1103550720215,385.39971923828125,46.485847648180766,8196,1.786231649108231,0.9135528760962188,1.3905790355056524,-0.0011204828324480332,2.469666551798582,7.265752449631691,0.9235841217450798,0.07323598908260465,0.0031799047719687223,0.0
ppo_random_command14_5,1300,322.9301960754394,384.2088317871094,52.67400067197858,8196,1.7065015099942684,0.881424558814615,1.0207322293426841,-0.001090261987883423,2.4007478542625904,7.009512424468994,0.8479526746086776,0.13571215886622667,0.016335140448063612,0.0
ppo_random_command14_5,1400,328.8093717956543,379.93170166015625,48.18837316970958,8196,1.702090815640986,0.8750592852011323,1.1682920902967453,-0.0009892415605463611,2.3177952645346522,7.020718935877085,0.8488791934214532,0.12436420982703567,0.026756572537124157,0.0
ppo_random_command14_5,1500,313.8499108839035,387.9642028808594,77.07642826282311,8196,1.6733913207426667,0.877564465161413,1.1202894994057715,-0.0009959315066225827,2.2231403859332204,6.948220156133175,0.8851793450303376,0.09017451433464885,0.02464616857469082,0.0
ppo_random_command14_5,1600,343.1231498718262,384.0939636230469,40.33842619852345,8196,1.7794431373476982,0.9207735075615346,1.2973013911396265,-0.0009869329314824427,2.438841679133475,7.261052589863539,0.9399993279948831,0.056999032851308584,0.00300165475346148,0.0
ppo_random_command14_5,1700,334.5463610172272,389.8820495605469,50.43502489583478,8196,1.7581209493800998,0.9153697178699076,1.2747048335149884,-0.0009094362899304542,2.424377091228962,7.260054919868708,0.9394998466596007,0.05661679618060589,0.0038833729922771454,0.0
ppo_random_command14_6,0,9.240954973697662,34.287513732910156,6.864108882857068,8196,0.047612561473215465,0.03202635683692279,0.05253624756096542,-8.170108693761335e-05,0.04213443136677597,0.10046608486157993,0.029559007447460317,0.0011285993061846966,0.35646675860675714,0.0
ppo_random_command14_6,100,310.8338394165039,353.20416259765625,38.996940683751944,8196,1.7296459367498755,0.9115589749999344,0.5212030073162168,-0.002302382692505489,2.1337203327566385,6.947722051292658,0.8399504879489541,0.04206224950030446,0.10001258086413145,0.017974659334868193
ppo_random_command14_6,200,335.377515411377,382.293212890625,31.41683545082141,8196,1.798710192553699,0.9209332070313394,1.126463278895244,-0.0017097686204579077,2.4185056015849113,7.259423550218344,0.9445728231221437,0.03847818123176694,0.01694900682196021,0.0
ppo_random_command14_6,300,345.3053900146484,379.5705261230469,21.030501596518658,8196,1.8177843252196908,0.9312863745726645,1.086134429089725,-0.001390324003295973,2.502709490247071,7.352807506918907,0.9658655980601907,0.028684915509074926,0.005449495278298855,0.0
ppo_random_command14_6,400,314.3306115245819,379.6122131347656,79.748913783703,8196,1.7398406518623233,0.889901524875313,1.0527107403613627,-0.001104765510717698,2.342960810288787,6.990467056632042,0.8651199624873698,0.06135519640520215,0.07352481130510569,0.0
ppo_random_command14_6,500,336.81629673004153,389.5072326660156,54.171990214493015,8196,1.775008606724441,0.9135406110435724,1.2088739313185215,-0.0009278201832785271,2.4753666846081614,7.161378093063831,0.9042377988807857,0.06179843842983246,0.03396378504112363,0.0
ppo_random_command14_6,600,339.7628151941299,392.89990234375,51.61935319449623,8196,1.7773297098465264,0.9199994537048042,1.161282870452851,-0.0008505442638124805,2.5696753188967705,7.224100768566132,0.9186827228404582,0.05215768236666918,0.02915961339022033,0.0
ppo_random_command14_6,700,342.59569401979445,385.9261169433594,55.93767174398037,8196,1.7958979094401002,0.9285812629386783,1.205121025443077,-0.0008081550286078709,2.6363285053521395,7.26457791775465,0.9453668459318578,0.04641364701092243,0.008219520095735788,0.0
ppo_random_command14_6,800,309.8516441714764,386.60791015625,101.21181909599234,8196,1.6460643573664129,0.8523800598923117,1.0651441751979291,-0.000761070917633333,2.4348511500284076,6.714470354840159,0.8155168904922903,0.1647249856032431,0.01975811416923534,0.0
ppo_random_command14_6,900,347.8402886390686,384.61346435546875,37.76754183384108,8196,1.7508877562358975,0.9053655001334846,1.219437531195581,-0.0008189787990886543,2.541125646792352,7.139529544860125,0.9089990761131048,0.08371271286159754,0.007288235239684582,0.0
ppo_random_command14_6,1000,349.34675262451174,381.09686279296875,18.78160609275909,8196,1.8120780708268285,0.9323753220960498,1.0883264602161944,-0.00083398227525322,2.6301306560635567,7.333986151963472,0.9512271727435291,0.034470892045646906,0.014301946386694908,0.0
ppo_random_command14_6,1100,344.3121342468262,380.75701904296875,24.78589641988552,8196,1.8072154987603426,0.934230056591332,1.1167251099832356,-0.0008623704907222418,2.630776111036539,7.3086368925869465,0.9396018399856985,0.048115124460309744,0.012283049523830414,0.0
ppo_random_command14_6,1200,344.3319664478302,389.0368957519531,47.82516718020652,8196,1.7756078485399485,0.9162066010758281,1.1571835661306977,-0.0009184064574583317,2.5978572238236666,7.154169131070375,0.9297818844206631,0.045490941032767296,0.02472719131037593,0.0
ppo_random_command14_9,0,10.995588326454163,28.947120666503906,6.336566582563121,8196,0.04990463046851801,0.03460959033873223,0.05378289847067208,-0.00035009809835528927,0.04686769565660143,0.1117524748294727,0.03256828804478573,0.005357987089155358,0.30446349592807564,0.0
ppo_random_command14_9,100,229.94498680114745,349.7917785644531,57.02199710752785,8196,1.5816848818212748,0.8392659616656601,0.19026129762642086,-0.0019593336246543913,1.5635951394215226,4.7440014742314816,0.6673787334002554,0.06946700206026435,0.0905395932495594,0.1726146936416626
ppo_random_command14_9,200,296.7347079944611,377.6379699707031,73.77029416589612,8196,1.7651607701554894,0.9037199467420578,0.5626002051867545,-0.0008898146897990955,2.3844311563298106,6.657470539212227,0.8411658289842308,0.1187955648638308,0.029973653610795736,0.01006493269233033
ppo_random_command14_9,300,328.01433143615725,374.50469970703125,36.39788089262506,8196,1.835799633525312,0.9326219004578888,0.5486322622746229,-0.0004405314123232529,2.55702487193048,7.170793987810612,0.9015916916541755,0.09274436486884952,0.005541956517845392,0.00012201073695905507
ppo_random_command14_9,400,320.0327015686035,373.6714172363281,43.55333609281886,8196,1.7726501738652587,0.904928095638752,0.596747393719852,-0.00022472147395546926,2.436479006893933,6.9180880934000015,0.8346020341850817,0.14221304189413786,0.02318489970639348,0.0
ppo_random_command14_9,500,331.82566482543945,389.52337646484375,34.64410642316258,8196,1.8156162407249212,0.9285071813501418,0.7062475001439452,-0.00016408577209858777,2.573144566267729,7.15000206977129,0.9210752765648067,0.06530719948932528,0.013617542157589924,0.0
ppo_random_command14_9,600,329.4977865600586,377.8574523925781,32.86152479421768,8196,1.8380668153986335,0.9397940239869058,0.6820086180232465,-0.0001849828781814722,2.566558049991727,7.206556346267462,0.9349511349573731,0.04850689321756363,0.016541986726224422,0.0
ppo_random_command14_9,700,324.6328495121002,382.59063720703125,55.00657055257623,8196,1.8299880493432283,0.9380458048544824,0.6240298413904384,-0.00025767393742626155,2.589039461687207,7.127005435526371,0.955377443227917,0.03272080095484853,0.011901766061782837,0.0
ppo_random_command14_9,800,324.3219017791748,374.48858642578125,39.134412618510616,8196,1.8028615964576602,0.9362331717275083,0.4881022354820743,-0.00035178351845388534,2.5746191274374723,6.939186774194241,0.963399647269398,0.015843284782022238,0.020757077261805534,0.0
ppo_random_command14_9,900,315.41603515625,365.4775390625,47.4884232014778,8196,1.8074845289811492,0.9412072799168527,0.4221463876310736,-0.00042708272576419404,2.6108959931880236,6.818960066884756,0.9695421238429844,0.006326447241008282,0.02364339306950569,0.00048804294783622026
ppo_random_command14_9,1000,300.2272005367279,361.0533752441406,61.00398378645529,8196,1.784973287023604,0.9375310181640089,0.3462988679530099,-0.0005077553032606374,2.5606727208942175,6.582118831574917,0.9393949937075377,0.00668294744900777,0.05171253392472863,0.0022095381282269955
ppo_random_command14_9,1100,290.54768966674806,349.33587646484375,51.503041289155675,8196,1.7518467735499144,0.9324866579845548,0.3119967388920486,-0.0006184722424222855,2.532629920169711,6.250435400754213,0.8826314182952046,0.009411030914634466,0.08380517410114408,0.024152406491339207
ppo_random_command14_10,0,7.741575263738632,23.968151092529297,4.517574139921328,8196,0.04324225826712791,0.029356080436627963,0.05032527195271541,-3.0547497608390817e-06,0.034895199730726745,0.09758212733242999,0.025072252969039255,0.0067811279927809665,0.40949948751267584,0.0
ppo_random_command14_10,100,12.978750839233399,64.15083312988281,13.02246834930142,8196,0.09608282218687236,0.057547316391719505,0.0664640287286602,-4.0200494041187085e-05,0.07675019954331219,0.276916803792119,0.0,0.309733776608482,0.6902662264183164,0.0
ppo_random_command14_10,200,117.52355606079101,195.22677612304688,25.815751637745066,8196,0.7109162113629282,0.38993546832352877,0.1502401334582828,-0.0006751186483597849,0.5231679198332131,2.807820113375783,0.00012201073695905507,0.444182007573545,0.5285095176659524,0.027186470397282392
ppo_random_command14_10,300,338.925625,377.84393310546875,23.583414052246358,8196,1.8206543950363994,0.9241825416684151,1.1475551626645029,-0.0060684749914798886,2.2978292386978865,7.278544269502163,0.9241989413276315,0.07374881533905864,0.00205225870013237,0.0
ppo_random_command14_10,400,323.80763500213624,375.3710021972656,53.25396516122822,8196,1.7957334658131003,0.903252228628844,1.1436446020379663,-0.0296855009655701,2.2548278514295816,7.262943856418133,0.9602063982747495,0.035011361353099346,0.004782248863193672,0.0
ppo_random_command14_10,500,313.54815883636473,365.2035217285156,45.77130882880424,8196,1.7349769663996994,0.8800522312521935,0.9331366261467338,-0.1555501457187347,2.2704876577481627,7.0798843912780285,0.9312965329736471,0.0650412542745471,0.0036622285842895508,0.0
ppo_random_command14_10,600,323.2642713546753,371.55267333984375,38.89782135063545,8196,1.7919700918719172,0.8839096010196954,1.0794963287189603,-0.3051606754306704,2.231376742012799,7.224629761651158,0.9388221153058112,0.057610039599239826,0.0035678609274327755,0.0
ppo_random_command14_10,700,321.93129022836683,371.2487487792969,60.912853055573514,8196,1.7768168998882174,0.8852498573251069,1.1681249411776662,-0.40820201369933784,2.3412904208526015,7.256172388792038,0.9617706136777997,0.029345489107072353,0.008883906528353691,0.0
ppo_random_command14_10,800,328.8727973937988,374.5602111816406,43.14036295809662,8196,1.7794360797852278,0.8885330175980926,1.2917401590384543,-0.3317300248891115,2.334915711544454,7.28281232714653,0.9478451884351671,0.04750793054699898,0.004646893125027418,0.0
ppo_random_command14_10,900,333.95588912963865,376.0469970703125,26.785498407339713,8196,1.812190318480134,0.8968222769908607,1.3077825671061873,-0.36703045037575066,2.3582949433475733,7.352363061159849,0.9562172200530767,0.0401520193554461,0.0036307726986706257,0.0
ppo_random_command14_11,0,8.605304622650147,28.57796287536621,5.503630045059806,8196,0.04527251883155259,0.031238938873684674,0.05156105182595638,-7.890649318698095e-05,0.03813315374054582,0.1002519840272953,0.027165499510374502,0.0059642279732088355,0.3815885785068076,0.0
ppo_random_command14_11,100,274.2856541156769,346.24072265625,49.854277385419515,8196,1.6322014844045043,0.8517512292601168,0.4037758046761155,-0.20356596657074988,1.7072183159179986,6.261680701747537,0.6204026667401195,0.21144936757627875,0.1669640727341175,0.00118388538248837
ppo_random_command14_11,200,288.4351810491085,339.2591247558594,46.7700396399418,8196,1.8446841267868876,0.8893191399984062,0.3391360857640393,-0.7506665070541203,2.1965004904195666,7.100299064069986,0.9724942110478878,0.019705687402165495,0.007678097579628229,0.00012201073695905507
ppo_random_command14_11,300,274.41720594882963,337.6060485839844,42.400533329434644,8196,1.8088522180914879,0.8737851525656879,0.3594101568451151,-1.0065196640789509,2.226740248501301,6.830130483955145,0.9509202395565808,0.03406387194991112,0.012912167236208916,0.002103731967508793
ppo_random_command14_11,400,277.64679275512697,327.5082092285156,33.308386072346174,8196,1.8162827249616385,0.8687939513474703,0.37768120085820556,-1.0406042309477925,2.248052679002285,6.899867832660675,0.930413861759007,0.05274295248091221,0.008648463990539312,0.008194736670702696
ppo_random_command14_11,500,278.5024398994446,328.7956848144531,42.38370502288833,8196,1.8020933251827955,0.8634154563769698,0.33217068552039564,-1.0036908434703946,2.2388882664963603,6.813695233315229,0.9227081229910254,0.0655140457674861,0.008825760800391436,0.002952087903395295
ppo_random_command14_11,600,252.09557373046874,329.7138977050781,58.3058715452793,8196,1.6686337161809206,0.8078889809548855,0.28978012315928936,-0.920885132625699,2.110216749832034,6.09905712492764,0.867145542986691,0.121497911401093,0.010634951759129763,0.0007215791215458012
ppo_random_command14_11,700,281.7547847938538,327.6308288574219,43.651488024311234,8196,1.8199805645272136,0.8724542404524982,0.31753604899859056,-0.9572433549910784,2.294304250739515,6.874225039035082,0.949463736731559,0.03252729959785938,0.01059205736964941,0.007416918408125639
ppo_random_command14_12,0,10.28518855214119,29.829214096069336,6.99177738169345,8196,0.0487063800010219,0.03518083938615746,0.05360672204187722,-0.00035089992736558884,0.04448427953548162,0.11057057296909534,0.032285185045111575,0.010726459448733294,0.2989491833027387,0.0
ppo_random_command14_12,100,329.07392486572263,370.64617919921875,29.19844396249611,8196,1.823716240003705,0.8984214928932488,1.1778192850761116,-0.37833172432146966,2.255570505745709,7.288606323301792,0.9412956917658448,0.056286032660864294,0.002418290823698044,0.0
ppo_random_command14_12,200,301.76506711959837,350.4342956542969,38.90057866047226,8196,1.827794193290174,0.8776942142285407,1.1230524997226894,-1.3856821851804852,2.415602902881801,7.318624638020992,0.943965629208833,0.05192319303750992,0.004111189860850573,0.0
ppo_random_command14_12,300,274.71674531936645,319.62945556640625,37.548981042184714,8196,1.807345900684595,0.8578600725159049,0.9968024687841535,-2.492433328181505,2.465063948184252,7.30122135207057,0.9526579389348626,0.042823863215744495,0.004518209956586361,0.0
ppo_random_command14_12,400,258.8358494567871,304.4727478027344,19.65122100716052,8196,1.8111609611660242,0.851719290483743,0.9770715273916721,-3.035733526572585,2.466591521166265,7.3093759305775166,0.9644110016524792,0.031316724605858326,0.004272282123565674,0.0
ppo_random_command14_12,500,262.0290148925781,303.980712890625,24.103659473625328,8196,1.7982765305787325,0.8530838643200696,1.0050264681922272,-2.902592295780778,2.465239583514631,7.291330844163895,0.9613064010627568,0.034246888011693954,0.00444671930745244,0.0
ppo_random_command14_13,0,10.493718161582947,32.1003303527832,7.046424273345722,8196,0.04780914164985006,0.03346183831581584,0.05209344477407285,-8.348922804835013e-05,0.04013808392619467,0.08458013663391739,0.029065245174933807,0.0012048560188304691,0.35760107640408023,0.0
ppo_random_command14_13,100,312.96623489379886,369.3764343261719,32.87583473605977,8196,1.7831764770671725,0.904039076063782,0.7340181720210239,-0.010102520529471803,1.8314351178705692,7.083440326154232,0.9271500753238797,0.0683727185241878,0.004477222017158056,0.0
ppo_random_command14_13,200,337.5816592407227,379.4596252441406,19.4946290840931,8196,1.833713154308498,0.9169448395259678,1.1362945409491658,-0.06992447510128841,2.439970158971846,7.330476514995098,0.9714962015859783,0.026516363956034184,0.001987440511584282,0.0
ppo_random_command14_13,300,339.7951870727539,369.3822021484375,15.27943099769925,8196,1.8157325387001038,0.907941194716841,1.134769284632057,-0.2409916566684842,2.482361888512969,7.355844892561436,0.9590472965501249,0.035814916249364614,0.005137796048074961,0.0
ppo_random_command14_13,400,326.5657783436775,373.85400390625,46.68692994573956,8196,1.8042328571900725,0.8948338036425412,1.1054122312925756,-0.43576513114385307,2.460245226509869,7.333579525351524,0.9703294741921127,0.024325890466570854,0.005344642326235771,0.0
ppo_random_command14_13,500,330.86615997314453,365.2282409667969,17.554014390221415,8196,1.8183422265574336,0.9014342944137752,1.0623838119208813,-0.5786843462847173,2.522519866004586,7.3911151476204395,0.9674641289748251,0.02382640913128853,0.008709469344466925,0.0
ppo_random_command14_13,600,330.6927490234375,362.5168151855469,20.10100122012273,8196,1.8120300294831395,0.8927136231213808,1.2028113645501435,-0.6510179708711803,2.5267147412523627,7.372741416096687,0.9716401360929012,0.02252813894301653,0.005831731949001551,0.0
ppo_random_command14_14,0,10.534319483041763,30.671506881713867,6.919636703511011,8196,0.04947748206450342,0.03567064998924252,0.053289057375877746,-8.764035588892938e-05,0.04058262032276616,0.1033549030369727,0.03152357114049664,0.011855058757873849,0.2956901620257213,0.0
ppo_random_command14_14,100,241.16591621398925,340.0607604980469,60.75615286507566,8196,1.6346979327499866,0.834384499117732,0.26188325393013656,-0.22422683774493635,1.3980043488554657,5.926138048991561,0.6058528679423034,0.3241405989974737,0.03505520895123482,0.03495130920782685
ppo_random_command14_14,200,271.6009523820877,335.0524597167969,62.240070009435385,8196,1.7992758313193917,0.8711220943368971,0.42803139763418585,-0.8661002800799906,2.0679087210446596,6.670626923441887,0.9383979374542832,0.046256367582827806,0.012559480033814907,0.002786229597404599
ppo_random_command14_14,300,277.7288139343262,340.1916198730469,43.21162495841163,8196,1.788920622318983,0.8619410065002739,0.4485121542820707,-0.9666850948706269,2.1814174214378,6.513684384524822,0.9358366657979786,0.03990895071183331,0.01222395058721304,0.012030449230223894
ppo_random_command14_14,400,288.45548690795897,346.59033203125,38.629362125208544,8196,1.8242534520104527,0.8729931632988155,0.42940284439828247,-0.9516104287467897,2.236002806574106,6.682482901960611,0.9436510703526437,0.03365685185417533,0.008269086945801973,0.014423003885895014
ppo_random_command14_14,500,275.418900885582,343.3617248535156,48.210369775063,8196,1.8347637318074703,0.8748780069872737,0.3863987873774022,-0.938171693123877,2.2442768150940537,6.792258691042662,0.9460846120491624,0.033091599121689796,0.008007907774299383,0.012815893162041903
ppo_random_command14_14,600,278.246053237915,348.4842529296875,46.23412423505083,8196,1.7958279624581337,0.8641564743593335,0.37002756452420726,-0.8991345833055675,2.276117996312678,6.464681856334209,0.8922902815975249,0.05217293370515108,0.00991337254527025,0.04562343703582883
ppo_random_command14_15,0,8.215638452768326,28.772676467895508,5.679075404010741,8196,0.04580809964772925,0.030252193744217948,0.05151102958370757,-0.0003165216200251564,0.041719421720699756,0.09480055884500871,0.026560211897958652,0.0015108360712474678,0.3824378863973834,0.0
ppo_random_command14_15,100,264.1114074707031,339.6118469238281,41.25626320169689,8196,1.7775749107822776,0.9456258420832455,0.2979022533399984,-0.002115236499776074,2.3220021156594157,5.431409649550915,0.8792694513686001,0.00820045592263341,0.01982197887264192,0.092708142939955
ppo_random_command14_15,200,261.3799278259277,335.2208251953125,41.50829469492335,8196,1.7970541324466467,0.9449681891128421,0.30126771377399564,-0.0008041084552132816,2.4737456012517214,4.742469012737274,0.7644754266366363,0.002347753383219242,0.025361075066030025,0.20781573606655002
ppo_random_command14_15,300,258.84276092529296,330.6654052734375,35.843888340270425,8196,1.7826059386134148,0.9534805063158274,0.29478638619184494,-0.0004367547383026249,2.5299331787973642,4.681139709427953,0.6943087843246758,0.0021552052348852158,0.025940625928342342,0.2775953905656934
ppo_random_command14_15,400,251.45024658203124,331.96661376953125,41.09087919393862,8196,1.800828310661018,0.9423267738893628,0.3007583994185552,-0.00036367558323036064,2.496292468160391,4.398374084383249,0.6266671917401254,0.003193249694959377,0.006852618684206391,0.36328697204589844
ppo_random_command14_15,500,250.71197662353515,319.79608154296875,38.4770382931155,8196,1.788747975602746,0.9364712447859347,0.3017063338775188,-0.00037507142383219616,2.4754592813551426,4.322527965530753,0.5701990514062345,0.004355211276561022,0.009819957886065822,0.4156257528811693
ppo_random_command14_15,600,243.3421839904785,322.4071350097656,35.01289443096984,8196,1.76095577981323,0.9228193210437894,0.30209038604516536,-0.0003808824510542763,2.475646795704961,4.133175127208233,0.4665566743351519,0.005343689106666716,0.009721777176309843,0.5183778628706932
ppo_random_command14_16,0,7.429588767290116,32.62690734863281,5.132019704215002,8196,0.04309474823276105,0.028811603565372934,0.049798283385825926,-1.1875854146192744e-05,0.03423117877173354,0.08702775006008778,0.022691137290166807,0.012690069853533714,0.4469472528669485,0.0
ppo_random_command14_16,100,166.83790225982665,326.5020446777344,59.849972415643315,8196,1.006905919406563,0.5440695320721716,0.2901545549975708,-0.0001403042797960552,0.7247541225515306,3.795858897268772,0.03344619274139404,0.2584854634478688,0.7080683512613177,0.0
ppo_random_command14_16,200,322.6286626434326,376.9869689941406,47.06895411153281,8196,1.829688855446875,0.9456610437482595,0.9791588755324483,-0.00012296653824250825,2.1566066881641746,7.195632923394442,0.9365229760296643,0.06159063894301653,0.001886400394141674,0.0
ppo_random_command14_16,300,336.2467340087891,386.56365966796875,38.22841215617721,8196,1.812560840509832,0.9448793446645141,1.1285891174338758,-8.422722947898365e-05,2.3602327471598983,7.235214475542307,0.9432755061425269,0.05549772921949625,0.0012267797783351853,0.0
ppo_random_command14_16,400,337.3372636413574,386.12884521484375,40.359757702112006,8196,1.7960931435227394,0.9405920505523682,1.1803904348053038,-6.391081373635643e-05,2.462287787348032,7.248310815542936,0.9363428195938468,0.06200528470799327,0.0016519110113222268,0.0
ppo_random_command14_16,500,336.141767578125,381.1353454589844,37.28963316608841,8196,1.7793817725032568,0.9361193664371967,1.1050594691187143,-4.960599252967768e-05,2.4860440576449037,7.223290391266346,0.9418847747147083,0.05349026806652546,0.004624969442375004,0.0
ppo_random_command14_16,600,347.51855224609375,381.4357604980469,21.585479780825104,8196,1.7806373229250312,0.9366034427657723,1.2272197287529707,-3.9370047545617126e-05,2.4837505910545588,7.286427214741707,0.9465602631680667,0.04850498680025339,0.004934762360790046,0.0
ppo_random_command14_16,700,342.29132904052733,385.5947265625,30.684208088271863,8196,1.775330439209938,0.9359001619741321,1.2235768740065396,-3.596487755430644e-05,2.508144313469529,7.281864866614342,0.9463391187600791,0.04928757110610604,0.004373322241008282,0.0
ppo_random_command14_16,800,339.9677586364746,389.8394775390625,29.539004237055657,8196,1.7677402161061764,0.9327130760066211,1.2194729940965772,-3.361553960701258e-05,2.5102021228522062,7.272743750363588,0.9467232618480921,0.048606026917696,0.004670723341405392,0.0
ppo_random_command14_16,900,346.33766998291014,384.9825439453125,20.527559426915417,8196,1.7740575764328241,0.9352617766708136,1.2335360404103994,-3.882901704344022e-05,2.5145357828587294,7.286538440734148,0.9465269008651376,0.049475353211164474,0.0039977580308914185,0.0
ppo_random_command14_16,1000,346.19295471191407,379.4499816894531,30.818442397554836,8196,1.7512625008821487,0.925609280820936,1.213452447205782,-3.1318203227215236e-05,2.5127679677680135,7.240013089030981,0.9481483087874949,0.04677681950852275,0.005074884204077534,0.0
ppo_random_command14_16,1100,333.7617493629456,383.738037109375,57.450594346518045,8196,1.7533795852214098,0.9271812858060002,1.1775131146423519,-3.2095613136107204e-05,2.5054048653692007,7.234111614525318,0.9473762097768486,0.04938003234565258,0.0032437698100693524,0.0
ppo_random_command14_16,1200,335.17126789093015,389.3265075683594,49.05121571165994,8196,1.7680729357525706,0.9301600395701826,1.2031674440950155,-2.9957412124304028e-05,2.523896899074316,7.261207822710276,0.9509412101469934,0.04612673120573163,0.0029320705216377974,0.0
ppo_random_command14_16,1300,342.0632406616211,388.7916564941406,43.543255659848775,8196,1.7631592378020287,0.9264299888163805,1.1969542619772255,-2.9547721510425617e-05,2.4996095495298505,7.219603415578604,0.9467118233442307,0.050142599269747734,0.0031455892603844404,0.0
ppo_random_command14_16,1400,341.1540491485596,386.24188232421875,37.36891101437288,8196,1.7761692386120558,0.9324411707930267,1.2037577689625323,-3.1109974358400905e-05,2.52514623478055,7.25288750231266,0.9436310529708862,0.053776230866787955,0.0025927282022166764,0.0
ppo_random_command14_16,1500,344.61012451171877,391.36102294921875,30.650334637631644,8196,1.778645696118474,0.9341384954750538,1.1863375175744295,-2.9130071908411992e-05,2.508184067904949,7.262394938617945,0.9512557690031826,0.04566633142530918,0.0030779114458709955,0.0
ppo_random_command14_16,1600,337.9530001831055,380.57354736328125,27.56385403533297,8196,1.753596043214202,0.9235601108521223,1.1922076605260372,-2.876950850350113e-05,2.4891345826908946,7.19940660148859,0.9439856465905905,0.05165152857080102,0.004362836945801973,0.0
ppo_random_command14_17,0,5.9900076448917385,24.96932601928711,4.318372546481798,8196,0.03630835056719661,0.021821928830377146,0.04572449467195838,-9.875138184178844e-06,0.029248345853375213,0.06392145848781183,0.01560116980363091,0.006100536870690121,0.5439705762855738,0.0
ppo_random_command14_17,100,42.32110301017761,92.87786865234375,17.443867485650465,8196,0.22099296760279685,0.14421250362647697,0.11490029003471136,-6.755503792987838e-05,0.1757616713293828,0.9347582841292024,0.0,0.6747946967370808,0.3252053330652416,0.0
ppo_random_command14_17,200,100.6853271484375,210.23277282714844,27.076002481425355,8196,0.5979197514243424,0.31391734327189624,0.19420987053308636,-0.000142007116323839,0.47531750123016536,2.459865811280906,0.0,0.47898365557193756,0.5189116597175598,0.002104685176163912
ppo_random_command14_17,300,262.0273582458496,363.77545166015625,59.37282753289249,8196,1.494095042347908,0.7315636272542179,0.5986532820388675,-0.0002637647563688006,1.3404653074685484,5.98770877532661,0.4192317412234843,0.2755021443590522,0.305266086012125,0.0
ppo_random_command14_17,400,306.6394493103027,377.4953308105469,30.05060992976758,8196,1.772470721974969,0.8534661228768528,0.8619256685487926,-0.0002614952975363849,1.4952765367925167,7.0423435270786285,0.9330199342221022,0.056231699883937836,0.010748383530881256,0.0
ppo_random_command14_17,500,144.27094606399535,356.4305114746094,96.00035046913453,8196,0.8253831290639937,0.4634214713005349,0.3106171638937667,-0.00015912735563006208,0.8356424425728619,3.166613595560193,0.19249767297878861,0.17067491402849555,0.6368274427950382,0.0
ppo_random_command14_17,600,325.113426361084,374.69586181640625,24.18110005693996,8196,1.7814479265362024,0.9098375616595149,1.0227552773430943,-0.00032526066320315294,1.9820781322196126,7.15932572260499,0.9133962276391685,0.080590954516083,0.00601284159347415,0.0
ppo_random_command14_17,700,303.4364274597168,368.8514404296875,54.74816381333144,8196,1.673689148388803,0.863772991579026,0.7212814276572317,-0.0003575358909984061,2.088801432400942,6.642471510916948,0.9011370111256838,0.061658316757529974,0.037204695981927216,0.0
ppo_random_command14_17,800,321.4208824157715,370.2027282714844,33.21927509049425,8196,1.7606201563030481,0.9014514847658575,0.7456322179641575,-0.00042093991191904934,2.3124904725700617,7.070708192884922,0.9298076210543513,0.06601162068545818,0.004180774092674255,0.0
ppo_random_command14_17,900,311.4477291107178,386.83563232421875,59.43388657628998,8196,1.623105488717556,0.8552744193002582,0.8004919153172523,-0.00043768495834228816,2.1766660707071424,6.532694097608328,0.7999414610676467,0.14157439209520817,0.058484131935983896,0.0
ppo_random_command14_17,1000,5.981961835622787,12.191388130187988,2.8149013718048965,8196,0.040254549152450636,0.02099220675881952,0.053752486273879185,-2.5596989573273277e-05,0.030525862181093544,0.08790466748178005,0.0,0.0,1.0,0.0
ppo_random_command14_17,1100,7.754451789855957,22.187040328979492,4.8581311551468405,8196,0.05590498773381114,0.03146281473163981,0.06447725192992948,-4.434248387497064e-05,0.03790684560954105,0.14249089010991156,0.0,0.0,1.0,0.0
ppo_random_command14_18,0,7.067611728906631,32.13090133666992,5.544496800040259,8196,0.03821006345697242,0.025256447087485867,0.047493131914052356,-1.1146962930030924e-05,0.0328360648341004,0.05974405143183503,0.020308115244915825,0.0005023410803914885,0.47982914694080137,0.0
ppo_random_command14_18,100,33.47168573498726,73.45507049560547,17.298614734943172,8196,0.1669542487943545,0.10357638919958845,0.10094954119995236,-0.00024261702526473528,0.17411339934915304,0.752029906027019,0.0,0.14535100478678942,0.8546489654108882,0.0
ppo_random_command14_18,200,131.73141693115235,321.8052978515625,62.0058975670817,8196,0.7423778511583805,0.3880240139551461,0.24161023274064064,-0.0030294533098640386,0.6626852452754974,2.9745508022606373,0.005496202422364149,0.027354235542588867,0.9671495701186359,0.0
ppo_random_command14_18,300,316.5459372711182,367.3262023925781,37.38273029135402,8196,1.780177278444171,0.8934086025692523,0.8634900525212288,-0.03283524201833643,1.874080616980791,7.134544525295496,0.8893696502782404,0.08846827084198594,0.021614965051412582,0.0005471418844535947
ppo_random_command14_18,400,324.3160241699219,383.088134765625,36.833837224563204,8196,1.78657460026443,0.8925672359764576,0.9769387049600482,-0.15757826180197299,2.3344013271853328,7.199474390596151,0.9420086918398738,0.0489834975451231,0.009007823653519154,0.0
ppo_random_command14_18,500,323.88234252929686,372.2083740234375,35.27315339885353,8196,1.79274723213166,0.8860291787423193,1.0623652450740337,-0.3695389174390584,2.3353924192488194,7.2492245472967625,0.9569197348318994,0.03637921577319503,0.00670105844255886,0.0
ppo_random_command14_18,600,328.2570709991455,376.6311340332031,32.82207171805349,8196,1.8365094931796193,0.9021243872120976,1.0101593853905797,-0.44249302614480257,2.389315322972834,7.373727977275848,0.9719775719568133,0.02421150542795658,0.0038109291344881058,0.0
ppo_random_command14_18,700,320.0358279800415,372.7339782714844,40.52877023777392,8196,1.7940211230888963,0.8898764261975884,0.8579015780705959,-0.4195653460919857,2.4430470624938607,7.2864465937018394,0.9674927252344787,0.020388185512274504,0.012119097635149956,0.0
ppo_random_command14_18,800,318.2133917236328,370.0732421875,21.530060940343336,8196,1.796196668408811,0.9018566268496215,0.5626401419285685,-0.37859438196755946,2.5066399248316884,7.280304696410894,0.9653727891854942,0.023650065530091524,0.010977153666317463,0.0
ppo_random_command14_18,900,324.3112004089355,378.19970703125,27.434395583895377,8196,1.7791731813922524,0.8906487710773945,0.8710553671699017,-0.38033073069527745,2.4509925972670317,7.2474496103823185,0.9654509522952139,0.016937568318098783,0.017611486837267876,0.0
ppo_random_command14_19,0,9.430563745498658,29.114246368408203,6.102351772337445,8196,0.0447151713524363,0.02962746075127143,0.0516782135464382,-1.2316003213164173e-05,0.03778569715905178,0.09717849508126619,0.02668889518281503,0.0004356164556611475,0.4004230312796153,0.0
ppo_random_command14_19,100,239.49038192749023,368.7386169433594,74.02523119302319,8196,1.4858010318130255,0.7959983549080789,0.45775638916529715,-0.00023616475675680704,1.562918197363615,5.675054971128702,0.39371720515191555,0.03332132240757346,0.5729614500887692,0.0
ppo_random_command14_19,200,308.7583560180664,388.4054260253906,66.75256505160924,8196,1.683594302739948,0.892401619348675,0.7703877881867811,-0.00020641705987145542,2.2513875598087907,6.584848381578922,0.6515459376387298,0.03484550304710865,0.3125505216885358,0.0010580618400126696
ppo_random_command14_19,300,324.62429458618163,379.2302551269531,43.77931765556039,8196,1.773521308787167,0.9356418335810304,0.7259262553416193,-0.00020819817461870116,2.468203722499311,6.976457301527262,0.8362167696468532,0.03769083088263869,0.12596845999360085,0.0001239171547240403
ppo_random_command14_19,400,306.66818580627444,354.4928283691406,38.49501493943764,8196,1.717902404256165,0.9279231866821647,0.4874926160555333,-0.00020242177527052263,2.4911935236305,6.752880960702896,0.8365818485617638,0.041500809602439404,0.12139019882306457,0.0005271245026960969
ppo_random_command14_19,500,307.54919509887696,370.1860046386719,36.41462090190876,8196,1.7019185218960047,0.935901049990207,0.40723735955543816,-0.00021476602330494643,2.5379158966243267,6.709230542182922,0.841672935988754,0.032706502825021744,0.12328803725540638,0.002332502044737339
ppo_random_command14_19,600,330.4370764923096,370.3602294921875,32.410976936315876,8196,1.816565940156579,0.9517175820656121,0.6615702386479825,-0.00022384671945019363,2.573346395045519,7.2276030741631985,0.9609756376594305,0.027956663921941072,0.010945697780698538,0.00012201073695905507
ppo_random_command14_19,700,309.7468750762939,380.787109375,49.134864773252,8196,1.7149092042818666,0.9319543302990496,0.49373014084994793,-0.00021657452509771247,2.578370714560151,6.851543694734573,0.8824140867218375,0.054834294016472995,0.061782233882695436,0.0009694134350866079
ppo_random_command14_19,800,330.88160430908204,368.3152160644531,21.948734090838357,8196,1.7913990523666143,0.949200491886586,0.6053467444144189,-0.00024276234432818455,2.6225793547928333,7.19730393961072,0.9695163872092962,0.016591553576290607,0.013877768535166979,1.4298133237389266e-05
ppo_random_command14_19,900,326.28212509155276,375.9504089355469,30.198039754062492,8196,1.7466558096930385,0.9392158235423267,0.594951044418849,-0.0002494368953875892,2.605464529246092,7.016642425209284,0.9283539778552949,0.023613843601197004,0.04710281686857343,0.0009293786715716124
ppo_random_command14_19,1000,305.23133750915525,373.4628601074219,48.42951249710284,8196,1.6719992542639375,0.9220313527621329,0.452860803110525,-0.00028097830193019036,2.5712486635893583,6.739336803555489,0.8691320177167654,0.036010324023664,0.09276628866791725,0.0020913402549922466
ppo_random_command14_22,0,6.482500712871552,19.067480087280273,3.8632957281807294,8196,0.036357670251163654,0.02227289090751583,0.04673030214235041,-2.5808250332381988e-06,0.030364438791821158,0.07629022193236779,0.017279770616369206,2.859626647477853e-05,0.5260769381859518,0.0
ppo_random_command14_22,100,86.53006709098815,180.36260986328125,35.993809284161074,8196,0.5367618987802416,0.3207140755839646,0.1580489820917137,-3.713312588615736e-05,0.43710998725146055,2.1978269880637527,0.0007911633865660406,0.0439762924797833,0.9552325555123389,0.0
ppo_random_command14_22,200,288.962366104126,365.28546142578125,54.525041584553875,8196,1.7086314037442207,0.8932853229343891,0.6855245264014229,-0.00010247805710150715,1.5750860325060785,6.723009064793587,0.7729913927614689,0.07339326851069927,0.15361532382667065,0.0
ppo_random_command14_22,300,294.70626167297365,367.93682861328125,58.80144424675008,8196,1.6905550630763173,0.88776084035635,0.5964221842586994,-0.00012011495027763885,1.9338785032741725,6.63852421939373,0.8037914708256721,0.08852546336129308,0.10768305318197235,0.0
ppo_random_command14_22,400,312.9040005493164,367.7218017578125,40.2693826632,8196,1.7787811607122421,0.9192316574044526,0.721991115482524,-0.00016324826083291555,2.190010235644877,7.014002677053213,0.8648082632571459,0.0928492178209126,0.04234249284490943,0.0
ppo_random_command14_22,500,317.00798528671265,359.3866271972656,50.92535715794313,8196,1.781096831895411,0.9255258087068796,0.7181049806531519,-0.00018523503661072027,2.3349467143416405,7.171027094125748,0.9462447511032224,0.05092041753232479,0.0028348432388156652,0.0
ppo_random_command14_22,600,254.71788414239884,367.0033264160156,104.91724359314867,8196,1.4894862691871822,0.7913239849731326,0.6708146196324378,-0.0001657876665603908,1.9428933775052428,6.057135671377182,0.8882620180957019,0.07413200614973903,0.03760599679662846,0.0
ppo_random_command14_22,700,331.929759118557,385.30877685546875,41.16844841962689,8196,1.7781283566728234,0.9255463206209242,0.8997276462614536,-0.00020732609607421182,2.4114207020029426,7.206180669367313,0.9493198022246361,0.044247003737837076,0.00643320662129554,0.0
ppo_random_command14_22,800,326.74130157470705,376.1692810058594,52.49880342061147,8196,1.7708087377250195,0.914028475061059,0.9486897075548768,-0.00022226807539027504,2.288251167163253,7.075605429708958,0.9056161385960877,0.09179973509162664,0.00258414931158768,0.0
ppo_random_command14_22,900,319.5236763000488,372.05755615234375,56.07094574989904,8196,1.7245442727580667,0.8845685278065503,0.793303286191076,-0.00027721301376004703,2.2002897495403886,6.856593772768974,0.8707944136112928,0.11514000967144966,0.014065550552913919,0.0
ppo_random_command14_22,1000,332.9310676574707,384.76654052734375,47.30056946666264,8196,1.7329069264233112,0.9010533266700804,1.1863916870206594,-0.0003490815518034651,2.410399285145104,7.13004557043314,0.9018900459632277,0.08056235825642943,0.017547621857374907,0.0
ppo_random_command14_22,1100,340.24164215087893,381.0919189453125,26.07376688172935,8196,1.7878170292824507,0.9265208644792438,1.0038232547231019,-0.0004793546197561227,2.394510821439326,7.22866590321064,0.9323688927106559,0.05738317593932152,0.010247948819596786,0.0
ppo_random_command14_22,1200,333.9836538887024,385.1781311035156,41.547459412804365,8196,1.800892119295895,0.9286794979125261,0.9450595313683152,-0.0004941652216530201,2.4616030734032393,7.271331738680601,0.9593437444418669,0.026201805245364085,0.014454459771513939,0.0
ppo_random_command14_22,1300,341.3342091369629,386.8567199707031,27.640206222667143,8196,1.8195700095966458,0.9334952170029283,1.0976242437027395,-0.000529977615315147,2.524236848577857,7.321951374411583,0.9639668064191937,0.03210884099826217,0.00392436096444726,0.0
ppo_random_command14_22,1400,336.9421697998047,368.120849609375,23.19694683685209,8196,1.7969382889568806,0.9335114290006459,0.9344414076767862,-0.0005474591944221174,2.594739575870335,7.267385296523571,0.9671152546070516,0.03137487033382058,0.00150988285895437,0.0
ppo_random_command14_22,1500,340.96215057373047,380.1440124511719,23.71573571822786,8196,1.7904056496918201,0.9260802683420479,0.9622497735545039,-0.000575188745642663,2.5309425489977,7.2831392996013165,0.9566413979046047,0.03931891458341852,0.004039699211716652,0.0
ppo_random_command14_22,1600,339.74953750610354,379.4287414550781,30.545579231528276,8196,1.8311175527051091,0.9307983135804534,1.0582020240835845,-0.0005979174161439005,2.5631394907832146,7.308067627251148,0.9551734565757215,0.04017775598913431,0.004648799564165529,0.0
ppo_random_command14_22,1700,340.02931694030764,382.4187927246094,40.8197122946161,8196,1.8162570530548692,0.9320375276729465,1.0692657423205674,-0.0006653959389950614,2.4842555010691285,7.368073955178261,0.9655100512318313,0.02496072743088007,0.009529228962492198,0.0
ppo_random_command14_22,1800,344.97834259033203,383.9943542480469,21.577413508948425,8196,1.8058322919532657,0.9277792694047093,1.0686110598035157,-0.0007089966134117276,2.532857444137335,7.337202969938517,0.9554613255895674,0.02314772456884384,0.02139096101745963,0.0
ppo_random_command14_22,1900,343.19504478454587,381.3799133300781,33.853500824268224,8196,1.8169141598045826,0.9302705740556121,1.1096665170043707,-0.0008096628093881009,2.5590915754437447,7.366920255124569,0.9700587629340589,0.024093307554721832,0.005847936496138573,0.0
ppo_random_command14_22,2000,331.77919727802276,383.3674621582031,51.726663765328276,8196,1.7833919869735837,0.9170735701918602,0.9820039668120444,-0.0008340525887433614,2.506983559578657,7.231319393962622,0.9536035219207406,0.021451013162732124,0.024945476092398167,0.0
ppo_random_command14_22,2100,343.507667388916,382.1165771484375,20.942792997079927,8196,1.8312801197171211,0.9331128364428878,0.9784256927669048,-0.0008817894331514253,2.594949685037136,7.301496829837561,0.9548636637628078,0.043472045101225376,0.0016643027356622042,0.0
ppo_random_command14_23,0,7.70351856470108,30.83916473388672,5.198996494608936,8196,0.04645874516063486,0.032434034516427346,0.051608079515062855,-0.0003259684848444522,0.039811281265883736,0.09294073761662958,0.027339937014403404,0.01234786778900343,0.37244635135880344,0.0
ppo_random_command14_23,100,268.80977188110353,353.2846984863281,49.751036662468024,8196,1.6563583305105567,0.8206141288392246,0.4584694573422894,-0.006405582960724132,1.4288657028228045,6.304008889943361,0.6605566190555692,0.08387285191565752,0.21093845029827207,0.04463210003450513
ppo_random_command14_23,200,324.97519271850587,374.4825744628906,32.77185109709949,8196,1.7763761305250227,0.8971361175645143,0.9421929977834225,-0.0034777349947034963,2.2050991938449442,7.11138217523694,0.9299820582382381,0.051269291900098324,0.018748664762824774,0.0
ppo_random_command14_23,300,324.54015335083005,386.6251220703125,63.778485351037936,8196,1.7612719014286995,0.8932887404225767,1.1841888632625341,-0.0019703308535099495,2.35862747579813,7.148465745151043,0.9177352334372699,0.05747373076155782,0.024791056290268898,0.0
ppo_random_command14_23,400,328.94159469604494,377.5538024902344,32.17520143787489,8196,1.7850304218009114,0.9266163725405931,0.6295370678417385,-0.0014991218740760814,2.549216315150261,7.263509530574083,0.9721481963060796,0.014054112049052492,0.013797698811686132,0.0
ppo_random_command14_23,500,338.5026379394531,384.5687255859375,23.11952769692696,8196,1.8045980473980308,0.9283421253785491,0.9235315634869039,-0.001161092993697821,2.6027779653668404,7.33290334045887,0.977584345266223,0.014518324751406908,0.007897335570305586,0.0
ppo_random_command14_23,600,324.2149468231201,382.66888427734375,59.2970278207209,8196,1.738697113469243,0.8983210446313024,0.8621139095630497,-0.0008909714947549219,2.494770096614957,7.102233875542879,0.9111018544062972,0.033977129962295294,0.05492103731376119,0.0
ppo_random_command14_23,700,343.8289260864258,385.3306884765625,23.485084916508317,8196,1.8255887469276786,0.9353731865994632,1.0910326270386577,-0.0008980799193523126,2.5701366402208805,7.3745841681957245,0.9492892995476723,0.034345068503171206,0.016365643125027418,0.0
ppo_random_command14_23,800,326.0149477291107,384.5384521484375,46.81603689535197,8196,1.709580178372562,0.8991633229888976,0.5811424379935488,-0.0008152013206199626,2.5338850133121014,6.976581811904907,0.8542753076180816,0.05149043630808592,0.09423422999680042,0.0
ppo_random_command14_23,900,314.9365699005127,372.8125915527344,42.316665668660455,8196,1.706113032065332,0.9062557411380112,0.5067067829659209,-0.000747129167393723,2.4636572059243917,6.871180005371571,0.7883189879357815,0.08977702632546425,0.12020345404744148,0.0017005246636472293
ppo_random_command14_23,1000,341.71040985107425,383.26934814453125,31.332024696764094,8196,1.826663440093398,0.9386960915289819,1.0001896959729493,-0.0007764235178910894,2.4763999078422785,7.2850788570940495,0.9343305961228907,0.04825619934126735,0.017146321013569832,0.00026689848709793296
ppo_random_command14_23,1100,338.6003602600098,379.68316650390625,26.96560909842442,8196,1.8392486087977886,0.9347967100329697,0.8605470487382263,-0.0007624561558259302,2.564381501637399,7.30900913849473,0.959424767177552,0.028903200291097164,0.011672042775899172,0.0
ppo_random_command14_24,0,9.444540082216262,27.20667266845703,6.1594211451166085,8196,0.050304772600611614,0.03522871017958096,0.05318307050583826,-0.00022502786190337076,0.04221248139992895,0.10194881747207774,0.03275225754805433,0.0038471510649742413,0.3039439968388251,0.0
ppo_random_command14_24,100,261.23966358661653,369.64947509765625,69.12669857233192,8196,1.7230363627895713,0.8778954949229956,0.4312811350100674,-0.004727683455712395,1.989614455960691,5.457196120172739,0.7854012162424624,0.04186207568272948,0.08974843006581068,0.08298827428370714
ppo_random_command14_24,200,255.88727493286132,345.4997253417969,50.24205948980393,8196,1.702651334926486,0.8797887456603348,0.3010592033388093,-0.004577726112984237,2.1767012448981404,4.5415140353143215,0.45996714290231466,0.008462588302791119,0.03660131338983774,0.4949689647182822
ppo_random_command14_24,300,260.5368655395508,353.8090515136719,60.6868674376326,8196,1.7564592640846968,0.9054951160214841,0.35094566841144115,-0.0049012587442121,2.274563346989453,5.235629361122847,0.7272040150128305,0.019342514002346434,0.033030593767762184,0.22042288584634662
ppo_random_command14_24,400,286.97770805358886,366.91802978515625,67.86941589770646,8196,1.805213707499206,0.9187970580533147,0.4104944784194231,-0.0051334364452486625,2.2504599747480825,6.110039476305246,0.8079007533378899,0.03636968368664384,0.04227862786501646,0.1134509239345789
ppo_random_command14_24,500,306.38118759155276,370.95867919921875,39.13109939830783,8196,1.8411608301103115,0.9281216016970575,0.3597019629087299,-0.00539095043859561,2.3208943689242005,6.49397200345993,0.8995165564119816,0.04285722551867366,0.024836810305714607,0.03278943197801709
ppo_random_command14_24,600,291.67945671081543,381.83258056640625,58.29477486378593,8196,1.8156019607558846,0.9220673032104969,0.4197174735600129,-0.0056779170081426855,2.2965928008779883,6.4803475849330425,0.8966950587928295,0.034606247674673796,0.0366947278380394,0.03200398804619908
ppo_random_command14_24,700,289.883329372406,382.19091796875,64.11229405729972,8196,1.7955202292650938,0.9010510826483369,0.40253420057706535,-0.006075815061194589,2.262458431534469,6.588607620447874,0.8566316394135356,0.06647773971781135,0.03801682824268937,0.03887376413331367
ppo_random_command14_24,800,296.7622280907631,374.9610290527344,57.97202992521731,8196,1.7976053804159164,0.913583445828408,0.3738185818074271,-0.00611750895404839,2.297831742092967,6.277547892183065,0.8503881227225065,0.041426459327340126,0.03814646461978555,0.07003892725333571
ppo_random_command14_24,900,269.7769898223877,362.08404541015625,64.37151257231558,8196,1.7800533128902316,0.9118868284858763,0.33841344772372395,-0.006525127606437309,2.3342299479991198,5.551852688193321,0.8313439670018852,0.02807772159576416,0.06153535284101963,0.07904294109903276
ppo_random_command14_24,1000,273.4735777282715,368.26507568359375,74.84190787588152,8196,1.7328279074281454,0.8830017521977425,0.4243394829099998,-0.007032796856947243,2.1580587904900312,5.761790672317147,0.7136894227005541,0.051999449729919434,0.13372376561164856,0.10058736568316817
ppo_random_command14_25,0,8.888213083744049,30.677732467651367,6.028010134872858,8196,0.04525579607616237,0.031247075795363344,0.051504666152141,-7.888325335203561e-05,0.03811760679445797,0.10005096224051613,0.027540110613699653,0.005942304166865142,0.3812358913044136,0.0
ppo_random_command14_25,100,245.8661796569824,343.9402160644531,46.481458489935946,8196,1.7575728092342615,0.8875583144836128,0.3031077317427844,-0.2166589394910261,2.026914139278233,5.355092812329531,0.7584540075622499,0.06001212541013956,0.01053772447630763,0.17099614534527063
ppo_random_command14_25,200,286.122282269001,334.55224609375,41.939459541853076,8196,1.842576197348535,0.876517872326076,0.3768982293549925,-0.9668210041709244,2.133927833288908,7.072653364390135,0.9302651612088084,0.05454833194380626,0.01075505604967475,0.004431467968970537
ppo_random_command14_25,300,286.2545753479004,346.7615051269531,36.35609008114348,8196,1.8294855821877718,0.874836802482605,0.4161033659474924,-0.9819594407454133,2.2859874414280057,6.687640817835927,0.9399087731726468,0.0327846659347415,0.006926969148480566,0.020379606634378433
ppo_random_command14_25,400,290.3271209716797,330.3682861328125,19.21586506155828,8196,1.8544204542413354,0.8688205182552338,0.24645575264003128,-0.8880933304317296,2.1369344945997,7.15744948759675,0.9632337889634073,0.0267518066248158,0.007356866262853146,0.002657546407135669
ppo_random_command14_25,500,272.90753089904786,344.2078857421875,49.37183331796927,8196,1.802394138649106,0.8529286235570908,0.317202617705334,-0.8796631232835352,2.1606836346909404,6.7841322887688875,0.9119664146564901,0.05157717829570174,0.009024028200656176,0.02743239862320479
ppo_random_command14_25,600,285.8330297446251,339.8863220214844,40.66164563645904,8196,1.822294956073165,0.8717636708170176,0.3828883800888434,-0.922726709395647,2.3103426471352577,6.862112909555435,0.9456118205562234,0.041824900545179844,0.009221342392265797,0.003341950357935275
ppo_random_command14_25,700,282.5348296546936,348.0858154296875,44.43480588069631,8196,1.7909342991188169,0.8575689196586609,0.3894848754571285,-0.894104256760329,2.2361366832628846,6.752878192812204,0.9241598597727716,0.05187743902206421,0.012808267492800951,0.011154450476169586
ppo_random_command14_25,800,278.072628736496,343.223388671875,52.17687655611904,8196,1.8110795570537448,0.8642558977007866,0.3469998383661732,-0.8556843106634915,2.2733199186623096,6.771822195500135,0.881744934245944,0.05331773782381788,0.008657996077090502,0.05627936031669378
ppo_random_command14_25,900,270.34090269088745,349.6168212890625,66.30818577715351,8196,1.7952462453395128,0.8630267204716802,0.4330047343391925,-0.8354256013408303,2.2938597947359085,6.476328495889902,0.895849562715739,0.05558733083307743,0.007905914448201656,0.04065721994265914
ppo_random_command14_27,0,8.933692135810851,30.935415267944336,6.068910824754872,8196,0.04829094007618551,0.03357842490595431,0.0529618488617416,-1.3673010528680862e-05,0.03610447154369467,0.10516728186644286,0.029851642650100985,0.003587878239386555,0.35847230911394945,0.0
ppo_random_command14_27,100,72.51618333816528,172.15745544433594,26.87317634357588,8196,0.45705745252780616,0.2794539170572534,0.17628766124835238,-0.00025950147630737774,0.215447171125561,1.8597703939303756,0.0017624832325964235,0.4229359100572765,0.5753015773370862,0.0
ppo_random_command14_27,200,213.8728335094452,307.4056396484375,59.69471968038407,8196,1.4258488332852721,0.7668338674120605,0.3359560059616342,-0.001985071020499163,0.7576103610917926,5.359036300331354,0.39776834193617105,0.05627078143879771,0.5446330420672894,0.0013278199703563587
ppo_random_command14_27,300,203.88764423847198,327.3401794433594,71.7219942899998,8196,1.3627415890805423,0.7540175011381507,0.2834555881563574,-0.00552467867055384,1.1765528614632785,4.844584662467241,0.44149872520938516,0.08086833823472261,0.4061479992233217,0.07148494478315115
ppo_random_command14_27,400,277.9135701084137,360.8887023925781,68.6320096887564,8196,1.7630951283499599,0.8967050039209425,0.39066569262649864,-0.01648114160343539,1.8620624197646976,6.203097142279148,0.8019460588693619,0.03292002156376839,0.12786153238266706,0.037272372748702765
ppo_random_command14_27,500,281.88777858257293,374.2958679199219,70.51447425037512,8196,1.7324299942702055,0.8964197118766606,0.4657616757322103,-0.036678866599686444,1.8165890262462199,6.218585079535842,0.8419026592746377,0.03939803090179339,0.06679325178265572,0.05190603528171778
ppo_random_command14_27,600,230.094027633667,348.8270568847656,66.499580913946,8196,1.4500019093975425,0.7958432389423251,0.3268250069813803,-0.059040753316367045,1.775084925815463,4.817567083984613,0.46972895273938775,0.057700594421476126,0.2050724015571177,0.2674980512820184
ppo_random_command14_27,700,243.54177841186524,361.00775146484375,79.546262963554,8196,1.5022207731381059,0.8010178911499679,0.4008457901654765,-0.08691466075833887,1.835394971538335,5.284266212955117,0.7036959831602871,0.1114682472543791,0.15281844371929765,0.03201733296737075
ppo_random_command14_27,800,249.5695262002945,351.2550964355469,74.92808861748678,8196,1.7456621583551168,0.8927759574726224,0.3571026928839274,-0.12048468133434653,2.100182194262743,5.716972906142473,0.8302563559263945,0.01916521725070197,0.02889843424782157,0.12167997425422072
ppo_random_command14_27,900,267.4473931193352,368.90484619140625,72.88253206041274,8196,1.7551580518484116,0.8878186354413629,0.46968716371338814,-0.14459415269084275,2.075749118812382,6.026620481163263,0.8417425202205777,0.040274030063301325,0.029784918297082186,0.08819851279258728
ppo_random_command14_27,1000,233.70354047775268,339.06939697265625,73.71909596911051,8196,1.5168520053848624,0.8049142048694193,0.3124530866043642,-0.14287515881005675,1.8747830232605338,5.224400974810123,0.7029839362949133,0.12059617601335049,0.12854498298838735,0.04787491587921977
ppo_random_command14_27,1100,263.9649275588989,354.2413024902344,58.3826549753685,8196,1.7371609881520271,0.8822169816121459,0.3348065101890825,-0.15878954448271543,2.104170937091112,5.751776432618499,0.8295195256359875,0.05073930788785219,0.06197954807430506,0.05776159977540374
ppo_random_command14_27,1200,281.0032810783386,361.1083068847656,55.597771812420746,8196,1.7136247036978602,0.8918748507276177,0.33946041390299797,-0.1580116669065319,2.252787628211081,6.188080944120884,0.8984756525605917,0.0184531700797379,0.07254872564226389,0.010522473137825727
ppo_random_command14_27,1300,249.36070386886595,361.0414123535156,63.3492010468036,8196,1.6191075230017304,0.8575834715738893,0.31585377489682287,-0.15298875980079174,1.9435331327840686,5.623522810637951,0.8675477849319577,0.011608177796006203,0.08876567194238305,0.03207833832129836
ppo_random_command14_27,1400,252.60471487045288,346.235107421875,54.431315820422306,8196,1.6275226026773453,0.8753356710076332,0.30688745237421244,-0.148425237624906,2.2612050408497453,5.4344187173992395,0.7494357004761696,0.040156785398721695,0.09139366820454597,0.11901384964585304
ppo_random_command14_27,1500,287.864277305603,360.75872802734375,51.10795656289603,8196,1.7660508761182427,0.9028491331264377,0.3858490453567356,-0.14962974592344835,2.224797336384654,6.370444789528847,0.9025315553881228,0.047799612395465374,0.036182854790240526,0.013485999144904781
ppo_random_command14_27,1600,303.8513897705078,371.68109130859375,48.91903360239052,8196,1.812281396239996,0.8977272463962436,0.3021238965447992,-0.14860820781905204,2.149108974263072,6.849707394838333,0.920524321962148,0.04868514323607087,0.02828361466526985,0.0025069393559533637
ppo_random_command14_27,1700,294.728281917572,368.267578125,54.01100878357669,8196,1.7706028828397393,0.9008368398062885,0.39646551525220275,-0.14484609849750996,2.222874310798943,6.47773452103138,0.8669472634792328,0.04623253736644983,0.05586566776037216,0.030954505316913128
ppo_random_command14_27,1800,290.71072128295896,356.18292236328125,42.53366903085324,8196,1.786864722147584,0.8920336794108152,0.308177386992611,-0.13981424929806963,2.1517545506358147,6.671193227171898,0.9101619906723499,0.06044297572225332,0.027572520790272392,0.0018225353887828533
ppo_random_command14_27,1900,282.8571788573265,358.72760009765625,58.7726506984892,8196,1.732067686796654,0.8817034710373264,0.35850480990484357,-0.12975925084174378,2.282185171963647,5.851026906864718,0.8976873490028083,0.04255029233172536,0.03594359941780567,0.023818783462047577
ppo_random_command14_27,2000,290.4212307739258,355.0951232910156,50.299820820362896,8196,1.7457404769957066,0.8953992100432515,0.4135928088799119,-0.12892648711567745,2.33748525287956,6.331840064376593,0.9019729751162231,0.04238443402573466,0.04814467392861843,0.007497941143810749
ppo_random_command14_28,0,8.600121604204178,31.794389724731445,6.382100647279872,8196,0.04377866762206395,0.03017449181925258,0.05036245033170417,-0.0003121022050436295,0.038921751488487644,0.07185656584073286,0.024825371810948127,0.002177129095798591,0.4111151775471171,0.0
ppo_random_command14_28,100,45.13812996864319,191.07188415527344,30.079453168973842,8196,0.4169776064809412,0.24593337601982057,0.09578264044830576,-0.0009626125483919168,0.23202023864723742,0.902781508397311,0.0015880460086918902,0.48908194806426764,0.5093300063163042,0.0
ppo_random_command14_28,200,314.24627731323244,370.8002014160156,38.23525304392222,8196,1.8309884686022997,0.9212379050441086,0.7398365789558738,-0.002257164720504079,2.1109047923237085,7.143878486007452,0.9147774269804358,0.08223809907212853,0.002984496997669339,0.0
ppo_random_command14_28,300,332.9931689453125,377.99920654296875,29.350329267254914,8196,1.7665977263823152,0.9114509336650372,0.9357127919793129,-0.0015128874556467053,2.324753020890057,7.200354356318712,0.9366821618750691,0.032173659186810255,0.031144193839281797,0.0
ppo_random_command14_28,400,333.6171760559082,385.2496643066406,43.86860793857345,8196,1.8295088298618793,0.9274490843527019,0.9938587648794055,-0.0008891842048797116,2.449763048440218,7.24994333460927,0.9485267326235771,0.048582196701318026,0.002891082549467683,0.0
ppo_random_command14_28,500,339.62197372436526,376.02978515625,23.51526934818571,8196,1.8080006260424852,0.9233927000313997,1.0245624878443778,-0.000603918506840273,2.444816941395402,7.342311933636665,0.9614312713965774,0.026028321124613285,0.012540415860712528,0.0
ppo_random_command14_28,600,342.17966773986814,382.13262939453125,37.613611155288666,8196,1.7746553868055344,0.9195569967851043,1.132811059243977,-0.0004002380355814239,2.483902775682509,7.312646970152855,0.9478909424506128,0.03578060073778033,0.01632846798747778,0.0
ppo_random_command14_28,700,344.3048954772949,389.29962158203125,25.921931834272083,8196,1.7829799484461546,0.9280933607369661,1.1192778595723212,-0.0003048148560083064,2.5320491418242455,7.334771923720837,0.9659599657170475,0.02548213256523013,0.008557909168303013,0.0
ppo_random_command14_28,800,339.54943252563476,382.7828063964844,32.896904411006396,8196,1.8051831824705005,0.9337849165312946,1.0313337785191834,-0.0002322620103996087,2.542468123137951,7.352505169808865,0.9768894561566412,0.012724385131150484,0.010386164300143719,0.0
ppo_random_command14_28,900,342.2058355712891,381.683837890625,25.341530951169872,8196,1.7793032051995397,0.9230679254978895,0.9670013100840151,-0.00018386207324283532,2.5336667159572244,7.303966868668795,0.9644195805303752,0.015107407700270414,0.020473021068028174,0.0
ppo_random_command14_28,1000,338.27718589782717,378.93646240234375,39.20611541941787,8196,1.7925366377457976,0.924595604185015,0.9857707507908344,-0.00016376114695049182,2.5434264596551657,7.295904032886028,0.9566623684950173,0.02132995566353202,0.022007687017321587,0.0
ppo_random_command14_28,1100,337.94742721557617,380.4318542480469,24.185023989751457,8196,1.8102964777499437,0.9297451707534492,0.8702479102648795,-0.00013906800029417354,2.564766241237521,7.31195193529129,0.9639582275412977,0.020152742974460125,0.015889038797467947,0.0
ppo_random_command14_29,0,6.976918740272522,18.32927703857422,3.843231234477979,8196,0.03636222638306208,0.022268034416811133,0.04674135397272039,-2.5802286978127142e-06,0.03037987872312442,0.0762655659821121,0.017243548698388622,2.859626647477853e-05,0.5261131601112083,0.0
ppo_random_command14_29,100,81.17901617050171,151.29837036132812,25.6260875817457,8196,0.43340463330969214,0.26443052326794714,0.14400050503900275,-9.269996716909645e-06,0.46215429645963013,1.852087238803506,0.0,0.06817826395854354,0.9318217509426177,0.0
ppo_random_command14_29,200,122.57097702026367,321.68670654296875,58.71444362867822,8196,0.6977917933836579,0.40344059839844704,0.22178059455472976,-4.657930158913359e-06,0.8599306889809668,2.8334101885557175,0.010616840794682503,0.062234054785221815,0.9271491221152246,0.0
ppo_random_command14_29,300,134.94181701660156,361.4284973144531,58.14834392822934,8196,0.7789321136660874,0.44644951610825956,0.25805120810400695,-2.867020395314057e-06,0.9669483895413578,3.1564287692308426,0.026054057758301497,0.06770737888291478,0.9062385838478804,0.0
ppo_random_command14_29,400,130.72287843704223,350.2846984863281,57.26680059881081,8196,0.8087248653173447,0.46282566082663834,0.26110751181840897,-2.363722790832412e-06,1.0122672840952873,3.262419529259205,0.036158071365207434,0.06627756590023637,0.897564385086298,0.0
ppo_random_command14_29,500,138.28701871871948,338.9139404296875,58.21278613358127,8196,0.8111261292360723,0.4630362866446376,0.26945174229331315,-2.2327485700301963e-06,1.0074133411981165,3.2777117006480694,0.041849683970212936,0.06405754294246435,0.8940927991643548,0.0
ppo_random_command14_29,600,143.810958442688,360.2700500488281,61.871578157088,8196,0.8117280025035143,0.46418141573667526,0.26962845609523356,-2.226100023428046e-06,1.0116387195885181,3.279510982334614,0.0352353653870523,0.06681040953844786,0.8979542474262416,0.0
ppo_random_command14_29,700,139.84199459075927,296.62384033203125,58.80362252327002,8196,0.8079902203753591,0.4616223620250821,0.2675378762651235,-2.1792369180317905e-06,0.9926478774286807,3.2727471347898245,0.040904100984334946,0.06885122926905751,0.8902446958236396,0.0
ppo_random_command14_29,800,150.81525379180908,351.9466552734375,62.275947291141506,8196,0.8215967337600887,0.46794070256873965,0.27242027141619474,-2.1644628187544868e-06,1.0305582261644304,3.318532569333911,0.037212320137768984,0.07053459575399756,0.8922531064599752,0.0
ppo_random_command14_29,900,140.89484951019287,350.1491394042969,64.86930675955196,8196,0.8205889998935163,0.46753300982527435,0.2698332375148311,-2.32327488625117e-06,1.019029296003282,3.319439835846424,0.041680012829601765,0.0681058201007545,0.8902141931466758,0.0
ppo_random_command14_29,1000,142.59142547607422,351.5774841308594,57.279504041666826,8196,0.8372357599437237,0.47628995636478066,0.27957567712292075,-2.2500639849099002e-06,1.0376794836483896,3.3881407100707293,0.03996709635248408,0.06780937220901251,0.8922235569916666,0.0
ppo_random_command14_29,1100,137.3880326652527,345.527587890625,56.408224725496574,8196,0.8305388959124684,0.4739946557674557,0.2745019792346284,-2.237692783957357e-06,1.035875120665878,3.3590118288993835,0.0399442196066957,0.06812393106520176,0.8919318751432002,0.0
ppo_random_command14_29,1200,142.0653225708008,344.8442077636719,62.39953091392393,8196,0.8052868735976517,0.4598366098944098,0.26366010948549956,-2.1678758237442253e-06,1.0054050283506513,3.248021975159645,0.03533831192180514,0.06559411529451609,0.8990675951354206,0.0
ppo_random_command14_29,1300,153.90967782974244,360.90704345703125,77.19462108766365,8196,0.8100085374899209,0.4612029935233295,0.26920796267222613,-2.0954473569645415e-06,1.0182954957708716,3.2590935099869967,0.035192470997571945,0.06935166381299496,0.8954558875411749,0.0
ppo_random_command14_29,1400,147.87702533721924,340.8822021484375,63.77969229018533,8196,0.8128762426786125,0.4647332038730383,0.26680295332334936,-2.130199610483885e-06,1.018717144150287,3.297352109104395,0.04137117322534323,0.07247151574119925,0.8861573371104896,0.0
ppo_random_command14_29,1500,144.96530746459962,364.7917785644531,60.02393745523719,8196,0.8103290144354105,0.4620606121607125,0.26886952144559473,-2.077373992825926e-06,1.0060195294208825,3.276150768622756,0.03808736568316817,0.06859862897545099,0.8933140276931226,0.0
ppo_random_command14_30,0,8.683212151527405,29.139921188354492,6.294664947120386,8196,0.04652793947570899,0.03244950535827229,0.05173531222681049,-8.148408027430776e-05,0.03912727372471636,0.08475584736567043,0.02863725428505859,0.0011114415490283136,0.37121003931088126,0.0
ppo_random_command14_30,100,176.49074184417725,293.33502197265625,45.74638785839946,8196,1.2256661127321422,0.5373872935306281,0.17397511732997373,-0.006741054672602331,0.8990219607949257,4.2564191203564405,0.21678257582243532,0.1347274943254888,0.1981235104613006,0.4503664253279567
ppo_random_command14_30,200,300.5483592224121,374.5537414550781,73.11338056016679,8196,1.641491430811584,0.839096324518323,0.9811551896855235,-0.03335382511431817,1.9411514941602945,6.802046827971935,0.8878006688319147,0.09554012585431337,0.016659231390804052,0.0
ppo_random_command14_30,300,325.06274917602536,374.1208801269531,42.202378385517235,8196,1.7572223162278533,0.8733093193732202,1.100150445010513,-0.1315400447929278,2.2291433652862906,7.121624570339918,0.9326233994215727,0.06056308001279831,0.006813537162088323,0.0
ppo_random_command14_30,400,313.8510980224609,359.5611572265625,24.08754196389013,8196,1.7273403611034155,0.8651104900054634,0.9925317768938839,-0.5155444445554167,2.238672805018723,7.08965951949358,0.9247537087649107,0.06781509146094322,0.007431216523400508,0.0
ppo_random_command14_30,500,291.3280023384094,342.3479309082031,50.55486296984565,8196,1.7102644760161638,0.8463909407146275,1.037152973935008,-1.0949856559745967,2.255714355967939,7.01920335367322,0.9263398479670286,0.06342747202143073,0.010232697706669569,0.0
ppo_random_command14_30,600,288.6013014984131,332.405517578125,40.17800461596289,8196,1.7147864596918225,0.8506056577898562,1.012146346271038,-1.3638456352055073,2.3032568860799074,7.034815851598978,0.9151539443992078,0.07620904687792063,0.008637025486677885,0.0
ppo_random_command14_30,700,291.3968797302246,338.3511047363281,36.740959558501885,8196,1.7358744470402598,0.8506494979374111,1.098575524520129,-1.5304227704182267,2.320531656034291,7.139531198889017,0.9279402852989733,0.05871290201321244,0.013346830593945924,0.0
ppo_random_command14_30,800,293.30061431884764,337.949951171875,37.80600687304859,8196,1.7279637018218637,0.8475266289897263,1.1730428449809551,-1.4800902651622891,2.291159152984619,7.0976081266999245,0.92959696194157,0.06142001459375024,0.008983040228486061,0.0
ppo_random_command14_31,0,9.8402796626091,30.671506881713867,6.531178328443809,8196,0.04948131288529112,0.035672365747359436,0.053305774645195925,-8.764739262101529e-05,0.04073611145804534,0.10344592232723926,0.03156837193273532,0.011837901002081708,0.29566251897563234,0.0
ppo_random_command14_31,100,238.18204012870788,343.6290283203125,88.09327931775432,8196,1.3470789743587375,0.743325061397627,0.47751940600574017,-0.0014467667124336003,1.5288060195744038,5.5741133242845535,0.8069913922809064,0.15429210639558733,0.03871648508356884,0.0
ppo_random_command14_31,200,264.74165113449095,353.3417053222656,80.73912749124607,8196,1.4745950680226088,0.7886302990373224,0.5456988519290462,-0.0014112512394603982,1.747222650796175,5.909125953912735,0.8320645927451551,0.15186142444144934,0.016073961276561022,0.0
ppo_random_command14_31,300,269.9756142425537,332.8504943847656,45.37045569090913,8196,1.5643042400479317,0.8379876627586782,0.37168678967282176,-0.0013975516449136194,1.7628011889755726,5.936667758971453,0.44365105824545026,0.42295497958548367,0.1333939554169774,0.0
ppo_random_command14_31,400,331.32185140609744,384.5931091308594,44.648500584508135,8196,1.7503256117925048,0.8989968039095402,1.0945907109417021,-0.0013712589525312069,2.4345698952674866,7.198625266551971,0.9134048065170646,0.06573900301009417,0.020856210248894058,0.0
ppo_random_command14_31,500,303.9831380462646,369.7054748535156,55.41330454144274,8196,1.7022499814629555,0.8699023551307619,0.4774695868254639,-0.0013451123477352667,2.3187307799234986,6.673222072422504,0.9025611048564315,0.0753921470604837,0.022046768572181463,0.0
ppo_random_command14_31,600,342.9041021347046,390.368896484375,48.20033749124792,8196,1.7673861552029848,0.9090742575936019,1.3169819628819823,-0.001183516747005342,2.4706403091549873,7.292036566883326,0.948598223272711,0.04697127407416701,0.004430514760315418,0.0
ppo_random_command14_31,700,344.4330340576172,383.32293701171875,24.033598939959607,8196,1.8010894479230046,0.9267700868658721,1.0596458869986236,-0.0011127721913908317,2.5398236326873302,7.345537785440683,0.9690159526653588,0.0288898553699255,0.0020941998809576035,0.0
ppo_random_command14_31,800,331.46123565673827,384.93365478515625,26.66976801295366,8196,1.7645576456561685,0.9068812960758805,0.7936356670688838,-0.0011701321823238686,2.350303758867085,7.122165583074093,0.9300878643989563,0.055759861395927146,0.014152292606013361,0.0
ppo_random_command14_31,900,343.2420715332031,380.4481201171875,25.17081888864825,8196,1.7868251781910658,0.9146586740389466,1.0887047755531967,-0.001033252297929721,2.5294989813119173,7.305370636284351,0.9521146100014448,0.04350636061280966,0.004379041492938995,0.0
ppo_random_command14_31,1000,344.44463981628417,392.39886474609375,37.405671843838704,8196,1.7699269969016314,0.9088854850269854,1.1790238823741674,-0.0008997650693345349,2.525327829644084,7.2508471347391605,0.9348815507255495,0.05968612805008888,0.005432337522506714,0.0
ppo_random_command14_31,1100,339.9095507049561,391.4205017089844,46.270814284314724,8196,1.7283901060000062,0.8951322608627379,1.2400829270482063,-0.0008753583297220757,2.498104236088693,7.175622645765543,0.925437159370631,0.06709637213498354,0.007466485258191824,0.0
ppo_random_command14_31,1200,323.1883750343323,375.7897033691406,39.41516286608047,8196,1.793364418670535,0.9148918366990983,0.7972223407123238,-0.0009670620702308952,2.4131495049223304,7.081523861736059,0.9140777718275785,0.08008003304712474,0.005842217244207859,0.0
ppo_random_command14_31,1300,336.3971432495117,383.8538818359375,32.21768220717973,8196,1.7961799930781126,0.9140207124873996,1.1075068386271596,-0.0009388570456394518,2.4021094385534525,7.190652333199978,0.9340932471677661,0.06493830773979425,0.000968460226431489,0.0
ppo_random_command14_31,1400,328.4831524658203,365.53094482421875,28.12261392061647,8196,1.7532344842329621,0.9055679561570287,0.8779833232983947,-0.0009297366077589686,2.3207510113716125,7.1809466406702995,0.9359186417423189,0.05857945280149579,0.005501921754330397,0.0
ppo_random_command14_31,1500,315.6610953521729,371.757080078125,35.950653354987416,8196,1.7665623193606734,0.907061749137938,0.604810681194067,-0.0009547686040605186,2.3988939728587866,6.875048164278269,0.9544223281554878,0.041635212022811174,0.00394247192889452,0.0
ppo_random_command14_32,0,8.902690680027009,33.1265754699707,6.01019042965152,8196,0.044045393829037494,0.029750664383300318,0.05058356592144264,-3.1233088200743886e-06,0.035452954356514965,0.07642855032770512,0.02555743610173522,0.00048804294533510983,0.41939665563700146,0.0
ppo_random_command14_32,100,34.85570399522781,135.3004608154297,28.154851937535366,8196,0.1870129758026451,0.11942534701665863,0.10270835371920839,-4.7084207466241423e-05,0.215476956916973,0.7880514734424651,0.0,0.29973652120679617,0.7002634787932038,0.0
ppo_random_command14_32,200,96.60804942131043,341.8741149902344,84.21143804929974,8196,0.5072258706204593,0.29763362486846745,0.22688998107332736,-0.000295107458214261,0.6224705211352557,2.130698075518012,0.1122127027483657,0.5455567012540996,0.342230592854321,0.0
ppo_random_command14_32,300,318.3092755126953,368.7487487792969,39.89315239321087,8196,1.7407722789794207,0.8840178768150508,0.9661938562057912,-0.002154168440029025,1.9099996723234653,6.936967745423317,0.8889302210882306,0.10716641187900677,0.003903390374034643,0.0
ppo_random_command14_32,400,325.29158874511717,380.2848205566406,43.74782625453429,8196,1.7862980952486396,0.9005091674625874,0.9751890189945698,-0.005759608535299776,2.1422379622235894,7.1034100241959095,0.9342705439776182,0.06450555101037025,0.001223920186930627,0.0
ppo_random_command14_32,500,200.53446361541748,351.994140625,113.25789054397244,8196,1.183007404441014,0.6141832240391523,0.5147990683326498,-0.009358002451335778,1.177794081857428,4.539357933215797,0.7386587234213948,0.18543058400973678,0.07591069582849741,0.0
ppo_random_command14_32,600,325.9624203109741,381.4199523925781,37.76439920110257,8196,1.8005051258951426,0.90159922093153,1.1443793824873865,-0.028989029917283915,2.1915606316179037,7.238875117152929,0.9403615472838283,0.057711079716682434,0.0019273883663117886,0.0
ppo_random_command14_32,700,275.23200775146483,364.134765625,88.96639780186972,8196,1.579135776963085,0.7920319812837988,0.8334030704572797,-0.05777682678308338,1.891938759945333,6.401643082499504,0.8964815400540829,0.07989034336060286,0.023628141861991026,0.0
ppo_random_command14_32,800,331.8788478088379,381.1347351074219,36.62669147105278,8196,1.7508860239759088,0.8700293460860848,1.128217527642846,-0.10767850640695542,2.272596325725317,7.102750089019537,0.9215881028212607,0.07322169095277786,0.0051902225241065025,0.0
ppo_random_command14_32,900,332.5586061096191,377.3128356933594,37.03885782281394,8196,1.7570407800376415,0.8746615736745298,1.2364667747169733,-0.15155067504383624,2.2843474885448813,7.161195982247591,0.9235202567651868,0.07100357441231608,0.005476185120642185,0.0
ppo_random_command14_32,1000,315.5791816711426,373.32086181640625,42.1375266756314,8196,1.7666574995964766,0.8759712460450828,0.9900789926759899,-0.19621769804507494,2.2410605708137155,7.115566808730364,0.9347986215725541,0.0570752895437181,0.008126105647534132,0.0
ppo_random_command14_32,1100,324.11177291870115,375.4022216796875,37.59774610076239,8196,1.73903982155025,0.8712116270326078,1.1856708750128746,-0.23258973483461887,2.1729707503691316,7.123050581663847,0.9057753244414926,0.07971400255337358,0.014510699082165956,0.0
ppo_random_command14_32,1200,321.6128288269043,367.3670349121094,37.41838418863751,8196,1.7098428411409259,0.8553911205381155,1.1193089950829744,-0.25698576075956225,2.1862223516218364,7.026690371334553,0.9028289564885199,0.07944615092128515,0.01772491866722703,0.0
ppo_random_command14_32,1300,320.60667739868165,377.8716125488281,40.910685700828346,8196,1.7344983825460076,0.8703478132374585,1.3009509737603366,-0.28767265437636524,2.180496398359537,7.132068537175655,0.9007242717780173,0.07223511999472976,0.027040629225666635,0.0
ppo_random_command14_32,1400,331.1623266601562,375.4051818847656,33.83052063666667,8196,1.7878578687086701,0.890780424233526,1.3318313993513584,-0.3064133145380765,2.2777185142040253,7.2916254214942455,0.937057726085186,0.05194797646254301,0.010994311422109604,0.0
ppo_random_command14_32,1500,326.2744278717041,371.9526062011719,33.334547611983815,8196,1.761152912862599,0.8715149015188217,1.1543413568288088,-0.3252921502571553,2.309180951677263,7.172596268355846,0.9194729328155518,0.06955851009115577,0.010968574788421392,0.0
ppo_random_command14_32,1600,333.229744720459,380.298828125,37.869340790490334,8196,1.7711767805740237,0.8807845111005008,1.3847471717745066,-0.3349404801847413,2.3146067271009088,7.259120639413595,0.9235050054267049,0.0658514816313982,0.010643530637025833,0.0
ppo_random_command14_33,0,8.096002070903777,26.504985809326172,5.635450034644845,8196,0.046588666219577135,0.03158686903907437,0.05110901431362436,-3.1934620830509353e-06,0.036945729862509324,0.08601243972611883,0.02482823150967306,0.010879926143161356,0.4057381232480566,0.0
ppo_random_command14_33,100,40.80334401607514,80.31574249267578,17.49690766561283,8196,0.22297552158124745,0.14794822421390563,0.12707260152092203,-0.00010780312152292026,0.17247573158238083,0.9893295615911484,0.0,0.09700139472261071,0.9029986276291311,0.0
ppo_random_command14_33,200,299.9140209197998,358.28411865234375,36.55542223148818,8196,1.690930581651628,0.8807351016439497,0.9178167679347098,-0.004955265943863196,1.597191794309765,6.844759296625853,0.7321912026964128,0.11048262956319377,0.15732617327012122,0.0
ppo_random_command14_33,300,310.82526031494143,356.4993896484375,32.162857026516456,8196,1.6947728348895907,0.8856306648813188,0.6701173407491297,-0.01891787361819297,2.119835974648595,6.984244715422392,0.9284064043313265,0.05605058986111544,0.015543024055659771,0.0
ppo_random_command14_33,400,310.32448287963865,355.250244140625,35.11782434853205,8196,1.683949215337634,0.8639492643997073,0.6451277134474367,-0.07401308600674383,2.245779545046389,6.931734800338745,0.9446252495981753,0.045680629555135965,0.009694134299934376,0.0
ppo_random_command14_33,500,295.50415483474734,340.7947998046875,46.21159248481738,8196,1.6185510409995914,0.848984569311142,0.34549134608823806,-0.1929886187426746,2.3273772513493896,6.687137242406607,0.9240082995966077,0.05961273063439876,0.016378988046199083,0.0
ppo_random_command14_33,600,313.11492218017577,367.66510009765625,23.770143962768348,8196,1.7412867899984121,0.8698436631821096,0.8910169675946236,-0.47382461093366146,2.143973419442773,7.075537588447332,0.9267821367830038,0.059847220312803984,0.013370660759392194,0.0
ppo_random_command14_33,700,301.492804107666,348.8305969238281,42.0108695352062,8196,1.7815638659521937,0.8791371332481503,0.8838712084107101,-0.8371168398298323,2.2954692225903273,7.179251957684755,0.9724732404574752,0.020728481002151966,0.0067982858017785475,0.0
ppo_random_command14_33,800,297.89200729370117,346.6117858886719,33.731201138693095,8196,1.7443234152160585,0.8600294056814164,0.9743536664173007,-1.2156490883789957,2.2994856147561222,7.1187022011727095,0.9522289950400591,0.03850582428276539,0.009265189990401268,0.0
ppo_random_command14_34,0,9.191918538808823,30.480636596679688,6.847309238244854,8196,0.04523889703796158,0.029422547162994306,0.05105457105219102,-0.0001978836906104675,0.03717730716198275,0.0902028300477582,0.025297210153439664,0.0007225323263355676,0.4148584302351992,0.0
ppo_random_command14_34,100,280.9844123840332,335.726806640625,50.73522956711891,8196,1.7306286105886102,0.8811494037508965,0.44323744683060795,-0.015202821195998695,1.7212867960333824,6.646803926676512,0.8619991573505104,0.060559267178177834,0.043131749611347914,0.034309799782931805
ppo_random_command14_34,200,306.83300521850583,379.58917236328125,47.76776640901992,8196,1.7455635275691748,0.8813026514835656,0.782186538213864,-0.059271017205901444,2.0900569949299097,6.892865814268589,0.8783400729298592,0.08175291586667299,0.032046882435679436,0.007860160432755947
ppo_random_command14_34,300,321.2727099609375,381.609375,41.49475547600242,8196,1.7823760388419032,0.8981350809335709,0.920341212535277,-0.17918180976994336,2.282611172646284,7.14654328301549,0.9135191915556788,0.06932688038796186,0.012808267492800951,0.004345679190009832
ppo_random_command14_34,400,250.15902106285094,372.8809814453125,104.58402228554328,8196,1.4049093155190349,0.7036681931931525,0.733323932159692,-0.2639742074534297,1.813489212654531,5.692529764026403,0.7253681351430714,0.06634143088012934,0.20761747122742236,0.000672965476042009
ppo_random_command14_34,500,318.0653045654297,382.56744384765625,42.57898787808824,8196,1.7753093745559454,0.8835798841901124,0.9471007860265672,-0.4013739807996899,2.3032323410734534,7.131495922803879,0.9139347905293107,0.04474553186446428,0.039972815284272656,0.001346884178929031
ppo_random_command14_34,600,323.3182730102539,377.97552490234375,44.50374192462766,8196,1.7946400120854378,0.8905256390571594,0.9262252759654075,-0.41910425038076937,2.3761785151436925,7.246345512568951,0.9478547205217183,0.03672046447172761,0.015424826182425022,0.0
ppo_random_command14_34,700,315.1568444061279,378.2445068359375,45.27623264022701,8196,1.7819353211671114,0.8836945532821119,0.8258958773221821,-0.419029931537807,2.3649738719686866,7.25139132514596,0.9006870966404676,0.03978312760591507,0.059529801830649376,0.0
ppo_random_command14_34,800,329.3953244018555,376.4046325683594,34.03825460097376,8196,1.8161458615213633,0.8889645338058472,1.0997560792602599,-0.4141521849669516,2.40280273091048,7.335339307785034,0.9381949040107429,0.04568348918110132,0.01612162170931697,0.0
ppo_random_command14_34,900,318.13373321533203,374.2035827636719,32.20913721569706,8196,1.7913937103003263,0.8820265885442495,0.914497668389231,-0.4158458337187767,2.329778409563005,7.253105022013187,0.9317025998607278,0.04913410451263189,0.019163310527801514,0.0
ppo_random_command14_34,1000,311.1193366241455,362.7023010253906,28.618967779374405,8196,1.7908604890108109,0.894182940479368,0.5637279889779165,-0.383479519514367,2.4490176625549793,7.158742889761925,0.9669522559270263,0.020861930213868618,0.012185822241008282,0.0
ppo_random_command14_34,1100,312.9919613647461,376.10333251953125,41.98959744927623,8196,1.7550168801099062,0.879797050729394,0.7628262664657086,-0.34962043818086386,2.4213272323831916,7.090461827814579,0.9376925630494952,0.02015846222639084,0.04207273479551077,7.625671059940942e-05
ppo_random_command14_35,0,8.513744741678238,30.83916473388672,5.5699957672021165,8196,0.04660026613055379,0.03250274831088973,0.051627010683660046,-0.0003266409971729445,0.03982422671515451,0.09313418757625413,0.02727035275347589,0.01242031164679247,0.37244349150000744,0.0
ppo_random_command14_35,100,256.077301864624,341.9921875,49.756965196713764,8196,1.699255977757275,0.8858842104673386,0.4346199535066262,-0.01684554030362051,1.54684025561437,5.593055661767721,0.602251645643264,0.07681528758257627,0.05589045098167844,0.26504258578643203
ppo_random_command14_35,200,252.71816839218138,337.01605224609375,58.65801962305345,8196,1.7329438077285886,0.8844521944411099,0.3533936388557777,-0.039233911636983976,1.963820880278945,4.984352422878146,0.5044581568799913,0.05112917022779584,0.017708714120090008,0.42670394643209875
ppo_random_command14_35,300,248.44510424137115,339.083984375,68.32282230166945,8196,1.6778094545006752,0.8655494265258312,0.36722711427137256,-0.08120335481362417,2.1705221636220813,5.007129073143005,0.6126301814801991,0.0311794625595212,0.021926664281636477,0.3342636749148369
ppo_random_command14_35,400,269.0482905769348,361.162109375,68.19913439320831,8196,1.6790222357958555,0.8683334165252745,0.4182426772022154,-0.1261823024833575,1.9957438316196203,5.834331322461367,0.8003561068326235,0.10982682113535702,0.047735747415572405,0.04208131367340684
ppo_random_command14_35,500,272.52769248962403,368.9936218261719,68.64941925245145,8196,1.797538266517222,0.898453279864043,0.4569611143087968,-0.16387938836123794,2.327230571769178,5.7908438593149185,0.8771409206092358,0.03786622127518058,0.016490513458848,0.06850235490128398
ppo_random_command14_35,600,297.27836456298826,368.857666015625,46.545117882462506,8196,1.824831853620708,0.9050449887290597,0.48850703751668334,-0.17528841609600931,2.3180129546672106,6.274774059653282,0.8663343503139913,0.037318126298487186,0.010604449082165956,0.08574304729700089
ppo_random_command14_35,700,287.5244436645508,364.037841796875,53.68831741696279,8196,1.7967054024338722,0.9073814791627228,0.37775062839500606,-0.1779241788899526,2.346679783426225,6.16883334890008,0.8811110504902899,0.025205702055245638,0.03616950986906886,0.05751376552507281
ppo_random_command14_35,800,231.01290993213652,353.8968505859375,85.54539747673803,8196,1.464189922902733,0.759663516888395,0.36085601488593966,-0.14693022635765374,2.0005351584404707,4.83883055858314,0.656941098626703,0.15633007022552192,0.10129274008795619,0.08543611411005259
ppo_random_command14_35,900,274.54297653198245,371.0867004394531,65.08704218938186,8196,1.7118940544314682,0.872119533829391,0.43328651727642864,-0.1672796142520383,2.236166757531464,5.719039710238576,0.7726901788264513,0.02616748958826065,0.028900340665131807,0.1722419890575111
ppo_random_command14_35,1000,276.63118651390073,371.764892578125,71.0530765021152,8196,1.7917573098093271,0.8906216118484735,0.5318273185985163,-0.17134829831775278,2.2765819337219,6.1932788752019405,0.8687850497663021,0.04481892893090844,0.016466683242470026,0.06992930825799704
ppo_random_command14_35,1100,261.1031735229492,368.7322082519531,74.99830745498016,8196,1.6017645951360464,0.814569525886327,0.35477386019192636,-0.15203232219209895,2.1787155168130994,4.809226525947452,0.6090480233542621,0.057872171979397535,0.050897540524601936,0.28218223061412573
ppo_random_command14_35,1200,295.17697344899176,355.10321044921875,53.95720151505329,8196,1.7943779062479734,0.9026577132754028,0.45874635386280715,-0.1640763182658702,2.281819143332541,6.579141817986965,0.9208760559558868,0.027855623891809955,0.031956327613443136,0.01931201107800007
ppo_random_command14_35,1300,303.090118598938,368.4701843261719,49.967245241581374,8196,1.7832413110882044,0.89315613405779,0.5081441977526993,-0.1617058749543503,2.2936806781217456,6.620973950251937,0.8884374122135341,0.046292589511722326,0.03145875269547105,0.0338112716563046
ppo_random_command14_35,1400,303.3090264129639,376.0583801269531,52.21972123494701,8196,1.793479880783707,0.896916271885857,0.46060176740866154,-0.15911622036946937,2.2818017415702343,6.838605972006917,0.9556967681273818,0.017776391934603453,0.02419339446350932,0.002333455253392458
ppo_random_command14_35,1500,298.33907791137693,371.23211669921875,49.295818211687504,8196,1.804827912710607,0.9054435594007373,0.4844635872868821,-0.15468339686049148,2.349893572740257,6.610912945121527,0.9364047781564295,0.02838370157405734,0.021902834065258503,0.013308702124049887
ppo_random_command14_35,1600,281.618408908844,362.93499755859375,70.99305524339414,8196,1.7490122895687819,0.8797255009412766,0.4171222375007346,-0.14411823911359534,2.3249459927901626,6.322115909308195,0.851353723090142,0.10368052776902914,0.028138726949691772,0.016826996114104986
ppo_random_command14_35,1700,275.25106477737427,359.8307800292969,70.86480109496203,8196,1.7594626899808645,0.8869686778634787,0.38561731996014714,-0.13840868760598823,2.3217862732708454,6.117860976606607,0.8456478160806,0.05608681167359464,0.06648441217839718,0.03178093722090125
ppo_random_command14_35,1800,311.3175340270996,363.47442626953125,40.66903330464811,8196,1.8141436772421002,0.8975704447366297,0.5131358320359141,-0.13790911727119237,2.265523912385106,6.833131331950426,0.9359577232971787,0.0320249586366117,0.029603808652609587,0.002413524860457983
