id_run_name,iteration,reward,max_reward,std_reward,num_envs_train,mean_Episode_Reward/rew_attitude_stability2,mean_Episode_Reward/rew_ang_vel_stability4,mean_Episode_Reward/rew_pos2,mean_Episode_Reward/rew_action_rate,mean_Episode_Reward/rew_heading,mean_Episode_Reward/rew_track_vel3,mean_Episode_Termination/time_out,mean_Episode_Termination/below_min_altitude,mean_Episode_Termination/bad_attitude,mean_Episode_Termination/safety_shutdown
ppo_random_command13_1,0,8.513744741678238,30.83916473388672,5.5699957672021165,8196,0.04660026613055379,0.03250274831088973,0.051627010683660046,-0.0003266409971729445,0.03982422671515451,0.09313418757625413,0.02727035275347589,0.01242031164679247,0.37244349150000744,0.0
ppo_random_command13_1,100,252.4809797668457,354.31591796875,59.82264924475904,8196,1.7125588217750192,0.8825363786891103,0.3757505086250603,-0.00445232323181699,1.8280230625532568,5.42775565199554,0.6993607901968062,0.21286583552137017,0.016720236744731665,0.07105314126238227
ppo_random_command13_1,200,245.85484451293945,357.62225341796875,53.529420341234555,8196,1.7816700395196676,0.9083638601005077,0.3810075622750446,-0.0033968214793276275,2.291556231677532,4.728507488965988,0.6999822822399437,0.010987638961523771,0.0478663370013237,0.2411637557670474
ppo_random_command13_1,300,309.25983474731447,374.72125244140625,45.14432850918285,8196,1.8076757853850722,0.9248398928903043,0.49707913771271706,-0.0026914256468444364,2.406000786460936,6.4205793254077435,0.8852527420967817,0.031192807480692863,0.04029023461043835,0.04326424561440945
ppo_random_command13_1,400,295.1080026245117,367.94586181640625,64.5620963686317,8196,1.76081189699471,0.9092978648841381,0.4509814726188779,-0.001968175039110065,2.443443507887423,6.015601810067892,0.8063012692146003,0.08395673427730799,0.06532531045377254,0.04441667487844825
ppo_random_command13_1,500,291.2399387359619,373.8224182128906,67.72921663857338,8196,1.6669625909999013,0.8639239245094359,0.37750988954212517,-0.001443975776055595,2.2832779372110963,6.007936106994748,0.6749939173460007,0.02240994106978178,0.3019860936328769,0.0006100536556914449
ppo_random_command13_1,600,304.7798684692383,369.8343505859375,49.84916253960396,8196,1.864511527121067,0.9407079764641821,0.4114229955011979,-0.0012626216193893924,2.445876899175346,6.951247468590736,0.9414834738709033,0.03691873187199235,0.018330206163227558,0.0032675999791536015
ppo_random_command13_1,700,281.90459274291993,381.2824401855469,77.95674852603213,8196,1.5525026628747582,0.804957470856607,0.45281049190089107,-0.0009559798722875712,2.095925623551011,5.95136384293437,0.5105739436112344,0.015485831536352634,0.47394022857770324,0.0
ppo_random_command13_1,800,283.52356495857236,362.2307434082031,84.5291902968737,8196,1.7815565876662731,0.9018341084010899,0.4063422424951568,-0.0009197297067657928,2.3745033415034413,6.77721032127738,0.7643305389210582,0.015488691162317991,0.21642321511171758,0.003757549449801445
ppo_random_command13_1,900,316.77873596191404,369.9232482910156,52.08926385865449,8196,1.822798463050276,0.917192158754915,0.4742089766659774,-0.0008230259497850057,2.4201903082430363,7.049616987816989,0.8975090989843011,0.01735507370904088,0.08511583600193262,2.0017386532344972e-05
ppo_random_command13_1,1000,322.0171131896973,367.0870361328125,34.15169929101721,8196,1.8649471262469888,0.9369091526605189,0.39981950097717345,-0.0007025358945611515,2.5070347003638744,7.180522721260786,0.9480186724103987,0.03502565948292613,0.016658278182148933,0.0002974011713376967
ppo_random_command13_1,1100,318.9434467315674,352.8628234863281,35.93933847252502,8196,1.8726248582825065,0.936214804649353,0.2350677055073902,-0.0005857444668890821,2.4352838080376387,7.225697763264179,0.9215957284905016,0.03608658071607351,0.04207368800416589,0.00024402147391811013
ppo_random_command13_1,1200,306.8587280273438,350.40679931640625,36.74443535955255,8196,1.816541338339448,0.9265585858374834,0.19627194898203015,-0.0005187132896935509,2.4972602874040604,6.691231328994036,0.8916811812669039,0.020084111412870698,0.0882347347214818,0.0
ppo_random_command13_1,1300,286.41696990966796,372.5770263671875,60.123542947116114,8196,1.7520693382248282,0.9053457444533706,0.28012680367100984,-0.0004294567315810127,2.4111254028975964,6.415707536041737,0.8091227668337524,0.06487348955124617,0.12531932489946485,0.0006844039662610157
ppo_random_command13_1,1400,274.355605392456,367.9964599609375,65.0696079805553,8196,1.6898250048980117,0.8810170679353178,0.3074829134857282,-0.000366839602975233,2.3102416209876537,5.895554140210152,0.7290932745672762,0.1041514128446579,0.13931242795661092,0.027442883772891946
ppo_random_command13_1,1500,321.7727226257324,367.9262390136719,38.75432192415639,8196,1.8515481986105442,0.9408965408802032,0.34068950917571783,-0.0003896844982591574,2.5287224501371384,6.96632331982255,0.9422403215430677,0.024415492080152035,0.02883552247658372,0.0045086778700351715
ppo_random_command13_2,0,8.902690680027009,33.1265754699707,6.01019042965152,8196,0.044045393829037494,0.029750664383300318,0.05058356592144264,-3.1233088200743886e-06,0.035452954356514965,0.07642855032770512,0.02555743610173522,0.00048804294533510983,0.41939665563700146,0.0
ppo_random_command13_2,100,109.79648426055908,240.01580810546875,41.27143734960156,8196,0.6617742828093469,0.3107089498080313,0.22383035271195695,-1.671592999485938e-05,0.4964520817156881,2.6147480020299554,0.003350529212184483,0.17830916214734316,0.8183402945287526,0.0
ppo_random_command13_2,200,221.76983825683592,365.1824951171875,74.7981371394459,8196,1.3136626896448433,0.5962646014522761,0.6073499652557075,-1.375329971864403e-05,0.9834240898489952,5.309455020353198,0.30515074636787176,0.1283314642496407,0.5663957488723099,0.00012201073695905507
ppo_random_command13_2,300,230.8567116546631,368.79620361328125,69.18746961673881,8196,1.3976847059093416,0.6421985179185867,0.6780730094760656,-9.392741926461667e-06,1.094109394121915,5.673921648412943,0.4005126296542585,0.11590257659554482,0.4835847937501967,0.0
ppo_random_command13_2,400,244.9644059753418,381.2106018066406,77.37967079881071,8196,1.3956994991749525,0.658344387775287,0.6990407542325556,-7.676545148882497e-06,1.177613363135606,5.6818497106432915,0.4197617252357304,0.14918862283229828,0.4310496221296489,0.0
ppo_random_command13_2,500,239.365945892334,379.4509582519531,83.60350064636366,8196,1.4038923317566514,0.65756656229496,0.6966243679635227,-7.040777919797847e-06,1.177085765171796,5.722457554191351,0.4336137534119189,0.13169533759355545,0.43456886848434806,0.00012201073695905507
ppo_random_command13_2,600,236.97018173217774,375.22540283203125,72.03043172154501,8196,1.4433789579197764,0.6740149145480245,0.7274063860531896,-7.0869477681867465e-06,1.140351583249867,5.865316294133663,0.4407866783440113,0.13272575614973903,0.42648756550624967,0.0
ppo_random_command13_2,700,243.09719230651856,369.84234619140625,70.53784865519533,8196,1.4159920210950077,0.6650521815754473,0.7059992216527462,-6.501384589796544e-06,1.1634099492803216,5.759249711409211,0.4283920763991773,0.13792550936341286,0.43354130955412984,0.00014107491460890742
ppo_random_command13_2,800,247.64460559844971,385.1649475097656,80.50050944724148,8196,1.4272446106188,0.6717917677015066,0.7139104250818491,-6.653938237732859e-06,1.1677888352423906,5.79684679210186,0.45152743346989155,0.12534506153315306,0.4231275049969554,0.0
ppo_random_command13_2,900,252.44092056274414,368.1865234375,62.495223073544004,8196,1.430483903735876,0.6738315839320421,0.7200477472506464,-6.810805128765196e-06,1.186902157496661,5.819350656121969,0.45999764557927847,0.13457498094066978,0.4051833520643413,0.00024402147391811013
ppo_random_command13_2,1000,242.9286032104492,383.8284606933594,69.87156026300005,8196,1.430698168464005,0.6708704805932939,0.7112777596339583,-7.159786285626524e-06,1.1487710298970342,5.814444247633219,0.458238975610584,0.12895104987546802,0.4125659530982375,0.00024402147391811013
ppo_random_command13_2,1100,248.07923599243165,383.5293884277344,77.27748445347281,8196,1.4297678996808827,0.670562949962914,0.7077291561290622,-6.600089950126176e-06,1.167600694578141,5.802354255691171,0.46901976549997926,0.1187803135253489,0.41219992097467184,0.0
ppo_random_command13_3,0,8.384957735538483,32.55186080932617,6.4468495353097275,8196,0.0434020170923759,0.02979446440212996,0.050286461528230575,-0.00019652708314765732,0.03776078539476657,0.07138823251182203,0.024731004168643267,0.002159971323180798,0.4152606825334715,0.0
ppo_random_command13_3,100,288.60753479003904,345.7893981933594,39.39893311490264,8196,1.8063873192295432,0.8935476010665298,0.4637850974686444,-0.5162770787719637,1.958697382826358,6.853156264871359,0.9183233631774783,0.06465234514325857,0.0131113880124758,0.003912922460585833
ppo_random_command13_3,200,263.50919424295427,330.98345947265625,55.85301440943064,8196,1.7660331269726157,0.8664957913570106,0.3868501707329415,-1.1008589756675065,2.2878430923447013,6.517319947481155,0.9336137832142413,0.05040949769318104,0.011894140392541885,0.004082593601197004
ppo_random_command13_3,300,237.83433891296386,324.501220703125,55.56549986635678,8196,1.6198119716718793,0.8218234563246369,0.3105398081243038,-1.1499311132356524,2.290441974066198,5.355456415563822,0.8715360308997333,0.03188864979892969,0.02598637994378805,0.0705889294622466
ppo_random_command13_3,400,230.44940879821777,312.6687927246094,46.10455027297754,8196,1.7158661996945739,0.8391271629370749,0.3178660203702748,-1.1774174971506,2.3755747890099883,5.116338133811951,0.8340072319842875,0.04050375334918499,0.01284448942169547,0.11264450696762651
ppo_random_command13_3,500,252.14230628967286,331.7982482910156,47.00788302708641,8196,1.7608956582844257,0.8623594157397747,0.34197054972173646,-1.1987392497248948,2.3149738386273384,6.110639493912458,0.9002552931196988,0.020704650785773993,0.025981613900512457,0.05305846530245617
ppo_random_command13_3,600,256.7956380081177,338.3693542480469,48.9031539460139,8196,1.7941426075994968,0.8640991011634469,0.3711741259903647,-1.2113240887410939,2.3203620798885822,6.271792704239488,0.9286408936604857,0.029526598751544952,0.009126974735409021,0.032705549616366625
ppo_random_command13_4,0,10.270516269207,30.952024459838867,7.225428441675167,8196,0.048036979424068704,0.03400081665859034,0.05232027313741128,-0.00034128794370147375,0.0437730969479162,0.08808825881374105,0.03051888878144382,0.003171325944322234,0.3417311023106322,0.0
ppo_random_command13_4,100,263.0533631134033,380.3775329589844,67.75090248615776,8196,1.754660964012146,0.8661344735883176,0.48320513882208616,-0.005781638887128793,1.8027413729578257,5.663422057405114,0.7714767442084849,0.03519723704084754,0.00962169046397321,0.18370432313531637
ppo_random_command13_4,200,289.09484497070315,376.54193115234375,63.07712287642384,8196,1.7828524746000767,0.903759244363755,0.46058542642276734,-0.005576747167651774,2.159624880179763,6.122019521892071,0.8803046359680593,0.04656139435246587,0.03669472842011601,0.036439268093090504
ppo_random_command13_4,300,274.87857848644256,367.9592590332031,69.27528321521743,8196,1.7830203445628285,0.9042106163688004,0.46674777660518885,-0.005561896452491055,2.0512206004932523,6.226655330508947,0.8260269691236317,0.07932699983939528,0.04446052247658372,0.050185493659228086
ppo_random_command13_4,400,298.57651580810546,377.00457763671875,52.23318748309375,8196,1.838430717587471,0.9266550950706005,0.411129703221377,-0.005808381607494084,2.132943807169795,6.6967561058700085,0.9354048622772098,0.03445087466388941,0.026504925699555315,0.003639351531091961
ppo_random_command13_4,500,317.96457733154296,375.104736328125,40.46536249113034,8196,1.8588040648028255,0.927568023558706,0.45669731975067407,-0.006190172702190466,2.187567097134888,7.1304544769227505,0.936929042916745,0.04820758569985628,0.014033141545951366,0.0008302449459733907
ppo_random_command13_4,600,317.08341262817385,372.6747131347656,28.864956629465524,8196,1.871049734763801,0.9346511410549283,0.3251901987241581,-0.006209093764482532,2.2603273410350084,7.078566022217274,0.9525921675376594,0.017257846426218748,0.027649730604025535,0.0025002668553497642
ppo_random_command13_4,700,301.16069549560547,363.6438293457031,42.03794843814469,8196,1.8452297803014517,0.938791299238801,0.3225061272678431,-0.006151920038973913,2.340433039702475,6.549987457692623,0.9428341705352068,0.019196673179976642,0.02471861243247986,0.01325055630877614
ppo_random_command13_4,800,290.1281261825562,376.5747375488281,66.86576276558235,8196,1.8434689864516258,0.9335009073838592,0.4253873795969412,-0.006520107766846195,2.443967066705227,6.222128432244062,0.9358624024316669,0.03587306197732687,0.02039771745330654,0.00786683286423795
ppo_random_command13_4,900,307.568957901001,382.32135009765625,50.387071870040316,8196,1.8485317984595895,0.9286260772496462,0.49237207416445017,-0.006918080889590783,2.2994714649394155,6.941358212381601,0.9497964065521955,0.028135867323726416,0.0191223225556314,0.0029454154428094625
ppo_random_command13_4,1000,313.0949059295654,363.5588684082031,42.46634489939424,8196,1.8349698530510068,0.914829561021179,0.43492004385916516,-0.0075077682922710665,2.2681188313290477,6.959793042391539,0.9429676197469234,0.03755166311748326,0.01887067547068,0.0006100536556914449
ppo_random_command13_4,1100,288.52225375175476,370.1257629394531,71.13476760428999,8196,1.7998708626255393,0.9059408870525658,0.359061012044549,-0.007705725645791972,2.2807680564001203,6.277220368385315,0.8177569308318198,0.03418492944911122,0.1398452715948224,0.008212847635149956
ppo_random_command13_5,0,10.02701314687729,35.37637710571289,7.2172380673459395,8196,0.04777055232443672,0.033706285627886245,0.052114044236986956,-0.00021594740861274886,0.042193973535177065,0.08618380175835227,0.030142371304464177,0.002310578326387258,0.34640277900371075,0.0
ppo_random_command13_5,100,298.67024383544924,344.5749206542969,27.12159592334883,8196,1.7904011001810431,0.9149440079927444,0.3448779122554697,-0.003654250444014906,2.134028432890773,6.869204707443714,0.9810120835900307,0.015199868939816952,0.0018663830123841763,0.001921669114381075
ppo_random_command13_5,200,341.5338363647461,382.8187561035156,23.26024135604571,8196,1.85224780254066,0.9495112877339125,0.8323402805253863,-0.0024295129187521525,2.6093845646828413,7.384505104273558,0.9814867815002799,0.017578124534338713,0.000935097923502326,0.0
ppo_random_command13_5,300,345.1639743041992,391.186279296875,23.978665871809312,8196,1.8341716155409813,0.9501061174087226,0.8268101427238435,-0.0018117720755981281,2.596786290407181,7.355687007308006,0.9753709947690368,0.014135134631942492,0.010433824732899666,6.0052159597034915e-05
ppo_random_command13_5,400,338.1126132202148,380.44329833984375,22.92944170240337,8196,1.84471270814538,0.952092079911381,0.8159317574463785,-0.0014469673151324969,2.626236503943801,7.371412213891745,0.9838240491226315,0.012680537533015013,0.003495417047815863,0.0
ppo_random_command13_5,500,343.9675297546387,391.6018981933594,28.892156941015323,8196,1.8361370507627726,0.9470062549225986,0.8364995473530143,-0.0011435771184551413,2.5976219261065125,7.357115037739277,0.9795136395841837,0.010413807351142168,0.010072558652609587,0.0
ppo_random_command13_5,600,345.99113967895505,392.6328430175781,29.691013564938604,8196,1.8409793470054865,0.9459774633869529,1.0038071011658758,-0.001017793716982851,2.62943665869534,7.387647349387407,0.9636122127994895,0.02101253718137741,0.015275172423571348,0.00010008693266172486
ppo_random_command13_5,700,353.35078353881835,390.34295654296875,23.002577164916787,8196,1.8463934771716595,0.9480974483303726,1.1895595006644726,-0.0008626000303593173,2.608047479763627,7.4379614405334,0.9484514291398227,0.03857731493189931,0.012849255464971066,0.00012201073695905507
ppo_random_command13_5,800,337.3514828109741,390.1745300292969,63.74603934026208,8196,1.8335049133747816,0.9403626509010792,1.203195882961154,-0.000751937711811479,2.588975583203137,7.367862198501825,0.9495447594672441,0.03415061393752694,0.016304637771099806,0.0
ppo_random_command13_5,900,347.40267623901366,389.5019836425781,32.05501179020916,8196,1.8391908491030335,0.9455022267065942,1.1433451939374208,-0.000729268262603,2.603188404813409,7.390796821564436,0.9551658309064806,0.030949739273637533,0.013762429909547791,0.00012201073695905507
ppo_random_command13_5,1000,349.0958773803711,392.4744567871094,34.28773516100657,8196,1.8511894531548023,0.9501999407075346,1.1892988495528698,-0.0006553994003297703,2.6358101051300764,7.444041546434164,0.9616104746237397,0.03310399083420634,0.005285543389618397,0.0
ppo_random_command13_5,1100,352.94349548339846,387.3294982910156,29.01861190968456,8196,1.8415242293849587,0.9447147022001445,1.2257756025064737,-0.0006001433969231584,2.6197630492970347,7.398270569741726,0.95696453563869,0.03942662727786228,0.00360884889960289,0.0
ppo_random_command13_5,1200,354.93841796875,380.93084716796875,16.923787602220745,8196,1.851093104109168,0.9507643631659448,1.1642907916102558,-0.0005687678094545845,2.6362377498298883,7.460809975862503,0.9576394073665142,0.03712843777611852,0.00523216357032652,0.0
ppo_random_command13_6,0,10.00948912858963,30.640052795410156,5.180098406464594,8196,0.0485507898929427,0.035132563842580566,0.053699444890298764,-0.0002238730108388154,0.04432384973279113,0.11446329670462774,0.03203639749881404,0.009824723897509102,0.298464953073335,0.0
ppo_random_command13_6,100,292.88507263183595,339.5937194824219,39.3465524316141,8196,1.8039915263652802,0.9237435697577894,0.6489939216990024,-0.003753662969756988,1.4003217350691557,7.079590830951929,0.9527427745051682,0.04423556523397565,0.003021672135218978,0.0
ppo_random_command13_6,200,300.28230026245114,362.1973876953125,24.988400560530433,8196,1.7551709897816181,0.9034220110625029,0.6148497611284256,-0.0027183839010831434,1.589317999780178,7.037224255502224,0.9005155190825462,0.08723481884226203,0.01224968722090125,0.0
ppo_random_command13_6,300,328.6220575332642,379.78778076171875,52.036472672729225,8196,1.7604225175455213,0.9085658276453614,1.1198263098485768,-0.002087381688397727,2.3142432561144233,7.261294700205326,0.9348253114148974,0.05948786064982414,0.0056868442334234715,0.0
ppo_random_command13_6,400,321.2321041870117,375.5021057128906,32.564482625068706,8196,1.6836630590260029,0.8942718501202762,0.6768028710503131,-0.0016188099380087806,2.3865055814385414,7.021763723343611,0.9076607711613178,0.07547602942213416,0.016863218042999506,0.0
ppo_random_command13_6,500,336.84131622314453,374.85015869140625,22.911782728511785,8196,1.7455097446218133,0.9169314471073449,0.8461039359681308,-0.0014123302680673078,2.4367864802479744,7.245233327150345,0.9404320847243071,0.05797321209684014,0.0015947184374454082,0.0
ppo_random_command13_6,600,340.8262964963913,387.6713562011719,44.24287196515749,8196,1.760851452127099,0.9149265149608254,1.1983254640363157,-0.0012505511585914064,2.476106833666563,7.291482765227556,0.9454145063646138,0.051051007118076086,0.0035344986245036125,0.0
ppo_random_command13_6,700,328.39182624816897,376.43536376953125,53.18221734665518,8196,1.7365444730967283,0.8953355448320508,1.189569846726954,-0.0010840013273991644,2.2973879696801305,7.156534444540739,0.92534946417436,0.06822497118264437,0.006425581010262249,0.0
ppo_random_command13_6,800,335.5210607910156,372.3932189941406,24.195665115992924,8196,1.789527383632958,0.9101609890349209,1.0624512624926865,-0.0011998306072200648,2.376953204162419,7.253136981278658,0.9381863251328468,0.06021325243636966,0.0016004377075660159,0.0
ppo_random_command13_6,900,336.94363052368163,380.2593688964844,23.427086198617047,8196,1.7905843295156956,0.9110677293501794,0.9183720764704049,-0.001257432939382852,2.4233249742537737,7.292568478733301,0.9566852455027401,0.04030739236623049,0.003007374014487141,0.0
ppo_random_command13_6,1000,338.6676377868652,386.95263671875,34.7398814385765,8196,1.7798657221719623,0.9072573664598167,1.1928023509681225,-0.0012644410526263528,2.380808516405523,7.31041869148612,0.9410078227519989,0.0539201651699841,0.005072024614491966,0.0
ppo_random_command13_6,1100,337.9441583251953,388.1384582519531,36.545950000830786,8196,1.7856072038412094,0.9191501629538834,1.2033838694915175,-0.0012726998397738498,2.488153445534408,7.271379049867392,0.9465983915142715,0.05022838804870844,0.0031732323204778368,0.0
ppo_random_command13_7,0,8.92907191157341,30.060161590576172,5.7404226930899815,8196,0.043939372254499176,0.02913580398535487,0.05158200592359208,-3.0655498832743433e-06,0.03710236575534509,0.09695813928465213,0.02608170106577745,0.00039081564409571,0.406366288475283,0.0
ppo_random_command13_7,100,149.3454316329956,291.0533142089844,40.556281108777604,8196,0.8876546281389892,0.49150674929842353,0.22807406808715314,-0.0009031330073412391,0.9967318126000464,3.4109558034688234,0.009447252959944308,0.04375038202852011,0.946802378166467,0.0
ppo_random_command13_7,200,271.1793571472168,339.9981384277344,37.40197971734477,8196,1.7298244023695588,0.9145810762420297,0.29644695442402735,-0.0150646100519225,2.173672791570425,5.731538962572813,0.8202886530198157,0.020422500805580057,0.1242202753201127,0.03506855387240648
ppo_random_command13_7,300,281.0026971435547,345.9197692871094,56.77154634007605,8196,1.7010591216385365,0.8919315072707832,0.3175658874679357,-0.06894562605884857,2.2905995529145002,5.54428394138813,0.7011213665828109,0.011783568188548088,0.06071749981492758,0.22637758310884237
ppo_random_command13_7,400,311.6112823486328,368.42510986328125,40.05786450420636,8196,1.8599672671407461,0.9201854411512613,0.5522824398940429,-0.1640066283289343,2.38588825520128,6.851606860756874,0.9663288574665785,0.01934823376359418,0.008897251449525356,0.005425665018265136
ppo_random_command13_7,500,295.18251953125,358.2385559082031,46.97133598258767,8196,1.858254020102322,0.9237827770411968,0.43532940663862973,-0.18688193324487656,2.482448009774089,6.440096311271191,0.9645349187776446,0.014319104142487049,0.010984779335558414,0.010161206701013725
ppo_random_command13_7,600,303.974519162178,359.4413757324219,46.984368388524764,8196,1.8776457523927093,0.9183117523789406,0.38540837104665115,-0.18811106972862035,2.3808797700330615,6.91931376978755,0.9701693351380527,0.017181589733809233,0.010696910321712494,0.001952171791344881
ppo_random_command13_7,700,303.0205676746368,349.83642578125,43.97073471305419,8196,1.8578047081828117,0.9124100683256984,0.37349561345763505,-0.19483595446217805,2.3417897997424006,6.910495730116963,0.9527027397416532,0.0373591142706573,0.007954528089612722,0.001983627676963806
ppo_random_command13_7,800,291.3044368314743,360.4730529785156,63.167051817356906,8196,1.8342061880975962,0.9056787444278598,0.392706451122649,-0.18703486095182598,2.3386063696816564,6.527491681277752,0.9477870427072048,0.02081522298976779,0.023034292738884687,0.008363454602658749
ppo_random_command13_8,0,7.831556479930878,26.504985809326172,5.760942149755609,8196,0.04659297175294341,0.031569742831834446,0.0511305849377095,-3.1915609593480276e-06,0.03691063839914932,0.0861489913479545,0.02496549357783806,0.010809388702682554,0.40567139864219826,0.0
ppo_random_command13_8,100,139.4002666568756,304.44207763671875,55.99111895614387,8196,0.9416094711050391,0.505260064965114,0.1753270782646723,-0.012009606580249965,0.9357620812952518,3.088509602472186,0.03296386916190386,0.6833888259716332,0.25182920740917325,0.03181811235845089
ppo_random_command13_8,200,204.95908911705018,312.7124328613281,73.19893383676101,8196,1.5595501884818077,0.7781874509528279,0.23574189515784383,-0.9574063695035875,1.7585577070713043,4.988204311579466,0.6350153931416571,0.2244063476100564,0.021613058634102345,0.11896523600444198
ppo_random_command13_8,300,254.14071543335913,332.85845947265625,52.89398308279821,8196,1.7653209548443556,0.8602519198320806,0.3452583176549524,-1.0861565070226789,2.0578238340094686,6.232994671911001,0.8658663248643279,0.0640851859934628,0.031148959882557392,0.03889950120355934
ppo_random_command13_8,400,231.194254488945,334.4496154785156,67.51767369907391,8196,1.6825761115178466,0.8279755343683064,0.2969740923726931,-1.0050278739072382,2.2323607713915408,5.344492472708225,0.7579078190028667,0.04580454668030143,0.040588588919490576,0.15569904469884932
ppo_random_command13_8,500,249.12758392333984,323.064697265625,51.09753301885157,8196,1.7577126305550337,0.8447501631453633,0.29547019384335726,-1.042260488960892,2.224351960234344,5.901237929239869,0.8416500589810312,0.031542635057121515,0.03780235629528761,0.0890049273148179
ppo_random_command13_8,600,279.8311930847168,332.7397155761719,29.829246354495325,8196,1.811618471518159,0.8511139918118715,0.24012078531086445,-1.0550785674713552,1.9924593269824982,7.070668388158083,0.9204547377303243,0.06062503857538104,0.017632457427680492,0.001287785197746416
ppo_random_command13_8,700,273.4030871963501,330.2478942871094,56.32639894362887,8196,1.8219884084537625,0.8560022283345461,0.238253916031681,-1.0081141642294824,2.0753032816573977,7.043688844889402,0.9103059251792729,0.042734261602163315,0.03872601603507064,0.008233818225562572
ppo_random_command13_8,800,263.3119775819778,332.2589416503906,53.407653532655374,8196,1.7008874067105353,0.8052637185901403,0.2653347481973469,-1.0037003057077527,2.03158483793959,6.452317572198808,0.9142493493855,0.038628788955975324,0.04101657815044746,0.006105302833020687
ppo_random_command13_8,900,266.85361103057863,326.4554138183594,49.84968048991024,8196,1.8022079104557633,0.8547403565607965,0.24408110603690147,-1.0364143513143063,2.1267403308302164,6.901767063885927,0.9126136433333158,0.03973451376077719,0.046797790098935366,0.0008540751878172159
ppo_random_command13_8,1000,276.55118758678435,332.5899963378906,44.6541321634267,8196,1.8208076609298587,0.8544915565289557,0.2795586020220071,-1.0539376926608384,2.0090761790052056,7.14634520560503,0.9121570563875139,0.06890842178836465,0.017425611149519682,0.0015089296648511663
ppo_random_command13_8,1100,267.80393651008603,327.05670166015625,57.45923657634769,8196,1.8073930572718382,0.8536050338298082,0.28227739239810035,-1.0636398703791201,2.0852512093260884,6.997364349663258,0.9228577767498791,0.04292776295915246,0.03064661892130971,0.0035678609274327755
ppo_random_command13_8,1200,263.26198150634764,329.00048828125,51.36912798787743,8196,1.7275611655786633,0.8267491613514721,0.26543750992277637,-1.025493333581835,2.040243284776807,6.499189706519246,0.8583645727485418,0.08985614264383912,0.04229483241215348,0.009484428155701607
ppo_random_command13_8,1300,264.28058128356935,322.3775634765625,44.96400942679101,8196,1.7624775441363454,0.8448287225328386,0.2739491597749293,-1.0579003430902958,2.0652969647198915,6.702862694859505,0.9245830844156444,0.05820388859137893,0.01468799589201808,0.002525050276744878
ppo_random_command13_8,1400,270.34152219057086,322.6197814941406,52.01467836424359,8196,1.804338963702321,0.8475828231312335,0.2730631301528774,-1.0495972940698266,2.019561833702028,7.07955264300108,0.9208360211923718,0.06018656259402633,0.017569545656442642,0.001407889521033212
ppo_random_command13_8,1500,246.73940856933595,320.0880126953125,58.563600267625056,8196,1.7015187684446573,0.8297522598877549,0.26559521054150537,-1.0342167117632926,2.1592442239634693,5.930057166144252,0.8428339441306889,0.06301949871703982,0.06034479523077607,0.03380173956975341
ppo_random_command13_9,0,10.529839372634887,31.830907821655273,6.85324401622533,8196,0.05033548961364431,0.034166230757364247,0.053481516387364536,-3.4463873478662865e-06,0.0379555365871056,0.1036156340708203,0.029619059738251963,0.00032409101959274267,0.37642218801306626,0.0
ppo_random_command13_9,100,126.6719450378418,249.60598754882812,45.47567779193194,8196,0.7345042915549129,0.3923430135473609,0.21129698399454355,-0.0021312576473064837,0.5351140641141683,2.8339750431478024,0.006283552851527929,0.1880833636969328,0.805633069947362,0.0
ppo_random_command13_9,200,198.9484044265747,331.0284423828125,66.16512349179979,8196,1.4031483279541135,0.7269327936228365,0.19826972106238827,-0.379269034601748,1.4006201508454978,4.345031151548028,0.2954766317270696,0.31173838558606803,0.062207364942878485,0.33057761704549193
ppo_random_command13_9,300,240.970923807621,329.29290771484375,59.83455069809021,8196,1.73139195330441,0.8454388906247914,0.3199030194664374,-1.187035720795393,1.9957595970481634,5.991095833480358,0.8077987600117922,0.10239941533654928,0.013667109160451218,0.07613469660282135
ppo_random_command13_9,400,238.56618813037872,338.8988952636719,53.270834972828695,8196,1.7667778879404068,0.8558388738892972,0.3656381410546601,-1.285132922232151,2.0947422487661242,5.847304774448276,0.8650408461689949,0.06710685743018985,0.016703078988939524,0.05114918760955334
ppo_random_command13_9,500,259.96086013793945,320.6502990722656,41.37531284969074,8196,1.788742252625525,0.8626630147919059,0.3404088045354001,-1.3077717004343867,2.1996238427236676,6.251944370567799,0.871067984495312,0.03351482376456261,0.020200403407216072,0.07521675666794181
ppo_random_command13_9,600,261.4361092376709,336.1349182128906,46.15399725678954,8196,1.7934726160019636,0.8496098145842552,0.27222151291789487,-1.2947210548445582,2.129186037927866,6.634304698556662,0.9140501287765801,0.0402978602796793,0.02392458962276578,0.021727443672716618
ppo_random_command13_9,700,266.890656375885,313.8238830566406,38.863822429375624,8196,1.8097540298476815,0.8526997696608305,0.2567340172245167,-1.3153099683113396,1.971671560779214,6.985991630703211,0.9175522173754871,0.05624599801376462,0.021565398201346397,0.004636407837097067
ppo_random_command13_9,800,262.85103372573855,309.961669921875,50.417134821889846,8196,1.7975232750177383,0.8448433885350823,0.30450132087571546,-1.3165879677981138,2.082218427211046,6.914455384016037,0.9192374902777374,0.06862150598317385,0.011985648423433304,0.00015537304784629669
ppo_random_command13_9,900,273.59521486282347,317.0397033691406,35.64241100012348,8196,1.8051441824063659,0.8507333118468523,0.32712480379268527,-1.3336501773446798,2.0775196189060807,7.045930191874504,0.9303214005194604,0.05046097096055746,0.018973622005432844,0.00024402147391811013
ppo_random_command13_9,1000,245.19364818572998,333.6898193359375,71.1975321658095,8196,1.7684998521581292,0.8477920303121209,0.30304149328731,-1.2874502963386476,2.18855262408033,6.335197815671563,0.8579070325940847,0.06198717374354601,0.02498837048187852,0.05511739835492335
ppo_random_command13_9,1100,270.87106962442397,321.51580810546875,40.293333197845264,8196,1.8267345037311316,0.8634973070584238,0.30530998588074,-1.349463185761124,2.1855322564952075,6.902636870741844,0.9395522731356323,0.04221380967646837,0.012917886590003036,0.005316045975632733
ppo_random_command13_9,1200,267.5472019195557,315.0849304199219,34.94726938601668,8196,1.8045732136815786,0.8554693786427379,0.2878743376932107,-1.306350384838879,2.1000533057376742,6.752230232581496,0.9187551666982472,0.04498002119362354,0.02530292933806777,0.01096190232783556
ppo_random_command13_9,1300,259.2086522960663,329.6875,53.36432089176777,8196,1.8062666049227118,0.8524832334369421,0.2648676118114963,-1.2821745723485947,2.1654269928112626,6.860778301954269,0.9225613288581371,0.047843459993600845,0.015946231316775084,0.013648998166900128
ppo_random_command13_9,1400,268.9330881500244,309.9483947753906,37.38309970485771,8196,1.785644644871354,0.8418151126243174,0.26667348470073193,-1.3139314893633127,2.1275494815781713,6.9354628548026085,0.9346108394674957,0.03939231115509756,0.025126585736870766,0.000870279727223533
ppo_random_command13_9,1500,228.42524257659912,317.8666687011719,58.89573467178637,8196,1.6260506743565202,0.8180364831350744,0.32404020172543824,-1.2154966206289828,2.256068453192711,5.344720708206296,0.8192944563925266,0.029878332745283842,0.04527932871133089,0.10554786352440715
ppo_random_command13_9,1600,253.60742904067038,339.96417236328125,58.20587144127721,8196,1.7811112934723496,0.8688195338472724,0.37202210957184434,-1.2708404422737658,2.363955494016409,6.187447829172015,0.940599849447608,0.012226810213178396,0.029262559954077005,0.017910794354975224
ppo_random_command13_9,1700,255.51578201293944,343.0640869140625,49.16923709277354,8196,1.7953612906858325,0.8627780983224511,0.36681922781281173,-1.2736903484910727,2.3762185545638204,5.926771566271782,0.9012723667547107,0.02703014391590841,0.015054981224238873,0.0566425328142941
ppo_random_command13_10,0,9.599069731235504,28.830533981323242,6.854662017888457,8196,0.04689543270069407,0.033223584197912714,0.05208041677451547,-0.0003340042373629615,0.04224931651742736,0.08775505557821361,0.029742023538346984,0.0033143072923849104,0.3542076526580331,0.0
ppo_random_command13_10,100,278.04209335327147,355.1662292480469,56.59265340011856,8196,1.7783417333848774,0.8972360207699239,0.3734010572079569,-0.037796218268340454,1.9876656495034695,6.03381665609777,0.9014439443126321,0.04848210979253054,0.01408461481332779,0.03598935343325138
ppo_random_command13_10,200,288.60046875,358.4621887207031,48.55166701613232,8196,1.825620493851602,0.904151146300137,0.43675130896735936,-0.1337197746615857,2.117610563058406,6.414497323334217,0.8841374879702926,0.04299067473039031,0.009727496573759709,0.0631443690508604
ppo_random_command13_10,300,280.1257363128662,366.90087890625,51.36926982333655,8196,1.8424955066293478,0.9182304833084345,0.3391692341538146,-0.1905615875730291,2.182823533192277,6.176513165235519,0.9040033095516264,0.010551069397479296,0.03200017521157861,0.05344546868582256
ppo_random_command13_10,400,298.6685279846191,359.4540100097656,44.73607454018185,8196,1.8460711520165205,0.9126374186016619,0.35893979051616043,-0.19930053688585758,2.1364582497626543,6.6841611340641975,0.9235440869815648,0.023538540117442608,0.02582433447241783,0.027093055890873075
ppo_random_command13_10,500,299.2546746826172,356.1037292480469,46.204163583363176,8196,1.8291114447638392,0.8985017249360681,0.3939089964842424,-0.2053512146230787,2.1755595691502094,6.646623941138387,0.8935771132819355,0.04920750157907605,0.02979826321825385,0.027417147080996074
ppo_random_command13_10,600,292.4888214874268,366.5399169921875,47.23784974742912,8196,1.8609407572075725,0.9060690449550748,0.27178621891653165,-0.20009294524788857,2.174790126271546,6.90022986009717,0.9094299264252186,0.044463382102549076,0.013969276566058397,0.032137437257915735
ppo_random_command13_10,700,310.75883544921874,359.9581604003906,32.50244063508958,8196,1.8522946257144213,0.9053927268832922,0.3914186756592244,-0.20967595756519586,2.230031641200185,6.993197236210108,0.9155419003218412,0.050124488305300474,0.02720362819673028,0.007130002602934837
ppo_random_command13_10,800,294.5078429031372,377.5658264160156,49.9340409440556,8196,1.804220985621214,0.890058973338455,0.3606115499860607,-0.2024407833814621,2.212674140930176,6.70447501540184,0.9056056533008814,0.030841073486953974,0.053971638437360525,0.009581655569490977
ppo_random_command13_10,900,286.768796081543,368.4529113769531,62.50044885475659,8196,1.8153472477570176,0.8886802103370428,0.3067641533561982,-0.20169731276109815,2.147919910028577,6.63981156796217,0.9007852771319449,0.033760751597583294,0.02062648767605424,0.04482750780880451
ppo_random_command13_10,1000,286.4647043800354,366.3033142089844,63.243171552897856,8196,1.825363622047007,0.9016085336916149,0.3647839811164886,-0.20516665594186634,2.287569861859083,6.524988908320665,0.9064778392203152,0.030913517344743013,0.022047721780836582,0.040560945868492126
ppo_random_command13_10,1100,299.14598469734193,365.4910888671875,51.29264595138243,8196,1.867548800073564,0.9131012400612235,0.32970698131248355,-0.21434155851602554,2.307617761194706,6.795564007014036,0.9540629684925079,0.01906513013818767,0.014902467839419842,0.011969443876296282
ppo_random_command13_10,1200,281.33593383789065,357.0523681640625,54.69298215811233,8196,1.7973652686923742,0.8878522519953549,0.2916215324657969,-0.1977120089577511,2.337485601194203,6.017543211579323,0.83214370906353,0.024038974661380053,0.045509051997214556,0.09830824378877878
ppo_random_command13_10,1300,294.21537712097165,360.7769470214844,53.57292529225156,8196,1.817199070006609,0.8852895246818662,0.253089482197538,-0.1945162023184821,2.1972133107483387,6.72377946972847,0.9334307671524584,0.01752665126696229,0.01847700100915972,0.0305655961856246
ppo_random_command13_10,1400,295.5772090053558,352.77911376953125,48.97825391815983,8196,1.8621366256847978,0.9128522141836584,0.29268692701589316,-0.19428145443089306,2.318062888458371,6.770772073417902,0.8796650329604745,0.024171470664441586,0.031038387678563595,0.06512513663619757
ppo_random_command13_10,1500,287.52096121788026,348.4888916015625,49.740911887900864,8196,1.8254011925309896,0.899569146335125,0.3068974486668594,-0.2021517277462408,2.3431580597534776,6.373366467654705,0.8509829249233007,0.04433660535141826,0.025362028274685144,0.07931842096149921
ppo_random_command13_10,1600,297.9038875341415,352.1712341308594,60.53942676810594,8196,1.8810104178264737,0.9071110030636191,0.20912826072890311,-0.19131216581445187,2.1982002863660455,7.1465920731425285,0.9433174473233521,0.0183826326392591,0.011356530711054802,0.0269434023211943
ppo_random_command13_10,1700,304.69779159545897,363.3716125488281,57.564690696634386,8196,1.8625660566613078,0.9030748740769923,0.30983697186456993,-0.2054571856278926,2.237012008205056,7.090390104800463,0.9238138450309634,0.039876542054116726,0.02093246765434742,0.015377165749669075
ppo_random_command13_10,1800,301.26740783691406,350.7091064453125,37.90790919778845,8196,1.8537626499310136,0.9077372895553708,0.37360061291838065,-0.21027137455530465,2.252443114295602,6.852533362805843,0.9276257264427841,0.03264835709705949,0.015943371690809727,0.023782561533153057
ppo_random_command13_10,1900,306.3954780960083,367.4586486816406,50.324968577249244,8196,1.8378728525713086,0.8987091742455959,0.46106261981185526,-0.20753633079584688,2.1991890147328377,7.0500611290335655,0.9141016020439565,0.03952671345905401,0.03990418495959602,0.006467522194725461
ppo_random_command13_10,2000,283.32478190898894,362.14215087890625,65.50716408074227,8196,1.7773483558557928,0.8780313604511321,0.3936167717911303,-0.2109504466643557,2.2401634179987013,6.377650106325746,0.8761658039875329,0.04559388756752014,0.05370569322258234,0.024534643162041903
ppo_random_command13_10,2100,298.5301686096191,353.7124328613281,49.30506226313008,8196,1.8401801120489836,0.9064688738435507,0.3051108585787006,-0.21151466842275113,2.2493359791114926,6.856294244527817,0.8704016953706741,0.03712462494149804,0.05111963814124465,0.04135401526582427
ppo_random_command13_11,0,11.234443340301514,29.730422973632812,6.430047975565433,8196,0.049407044079089246,0.03552616619936089,0.05392854693764093,-8.783768906805989e-05,0.04277603953050857,0.11795575060386909,0.032108841371154995,0.00823095871123769,0.30278775537931324,0.0
ppo_random_command13_11,100,296.0666694641113,351.1068115234375,30.56106168973289,8196,1.7479499988257885,0.9204448838718235,0.5005109407939017,-0.0018398520651317085,1.6736232172697783,6.9570838660001755,0.892027196008712,0.08171573933213949,0.024505093970219605,0.001751997916471737
ppo_random_command13_11,200,322.48354934692384,377.10272216796875,27.99781755124333,8196,1.7982166446745396,0.9317491273395717,0.7666789456270635,-0.0018160934159823228,2.353960278443992,7.09041690826416,0.9727153554558754,0.025272426661103964,0.0020122239366173744,0.0
ppo_random_command13_11,300,337.7513146209717,391.1768493652344,38.816297741673495,8196,1.8306171437725425,0.9344457895494998,1.1165460073389113,-0.0017410398713764152,2.3521045288071036,7.309308182448149,0.9599566576071084,0.03749542310833931,0.00254792735358933,0.0
ppo_random_command13_11,400,341.79727005004884,388.5764465332031,28.161534812267423,8196,1.832250907085836,0.9336151932366192,1.1081429803743958,-0.001875976731753326,2.3676365446299314,7.325375363230705,0.9638343104161322,0.03253587847575545,0.0036298194900155067,0.0
ppo_random_command13_11,500,338.0301306962967,390.9676513671875,41.31808279416854,8196,1.8226132588461041,0.9329884462058544,0.9991676495410502,-0.0018124499147234019,2.42390688508749,7.312316365540028,0.9643090083263814,0.031173743307590485,0.004517256747931242,0.0
ppo_random_command13_11,600,337.9793943786621,386.47955322265625,27.603815512369813,8196,1.828535701148212,0.9292978867888451,1.0287441462278366,-0.001844513325522712,2.4949335381388664,7.320768862962723,0.971943256445229,0.025539325084537268,0.0025174246748065343,0.0
ppo_random_command13_11,700,331.74820280075073,392.3387451171875,39.87209859842838,8196,1.8441180512309074,0.9352002772502601,0.8758267720695585,-0.0018829446025847574,2.495801997371018,7.365359291434288,0.9797071409411728,0.016719283536076546,0.0035735801448026905,0.0
ppo_random_command13_11,800,328.1154103088379,372.377197265625,28.71739132124207,8196,1.8128352332860231,0.924733160994947,0.7316003520973027,-0.001918806216053781,2.3582785353064537,7.099124122411013,0.9568368056789041,0.036976877599954605,0.006186325568705797,0.0
ppo_random_command13_12,0,9.29705058813095,24.438825607299805,5.509911224935393,8196,0.050046904084410926,0.035970596641163866,0.05341740735093481,-1.4125289208188896e-05,0.039433807543446164,0.10439652086211026,0.03139012200153957,0.013534612953435499,0.2996879201664342,0.0
ppo_random_command13_12,100,59.14505169868469,145.77622985839844,33.17148837566281,8196,0.34190295496955514,0.21574173867702484,0.13170271553099155,-7.886257782274697e-05,0.17728289577644318,1.2841833475977182,0.0,0.6441938392817974,0.35412377724424005,0.0016824136846480542
ppo_random_command13_12,200,201.04563343048096,333.91217041015625,83.26566223423568,8196,1.4285732270218432,0.7576803772244602,0.4025090060313232,-0.0002666186471742549,0.6637776179704815,5.541766460984945,0.47309949854388833,0.4659980940632522,0.060658400878310204,0.00024402147391811013
ppo_random_command13_12,300,268.52009496688845,364.7224426269531,68.35117932987468,8196,1.6746717793866992,0.8785282238386571,0.420474465820007,-0.00033346105351483857,1.0972074025776237,6.451687505468726,0.7386873196810484,0.22396215237677097,0.0366594591178,0.0006910764300300798
ppo_random_command13_12,400,296.4986977386475,364.7506408691406,50.496036129706596,8196,1.8154116300866008,0.9295265162363648,0.392577905615326,-0.0003948792111714283,1.695992838125676,6.975838642567396,0.8789815823547542,0.11287423269823194,0.008144216611981392,0.0
ppo_random_command13_12,500,306.46261777877805,368.84954833984375,46.087542925048,8196,1.8382530780509114,0.9297373532317579,0.36051389190834016,-0.00041397893210159964,2.0476484522223473,7.06307227909565,0.918072669301182,0.07667993195354939,0.00524741501067183,0.0
ppo_random_command13_12,600,315.44798934936523,365.9761962890625,24.13723843743085,8196,1.8008109498769045,0.9264061627909541,0.5723378234542906,-0.00043254851800611505,2.0480953343212605,7.0203944481909275,0.9468576642684639,0.04633739031851292,0.006804958258726401,0.0
ppo_random_command13_12,700,310.28864044189453,359.5660705566406,33.80209253572788,8196,1.8441969556733966,0.93695002887398,0.40944686927832663,-0.00046266956792351266,2.051233623176813,7.172755502164364,0.9603970400057733,0.035263961646705866,0.004339006729424,0.0
ppo_random_command13_12,800,306.89609497070313,350.60894775390625,27.78777836963768,8196,1.864620916545391,0.9379975576885045,0.2055097289266996,-0.00047800977222323127,2.072046776302159,7.228511240333319,0.9737448208034039,0.02380543854087591,0.0024497467657056404,0.0
ppo_random_command13_12,900,309.29144681453704,350.0624694824219,41.69734187333906,8196,1.8907778058201075,0.9388991910964251,0.18392604106338695,-0.0005553367600441561,2.1975347893312573,7.315226126462221,0.9639858705922961,0.033839867915958166,0.0021742694079875946,0.0
ppo_random_command13_12,1000,313.9723061037064,353.3090515136719,41.57356994346894,8196,1.8235599100589752,0.9094880172051489,0.2247825649101287,-0.0005942009606769716,2.2156939320266247,7.099237062036991,0.9081354690715671,0.08708325866609812,0.004781295712746214,0.0
ppo_random_command13_12,1100,306.82906967163086,352.8030090332031,56.37887538162425,8196,1.84507963526994,0.9214361472986639,0.19451151200337335,-0.0006541242105413403,2.3107146248221397,7.212791547179222,0.8793466612696648,0.11324598407372832,0.0074073863215744495,0.0
ppo_random_command13_13,0,10.131817607879638,30.640052795410156,5.01878590377721,8196,0.0485014452942778,0.03513087651890601,0.05369813641118526,-0.0002237615449871555,0.044214705289959966,0.11449867619404586,0.03197539208667877,0.009743701161823992,0.29860698110474004,0.0
ppo_random_command13_13,100,305.66373700141907,365.61370849609375,53.11385698568905,8196,1.81365626771003,0.942986146081239,0.4569452232681215,-0.0009406034114363138,2.3338255183771253,6.948828190565109,0.9717478486709297,0.01796894008293748,0.010283217765390873,0.0
ppo_random_command13_13,200,286.0625074338913,347.611572265625,52.781009814448396,8196,1.8148672729730606,0.9518780466169119,0.3348383181146346,-0.00022163840810662805,2.5399194583296776,6.113779818639159,0.9621375990100205,0.010166926309466362,0.009287113789469004,0.0184083695494337
ppo_random_command13_13,300,252.90099197387696,342.9019775390625,46.65086006341488,8196,1.6823175665922463,0.8873834097757936,0.32922757149208337,-6.348331385197525e-05,2.342182810418308,4.717563454061747,0.6440479983575642,0.03717037895694375,0.012436516117304564,0.3063451168127358
ppo_random_command13_13,400,276.1979232788086,354.94036865234375,41.41043043737445,8196,1.7423222102224827,0.9284705547615886,0.33353024045936763,-3.709005294183498e-05,2.4784663636237383,5.377995843067765,0.7879443769343197,0.03210502816364169,0.014634616207331419,0.16531597496941686
ppo_random_command13_13,500,256.71906545639035,349.45855712890625,60.44722604858945,8196,1.6885266536846757,0.9006291343830526,0.32084257167298347,-2.771017017266786e-05,2.4001295873895288,5.03626942820847,0.6831543366424739,0.059251464903354645,0.015826127026230097,0.24176809005439281
ppo_random_command13_14,0,10.179729447364807,31.593229293823242,6.77463656286396,8196,0.05077546334723593,0.03461414537378005,0.05354082928170101,-1.3816654532594619e-05,0.0379025097304293,0.10401810021380697,0.030460743199000717,0.0006415095738248056,0.36231946206817156,0.0
ppo_random_command13_14,100,280.21994674682617,345.5738525390625,47.285744496984115,8196,1.6691201981157064,0.8676286926493049,0.470828547491692,-0.008046369588555535,1.4280295544303954,6.4880699403584,0.5754264476709068,0.0985808614641428,0.32541980128735304,0.0005728785235987743
ppo_random_command13_14,200,314.4881896972656,361.2372131347656,29.406757085085772,8196,1.8698520828038454,0.9273548359051347,0.5767225127201527,-0.023179611351224594,2.1669919174164534,7.095502179116011,0.9672201075591147,0.028949907515197992,0.0038299933075904846,0.0
ppo_random_command13_14,300,323.46075439453125,359.55657958984375,32.94486622515715,8196,1.798743225634098,0.9080001106485724,0.8062891575973481,-0.04671520067495294,2.3184401486068964,7.060577113181353,0.9287800621241331,0.06475338526070118,0.006466568938776618,0.0
ppo_random_command13_14,400,324.4377551269531,380.852294921875,31.94830052558397,8196,1.803927575238049,0.919458219781518,0.7952166742179543,-0.0961250017862767,2.401592081412673,7.095667887479067,0.9505465817637742,0.0314110922627151,0.018042337149381638,0.0
ppo_random_command13_14,500,327.91182983398437,380.6431884765625,26.886700808019285,8196,1.8680180460214615,0.9287676350213587,0.921111324802041,-0.18457444047089666,2.4934211671352386,7.285840176045895,0.9761545322835445,0.023264016024768353,0.0005814573960378766,0.0
ppo_random_command13_14,600,322.8042576599121,378.624267578125,30.412873228064782,8196,1.8295300211757421,0.9075936814770103,0.9739162139594555,-0.2682033246383071,2.450810818001628,7.219779759645462,0.9586488553322852,0.03972688806243241,0.0016242679339484312,0.0
ppo_random_command13_14,700,317.29210594177243,367.8295593261719,44.613061860132895,8196,1.8131809728220105,0.8917737356387079,1.0628638598136604,-0.5598314483650029,2.40469931345433,7.196396395564079,0.9350950694642961,0.06109497044235468,0.003809975925832987,0.0
ppo_random_command13_14,800,315.913532409668,361.83056640625,31.37271181492306,8196,1.8072469038888812,0.8888633633032441,1.1732931938022375,-0.9106639646925032,2.39238625112921,7.240562159568071,0.947692675050348,0.046898830216377974,0.00540850730612874,0.0
ppo_random_command13_14,900,300.5004331970215,351.27789306640625,35.46686793210575,8196,1.8073536390438676,0.8857077029533684,1.2400888861157,-1.3358206041157246,2.406968992203474,7.253514103591442,0.9410583428107202,0.053836283477721736,0.005105386953800917,0.0
ppo_random_command13_15,0,5.392335426807404,29.343582153320312,3.700271091125639,8196,0.036106893979194865,0.021634156560139672,0.045599430668517016,-2.517772996535328e-06,0.02910721576608921,0.06325547183769231,0.015008273916464532,0.0062101558664835466,0.5463002184128527,0.0
ppo_random_command13_15,100,3.6512585562467574,9.647395133972168,1.9782893764690341,8196,0.025931668758857995,0.01281629734148737,0.04092139474232681,-8.16256349267519e-06,0.020879921430605464,0.06004631443647668,0.0,0.0,1.0,0.0
ppo_random_command13_15,200,5.407688943147659,12.800662994384766,2.8672594429106217,8196,0.0372722553438507,0.019994521891931072,0.04990327078849077,-8.600520331469852e-06,0.029398622718872502,0.07809089246438816,0.0,0.004706945426733,0.9952930556610227,0.0
ppo_random_command13_15,300,5.335335457324982,14.596661567687988,2.935554593829517,8196,0.04281822111806832,0.023435088427504525,0.052986892871558666,-8.95981641946264e-06,0.033079588785767555,0.08465377747779712,0.0,0.017051953356713057,0.9829480503685772,0.0
ppo_random_command13_15,400,6.336864808797836,15.06874942779541,2.697621530636066,8196,0.04614016044070013,0.02566495756036602,0.054572735069086775,-9.194662219158545e-06,0.03480089860386215,0.08803404349600896,0.0,0.042850553058087826,0.9571494581177831,0.0
ppo_random_command13_15,500,6.233445266485214,16.375110626220703,2.6163249586696242,8196,0.048546072182944044,0.02719205876928754,0.0554582619224675,-9.408669868093966e-06,0.03603582327195909,0.08937467669602484,0.0,0.07012090319767594,0.9298791117034853,0.0
ppo_random_command13_15,600,6.4275101780891415,13.120579719543457,2.5320737819434878,8196,0.049036168173188344,0.027383639840991236,0.055627858644584194,-9.46177697613848e-06,0.036422548175323755,0.08923241595039144,0.0,0.0657208920456469,0.9342791228555143,0.0
ppo_random_command13_15,700,6.5555481851100925,14.436375617980957,2.549588507047949,8196,0.0494231564225629,0.0276027032523416,0.05600607773521915,-9.489704318355052e-06,0.03678984382713679,0.09101502661360428,0.0,0.06888268515467644,0.9311173297464848,0.0
ppo_random_command13_15,800,6.795434622764588,13.313591003417969,2.971625669021429,8196,0.04975938974530436,0.027862054892466404,0.056165426212828606,-9.487065284474738e-06,0.036817946878727525,0.0917086101253517,0.0,0.07279656000901014,0.9272034550085664,0.0
ppo_random_command13_15,900,6.585485899448395,12.472477912902832,2.121370418647042,8196,0.04977453016908839,0.027907870666240342,0.05645158368861303,-9.520743383006902e-06,0.03703185536141973,0.09346606658073142,0.0,0.06733276788145304,0.9326672470197082,0.0
ppo_random_command13_15,1000,6.636793251037598,18.06696891784668,3.166220557366749,8196,0.05047824603389017,0.02843840856803581,0.05706971816834994,-9.569940509379649e-06,0.037350136844906956,0.09681832190835848,0.0,0.0705917882733047,0.9294082266278565,0.0
ppo_random_command13_15,1100,7.357205014228821,17.306318283081055,2.8521526605511527,8196,0.05201525491429493,0.02937378757633269,0.058158435800578445,-9.564361477032435e-06,0.03880162542918697,0.10229600465390831,0.0,0.07610991463297978,0.9238901017233729,0.0
ppo_random_command13_15,1200,7.7225501084327695,18.841508865356445,3.2439766121190465,8196,0.053520924266194925,0.030523351742886007,0.059386490524047986,-9.679434398890407e-06,0.039182912922115065,0.10956924443598837,0.0,0.08804504619911313,0.9119549761526287,0.0
ppo_random_command13_15,1300,7.372886555194855,17.091407775878906,3.43181498558482,8196,0.055284646106883883,0.031405889545567334,0.060227792244404554,-9.71285709994163e-06,0.03972974230418913,0.112899333355017,0.0,0.0956468852236867,0.9043531371280551,0.0
ppo_random_command13_15,1400,8.062991087436677,18.24658966064453,3.673913344616474,8196,0.057521343376720324,0.03243654311518185,0.061253368126926944,-9.84093282596632e-06,0.04060871854017023,0.11870326555799693,0.0,0.10378442757064477,0.8962155948393047,0.0
ppo_random_command13_15,1500,7.850600252151489,20.376005172729492,3.8565256841439988,8196,0.0598002343904227,0.03353591567429248,0.06175325281219557,-1.0040368692898483e-05,0.04160528408829123,0.1202107656863518,0.0,0.11524962866678834,0.884750401135534,0.0
ppo_random_command13_15,1600,8.345772864818573,18.221715927124023,3.7565869404036034,8196,0.062882901285775,0.034874129720265046,0.06291630555642769,-1.0191536169656956e-05,0.043775363941676915,0.1255344203673303,0.0,0.12142260791733861,0.878577415831387,0.0
ppo_random_command13_15,1700,8.598059651851655,22.946001052856445,3.7418551759817364,8196,0.06633805672754534,0.03678266517817974,0.06398272639489733,-1.0486210975102495e-05,0.04651700009708293,0.13236408197553828,0.0,0.13979379832744598,0.8602061718702316,0.0
ppo_random_command13_15,1800,9.303405632972717,30.322189331054688,5.212487158172069,8196,0.07044662593398243,0.039621429197723046,0.06557793359388597,-1.0965030746490356e-05,0.05098111942061223,0.1431215986958705,0.0,0.14250472374260426,0.8574952464550734,0.0
ppo_random_command13_15,1900,9.163299059867859,36.82661056518555,5.3479368286358655,8196,0.07527871860656887,0.04245906352298334,0.06636422537849285,-1.1408500427023682e-05,0.055144798767287284,0.15145147539442405,0.0,0.16259170463308692,0.8374082804657519,0.0
ppo_random_command13_15,2000,9.347818579673767,22.50022315979004,4.329775347964528,8196,0.07677564973710105,0.043489156872965395,0.06738215198856778,-1.1714591614975234e-05,0.05583442602073774,0.16278853290714324,0.0,0.1632980314316228,0.8367019528523088,0.0
ppo_random_command13_15,2100,10.60885209083557,30.747270584106445,4.82613642574145,8196,0.07702811376657337,0.04409302744898014,0.06802569335559383,-1.1966235696547756e-05,0.057130400149617344,0.171791598550044,0.0,0.1530262412270531,0.8469737293198705,0.0
ppo_random_command13_15,2200,11.115268416404724,32.66401290893555,5.382421431078383,8196,0.07679589308099821,0.044455104536609724,0.06910226977197453,-1.2282739582758495e-05,0.05792198397102766,0.18211432185489684,0.0,0.14534909836947918,0.8546508718281984,0.0
ppo_random_command13_15,2300,9.93937243938446,30.10218620300293,5.537970224449049,8196,0.07617615011986345,0.04426578091806732,0.0692361508263275,-1.254493579949667e-05,0.0588545115897432,0.18627837696112692,0.0,0.1276060724630952,0.8723939107730985,0.0
ppo_random_command13_15,2400,11.422159242630006,33.920570373535156,6.028171789089723,8196,0.07651756785344332,0.044503368670120835,0.07030023413244635,-1.2818562133531941e-05,0.059870307421078905,0.19513248244766146,0.0,0.12166281649842858,0.8783372133038938,0.0
ppo_random_command13_15,2500,10.725058920383454,33.89347839355469,5.754139571054286,8196,0.07643616857239977,0.04479984723730013,0.07087380153825507,-1.315080138653002e-05,0.06144536045030691,0.20498202031012625,0.0,0.12620008969679475,0.8737999056465924,0.0
ppo_random_command13_15,2600,10.619944913387299,30.165687561035156,5.023695381152146,8196,0.07686819846276194,0.04519400556455366,0.07161390921100974,-1.351662403692444e-05,0.062016370677156374,0.21465539024211466,0.0,0.12707036919891834,0.8729296196252108,0.0
ppo_random_command13_15,2700,12.502389438152314,35.68783950805664,6.9636028615236585,8196,0.07784645695937797,0.045606184168718755,0.07225778989959508,-1.3937164133892566e-05,0.06398616955266334,0.22396743460558355,0.0,0.12065146211534739,0.8793485597707331,0.0
ppo_random_command13_15,2800,11.986155223846435,34.273521423339844,6.250887659259127,8196,0.07761047722306103,0.04559696378419176,0.07264812523499131,-1.4298722021521826e-05,0.06529240726376884,0.22901322389952838,0.0,0.12589696934446692,0.8741030278615654,0.0
ppo_random_command13_15,2900,11.736998112201691,31.307737350463867,6.82969806991572,8196,0.07865390024380758,0.04626527740038,0.0736542281229049,-1.4707143527914468e-05,0.06891546954284422,0.24053541058674455,0.0,0.13574266154319048,0.8642573086544871,0.0
ppo_random_command13_15,3000,12.639138033390045,34.07547378540039,6.423182051874549,8196,0.07906527823070064,0.04671894098282792,0.0744601393234916,-1.524364051874727e-05,0.07039402713417076,0.25168960727751255,0.0,0.12447954807430506,0.8755204696208239,0.0
ppo_random_command13_15,3100,12.268590296506881,35.805877685546875,7.449222964452934,8196,0.07992972916690633,0.04735611972864717,0.07515403482830152,-1.568701427601127e-05,0.07304550244589336,0.26429517939686775,0.0,0.12581404019147158,0.8741859518922865,0.0
ppo_random_command13_15,3200,13.837463076114654,44.52151870727539,7.100996111232977,8196,0.08134488441282883,0.04827461132663302,0.0762153635150753,-1.63287749970209e-05,0.07542576009291224,0.28024659387301654,0.0,0.13789500668644905,0.8621049635112286,0.0
ppo_random_command13_15,3300,12.585313494205474,40.91605758666992,7.488127708849479,8196,0.08148738747695461,0.04829525464447215,0.07658355071907863,-1.6734181912170243e-05,0.07728342310292646,0.2848511978518218,0.0,0.13073355006054044,0.8692664341069758,0.0
ppo_random_command13_15,3400,13.61005187034607,44.38020324707031,8.613921966285222,8196,0.08195941685698926,0.04852399369701743,0.07770333619555458,-1.7162417691451992e-05,0.07920030763489194,0.2915931431343779,0.0,0.14197473973035812,0.8580252304673195,0.0
ppo_random_command13_15,3500,14.072943572998048,36.002777099609375,7.640387280629629,8196,0.08277446957072243,0.04891146457521245,0.07797587558161467,-1.7698204587190958e-05,0.0806026314094197,0.3015968350227922,0.0,0.15066800266504288,0.8493319675326347,0.0
ppo_random_command13_15,3600,14.50619730234146,35.3260498046875,7.42132715159153,8196,0.0831375711131841,0.04940321040339768,0.07920980616472661,-1.8201020793640055e-05,0.0822045624954626,0.312430692370981,0.0,0.15549124614335597,0.8445087317377329,0.0
ppo_random_command13_15,3700,16.343047227859497,41.45201110839844,8.55192036710751,8196,0.0839931305963546,0.04978108251816593,0.07971159199951217,-1.8797473728682235e-05,0.08488936576759443,0.31550222472287714,0.0,0.1523323052097112,0.8476676652207971,0.0
ppo_random_command13_15,3800,15.852190096378326,40.962799072265625,9.012654362345382,8196,0.08514025207841769,0.05060260332538746,0.08068023668602109,-1.941473858835252e-05,0.08630468026967719,0.326815391657874,0.0,0.15513950877357274,0.8448604657314718,0.0
ppo_random_command13_15,3900,15.14974946975708,34.8913459777832,8.999590515712505,8196,0.08581345254788175,0.0509986994729843,0.08128999453037977,-1.985309486940423e-05,0.0885281068040058,0.33474920550361276,0.0,0.15826127550099045,0.8417387073859572,0.0
ppo_random_command13_15,4000,16.022662996053697,36.45878601074219,9.072644130663063,8196,0.08750814490485936,0.05165991361718625,0.0824979750905186,-2.0385368429742812e-05,0.09039393870625645,0.34245807444676757,0.0,0.17126780981197953,0.8287321752868593,0.0
ppo_random_command13_16,0,10.28518855214119,29.829214096069336,6.99177738169345,8196,0.0487063800010219,0.03518083938615746,0.05360672204187722,-0.00035089992736558884,0.04448427953548162,0.11057057296909534,0.032285185045111575,0.010726459448733294,0.2989491833027387,0.0
ppo_random_command13_16,100,256.3951730108261,324.19287109375,49.135577472390544,8196,1.765163087286055,0.8475711198989302,0.4225766552845016,-1.167193648405373,1.754566908814013,6.864294622093439,0.9118749066255987,0.07211787533015013,0.013881581369787455,0.0021256557665765285
ppo_random_command13_16,200,273.3910126590729,333.9093017578125,46.2796033075147,8196,1.8012406527996063,0.8542554783634841,0.38774430961348116,-1.178152254782617,2.1330283153802156,7.015429601073265,0.9522690298035741,0.03347669541835785,0.013783400667307433,0.00047088518704185844
ppo_random_command13_16,300,275.4791934967041,336.042724609375,34.9899238364275,8196,1.793699223548174,0.8530572690069675,0.3614273373968899,-1.1746956664137542,2.169803195632994,6.9065614603459835,0.9466355666518211,0.037651749327778816,0.015105501282960176,0.0006071940624678973
ppo_random_command13_16,400,260.36566146850583,330.5767822265625,57.81416518958971,8196,1.7890719939023256,0.8501084307208657,0.2636975718778558,-1.11683054221794,2.172945896163583,6.447907134890556,0.907141272444278,0.03960964348516427,0.014175169635564089,0.03907393824192695
ppo_random_command13_16,500,261.1042962884903,330.37884521484375,54.72979618360214,8196,1.7944337893277407,0.8494233945384622,0.30250887607689947,-1.1191845587454736,2.1431082962080836,6.668067146092653,0.8969657700508833,0.07062229095026851,0.01953029651485849,0.01288166455924511
ppo_random_command13_16,600,249.63045486450196,334.64404296875,54.96940593973346,8196,1.7322081942111254,0.841991972643882,0.3479730354156345,-1.137663644272834,2.285346994176507,5.815494004637003,0.8862707689404488,0.0565367266535759,0.02935597440227866,0.027836558903800324
ppo_random_command13_16,700,258.720123500824,334.1159973144531,49.81534768336695,8196,1.7854737350717187,0.8626555716618896,0.37219298200216144,-1.1653193715028465,2.3211452662944794,6.2756945341825485,0.9317912482656538,0.029189162887632847,0.014501166995614767,0.02451843861490488
ppo_random_command13_16,800,275.4718985748291,332.0611877441406,42.37270582352895,8196,1.8271194528788328,0.8604540638625622,0.30969700356945395,-1.1544751534238458,2.2675381805747747,6.96381787955761,0.936112143099308,0.04079257557168603,0.007669518701732159,0.015425779391080141
ppo_random_command13_16,900,270.6939322662354,348.7431640625,44.894873336113356,8196,1.814516476355493,0.86743627442047,0.3534212358063087,-1.1804879610426724,2.312548573128879,6.5780355259776115,0.9176570703275502,0.03849629225442186,0.01255662040784955,0.031290034763514996
ppo_random_command13_17,0,9.895651099681855,30.241416931152344,6.405513307559405,8196,0.048024414471001364,0.03325848633539863,0.05297918362157361,-3.4957358213127954e-06,0.03586554120784058,0.10495607333473345,0.028576249003890553,0.0036574624627974117,0.36409719524885986,0.0
ppo_random_command13_17,100,39.791077289581295,101.17344665527344,21.85894914395976,8196,0.24475487740710378,0.15366298204753548,0.10649809322785586,-3.514712647145757e-06,0.1757510609459132,0.9073433452285826,0.0,0.11153973982436582,0.888460289221257,0.0
ppo_random_command13_17,200,61.42379108428955,140.487060546875,26.559045185389497,8196,0.31952473532874137,0.19090346118900925,0.132912079221569,-1.2065234740177289e-06,0.2399633836466819,1.2913673552684486,0.00012201073695905507,0.14491062238812447,0.8549673371016979,0.0
ppo_random_command13_17,300,56.51937647819519,170.2360076904297,28.0890274346552,8196,0.3372476121876389,0.19869925174862146,0.13659595628269017,-6.280313091799883e-07,0.25906502187717706,1.357680631801486,0.0,0.16969215590506792,0.8303078291937709,0.0
ppo_random_command13_17,400,56.29595428466797,129.51144409179688,26.20591191135464,8196,0.3455669832183048,0.2021937397075817,0.13811333652120084,-5.227093298199037e-07,0.26603863679338247,1.379983200225979,0.0,0.16823755949735641,0.8317624256014824,0.0
ppo_random_command13_17,500,60.651353673934935,153.44960021972656,24.993426973179616,8196,0.3406714713200927,0.19957517052534968,0.1372273795423098,-5.043658239944904e-07,0.2659877259284258,1.3563061635941267,0.0,0.16576302982866764,0.8342369552701712,0.0
ppo_random_command13_17,600,61.23125679016113,148.39788818359375,26.976387211487502,8196,0.34069128695409745,0.19944176019635051,0.13622916693566367,-4.931740169578092e-07,0.2632938085589558,1.3484767847694457,0.0,0.16844631219282746,0.8315536729060113,0.0
ppo_random_command13_17,700,60.656665267944334,147.5559539794922,25.577394516658163,8196,0.34659604053013027,0.20221884234342724,0.13622143439715728,-5.161884926163651e-07,0.26503950729966164,1.3672137460671365,0.0,0.1656905859708786,0.8343093991279602,0.0
ppo_random_command13_17,800,58.072148427963256,130.1458740234375,24.776952413486224,8196,0.34230980020947754,0.20091937924735248,0.13666369044221938,-4.92545760177876e-07,0.2674750172300264,1.3621087241917849,0.0,0.1645781914703548,0.835421793628484,0.0
ppo_random_command13_17,900,56.15008152961731,136.3495330810547,23.094000214231293,8196,0.34711534809321165,0.20310714922379702,0.13470870460150763,-4.973693878973506e-07,0.2706351234810427,1.3765233545564115,0.0,0.16735202865675092,0.8326479564420879,0.0
ppo_random_command13_17,1000,59.681206922531125,127.9058837890625,25.96098282366055,8196,0.3420796752907336,0.19981760357040912,0.13499292236519977,-4.886913373969293e-07,0.26473853702191263,1.3587470385245979,0.0,0.16601086407899857,0.8339891210198402,0.0
ppo_random_command13_17,1100,54.16474338531494,110.21800994873047,22.965196620002764,8196,0.34740439313463867,0.20350563095416874,0.13933740055654198,-4.870375260868087e-07,0.2698669987730682,1.3931538378819823,0.00017443722549614904,0.17258323775604367,0.8272423101589084,0.0
ppo_random_command13_17,1200,55.16133253097534,158.9363250732422,26.290501865581863,8196,0.3462328549940139,0.20176188426557928,0.13460992719046772,-5.028796310480033e-07,0.26699508633464575,1.3704677508212626,0.0,0.1709847068414092,0.8290152782574296,0.0
ppo_random_command13_17,1300,60.36214625358581,189.9748077392578,29.394735569083018,8196,0.3488699074368924,0.2025073084514588,0.13466380292084068,-4.941044786654913e-07,0.2693316114600748,1.382673763204366,0.0,0.1757593289949,0.8242406561039388,0.0
ppo_random_command13_17,1400,61.2010844707489,217.68389892578125,30.09571410786609,8196,0.34848141809925437,0.203239880152978,0.1366296376218088,-5.180963726925114e-07,0.27023535303305835,1.3854706222191453,0.00011629148366409936,0.1733944183215499,0.8264892753213644,0.0
ppo_random_command13_17,1500,54.05212438583374,108.74065399169922,22.174922628334784,8196,0.3485983805730939,0.20264900370966643,0.1343505504191853,-4.92563380971589e-07,0.2689824786502868,1.3768301764503121,0.00010389976819169533,0.17140793148428202,0.8284881538711488,0.0
ppo_random_command13_17,1600,53.93147665023804,140.3348388671875,26.74420049374642,8196,0.34113577008247375,0.1998050136025995,0.13471758720697835,-4.747634552160207e-07,0.26831481663975865,1.3465217519551516,1.9064177649852354e-06,0.16907352348789573,0.8309245551936328,0.0
ppo_random_command13_17,1700,50.31250803947449,101.44882202148438,21.614153594987638,8196,0.34434151742607355,0.20105600194074214,0.13317957217805088,-4.843966729950466e-07,0.26747989980503917,1.362175991293043,0.0,0.1708941520191729,0.8291058330796659,0.0
ppo_random_command13_18,0,9.69240191936493,30.640052795410156,5.220357977825747,8196,0.04845343496072019,0.03511464315897683,0.05362441824217967,-0.00022358357620078095,0.044111817021075694,0.11379287477785738,0.03192773159571516,0.009805659724406723,0.2985926830331209,0.0
ppo_random_command13_18,100,294.41749923706055,332.2523498535156,28.478207916937393,8196,1.7704458748921752,0.9223890900611877,0.2506946404464543,-0.023685693828156218,1.9508893145248294,7.029426325112581,0.9735684772022069,0.017709667328745127,0.008445430546998978,0.00027643057592285913
ppo_random_command13_18,200,326.02964363098147,376.9339599609375,42.75489555968229,8196,1.7874064780771732,0.8912638979963958,1.1287980880588293,-0.2568170791491866,2.3874822054058313,7.280949719250202,0.9518133960664272,0.04131588712334633,0.006870729601359926,0.0
ppo_random_command13_18,300,327.3481393623352,368.93280029296875,51.02683273411782,8196,1.8001047987490892,0.8833955004811287,1.2456355425529182,-0.6384058715775609,2.369770212098956,7.347728751599789,0.9475230039097369,0.045699693728238344,0.006777315156796249,0.0
ppo_random_command13_18,400,321.80828825950624,369.9450378417969,48.77334688572541,8196,1.8170417146757245,0.8916475251317024,1.0581269124522805,-0.6613226612098515,2.465216903015971,7.3783398903906345,0.9623797140084207,0.02949133003130555,0.008128965273499489,0.0
ppo_random_command13_18,500,324.45143478393555,372.0636901855469,33.67746397234002,8196,1.8036961359903216,0.8867966183461249,1.117796951904893,-0.6922606946900487,2.481178645044565,7.3447629027068615,0.9623196618631482,0.030612303409725428,0.007068044040352106,0.0
ppo_random_command13_18,600,330.45561126708986,370.24560546875,28.98167630322291,8196,1.8015450946986675,0.8819215260446072,1.3202143432572484,-0.6919567105360329,2.493490339256823,7.351705480366945,0.9542088094167411,0.040093873627483845,0.00569732952862978,0.0
ppo_random_command13_19,0,10.270516269207,30.952024459838867,7.225428441675167,8196,0.048036979424068704,0.03400081665859034,0.05232027313741128,-0.00034128794370147375,0.0437730969479162,0.08808825881374105,0.03051888878144382,0.003171325944322234,0.3417311023106322,0.0
ppo_random_command13_19,100,278.97500076293943,344.5086975097656,34.87596584168642,8196,1.6689931163564324,0.853300578892231,0.3997268305392936,-0.012611675381776877,1.4107382115907967,6.493412524461746,0.7864792952314019,0.18220301950350404,0.031046966556459665,0.00027071132262790343
ppo_random_command13_19,200,314.4447434234619,369.17266845703125,33.96538786096362,8196,1.7791842129081488,0.8972652824595571,0.8717474574223161,-0.025540163056575693,2.0239605391398072,7.109752364456654,0.9469320145435631,0.05084988009184599,0.002218117006123066,0.0
ppo_random_command13_19,300,315.5109450721741,374.7607727050781,42.18374161878636,8196,1.7383481822907925,0.87294188933447,0.9653778288047761,-0.04540469509083778,2.147631201893091,7.052827902138233,0.9289678442291915,0.0610406375490129,0.00999153563316213,0.0
ppo_random_command13_19,400,325.8824122619629,379.4471740722656,39.43774729001272,8196,1.7730473764240742,0.8920297105796635,1.2220390071161091,-0.0706211436772719,2.207656149752438,7.219220221042633,0.9373341565951705,0.05680648470297456,0.005859375,0.0
ppo_random_command13_19,500,312.0279281616211,363.5571594238281,53.890301177647224,8196,1.7290681889280677,0.8776973495259881,1.063265958800912,-0.0823796559125185,2.178891389630735,7.102806754410267,0.9333916855975986,0.056575808208435774,0.010032523736299481,0.0
ppo_random_command13_19,600,320.599532661438,381.1927795410156,56.71456085470488,8196,1.769394911825657,0.88575906958431,1.0577846472151577,-0.09926002309657633,2.3079155795276165,7.111896816641092,0.9405016689561307,0.05663967318832874,0.002858673455193639,0.0
ppo_random_command13_19,700,315.94402908325196,370.8851318359375,24.22052572662852,8196,1.7834199108183384,0.8954074350185692,0.8441153499297798,-0.18950189766474068,2.2096181008964777,7.199898615479469,0.9460636414587498,0.047357323579490185,0.006579047672857996,0.0
ppo_random_command13_19,800,333.6309950256348,375.6322326660156,31.01188778702114,8196,1.786947026848793,0.8948524496518075,1.3073708768934011,-0.2052078836131841,2.345573242753744,7.272433806210756,0.938283552415669,0.05883300630375743,0.0028834568802267313,0.0
ppo_random_command13_19,900,324.37356132507324,375.0206298828125,47.715420201733075,8196,1.7641602512449026,0.8817940433509648,1.2671676240861416,-0.2136569592403248,2.2904895385727286,7.220030285418034,0.9383702944032848,0.054286197904730216,0.00734352134168148,0.0
ppo_random_command13_19,1000,234.96968688964844,290.7603759765625,49.001016862521325,8196,1.5648245122283697,0.7964763208292425,0.31381918338593096,-0.2113344064564444,1.0906547200866044,5.651148401200771,0.7048503188416362,0.2528872690163553,0.04226242331787944,0.0
ppo_random_command13_19,1100,318.11992134094237,376.5894775390625,45.0342924831505,8196,1.7385863400995731,0.8676707441918552,1.1230399799533188,-0.266624154523015,2.2288893591612577,7.086575195193291,0.9398858961649239,0.05107483733445406,0.009039279633725528,0.0
ppo_random_command13_19,1200,328.12039474487307,376.2638244628906,47.97064138762381,8196,1.795430064201355,0.8926234282553196,1.2022390668280423,-0.263887851848267,2.3489526342600584,7.2836948074400425,0.9580664448440075,0.036662318743765354,0.0052712451688421424,0.0
ppo_random_command13_19,1300,325.7471454954147,373.3749694824219,39.49268816000529,8196,1.781702627427876,0.8914508167654276,1.09497299650684,-0.2580011181998998,2.318811370059848,7.292975638061762,0.9696622281335294,0.024137155152857304,0.006200623698532581,0.0
ppo_random_command13_19,1400,322.1155199050903,376.17474365234375,57.604937968261126,8196,1.7876332895830274,0.8891367521136999,1.214187366887927,-0.2833929171320051,2.3526445226743817,7.264254920184612,0.9573105503804982,0.035283025819808245,0.007406433112919331,0.0
ppo_random_command13_20,0,8.726674617528916,24.06943702697754,4.830944838027117,8196,0.048383908591858926,0.03354614319141547,0.05189602560312778,-0.00021451483979184616,0.04071490951673695,0.08967799833982326,0.028268362273593084,0.01100860932751857,0.35356042460989556,0.0
ppo_random_command13_20,100,324.95409355163576,384.0758056640625,41.265140523762966,8196,1.791371889412403,0.9159419727511704,1.09409892372787,-0.01772249835630646,2.164399165660143,7.118322115391493,0.9329589288681746,0.06463804701343179,0.002403039490673109,0.0
ppo_random_command13_20,200,335.8696557617188,377.0951232910156,22.927083660149602,8196,1.8169031096622348,0.9245168906636536,0.8755216388963163,-0.08093225304037333,2.4525200184434652,7.310450334101915,0.9597736415453255,0.02422103751450777,0.016005330253392458,0.0
ppo_random_command13_20,300,333.8852572631836,374.87847900390625,21.061694637295556,8196,1.8259829441085458,0.9192791469395161,0.9047573241405189,-0.2133163851685822,2.488702367991209,7.3571285009384155,0.9815411143936217,0.012497521471232176,0.005961368326097727,0.0
ppo_random_command13_20,400,322.6725964820385,370.1444396972656,50.520868144415616,8196,1.8120067585259676,0.9078654758632183,0.8078142949379981,-0.3301994812209159,2.494446227326989,7.3418953865766525,0.9785575713030994,0.01771443337202072,0.003727999981492758,0.0
ppo_random_command13_20,500,327.00781097412107,368.3904724121094,18.63765182452285,8196,1.8219025526195765,0.9118563737720251,0.7699154249858111,-0.3641181197017431,2.5197867657989264,7.34196937084198,0.9769333037547767,0.019092773087322712,0.003973927814513445,0.0
ppo_random_command13_20,600,325.6960369873047,376.0498046875,32.10544740047021,8196,1.8299917839467525,0.9093015524558723,0.8556103392038494,-0.37269005505368114,2.4715446224436164,7.359122451394796,0.9692542548291385,0.025778580456972122,0.004967171586031327,0.0
ppo_random_command13_20,700,320.4599119758606,374.8158264160156,37.84518824419531,8196,1.8081996273249388,0.9082610565237701,0.740558912511915,-0.38310237089172006,2.4966197293251753,7.257183223962784,0.9789112117141485,0.013788166543236002,0.007300626952201128,0.0
ppo_random_command13_21,0,8.088523324728012,36.48745346069336,5.4833143042381804,8196,0.04468980517140153,0.0304004877089028,0.05063594128750992,-7.719817429219233e-05,0.03618343956577519,0.0903216382488381,0.02479868195405288,0.012073343713836948,0.41541796077717663,0.0
ppo_random_command13_21,100,133.598947429657,280.1744079589844,42.11357092237577,8196,0.8864928078837693,0.4825965485069901,0.19911735760979354,-0.0012807361295017472,0.6478821239434183,3.2420592233538628,0.010743617283878848,0.10747906425967813,0.8600307814776897,0.021746507845818996
ppo_random_command13_21,200,327.02490463256834,384.3002624511719,34.81853703193121,8196,1.7682132795453072,0.9158111461438239,1.178568889386952,-0.0019712807870746474,1.9660198343917727,7.210355445742607,0.9392710765823722,0.05119875445961952,0.009520650302874856,9.532088824926177e-06
ppo_random_command13_21,300,338.90621673583985,385.0913391113281,24.524199504933414,8196,1.7957055028527975,0.9156095213256776,1.2191920280456543,-0.0015275193709385348,2.3630094481632113,7.264128714799881,0.9464430185034871,0.046897877007722855,0.0066591172144399025,0.0
ppo_random_command13_21,400,335.0142456054688,374.1839294433594,20.315830143616687,8196,1.8460183516144753,0.9282306684181094,0.7218724288977683,-0.001290170108404709,2.4495986718684435,7.332310847938061,0.9747113743796945,0.023029526695609093,0.0022591049782931805,0.0
ppo_random_command13_21,500,332.7703950500488,373.0184631347656,23.046449942468637,8196,1.8051064107567072,0.9198660650290549,0.7936693876981735,-0.0010720772361310082,2.4961845073848963,7.32896513864398,0.9737734170630574,0.016458104364573956,0.009768484611413442,0.0
ppo_random_command13_21,600,341.3161806488037,382.1063232421875,36.78822381731068,8196,1.789386309683323,0.9175214357674122,1.104272206313908,-0.0008350017528755416,2.535476948134601,7.3331819623708725,0.9636360430158675,0.02804245287552476,0.008321513421833515,0.0
ppo_random_command13_21,700,342.2069563293457,388.5520324707031,38.65724244559538,8196,1.7940250597894192,0.9196009365841746,1.1610655710101128,-0.0006456981441260723,2.5062993988394737,7.348894782364368,0.9527847156859934,0.03902341841603629,0.008191877044737339,0.0
ppo_random_command13_21,800,346.3311848449707,384.6141357421875,33.540305076859724,8196,1.7902238452807069,0.9191478420980275,1.2253479673527181,-0.0005328715953965002,2.5446789264678955,7.292620334774256,0.9389050444588065,0.05178402457386255,0.009310944005846977,0.0
ppo_random_command13_21,900,340.5334641265869,391.3062438964844,57.3711442706612,8196,1.77706924919039,0.9091025847010314,1.264341075439006,-0.0004890484517545701,2.514861688017845,7.24434046074748,0.9292547600343823,0.06171741569414735,0.009027841035276651,0.0
ppo_random_command13_21,1000,348.47146072387693,393.67144775390625,28.621614113581526,8196,1.8027107752859592,0.9192136242054403,1.1724434308707714,-0.0004535711327662284,2.5015937918797135,7.254321359097958,0.9366192501038313,0.06158110685646534,0.0017996584065258503,0.0
ppo_random_command13_21,1100,344.1545795249939,390.21258544921875,46.16206833034341,8196,1.7916120700538158,0.9183024475350976,1.3575056842528284,-0.0003920695778560912,2.5368252750486135,7.288424324244261,0.9306016438640654,0.06197001598775387,0.007428356911987066,0.0
ppo_random_command13_21,1200,336.88072539806365,382.08673095703125,52.79496578180852,8196,1.7760165929794312,0.9122736328281462,1.2646485138684511,-0.0003868269348004105,2.5083411764353514,7.236498884856701,0.921758727170527,0.06363431829959154,0.01460697315633297,0.0
ppo_random_command13_21,1300,344.65033355712893,391.6142883300781,39.51330384325692,8196,1.780927682761103,0.9123834811616689,1.281894804444164,-0.0003475431418564767,2.5255404552444816,7.2515493631362915,0.9111666725948453,0.07488694647327065,0.01394639938371256,0.0
ppo_random_command13_21,1400,346.05176376342774,385.29534912109375,33.391003672346116,8196,1.7994167963042855,0.9189055706374347,1.2561510927043855,-0.000319234933158441,2.5542459823191166,7.254176378250122,0.9111075736582279,0.0829158304259181,0.00597661966457963,0.0
ppo_random_command13_21,1500,334.8777671051025,390.0553894042969,62.000874167657386,8196,1.7901173364371061,0.913517942186445,1.255032884888351,-0.00030769238401262555,2.4977591102942824,7.224653031677008,0.9176932922564447,0.07204447826370597,0.010262247174978256,0.0
ppo_random_command13_21,1600,338.43010730743407,387.46258544921875,45.79912802369292,8196,1.804157456383109,0.9236615519039333,1.2260075863450766,-0.00028617474174552626,2.549626052379608,7.2801077999174595,0.9317388217896223,0.06653016619384289,0.0017310273824477918,0.0
ppo_random_command13_22,0,11.13053418636322,28.947120666503906,6.112378412593253,8196,0.04982470151298912,0.03462559369108931,0.05378760362873436,-0.00035032444236904325,0.04690970597357591,0.11205804886162696,0.03268267299608851,0.005332250455467147,0.3043748475229222,0.0
ppo_random_command13_22,100,272.6967680358887,355.0417175292969,60.23454949786175,8196,1.6444876426830888,0.871376337017864,0.3260070917895064,-0.025091177332797088,1.8896441920660436,6.155730566009879,0.7326859179884195,0.06994169997051358,0.17789070354774594,0.019481683004414663
ppo_random_command13_22,200,320.9485285949707,377.95587158203125,41.19672315351507,8196,1.818852299824357,0.9046049411408603,0.8835133656393737,-0.12199473503278568,2.361567188054323,7.267400596290827,0.9675051169469953,0.027940459549427032,0.004554431885480881,0.0
ppo_random_command13_22,300,330.6489098358154,377.9003601074219,38.41427711871422,8196,1.808722149580717,0.8880651011131704,1.072207354940474,-0.25533578486647457,2.305414654314518,7.280199181288481,0.9379337248392403,0.05127024510875344,0.010796044021844864,0.0
ppo_random_command13_22,400,318.87507890701295,367.0973815917969,53.066223412843065,8196,1.7724251011386514,0.8741270969621837,0.8728999393060803,-0.3238742577377707,2.3656976455822587,7.194905668497086,0.9442840008996427,0.043066931422799826,0.012649081647396088,0.0
ppo_random_command13_22,500,325.44581775665284,379.9016418457031,42.01017843310115,8196,1.8012874545529485,0.8825628245249391,1.0143787856213748,-0.3525253364350647,2.3191875210031867,7.3092097118496895,0.9527427745051682,0.03651552461087704,0.010741711128503084,0.0
ppo_random_command13_22,600,327.25556404590606,376.46014404296875,39.55063527819088,8196,1.8177786050364375,0.8903881348669529,0.9650538563728333,-0.335611016722396,2.378873134031892,7.326981049031019,0.9634577929973602,0.02840276574715972,0.008139450568705797,0.0
ppo_random_command13_22,700,320.76471656799316,373.7426452636719,49.54430709147505,8196,1.8121535880491138,0.8790430929511786,0.8772769013885409,-0.3490325980819762,2.348271290771663,7.24719475954771,0.9677453255280852,0.024478403851389885,0.00777627807110548,0.0
ppo_random_command13_22,800,320.73691453933714,373.59283447265625,42.652795583421906,8196,1.8336673751473427,0.8967801523394883,0.891598530113697,-0.3754309038631618,2.4003701619803905,7.38735456392169,0.9732062579132617,0.020122240122873336,0.006671508846920915,0.0
ppo_random_command13_22,900,330.76605895996096,370.8556213378906,22.298620772039445,8196,1.8126959055662155,0.8866803664714098,1.019101185258478,-0.3485477245412767,2.3444814244285226,7.355323206633329,0.9669522559270263,0.02493308437988162,0.008114667143672705,0.0
ppo_random_command13_22,1000,329.79321136474607,372.38690185546875,23.912625240665907,8196,1.8230754127725959,0.8922099745832384,0.8877212679944932,-0.3176870478782803,2.4351166114211082,7.346900139003992,0.9758943063206971,0.016270322259515524,0.007835377007722855,0.0
ppo_random_command13_23,0,8.886679124832153,32.7581901550293,6.728518009474133,8196,0.04443959932632424,0.030294615800812608,0.050854227500167326,-1.2428365243399853e-05,0.03578226296667708,0.07797631372966407,0.025524073842461803,0.0004089266096798383,0.4118319900169354,0.0
ppo_random_command13_23,100,253.77985585689544,338.7125549316406,66.22751655494557,8196,1.638574315002188,0.8286854927428067,0.30701302527450025,-0.4580160081386566,1.848136662505567,5.683201363310218,0.5939091634936631,0.17957597644999623,0.0827394868247211,0.1437753508798778
ppo_random_command13_23,200,260.5739333343506,334.9407958984375,51.07856225177906,8196,1.7505449168384075,0.8537721666507423,0.3603587958496064,-1.1000699810683727,2.2079683262854815,6.5409105271101,0.9292395086959004,0.038570643577259034,0.03218986373394728,0.0
ppo_random_command13_23,300,272.6934959411621,342.9803161621094,41.86454940263982,8196,1.8157369596883655,0.8629307206720114,0.40882616641465575,-1.1315052527934313,2.0813681446015835,6.897284779697657,0.9455508152022958,0.03256733436137438,0.019659932877402753,0.002221929895313224
ppo_random_command13_23,400,257.73358816623687,322.1003723144531,52.16670565353121,8196,1.8157690046355128,0.8590194713324308,0.2628533189999871,-1.1041676322929561,2.2288497667759657,6.459296032786369,0.9033370167016983,0.04062767047435045,0.01559831015765667,0.04043702775379643
ppo_random_command13_23,500,265.7380195617676,328.7456359863281,55.2699639364478,8196,1.823809189721942,0.8618115014396608,0.2175307078869082,-1.098447595257312,2.1938735032454133,6.783361330628395,0.9476402485743165,0.020658896770328283,0.01953982879058458,0.01216103881597519
ppo_random_command13_23,600,267.47095506191255,326.58203125,57.80340648514906,8196,1.8115318976342678,0.8516483441926539,0.2796895637293346,-1.1233496726490557,2.157158825546503,6.854320086538792,0.8985700202174485,0.056719742715358734,0.01718254294246435,0.02752771956147626
ppo_random_command13_24,0,9.388233481645583,27.20667266845703,5.895829382146112,8196,0.05042100814807782,0.035295615927680046,0.05321593606458919,-0.00022537862109750506,0.04234397863956474,0.10205536447080021,0.0328914260117017,0.003882419788851621,0.30376955965493835,0.0
ppo_random_command13_24,100,211.5772438812256,335.40631103515625,49.18264064905751,8196,1.4456775160506368,0.8123101145029068,0.3253314755856991,-0.0018761214414553251,1.7766834114445373,4.243830969557166,0.33169096475467086,0.003488744598143967,0.5999734769575298,0.06484679970890284
ppo_random_command13_24,200,297.6558345031738,384.4883117675781,58.72467573949268,8196,1.8047904297709465,0.9367196997627616,0.5790928758215159,-0.0010989997081196634,2.391550039872527,5.9797945600003,0.7652513384819031,0.013286778354085982,0.04728964576497674,0.17417223658412695
ppo_random_command13_24,300,278.46260620117187,358.8577575683594,66.66164362641605,8196,1.7775403261184692,0.9374375101178885,0.3906757101067342,-0.0006462530564022018,2.369780831038952,5.560704279690981,0.7471337015740573,0.013506969720765483,0.10563174588605762,0.13372757844626904
ppo_random_command13_24,400,309.3670666503906,359.5341796875,50.464146856211194,8196,1.8666647048667073,0.9561494486406446,0.3996855713194236,-0.00039257619869204063,2.5184834925457835,6.545284375548363,0.9195577683858573,0.013657577110279817,0.03493605786934495,0.031848615035414696
ppo_random_command13_24,500,293.59363250732423,357.0801696777344,48.41387621973022,8196,1.8276615673676133,0.9515767116099596,0.3580691684037447,-0.00018684742144614574,2.5798479225486517,6.085377050563693,0.8614262789487839,0.009089799597859383,0.09711387334391475,0.03237002016976476
ppo_random_command13_24,600,271.06751289367674,338.8022155761719,51.193430441957695,8196,1.7762191696092486,0.9385476256720722,0.29947715252637863,-0.0001214191875646975,2.492033578455448,5.144669558852911,0.7055156584829092,0.017150133848190308,0.07023242861032486,0.20710178278386593
ppo_random_command13_24,700,278.2274109649658,345.6653137207031,49.9689950804018,8196,1.806940476410091,0.947610889095813,0.3207316229818389,-9.148782430656865e-05,2.487954911775887,5.533210152760148,0.7891492326743901,0.014382969122380018,0.08223428623750806,0.11423350824043155
ppo_random_command13_24,800,276.5112389373779,345.06866455078125,59.1176845269122,8196,1.8040037043392658,0.9457046813331544,0.3065922681707889,-7.350340075618078e-05,2.5278967265039682,5.470957767218351,0.7903817314654589,0.008160421159118414,0.10530574852600694,0.09615208581089973
ppo_random_command13_24,900,276.88941179275514,344.3094177246094,60.76262997254461,8196,1.8093934385105968,0.9457671586424112,0.32526908756699413,-5.680935333884918e-05,2.513621805701405,5.514202447608113,0.7750541362911463,0.010363287292420864,0.09654480777680874,0.11803776398301125
ppo_random_command13_25,0,9.8402796626091,30.671506881713867,6.531178328443809,8196,0.04948131288529112,0.035672365747359436,0.053305774645195925,-8.764739262101529e-05,0.04073611145804534,0.10344592232723926,0.03156837193273532,0.011837901002081708,0.29566251897563234,0.0
ppo_random_command13_25,100,343.07005584716796,385.3863525390625,22.564881486838566,8196,1.8300558887422085,0.9416179298423231,1.1922725439071655,-0.0004343501009316242,2.353374334052205,7.33142476901412,0.9600271950475872,0.03796154214069247,0.0020112707279622555,0.0
ppo_random_command13_25,200,344.84856430053713,374.49322509765625,21.573492365366892,8196,1.8645801432430744,0.9520603455603123,1.004814547020942,-0.00012648190681829874,2.5562206376343966,7.412200067192316,0.9743491550907493,0.024262978695333004,0.0013878721510991454,0.0
ppo_random_command13_25,300,343.3716061401367,374.77911376953125,16.91656074934069,8196,1.871330444701016,0.9531106390058994,0.9227968519553542,-7.392515681203804e-05,2.538507616147399,7.395805217325687,0.9763594721443951,0.02285032346844673,0.0007902101774561743,0.0
ppo_random_command13_25,400,340.73659088134764,377.5747985839844,16.92208269098628,8196,1.8683467656373978,0.9522722945548594,0.9032313209027052,-6.971319464810222e-05,2.5236494820564985,7.385578442364931,0.9777406714856625,0.02152726985514164,0.0007320644217543304,0.0
ppo_random_command13_25,500,344.1596075439453,374.2727355957031,17.051309593235867,8196,1.8708026986569166,0.9534584544599056,0.9019678235054016,-6.341076826288372e-05,2.523403951898217,7.399205464869738,0.9779437049292028,0.021812279243022203,0.00024402147391811013,0.0
ppo_random_command13_25,600,341.9192301940918,378.8734130859375,21.28919501685144,8196,1.8698876025155187,0.9533170941285789,0.8897820021957159,-6.696127408645225e-05,2.527905184775591,7.396599002182484,0.9795870366506279,0.01977431820705533,0.0006386499289874337,0.0
ppo_random_command13_26,0,4.801184105873108,20.722087860107422,2.702186071240613,8196,0.03562270394922962,0.021090905366691004,0.04655114040178887,-9.73561827977143e-06,0.028502136406586942,0.0710131776338585,0.014840509115629175,0.0,0.568333640289211,0.0
ppo_random_command13_26,100,172.58705497741698,283.17376708984375,59.65813412236447,8196,1.2055465849116445,0.5960153355263174,0.1827490947325714,-0.009074519981368212,0.984394314000383,4.238694321364164,0.17607579426839948,0.09625789197161794,0.7187347561120987,0.008931567055697087
ppo_random_command13_26,200,229.0649991607666,342.97454833984375,55.53856630098134,8196,1.522923856973648,0.8081249031238258,0.27332631789613515,-0.0492398111091461,1.75430478900671,5.159605342894793,0.46261325012892485,0.09511022875085473,0.18868579156696796,0.25359073700383306
ppo_random_command13_26,300,232.8216593170166,339.4100646972656,47.43041319612579,8196,1.5832240916788578,0.8322121975943446,0.31265872286166996,-0.18127563747111708,2.0319354319944978,4.703441856428981,0.6728587299585342,0.07142393942922354,0.07231614273041487,0.18340120278298855
ppo_random_command13_26,400,280.6162582397461,353.0908203125,41.27550607845194,8196,1.7830040976405144,0.8865364901721478,0.47007289621979,-0.5849897454027086,2.3052953388541937,6.297462835907936,0.8854376645758748,0.02389694657176733,0.016261743381619453,0.07440366968512535
ppo_random_command13_26,500,268.8978829097748,327.4981689453125,57.652942343092846,8196,1.7874483549967408,0.8559569558128715,0.413349139271304,-0.9838889753445983,2.305731076747179,6.440180845558643,0.8890960793942213,0.03886518528452143,0.021128828637301922,0.05090993223711848
ppo_random_command13_26,600,266.67868861675265,331.94561767578125,50.7277591802887,8196,1.8031935030594468,0.8640230474993587,0.40132158854976296,-1.1314487010240555,2.270628733560443,6.60434078797698,0.9416903201490641,0.027740285731852055,0.022133510559797287,0.008435898460447788
ppo_random_command13_26,700,265.22624588012695,330.3795166015625,44.56676207296812,8196,1.7797939451411366,0.8550498387776315,0.3338634195388295,-1.0993024636991322,2.2978913113474846,6.182817120105028,0.8890579510480165,0.039603923563845456,0.021863752510398626,0.049474400002509356
ppo_random_command13_26,800,283.0520896148682,321.4864196777344,32.756231480299135,8196,1.84806237090379,0.8673693048767745,0.24510190915316343,-1.1213955907151103,2.1968270894140005,7.061814725399017,0.9438846064731479,0.040399853605777025,0.011806445196270943,0.003909109625965357
ppo_random_command13_27,0,7.311544044017792,34.977603912353516,6.15601541227141,8196,0.041035561434000556,0.027657471869133587,0.04938741807927727,-7.25916598893761e-05,0.03517999756058998,0.06781746475166983,0.023154396878453554,0.0012296394525037613,0.45100792264474876,0.0
ppo_random_command13_27,100,270.41652481079103,354.9600524902344,46.19407871942443,8196,1.696575022302568,0.884064853657037,0.4029403479071334,-0.004917616444799933,1.8913329057395458,5.662819776684046,0.7611801843158901,0.12065336853265762,0.01152906147763133,0.10663738218136132
ppo_random_command13_27,200,274.798928604126,379.8868713378906,60.933920246195875,8196,1.7375619849190116,0.8883501221425831,0.4117892141221091,-0.017207267541380133,2.033522557467222,5.6471176370978355,0.7941354671493173,0.05194130400195718,0.010104014530952554,0.14381919847801328
ppo_random_command13_27,300,289.57855407714845,376.2734680175781,52.53310523659382,8196,1.7797105154022574,0.9007533262483776,0.5242608183179982,-0.05940707406261936,2.1399931283667684,6.305652733892202,0.8949287631548941,0.06417764723300934,0.008943958673626184,0.031949655152857304
ppo_random_command13_27,400,269.67187638282775,373.87689208984375,67.47836558295828,8196,1.813118881545961,0.9082136824727058,0.4343842342495918,-0.12970403203507885,2.2027350524440408,6.03244137018919,0.8733757226727903,0.03709126263856888,0.009535901248455048,0.07999710534932092
ppo_random_command13_27,500,298.0239030456543,354.4125671386719,44.48830195551271,8196,1.8570372415706515,0.9134052786976099,0.4171953285112977,-0.19624756381381303,2.1551564880646765,6.886993516236544,0.9265495538711548,0.03668614896014333,0.007708600256592035,0.029055713675916195
ppo_random_command13_27,600,300.6643268585205,349.2896423339844,45.123960080207354,8196,1.8570221113041043,0.9081462812609971,0.31805080018239096,-0.21510479075368494,2.1905991919338703,6.971487276256084,0.9287781557068229,0.03671188559383154,0.005988058168441057,0.028521916829049587
ppo_random_command13_27,700,295.2595904302597,360.8893127441406,49.737791222122404,8196,1.8555640261620283,0.9076742473989725,0.36610365589149296,-0.21910182700958103,2.2680728919804096,6.7658383678644896,0.938580000307411,0.026575462892651558,0.006973676383495331,0.02787087531760335
ppo_random_command13_27,800,308.01292381286623,363.8507995605469,36.3901088344917,8196,1.8612348418682814,0.9068890465423465,0.4482828185427934,-0.2266085996525362,2.249185203574598,7.061681646853685,0.9566461639478803,0.029287343379110098,0.006307383067905903,0.007759120315313339
ppo_random_command13_27,900,287.3765160369873,367.4455871582031,56.54933925504139,8196,1.829296438023448,0.897015880793333,0.37305160495452583,-0.2278887409484014,2.311577551998198,6.600501786917448,0.9075482925400138,0.031271923799067736,0.013399257259152364,0.047780548222362995
ppo_random_command13_27,1000,302.8458218383789,362.8734130859375,45.15770012541915,8196,1.8448859648779035,0.903222904773429,0.4008070034906268,-0.22806128615047783,2.3079525004141033,6.699904844164848,0.9448282830417156,0.03307825420051813,0.0074750641360878944,0.01461841155833099
ppo_random_command13_27,1100,311.61731689453126,363.72576904296875,43.03361625683921,8196,1.861500638537109,0.9060946870595217,0.403343872516416,-0.22413638851139694,2.297929499298334,6.943205077201128,0.943485212046653,0.028761172201484442,0.008072725962847471,0.019680903846165165
ppo_random_command13_27,1200,298.67138412475583,357.92901611328125,47.03503612248187,8196,1.8281538933515549,0.8966127154417336,0.4164127423427999,-0.2267605239758268,2.2591290115378797,6.788643315434456,0.9196635745465755,0.03706075996160507,0.018288264982402325,0.0249874172732234
ppo_random_command13_27,1300,302.5798286437988,371.6180114746094,46.987754838933995,8196,1.8458959944546223,0.9106011795811355,0.48905503342393786,-0.22991347697097808,2.381978795863688,6.406890328973532,0.9467718754895031,0.02381687704473734,0.014287648256868124,0.015123612247407436
ppo_random_command13_28,0,9.729914842844009,31.90375518798828,6.032235409825212,8196,0.046535225033949246,0.03286852413248198,0.052098433719947934,-0.000329785512906966,0.0415956436563647,0.09971207842261265,0.02938361696760694,0.007468391547718056,0.34937488495143043,0.0
ppo_random_command13_28,100,263.68414443969726,335.39556884765625,56.61624688444235,8196,1.728935225866735,0.8579144519753754,0.8017726908437908,-1.5634448928758502,2.1563412426039577,7.029031928628683,0.9162882626987994,0.0686138803139329,0.015097875613719225,0.0
ppo_random_command13_28,200,237.7371148598194,303.7269287109375,50.94197512216146,8196,1.7615066757425666,0.8389112818986177,0.6861468404531479,-3.010020274668932,2.3400015709921718,7.166672341525555,0.9519697222858667,0.037445856258273125,0.010584431700408459,0.0
ppo_random_command13_28,300,240.2676416015625,306.8560791015625,27.29689538579018,8196,1.7093889275565743,0.8386783832684159,0.5220459519186988,-3.002825615927577,2.420852796174586,7.060998994857073,0.9531640927307308,0.021981950383633375,0.024853968061506748,0.0
ppo_random_command13_28,400,235.57670751571655,308.02471923828125,42.33629934419803,8196,1.712148578837514,0.826315043028444,0.643641117028892,-3.0135192777961493,2.3632137225940824,7.018934518098831,0.9518791674636304,0.026713678613305092,0.021407165564596653,0.0
ppo_random_command13_28,500,241.49341039657594,299.4541015625,33.061702581272534,8196,1.7497689072042704,0.8426947928965092,0.6539329497609288,-3.0908777192234993,2.4096842855215073,7.123830001801252,0.9413643227890134,0.04389241011813283,0.014563125558197498,0.00018015647879110475
ppo_random_command13_29,0,6.8661306130886075,32.13090133666992,5.521152441502893,8196,0.03814365975722467,0.025217412309757492,0.04744975096673443,-1.1135506153170383e-05,0.03268609805991218,0.05942951087467918,0.020103175340409507,0.0005023410803914885,0.48003408680256143,0.0
ppo_random_command13_29,100,157.37951171875,317.6283874511719,64.13833493764275,8196,1.0019721775315702,0.5011585908941925,0.30570333916693926,-0.00010029450925230776,0.9787674527615309,3.7340556606650352,0.053737150912638754,0.15813068812713027,0.7661301968619227,0.022001967765390873
ppo_random_command13_29,200,301.34470710754397,354.7322082519531,48.851598270105164,8196,1.7127106031402946,0.8538225227966905,0.7408449763897806,-7.157909448096689e-05,1.8356272685341537,6.755333684384823,0.8145970441401005,0.117034035269171,0.06679992424324155,0.0015689817955717444
ppo_random_command13_29,300,320.51119323730467,352.31597900390625,29.615844059060702,8196,1.7701964350417256,0.8932314589619637,0.6748437180649489,-6.644849580084156e-05,2.1798431668430567,6.959764547646046,0.8860620162449777,0.09223821107298136,0.021595900878310204,0.00010389976819169533
ppo_random_command13_29,400,314.1257194519043,349.92230224609375,37.551134086265314,8196,1.792916789650917,0.9085297174751759,0.5889613188337535,-7.11060129958696e-05,2.270154444500804,7.0096494518220425,0.8911035368219018,0.09216100117191672,0.016735488083213568,0.0
ppo_random_command13_29,500,316.32838340759275,350.18353271484375,38.88770436982112,8196,1.793118318542838,0.9078952656127512,0.5765613063704222,-7.738475193264094e-05,2.2957228710874915,6.994841236621141,0.8924542334862053,0.09320762427523732,0.014338168315589428,0.0
ppo_random_command13_29,600,311.5552868652344,349.6106872558594,35.8471122860946,8196,1.7931416677311063,0.9082394782453775,0.5191564540145919,-8.446700871900248e-05,2.281404267065227,6.99442096054554,0.883019374217838,0.09725971426814795,0.019720938813406974,0.0
ppo_random_command13_29,700,306.8628965759277,350.5558776855469,39.48581565289459,8196,1.7775573655962944,0.8990688482299447,0.5066414052853361,-9.854314419044385e-05,2.243664431385696,6.922557324171066,0.8712119190022349,0.10795852821320295,0.020829521061386913,0.0
ppo_random_command13_29,800,308.4806674194336,352.91845703125,35.51513232974188,8196,1.7658576695248485,0.8943912065587938,0.4955661528510973,-0.00010836337054342948,2.228398522362113,6.90435117483139,0.8648139825090766,0.10966954397736117,0.02539443736895919,0.00012201073695905507
ppo_random_command13_29,900,299.3655319213867,349.26422119140625,53.1697515246885,8196,1.7271876353770494,0.8755994867533445,0.4726547022582963,-0.00011508115437663946,2.1678718919865787,6.789028782397509,0.8388218889012933,0.12136732181534171,0.03981077065691352,0.0
ppo_random_command13_30,0,7.519734441041947,32.31926345825195,5.749896077153897,8196,0.04200817230503162,0.026493815959838685,0.049816835027741035,-7.120785516923078e-05,0.03376984420401641,0.08431133105835897,0.02066938130337803,0.00015346663076343248,0.476637805829796,0.0
ppo_random_command13_30,100,121.12886512756347,252.81463623046875,31.32250078094976,8196,0.687860693782568,0.3762497650459409,0.17646862415131181,-0.0006779404889130092,0.5376280331984162,2.9465911146253347,0.0031551213633065345,0.16850731754675508,0.8282155361957848,0.00012201073695905507
ppo_random_command13_30,200,189.3302197265625,289.0984191894531,52.85642036304345,8196,1.240342112723738,0.6018652645871043,0.20432187884580344,-0.0006306735133421171,1.0196372540667653,4.600083563476801,0.2819000808522105,0.30217673536390066,0.3939059404656291,0.022017219103872776
ppo_random_command13_30,300,197.3173045349121,311.5164794921875,61.071282593819674,8196,1.3346218629740179,0.6280984946060926,0.21365090319886804,-0.0005801024672109634,1.2002146854065359,4.85643045976758,0.42804701486602426,0.4254638194106519,0.1346112028695643,0.011877935845404863
ppo_random_command13_30,400,200.1155979537964,288.4805908203125,57.576523092457705,8196,1.3069252306595445,0.6136102008167654,0.21015730826184154,-0.0005711739827347628,1.212282134220004,4.789469752460718,0.41036308789625764,0.48636530339717865,0.09733883058652282,0.0059327720664441586
ppo_random_command13_30,500,198.06243631362915,299.5587158203125,61.567129086800826,8196,1.3532618856988847,0.6283199072349817,0.21171560836955905,-0.0005996201350626507,1.223460666835308,4.939033647999167,0.4636636860668659,0.4437206545844674,0.08613672247156501,0.0064789606258273125
ppo_random_command13_30,600,210.81462017059326,298.78692626953125,58.00031845560553,8196,1.3611851278692484,0.6303864787332714,0.2086460010614246,-0.0006059491295218322,1.225560408551246,4.9780993685126305,0.4592541428282857,0.44239950738847256,0.0909523325972259,0.007394041400402784
ppo_random_command13_30,700,206.36132299423218,295.28167724609375,54.34382565063233,8196,1.3653629589825869,0.6295948708429933,0.2070390733424574,-0.0006106589182763855,1.219058323185891,4.949037609621882,0.4695754861459136,0.4362198277376592,0.08721003541722894,0.0069946469739079475
ppo_random_command13_30,800,206.09332794189453,293.5760192871094,52.56097692039608,8196,1.3508132980205119,0.6267193395178765,0.20986555493436754,-0.0006047685476460174,1.2159621645696461,4.893647354096174,0.47276396909728646,0.42987908190116286,0.08794495929032564,0.009411984123289585
ppo_random_command13_30,900,206.30591961860657,306.9027404785156,58.82165907066599,8196,1.3628755868412554,0.6310867550782859,0.21015944646205753,-0.0006071829864140454,1.212471722625196,4.914060747250915,0.47160486737266183,0.43306851806119084,0.08777624135836959,0.007550367619842291
ppo_random_command13_30,1000,201.17514198303223,294.6292419433594,54.01623872835073,8196,1.3475349508225918,0.626071069156751,0.20887602039147168,-0.0006018722895078099,1.207771509885788,4.911486320197582,0.4676995715126395,0.44051215425133705,0.08343151630833745,0.008356782142072916
ppo_random_command13_30,1100,208.16909454345702,307.5008850097656,54.50814206876884,8196,1.346217098645866,0.6253690957091749,0.20877878204919398,-0.0006010679851442546,1.1926993713714182,4.922190645709634,0.4724122351035476,0.4344907053746283,0.08189303753897548,0.011204017326235771
ppo_random_command13_30,1200,218.08519636154176,303.7153015136719,55.030724426370014,8196,1.3835624400526285,0.6402629793155938,0.2080850909696892,-0.0006236024933059525,1.2204524371773005,5.086449941620231,0.47916953125968575,0.43103532399982214,0.0799265680834651,0.009868571731203701
ppo_random_command13_30,1300,209.06237915039063,336.25616455078125,60.11769834961619,8196,1.3646776471287012,0.6317437416873872,0.21019275591243058,-0.0006183469256484386,1.2139329300262034,5.025400815531611,0.48266113456338644,0.42505298648029566,0.08415976772084832,0.008126105647534132
ppo_random_command13_30,1400,224.06565601348876,322.90301513671875,53.955337256720945,8196,1.341314943972975,0.6267651964444667,0.21024613664485514,-0.000604611482231121,1.221234097611159,4.889013137668371,0.4713322496972978,0.4400164857506752,0.07917543966323137,0.009475849103182554
ppo_random_command13_30,1500,221.22218170166016,312.5645751953125,55.17514801307929,8196,1.3867608085274696,0.6402009478770196,0.21485820889938623,-0.000634027599971887,1.2244492187164724,5.080568173900247,0.503261880017817,0.4190105968154967,0.07001223741099238,0.007715272717177868
ppo_random_command13_30,1600,216.22985229492187,307.3494567871094,59.314616627102765,8196,1.3622084120288491,0.6338681275956333,0.2085706734796986,-0.0006248115844300628,1.2105325707234442,5.050743794068694,0.5104443072341383,0.4085586639121175,0.07331319898366928,0.007683816831558943
ppo_random_command13_30,1700,209.82975122451782,305.6430969238281,57.503527234960195,8196,1.37216055393219,0.6369985830970109,0.21149091143161058,-0.0006311617571554962,1.2256268616765738,5.068239226937294,0.4965131627395749,0.41973312897607684,0.07523582084104419,0.008517874404788017
ppo_random_command13_30,1800,211.67110282897949,331.9461364746094,56.76771903942585,8196,1.380036262795329,0.6381575404666364,0.21329049521591514,-0.0006350312708036654,1.2348617217503488,5.066846312955022,0.5008121337741613,0.41405772464349866,0.0759659786708653,0.00916414987295866
ppo_random_command13_30,1900,208.31255828857422,297.8482971191406,50.3194001853885,8196,1.3745020106434822,0.6393001168034971,0.21120815130416304,-0.0006396438961928652,1.236324843019247,5.0474297143518925,0.5078182173892856,0.4073309311643243,0.07759977970272303,0.007251060076669091
ppo_random_command13_30,2000,213.65475135803223,317.3587646484375,61.61976938536514,8196,1.3843982247635722,0.6446044947952032,0.21275579754728824,-0.0006419326671220915,1.237128502689302,5.120530383661389,0.5116034089587629,0.40112458961084485,0.08049086760729551,0.006781128056900343
ppo_random_command13_30,2100,219.63157386779784,328.5772705078125,53.90367288942855,8196,1.3786134356632829,0.6444094209000468,0.20695160888135433,-0.0006423642562367604,1.2360146376304328,5.109997963532805,0.513262945227325,0.3908652048557997,0.08826237777248025,0.007609466556459665
ppo_random_command13_30,2200,212.88872016906737,308.63543701171875,57.87371735004846,8196,1.3594554821029305,0.6378047887701541,0.20900286140386015,-0.0006393721578206168,1.237388612702489,5.04896573163569,0.5028043398633599,0.3988864556886256,0.08898776955902576,0.00932142938108882
ppo_random_command13_30,2300,221.31455390930176,300.2095031738281,51.12872745342167,8196,1.3897594665177166,0.6485907938331366,0.21427268267143518,-0.0006572631352810276,1.2514192257076502,5.1486016642302275,0.5160291567444801,0.3904648572206497,0.08585266629233956,0.007653314154595137
ppo_random_command13_31,0,9.39066167831421,29.139921188354492,6.329535489140323,8196,0.04651634523725079,0.03242743064129172,0.0517481946881162,-8.148587652634376e-05,0.03912996424287485,0.08487696583739535,0.02875926500746573,0.0010895177463225991,0.37110995240209377,0.0
ppo_random_command13_31,100,278.48607223510743,348.7557067871094,56.99297104340648,8196,1.665492419153452,0.8393798335455358,0.505296521121636,-0.5670287895482033,1.9523289008066058,6.532524764537811,0.8628370277583599,0.09600529167801142,0.034119158051908016,0.007038494572043419
ppo_random_command13_31,200,226.24031298398972,295.7987365722656,54.10522255242741,8196,1.6156885158270597,0.8138839937746525,0.4299349463544786,-2.2318824660032988,2.2023502811789513,6.4461799040436745,0.7997927605174482,0.12246255856007338,0.065352953504771,0.01239171531778993
ppo_random_command13_31,300,241.4691362762451,311.65740966796875,44.05157181276819,8196,1.6555909318849444,0.8347736401483417,0.4769901162944734,-2.31617187615484,2.378066599369049,6.816114600747824,0.8605188243091106,0.03796344855800271,0.08619772782549262,0.015319973230361938
ppo_random_command13_31,400,248.97297610759736,309.5681457519531,46.741957443375654,8196,1.7021623784676194,0.8283973885700107,0.7180553774815053,-2.4874313017353415,2.3244987204670906,6.888475399464369,0.9052910944446921,0.050889914855360985,0.03886327936197631,0.004955733027600218
ppo_random_command13_31,500,245.42637998580932,302.19732666015625,51.69949712456031,8196,1.7517131231725216,0.8312530471011996,0.8986774219665676,-2.781235738657415,2.299246081151068,7.140936128795147,0.9306435850448906,0.05426713384804316,0.015089296735823154,0.0
ppo_random_command13_32,0,8.726674617528916,24.06943702697754,4.830944838027117,8196,0.048383908591858926,0.03354614319141547,0.05189602560312778,-0.00021451483979184616,0.04071490951673695,0.08967799833982326,0.028268362273593084,0.01100860932751857,0.35356042460989556,0.0
ppo_random_command13_32,100,251.7927303314209,328.4215087890625,52.967946008068125,8196,1.4426083359867334,0.8452745713293552,0.32464758155401796,-0.004397538183184224,1.7206288995221257,5.8517259452492,0.6381848119199276,0.30040090763941407,0.05675215180963278,0.004662144634494325
ppo_random_command13_32,200,335.7046875,384.8116149902344,25.65216107592419,8196,1.8212875397875905,0.9231002335436642,1.025184794794768,-0.004121534340811195,2.3669641464948654,7.290987908840179,0.9690702855587006,0.02830363204702735,0.00262609047240403,0.0
ppo_random_command13_32,300,340.6234320068359,386.63714599609375,30.534329105658333,8196,1.8356722239404917,0.9303769539110363,1.0483522480353713,-0.003687670970975887,2.4975097458809614,7.310130272060633,0.9502987475134432,0.04492950113490224,0.004771763458848,0.0
ppo_random_command13_32,400,342.56120071411135,381.49542236328125,31.568510858341327,8196,1.8374478537589312,0.9313962566666305,1.1275457181036472,-0.003395418891159352,2.5151913706213236,7.308424714952707,0.9487059358507395,0.04441286204382777,0.0068812150675512385,0.0
ppo_random_command13_32,500,345.71846435546877,389.3364562988281,27.344815328568377,8196,1.85256109200418,0.9388301484286785,0.9796469272114336,-0.002982551435707137,2.5739895831793547,7.351784143596888,0.9718326842412353,0.024692875798791647,0.003474446461041225,0.0
ppo_random_command13_32,600,341.1178955078125,383.1592102050781,35.2649744431064,8196,1.8399941939860582,0.933537280652672,1.0504715335555375,-0.0028948497802048223,2.5415684562176466,7.316964317113161,0.9604075253009796,0.032651216723024845,0.006941267212823732,0.0
ppo_random_command13_32,700,345.10385955810546,374.305419921875,15.181329646268743,8196,1.873709031380713,0.9446087693795562,0.9847200722433627,-0.0028435369094950147,2.570015886798501,7.381987027823925,0.9698976706713438,0.026748947144369595,0.0033533888399688294,0.0
ppo_random_command13_32,800,301.22585069179536,380.18377685546875,104.55870438574732,8196,1.5718204048462212,0.7943197248969227,0.9108505190815777,-0.002316889240319142,2.1672039115801454,6.226907018572092,0.7645783731713891,0.029496096074581146,0.20592552330344915,0.0
ppo_random_command13_32,900,331.04266925811766,377.40435791015625,50.59662249956791,8196,1.8035157723352313,0.916738348081708,0.8721889238804579,-0.0027051400356867816,2.4829373452812433,7.132373966276646,0.9300811919383705,0.03092495584860444,0.0389938679873012,0.0
ppo_random_command13_32,1000,340.48424911499023,386.319580078125,29.734546334987595,8196,1.8349609170109034,0.9332474856637418,1.0512987966649234,-0.002812542184983613,2.5232615806162357,7.346020385622978,0.9501252635382116,0.04164760373532772,0.00822714576497674,0.0
ppo_random_command13_32,1100,338.9394215965271,379.7677917480469,39.362326127089204,8196,1.8538644425570965,0.9373354874551296,1.0231643100269139,-0.002879602723623975,2.6300789769738913,7.3575068935751915,0.9730823407880962,0.025677540339529514,0.0012401247122397763,0.0
ppo_random_command13_33,0,10.726146667003631,36.868995666503906,7.298597618471562,8196,0.051387472134592826,0.03567021075059529,0.0535756650588155,-8.862029424205886e-05,0.039860839147877414,0.1040754456570312,0.03227279336169886,0.001772968523482632,0.3164224534589266,0.0
ppo_random_command13_33,100,205.77447650909423,362.1367492675781,67.67289805600485,8196,1.4800273142755032,0.7297305017709732,0.367935246496927,-0.0018562713894425542,1.136145964730531,5.31170792132616,0.5463459580205381,0.03420780645683408,0.41075104381889105,0.008695171301951632
ppo_random_command13_33,200,258.8832034301758,363.2657775878906,57.19300808448977,8196,1.7479238715022802,0.8439291566610336,0.4196342107607052,-0.00208036491767416,1.7012234358116984,5.645822253078222,0.8147962647490203,0.060314292553812265,0.04578166967257857,0.07910776149947196
ppo_random_command13_33,300,246.76344015836716,348.6109313964844,55.20309746180696,8196,1.7172446241602302,0.8719073287211359,0.3655818757833913,-0.0018997872966792784,1.9987713964655995,4.82610528729856,0.6123604234308004,0.03348241467028856,0.06985781760886312,0.2842993070371449
ppo_random_command13_33,400,248.30800029754639,354.117919921875,55.82513197800151,8196,1.787461407482624,0.9092666869983077,0.34691155632026494,-0.0017142067572422093,2.1302109211683273,4.915600698441267,0.8387418193742633,0.02434781426563859,0.027809869963675737,0.10910047474317253
ppo_random_command13_33,500,244.87652463912963,357.39105224609375,66.51218567030496,8196,1.7392251687124372,0.8966736411675811,0.3261541147949174,-0.0015446269690073677,2.3191125439479947,4.628977175801992,0.7330281198956072,0.02640102570876479,0.015508708544075489,0.22506215306930244
ppo_random_command13_33,600,267.4451628160477,365.4408874511719,63.2203718372855,8196,1.815546809695661,0.9321823380887508,0.38465664570685476,-0.0015002260624896735,2.411874239332974,5.400134559720755,0.8798947562463582,0.019979258548119105,0.019375876858248375,0.08075014036148787
ppo_random_command13_33,700,266.9292652130127,352.9027099609375,64.99736709701395,8196,1.7872222969308496,0.91965397214517,0.32693962461780757,-0.001366534379485529,2.351467435248196,5.378921100869775,0.7568135354667902,0.013008441310375929,0.050871803890913725,0.17930621840059757
ppo_random_command13_33,800,259.1523719882965,361.29541015625,68.43949016968867,8196,1.6694919988512993,0.8603937714360654,0.36174879712052643,-0.0011942045725845674,2.328548495657742,4.98738949932158,0.5951006743125618,0.024944522883743048,0.19710739003494382,0.18284738855436444
ppo_random_command13_33,900,262.24802947998046,357.6518249511719,56.13990664341757,8196,1.6732271807268262,0.8993357792496681,0.30380714806960896,-0.0011440888283686945,2.4212981881573796,5.11060955375433,0.5826022024266422,0.04860793333500624,0.05640899555874057,0.31238084845244884
ppo_random_command13_33,1000,301.58773834228515,359.24920654296875,46.22920860153652,8196,1.8196987453848124,0.9320955979637802,0.3920520889223553,-0.001174900387013622,2.455387108027935,6.108027350157499,0.8703645165078342,0.032723660580813885,0.0235080374404788,0.07340375380590558
ppo_random_command13_33,1100,276.32602325439456,358.7943115234375,63.27442619824236,8196,1.7867879699915648,0.9245470697060227,0.3376285167178139,-0.0011027506338905368,2.467083903029561,5.8451643623411655,0.8372872229665518,0.04759562574326992,0.028386561200022697,0.08673057146370411
ppo_random_command13_33,1200,278.47077381134034,367.45269775390625,70.82376891777771,8196,1.767944097518921,0.9150644144974649,0.3604856545571238,-0.0010653757894942828,2.462781478650868,5.793145095929503,0.7938971649855375,0.019921112630981952,0.036842475179582834,0.14933922979980707
ppo_random_command13_33,1300,292.4870408964157,367.15625,67.62880050830333,8196,1.826405649073422,0.9393202750943601,0.36969059333205223,-0.0010715274715948908,2.5679859751835465,6.09620707295835,0.9025210700929165,0.02096773637458682,0.049962442833930254,0.026548773050308228
ppo_random_command13_33,1400,300.2771622729301,358.65631103515625,64.669381962252,8196,1.8590282192453742,0.9422749229706824,0.3168625393882394,-0.0010167863651986409,2.5465815430507064,6.639718472957611,0.9542116690427065,0.024882564321160316,0.01746469270437956,0.0034410840835334966
ppo_random_command13_33,1500,262.6840696954727,359.6181640625,69.39129818777614,8196,1.7657419303432107,0.910996041726321,0.35384039068594575,-0.0009225722383234825,2.529721150174737,5.243628120049834,0.8004933688789606,0.05097570363432169,0.018503690138459206,0.1300272224470973
ppo_random_command13_33,1600,298.95432518005373,370.8161926269531,53.707941645992754,8196,1.836899833753705,0.9370236662216485,0.3832645141519606,-0.0009713159279272077,2.465974720194936,6.629632860422134,0.8897766703739762,0.05052674235776067,0.02722269248624798,0.03247391991317272
ppo_random_command13_33,1700,319.4043507385254,384.7257385253906,35.1565152849585,8196,1.8694939659908414,0.9420526390895247,0.35800919285975397,-0.0009872633904706163,2.4348312271758914,7.115399893373251,0.9349568542093039,0.03277132101356983,0.02825883124023676,0.0040130093693733215
ppo_random_command13_33,1800,322.37360984802245,376.52655029296875,39.88769183997238,8196,1.8842488592490554,0.9483914272859693,0.42638445319607854,-0.0009742952938722738,2.4893446629866958,7.029443807899952,0.9465631227940321,0.03572054859250784,0.01638089446350932,0.0013354456332308473
ppo_random_command13_33,1900,323.5146502685547,376.86962890625,34.67917741526491,8196,1.8767940802499652,0.9419023492373526,0.37578336894512177,-0.0009734313830449537,2.397077896632254,7.134324498474598,0.9404845112003386,0.037166566122323275,0.01653626747429371,0.005812667775899172
ppo_random_command13_33,2000,310.27883863449097,368.716796875,53.667105246164375,8196,1.8730551907792687,0.9420081493444741,0.36130011471686885,-0.0009504415334049554,2.465950588695705,7.004663407802582,0.9347833702340722,0.031875304877758026,0.01702145067974925,0.01631988910958171
ppo_random_command13_33,2100,302.301322555542,351.1909484863281,51.26524385815264,8196,1.8557731891050935,0.9282315452583134,0.2234036231529899,-0.000886058408923418,2.1941751781851053,6.995555978268385,0.9063434367999434,0.05358082288876176,0.03233093861490488,0.007744822185486555
ppo_random_command13_33,2200,318.44434164047243,352.0731506347656,41.44514713811863,8196,1.8667758740484715,0.9294075891375542,0.18392762792063877,-0.0008846067107697309,2.2922190902754664,7.253888197243214,0.9380347649566829,0.050240779761224985,0.010569180361926556,0.0011552891510291374
ppo_random_command13_33,2300,312.4287788391113,363.0729064941406,42.708323961684584,8196,1.8857155553996563,0.941033773124218,0.2524489156785421,-0.0008975060145530733,2.4077736167237163,7.212165359407663,0.9302194071933627,0.049214174039661884,0.017180636525154114,0.0033857979942695238
ppo_random_command13_34,0,9.269785407781601,32.1003303527832,7.301507078757612,8196,0.047927926023476175,0.033537944934323605,0.0521690080386179,-8.365810944788166e-05,0.04025097609110162,0.08455837584540404,0.028865071299151168,0.0012096220621060638,0.3577964841783796,0.0
ppo_random_command13_34,100,312.8523782348633,383.48419189453125,52.346298756537365,8196,1.7955918153747916,0.9087318172678351,0.8850038000382483,-0.012173686387541238,2.1446770820766687,7.105115994811058,0.9188171252608299,0.06905044987797737,0.011306010652333498,0.0008264321236310934
ppo_random_command13_34,200,332.85148555755615,390.47979736328125,42.921023416665975,8196,1.79357941262424,0.9003875586204231,1.0543326537590474,-0.1145834440831095,2.304517837241292,7.241482526063919,0.9439313136972487,0.04273044876754284,0.013338251730601769,0.0
ppo_random_command13_34,300,317.7219119262695,376.3101806640625,30.750323112242768,8196,1.803300821222365,0.9004461327567697,0.7589589171111584,-0.439807879505679,2.398431424051523,7.263128004968166,0.9595277137123048,0.024457433260977268,0.016014862339943647,0.0
ppo_random_command13_34,400,322.05980361938475,368.44915771484375,43.725128647296614,8196,1.8097744407132268,0.8920742375776172,1.0896326443180442,-0.5662526981905103,2.4254501843824983,7.316676553338766,0.950649528298527,0.04068676941096783,0.008663715329021215,0.0
ppo_random_command13_34,500,310.5896397399902,363.6230163574219,45.72118568944298,8196,1.8014954309910536,0.8919936278834939,0.7868694528006017,-0.6001210412941873,2.486922001466155,7.3034000135958195,0.952260450925678,0.03593788016587496,0.011801679152995348,0.0
ppo_random_command13_34,600,315.2321110534668,364.8271179199219,35.33327606097201,8196,1.7926380764693022,0.8848304986022413,0.7625626677181572,-0.5867280131205916,2.497100856155157,7.244124550372362,0.9555290034040809,0.03094402002170682,0.013526987109798938,0.0
ppo_random_command13_35,0,7.429588767290116,32.62690734863281,5.132019704215002,8196,0.04309474823276105,0.028811603565372934,0.049798283385825926,-1.1875854146192744e-05,0.03423117877173354,0.08702775006008778,0.022691137290166807,0.012690069853533714,0.4469472528669485,0.0
ppo_random_command13_35,100,40.52616043567657,69.79818725585938,14.324708045219506,8196,0.22304193337913603,0.14437866036314517,0.11609454842982814,-5.162347656550992e-05,0.15987041092012078,0.9024596051312983,0.0,0.6877516619861126,0.31224835361354053,0.0
ppo_random_command13_35,200,129.39913879394533,295.11822509765625,46.524902986618265,8196,0.8035734002478421,0.44429434719495475,0.23183065030025318,-0.00013264608793406296,0.5225132529158145,3.176011921837926,0.029372178949415684,0.34925288101658225,0.6213749176822603,0.0
ppo_random_command13_35,300,244.00368976593018,356.03839111328125,82.42694220564137,8196,1.4954425729811192,0.7808578610420227,0.502275467151776,-0.00018318273100703664,1.3361846492625773,5.861857393756509,0.64493543561548,0.26162247313186526,0.09344211360439658,0.0
ppo_random_command13_35,400,275.8282532501221,360.57513427734375,66.58568349488765,8196,1.609642575494945,0.8146211409475654,0.4877314470941201,-0.00014351712036386743,1.6238811314105988,6.083183960989118,0.5540821994654834,0.40321211656555533,0.04270566534250975,0.0
ppo_random_command13_35,500,262.9537648773193,335.0489807128906,65.82151341165665,8196,1.6445638919249177,0.8366956412792206,0.29617221880471334,-0.0001284088356214852,1.59725899156183,6.114454556256533,0.7166577144525945,0.20551373716443777,0.07782855245750397,0.0
ppo_random_command13_35,600,273.4906632232666,348.4525451660156,62.11633308391404,8196,1.704872151836753,0.8561425344087183,0.28466418373864144,-0.00011986685262854735,1.6837128726765513,6.440921012312174,0.7247628476470709,0.259929574560374,0.015307581517845392,0.0
ppo_random_command13_35,700,295.594684753418,338.2396240234375,40.95850683824057,8196,1.7968390937894583,0.9080400825478137,0.3052928550168872,-0.00010590225036821721,2.0789639679715037,6.745566986501217,0.8724110554903746,0.108871704491321,0.01871720887720585,0.0
ppo_random_command13_35,800,284.8705359649658,348.6558837890625,46.4680414078227,8196,1.7817446952685714,0.8987033050507307,0.236345463024918,-9.326290910394164e-05,1.8706422429531813,6.624499399214983,0.8393995333462954,0.11238142382353544,0.04821902420371771,0.0
ppo_random_command13_35,900,272.5872165298462,341.7450866699219,66.3271674873138,8196,1.6319915251806378,0.8310920493677258,0.2207859248155728,-7.542676874550125e-05,1.9054408799856901,6.009568622335792,0.7732544783502817,0.08406921289861202,0.14267630130052567,0.0
ppo_random_command13_35,1000,255.97769790649414,337.3480224609375,75.80431855231356,8196,1.5682338010519743,0.7949372362345457,0.1738434469443746,-6.383016096833671e-05,1.7463478459976614,5.971999935805798,0.5787922274321318,0.30549294827505946,0.11571479449048638,0.0
ppo_random_command13_35,1100,224.94259536743164,333.6488952636719,63.879904210753615,8196,1.3629927416332066,0.698787899222225,0.13402671640506014,-5.3615951316032806e-05,1.5384119311347604,5.164732238277793,0.2578897080384195,0.5491522043012083,0.19295807275921106,0.0
ppo_random_command13_35,1200,270.70104431152345,343.7528381347656,52.52250599878728,8196,1.6547297546640038,0.8329529641196132,0.14972233603475615,-6.042544350748358e-05,1.782695212867111,6.290303755551577,0.6799486959353089,0.26657439209520817,0.053476923145353794,0.0
ppo_random_command13_35,1300,278.7412890625,347.7044372558594,52.33108510646575,8196,1.649853503331542,0.8359174244105816,0.14622790005523711,-6.236395927317062e-05,1.9696497386321425,6.312260124832392,0.5346167255192995,0.3061487558297813,0.159234503749758,0.0
