id_run_name,iteration,reward,max_reward,std_reward,num_envs_train
ppo_random_command2_1,0,10.778911462077847,19.942420959472656,2.6952120851261374,64
ppo_random_command2_1,100,14.364073214530945,30.18516731262207,4.483810725270502,64
ppo_random_command2_1,200,11.968359570503235,22.117446899414062,3.6495656030598256,64
ppo_random_command2_1,300,11.847234835624695,23.842811584472656,3.2239266202085433,64
ppo_random_command2_1,400,12.293258905410767,21.891407012939453,3.600734398789198,64
ppo_random_command2_1,500,12.79815523147583,43.211910247802734,4.5228610389936295,64
ppo_random_command2_1,600,14.607509412765502,34.320743560791016,4.957914716676906,64
ppo_random_command2_1,700,13.034477367401124,27.9442195892334,4.139996410861743,64
ppo_random_command2_1,800,15.469673657417298,32.34811782836914,4.979932863523664,64
ppo_random_command2_1,900,13.56885682106018,34.67791748046875,4.372218755140164,64
ppo_random_command2_1,1000,14.748356928825379,27.388927459716797,4.767909531355122,64
ppo_random_command2_1,1100,13.94428372859955,29.653688430786133,4.81390855155048,64
ppo_random_command2_1,1200,14.184290738105775,26.760732650756836,4.837292739030623,64
ppo_random_command2_1,1300,13.115868954658508,40.80780029296875,5.170346946852667,64
ppo_random_command2_1,1400,15.34871868610382,35.933387756347656,4.686937291503,64
ppo_random_command2_1,1500,15.322554144859314,33.996883392333984,5.91663276849011,64
ppo_random_command2_1,1600,14.704124855995179,38.78310012817383,4.991685233558216,64
ppo_random_command2_1,1700,16.378419704437256,33.07017135620117,5.79161430406803,64
ppo_random_command2_1,1800,16.52247172832489,49.277774810791016,7.539755410113424,64
ppo_random_command2_1,1900,16.60213616371155,43.58618927001953,6.642350887471806,64
ppo_random_command2_1,2000,16.648335785865783,66.48345947265625,8.184499520626584,64
ppo_random_command2_1,2100,17.175144934654234,39.00303268432617,6.297805858305197,64
ppo_random_command2_1,2200,17.230510807037355,51.025550842285156,7.967007304360318,64
ppo_random_command2_1,2300,16.725581645965576,44.36619567871094,7.253525743454494,64
ppo_random_command2_1,2400,16.740471110343933,49.795833587646484,6.442731232603486,64
ppo_random_command2_1,2500,16.578960013389587,43.169437408447266,6.725875780535234,64
ppo_random_command2_1,2600,18.415574173927308,39.041709899902344,7.640120926176562,64
ppo_random_command2_1,2700,17.122430758476256,39.46596145629883,6.671959022883327,64
ppo_random_command2_1,2800,18.343822169303895,37.76070022583008,7.052836540358878,64
ppo_random_command2_1,2900,18.295453052520752,42.804725646972656,7.399446962355682,64
ppo_random_command2_1,3000,16.21275770664215,40.82744216918945,6.448926591432562,64
ppo_random_command2_1,3100,22.042556133270264,76.86239624023438,11.236755266559937,64
ppo_random_command2_1,3200,21.919723763465882,70.02884674072266,10.976177504594945,64
ppo_random_command2_1,3300,19.66208125591278,48.17757034301758,8.665096234918815,64
ppo_random_command2_1,3400,21.461895503997802,52.14997100830078,8.883095160132985,64
ppo_random_command2_1,3500,20.776907796859742,50.97984313964844,8.48442599562902,64
ppo_random_command2_1,3600,19.43494294166565,52.37387466430664,8.302204546800395,64
ppo_random_command2_1,3700,19.96307822227478,48.373146057128906,8.301083854121684,64
ppo_random_command2_1,3800,20.890675654411314,70.67330169677734,9.180009832600563,64
ppo_random_command2_1,3900,21.690878200531007,77.11531066894531,11.44167808293556,64
ppo_random_command2_1,4000,22.290145587921142,50.97366714477539,8.777347178791663,64
ppo_random_command2_2,0,10.948473982810974,19.12863540649414,2.205490895207244,128
ppo_random_command2_2,100,10.71347942829132,14.9586181640625,1.7192341351487823,128
ppo_random_command2_2,200,10.669270796775818,17.385665893554688,1.7042472154596966,128
ppo_random_command2_2,300,10.68496612548828,17.629026412963867,1.7378197254091676,128
ppo_random_command2_2,400,10.678499512672424,16.6176815032959,1.6601189288677076,128
ppo_random_command2_2,500,10.766042947769165,19.930795669555664,2.0295481033256095,128
ppo_random_command2_2,600,10.801229958534242,15.151277542114258,1.5492983522713015,128
ppo_random_command2_2,700,10.678357529640198,15.674478530883789,1.6299595610148088,128
ppo_random_command2_2,800,10.908027701377868,16.979351043701172,1.8427855022260828,128
ppo_random_command2_2,900,10.599526357650756,17.043752670288086,1.7967399700336522,128
ppo_random_command2_2,1000,10.65829119205475,15.402448654174805,1.54702909663645,128
ppo_random_command2_2,1100,10.599369459152221,17.306316375732422,1.6353937991079046,128
ppo_random_command2_2,1200,10.766614375114441,16.28110694885254,1.598257454202353,128
ppo_random_command2_2,1300,10.973852458000183,16.901836395263672,1.8629338158799098,128
ppo_random_command2_2,1400,10.790084109306335,16.913799285888672,1.9703558072880019,128
ppo_random_command2_2,1500,10.589702520370484,19.0036563873291,1.6996250921249088,128
ppo_random_command2_2,1600,10.99611524105072,18.782501220703125,1.9347147635487816,128
ppo_random_command2_2,1700,10.748041601181031,17.337621688842773,1.7469385410687355,128
ppo_random_command2_2,1800,10.8117169713974,16.130184173583984,1.5947993149902244,128
ppo_random_command2_2,1900,10.759553627967835,15.645259857177734,1.6123488283133471,128
ppo_random_command2_2,2000,10.548459396362304,14.726523399353027,1.5329712826728488,128
ppo_random_command2_2,2100,10.651224865913392,16.87644386291504,1.779697891721292,128
ppo_random_command2_2,2200,10.63548348903656,15.946072578430176,1.5808814730555076,128
ppo_random_command2_2,2300,10.663682179450989,17.16498565673828,1.913562408049649,128
ppo_random_command2_2,2400,10.859446449279785,19.19680404663086,1.8412593596521878,128
ppo_random_command2_2,2500,10.49679943561554,19.914594650268555,1.773427637064132,128
ppo_random_command2_2,2600,10.394957685470581,17.034198760986328,1.6645091407709351,128
ppo_random_command2_2,2700,10.587044491767884,17.525970458984375,1.691545799879576,128
ppo_random_command2_2,2800,10.630671787261964,18.287853240966797,1.8204505455537545,128
ppo_random_command2_2,2900,10.711744875907899,16.681236267089844,1.6155698999966246,128
ppo_random_command2_2,3000,10.321965236663818,17.41228675842285,1.584148584167411,128
ppo_random_command2_2,3100,10.607350039482117,15.029138565063477,1.4833765930506555,128
ppo_random_command2_2,3200,10.74077832698822,17.794267654418945,1.925793966812607,128
ppo_random_command2_2,3300,10.823320813179016,19.555320739746094,2.1942561114437757,128
ppo_random_command2_2,3400,10.72613579750061,14.39576530456543,1.4918205549590229,128
ppo_random_command2_2,3500,10.662392621040345,17.793712615966797,2.025619943830583,128
ppo_random_command2_2,3600,10.673024954795837,19.193540573120117,1.9543453896357204,128
ppo_random_command2_2,3700,10.78642993927002,15.720307350158691,1.5709863683750749,128
ppo_random_command2_2,3800,10.500296177864074,14.819403648376465,1.6409029825015595,128
ppo_random_command2_2,3900,10.669370260238647,14.446199417114258,1.5465323731682559,128
ppo_random_command2_2,4000,10.667209067344665,17.507476806640625,1.876190423710244,128
ppo_random_command2_3,0,9.644426312446594,14.744394302368164,1.2795804733138816,8196
ppo_random_command2_3,100,11.395052757263183,17.986114501953125,1.713641674861117,8196
ppo_random_command2_3,200,20.574855422973634,32.83684539794922,4.242290476648363,8196
ppo_random_command2_3,300,69.99165190696716,203.55532836914062,51.66323258104722,8196
ppo_random_command2_3,400,135.66589358329773,258.7726135253906,63.32356881422572,8196
ppo_random_command2_3,500,174.46526951789855,246.85382080078125,42.0416662845771,8196
ppo_random_command2_3,600,179.922324924469,253.65695190429688,27.809197848787253,8196
ppo_random_command2_3,700,189.21920639038086,273.2040710449219,21.882649599437627,8196
ppo_random_command2_3,800,167.1262030982971,249.3274383544922,33.07726127860103,8196
ppo_random_command2_3,900,183.26285293579102,261.20904541015625,15.775087454363277,8196
ppo_random_command2_3,1000,186.07622634887696,260.8514709472656,17.08381776665082,8196
ppo_random_command2_3,1100,190.5323977661133,266.6044006347656,20.39093966360164,8196
ppo_random_command2_3,1200,189.73759811401368,277.7728271484375,19.64856862479253,8196
ppo_random_command2_3,1300,189.74812057495117,272.29901123046875,17.507904188973768,8196
ppo_random_command2_3,1400,190.12148986816408,269.61260986328125,19.117656390348934,8196
ppo_random_command2_3,1500,190.89426788330078,268.4461669921875,17.442015364288302,8196
ppo_random_command2_3,1600,192.03327224731444,275.6172790527344,20.495962574834945,8196
ppo_random_command2_3,1700,187.21934066772462,262.6213073730469,16.64288542771344,8196
ppo_random_command2_3,1800,189.46699844360353,255.75604248046875,17.33801769498647,8196
ppo_random_command2_3,1900,189.81841567993163,263.4177551269531,19.821914170857237,8196
ppo_random_command2_3,2000,185.49513076782227,263.2900695800781,12.586105080399374,8196
ppo_random_command2_3,2100,186.9386296081543,250.072998046875,13.164908199488547,8196
ppo_random_command2_3,2200,186.1330778503418,262.8433532714844,15.271248500342255,8196
ppo_random_command2_3,2300,187.41932510375977,263.7173767089844,17.475313685661057,8196
ppo_random_command2_3,2400,185.3605906677246,241.1081085205078,11.91569995581274,8196
ppo_random_command2_3,2500,186.61968978881836,247.60107421875,12.869242699718523,8196
ppo_random_command2_3,2600,187.85520629882814,233.61253356933594,13.960792640391357,8196
ppo_random_command2_3,2700,184.22020095825195,234.80165100097656,13.419791089104601,8196
ppo_random_command2_3,2800,185.16966110229492,224.11351013183594,10.665731995649844,8196
ppo_random_command2_3,2900,187.95894409179687,227.3845977783203,12.395938496796106,8196
ppo_random_command2_3,3000,185.5699627685547,227.369140625,11.992121010578476,8196
ppo_random_command2_3,3100,185.56335632324217,226.14991760253906,10.608369766105321,8196
ppo_random_command2_3,3200,184.49874526977538,222.5587158203125,14.810145645828376,8196
ppo_random_command2_3,3300,185.94148071289064,217.59457397460938,13.432025631807472,8196
ppo_random_command2_3,3400,184.1726407623291,223.59814453125,16.640268860391497,8196
ppo_random_command2_3,3500,184.52244380950927,222.60154724121094,20.18082272659462,8196
ppo_random_command2_3,3600,182.18836952209472,226.8927764892578,19.578460547297155,8196
ppo_random_command2_3,3700,185.49389728546143,226.7381134033203,17.560311451917844,8196
ppo_random_command2_3,3800,186.19286376953124,221.41763305664062,13.291087232397608,8196
ppo_random_command2_3,3900,185.74638662338256,216.90972900390625,20.902097569458846,8196
ppo_random_command2_3,4000,186.53397888183594,217.40859985351562,12.101812472191053,8196
ppo_random_command2_4,0,9.822265338897704,13.907145500183105,1.2497862580186043,2048
ppo_random_command2_4,100,32.8611937046051,98.30543518066406,16.157643136091266,2048
ppo_random_command2_4,200,171.48142631530763,224.0977020263672,22.436888408734305,2048
ppo_random_command2_4,300,182.1993537902832,216.57211303710938,5.401171168130066,2048
ppo_random_command2_4,400,179.02202188491822,208.55726623535156,22.404764933280326,2048
ppo_random_command2_4,500,174.02316942214966,199.71156311035156,27.459119951543993,2048
ppo_random_command2_4,600,178.65755676269532,204.25856018066406,6.657135457120323,2048
ppo_random_command2_4,700,177.9893832397461,199.75650024414062,17.068413970485224,2048
ppo_random_command2_4,800,176.56455419540404,203.61386108398438,16.574173054163065,2048
ppo_random_command2_4,900,167.92566747665404,200.78451538085938,36.79416546474811,2048
ppo_random_command2_4,1000,176.92469039916992,199.55320739746094,16.95354655764556,2048
ppo_random_command2_4,1100,178.63425064086914,197.7277069091797,4.225882883601143,2048
ppo_random_command2_4,1200,174.34692352294923,202.673095703125,27.371448463292133,2048
ppo_random_command2_4,1300,178.23309310913086,201.15037536621094,5.378378174092372,2048
ppo_random_command2_4,1400,178.50369110107422,205.451416015625,5.834719227298864,2048
ppo_random_command2_4,1500,172.77568922996522,202.9254913330078,23.718586790022865,2048
ppo_random_command2_4,1600,173.22554723739623,196.94593811035156,28.225255701017918,2048
ppo_random_command2_4,1700,177.0145681667328,198.55288696289062,16.978157444415896,2048
ppo_random_command2_4,1800,172.20678230285645,202.18960571289062,26.426900723798788,2048
ppo_random_command2_4,1900,174.3934298324585,192.08563232421875,14.045222083841795,2048
ppo_random_command2_4,2000,177.170149641037,201.63253784179688,17.297004166020304,2048
ppo_random_command2_4,2100,174.36811933517455,196.1189422607422,17.32800186318655,2048
ppo_random_command2_4,2200,178.3558706665039,193.63290405273438,4.510150040253235,2048
ppo_random_command2_4,2300,173.51221961975097,203.2659149169922,22.475929804318913,2048
ppo_random_command2_4,2400,172.37569786071776,203.2879180908203,17.63812547653319,2048
ppo_random_command2_4,2500,178.4205192565918,195.9240264892578,4.351791671024366,2048
ppo_random_command2_4,2600,174.87237608909606,201.48379516601562,25.6085583540573,2048
ppo_random_command2_4,2700,176.9048770904541,195.07891845703125,15.591189284615208,2048
ppo_random_command2_4,2800,178.13961883544923,203.2478790283203,5.171850440807976,2048
ppo_random_command2_4,2900,175.79233535766602,186.21673583984375,3.712113665901899,2048
ppo_random_command2_4,3000,176.4435089492798,197.8219451904297,17.311044591993404,2048
ppo_random_command2_4,3100,177.56310787200928,198.3555908203125,14.287683015621505,2048
ppo_random_command2_4,3200,174.96293031692505,199.5105743408203,22.538346576160336,2048
ppo_random_command2_4,3300,177.98087936401367,192.80308532714844,4.581062488967601,2048
ppo_random_command2_4,3400,177.20110961914062,204.19558715820312,7.015937537592117,2048
ppo_random_command2_4,3500,177.10825561523438,197.42628479003906,4.077597812923618,2048
ppo_random_command2_4,3600,178.40078491210937,202.45179748535156,6.421974869822507,2048
ppo_random_command2_4,3700,176.1840089416504,196.39474487304688,10.040231955999658,2048
ppo_random_command2_4,3800,173.26883209228515,195.379638671875,26.384799759125926,2048
ppo_random_command2_4,3900,175.58082147598267,199.22056579589844,16.49741004494157,2048
ppo_random_command2_4,4000,176.07415328025817,198.51016235351562,17.490585078793448,2048
ppo_random_command2_7,0,9.853114819526672,15.12265682220459,1.5215339950278837,4096
ppo_random_command2_7,100,12.08976390361786,16.981969833374023,1.6951589184749236,4096
ppo_random_command2_7,200,16.377222728729247,27.17994499206543,3.4946085742123447,4096
ppo_random_command2_7,300,53.477940015792846,143.76272583007812,32.78857042237234,4096
ppo_random_command2_7,400,93.48843812942505,187.10220336914062,59.16135269455688,4096
ppo_random_command2_7,500,147.4934119606018,211.09988403320312,57.08461045545253,4096
ppo_random_command2_7,600,173.6851955795288,255.1056671142578,42.3436186926592,4096
ppo_random_command2_7,700,179.6736338043213,223.96200561523438,26.657102023719002,4096
ppo_random_command2_7,800,184.5972122001648,257.4462585449219,31.128550587390357,4096
ppo_random_command2_7,900,182.8853734302521,266.719970703125,31.10556113452495,4096
ppo_random_command2_7,1000,184.9942730522156,238.30682373046875,27.572797528342793,4096
ppo_random_command2_7,1100,185.90020936965942,256.8270263671875,33.55170422889771,4096
ppo_random_command2_7,1200,178.61389108657838,283.0356140136719,44.63318872195549,4096
ppo_random_command2_7,1300,192.70296508789062,260.7091979980469,18.949861250439135,4096
ppo_random_command2_7,1400,192.66769348144533,275.5137634277344,21.95281740147428,4096
ppo_random_command2_7,1500,185.88195917129516,256.0254821777344,28.977427420923547,4096
ppo_random_command2_7,1600,189.82659591674803,241.07049560546875,11.888671471882684,4096
ppo_random_command2_7,1700,187.71695350646974,280.5912780761719,19.661834507162762,4096
ppo_random_command2_7,1800,188.18977977752687,236.3960418701172,18.609543927526943,4096
ppo_random_command2_7,1900,183.49498834609986,245.8581085205078,33.789020128079834,4096
ppo_random_command2_7,2000,186.89211818695068,245.69419860839844,27.100698311367896,4096
ppo_random_command2_7,2100,190.74451095581054,243.3285369873047,10.789969297197597,4096
ppo_random_command2_7,2200,190.5110160446167,260.3450927734375,21.28730374733736,4096
ppo_random_command2_7,2300,191.29290565490723,264.9640197753906,16.2569825021207,4096
ppo_random_command2_7,2400,185.22663345336915,249.5894775390625,27.64342832656888,4096
ppo_random_command2_7,2500,186.9984225463867,225.93505859375,19.67526374871524,4096
ppo_random_command2_7,2600,189.27328796386718,253.2274169921875,10.17479870030795,4096
ppo_random_command2_7,2700,185.8784150314331,274.1950988769531,20.095777495362096,4096
ppo_random_command2_7,2800,189.71486938476562,244.3629913330078,10.717771554076235,4096
ppo_random_command2_7,2900,187.9490481567383,225.8390655517578,10.242061710408224,4096
ppo_random_command2_7,3000,186.39381858825683,233.92491149902344,29.459412609343282,4096
ppo_random_command2_7,3100,186.87731946468352,234.66233825683594,22.322103955890547,4096
ppo_random_command2_7,3200,188.44763763427736,260.819091796875,26.201674359849132,4096
ppo_random_command2_7,3300,186.95829807281496,260.4342346191406,24.1866291749244,4096
ppo_random_command2_7,3400,192.88352809906007,271.217041015625,23.816497092041526,4096
ppo_random_command2_7,3500,189.68641143798828,238.7422332763672,12.214238625723418,4096
ppo_random_command2_7,3600,190.47142623901368,244.68060302734375,13.908225262901594,4096
ppo_random_command2_7,3700,188.53390350341797,256.96063232421875,23.412021621329814,4096
ppo_random_command2_7,3800,191.90599273681642,255.15921020507812,14.417109608639247,4096
ppo_random_command2_7,3900,186.547509431839,231.73011779785156,25.92760394381629,4096
ppo_random_command2_7,4000,188.31938053131103,258.47418212890625,23.725671723533885,4096
ppo_random_command2_9,0,9.661070985794067,14.327798843383789,1.3153808716781124,8196
ppo_random_command2_9,100,7.472869036197662,16.166810989379883,2.8543777077639665,8196
ppo_random_command2_9,200,8.492807898521423,21.125587463378906,3.0846099644374347,8196
ppo_random_command2_9,300,9.192172770500184,19.437063217163086,3.2269490273759587,8196
ppo_random_command2_9,400,8.963703668117523,15.701754570007324,2.79126912006289,8196
ppo_random_command2_9,500,9.272984917163848,20.125041961669922,3.1180957967766205,8196
ppo_random_command2_9,600,9.850323448181152,22.227869033813477,3.1133756722039414,8196
ppo_random_command2_9,700,9.262063882350922,19.92516326904297,3.246878486769659,8196
ppo_random_command2_9,800,9.975751993656159,17.11173439025879,3.1917654963156665,8196
ppo_random_command2_9,900,9.943884959220886,15.098540306091309,2.9376285574507786,8196
ppo_random_command2_9,1000,9.167207551002502,16.590778350830078,2.8976773326145047,8196
ppo_random_command2_9,1100,9.896000936031342,19.26273536682129,3.1115098430114654,8196
ppo_random_command2_9,1200,9.941184537410736,23.69858741760254,3.4521066032336467,8196
ppo_random_command2_9,1300,10.799808354377747,19.333703994750977,2.9016704701686504,8196
ppo_random_command2_9,1400,11.25783037185669,20.171255111694336,2.9594180910907584,8196
ppo_random_command2_9,1500,10.350144736766815,18.751014709472656,2.91107439790315,8196
ppo_random_command2_9,1600,10.615894465446472,19.038375854492188,2.5454297009581524,8196
ppo_random_command2_9,1700,10.418832988739014,16.81266212463379,2.505607691609245,8196
ppo_random_command2_9,1800,10.830943479537964,16.948266983032227,2.7204250089277204,8196
ppo_random_command2_9,1900,11.316393308639526,18.64702796936035,2.6830763710113317,8196
ppo_random_command2_9,2000,11.329016861915589,18.41728401184082,2.7663409627638593,8196
ppo_random_command2_9,2100,11.061190447807313,17.430377960205078,2.449199444694478,8196
ppo_random_command2_9,2200,10.859762473106384,20.296049118041992,2.783930335349146,8196
ppo_random_command2_9,2300,11.294536094665528,19.059005737304688,2.608181536251474,8196
ppo_random_command2_9,2400,11.786390867233276,17.631303787231445,2.4070535315695794,8196
ppo_random_command2_9,2500,11.420450315475463,18.26972770690918,2.2429550882399396,8196
ppo_random_command2_9,2600,11.405562448501588,16.48546028137207,2.2605240859942985,8196
ppo_random_command2_9,2700,11.705533905029297,18.156536102294922,2.2587941846936905,8196
ppo_random_command2_9,2800,11.295184969902039,21.865293502807617,2.7827538872475253,8196
ppo_random_command2_9,2900,11.81577253818512,20.426664352416992,2.8489834602508655,8196
ppo_random_command2_9,3000,11.717708268165588,18.688934326171875,2.334573336763895,8196
ppo_random_command2_9,3100,12.259166164398193,20.117809295654297,2.188771353697171,8196
ppo_random_command2_9,3200,11.856586852073669,21.913124084472656,2.8103539070208385,8196
ppo_random_command2_9,3300,11.948525366783143,20.53797149658203,2.6615049325248963,8196
ppo_random_command2_9,3400,12.56305874824524,20.80862045288086,2.336297438020546,8196
ppo_random_command2_9,3500,12.264617228507996,18.021730422973633,2.215665463028689,8196
ppo_random_command2_9,3600,11.863141436576843,17.870616912841797,2.276965691696267,8196
ppo_random_command2_9,3700,12.197329802513122,17.971965789794922,2.1929041124938125,8196
ppo_random_command2_9,3800,12.210712985992432,19.303056716918945,2.206172964715583,8196
ppo_random_command2_9,3900,12.097945523262023,20.75756072998047,2.3188879948453596,8196
ppo_random_command2_9,4000,12.28147319793701,21.533960342407227,2.3620723755661324,8196
ppo_random_command2_10,0,9.695339322090149,15.634228706359863,1.4546534788734298,4096
ppo_random_command2_10,100,12.905785465240479,17.109113693237305,1.8134888154320512,4096
ppo_random_command2_10,200,25.553774299621583,62.96463394165039,9.928871917571982,4096
ppo_random_command2_10,300,132.2891579055786,206.47218322753906,65.74740286735657,4096
ppo_random_command2_10,400,177.84209926605226,240.25819396972656,32.380509089792014,4096
ppo_random_command2_10,500,189.1524708557129,249.51239013671875,12.08276402495726,4096
ppo_random_command2_10,600,193.25375961303712,264.1980285644531,22.52308812835138,4096
ppo_random_command2_10,700,186.94661415100097,251.3800811767578,18.81853421420071,4096
ppo_random_command2_10,800,188.79875549316407,270.0543212890625,19.26923611789424,4096
ppo_random_command2_10,900,187.64233367919923,243.32427978515625,9.488573789241476,4096
ppo_random_command2_10,1000,191.54236938476564,282.6636657714844,16.83446014591943,4096
ppo_random_command2_10,1100,191.63793701171875,272.3424072265625,16.81156442186204,4096
ppo_random_command2_10,1200,192.49334533691408,282.7892150878906,20.575937662910633,4096
ppo_random_command2_10,1300,188.38463276863098,256.34576416015625,23.605315775140095,4096
ppo_random_command2_10,1400,190.4632751083374,262.2451477050781,20.58489050765417,4096
ppo_random_command2_10,1500,190.49482162475587,264.3038330078125,13.177625752101541,4096
ppo_random_command2_10,1600,188.90822101593017,265.5735778808594,27.36901214041337,4096
ppo_random_command2_10,1700,189.70174003601073,236.64173889160156,17.521860993961315,4096
ppo_random_command2_10,1800,190.77129257202148,284.0570373535156,20.251376811389456,4096
ppo_random_command2_10,1900,191.16448318481446,284.52679443359375,25.660814442350812,4096
ppo_random_command2_10,2000,190.06775177001953,248.32179260253906,11.882552356502353,4096
ppo_random_command2_10,2100,189.4627020263672,251.67921447753906,11.042121511705869,4096
ppo_random_command2_10,2200,190.2536228942871,263.8650207519531,14.598128881418369,4096
ppo_random_command2_10,2300,188.5683170700073,271.69061279296875,20.093762505032096,4096
ppo_random_command2_10,2400,188.19210327148437,237.99044799804688,9.627102931778163,4096
ppo_random_command2_10,2500,188.60549209594726,225.5393524169922,8.322562354305163,4096
ppo_random_command2_10,2600,188.8204331970215,243.5345458984375,9.406300550164165,4096
ppo_random_command2_10,2700,186.51055984497071,203.40936279296875,4.365702268413116,4096
ppo_random_command2_10,2800,187.44776245117188,233.8983612060547,7.234354023204066,4096
ppo_random_command2_10,2900,188.71527709960938,236.74789428710938,8.025567348944854,4096
ppo_random_command2_10,3000,187.72386871337892,233.22047424316406,8.65971817235357,4096
ppo_random_command2_10,3100,186.1787583351135,230.92333984375,17.731898164030373,4096
ppo_random_command2_10,3200,186.19038925170898,249.84381103515625,18.61332477851198,4096
ppo_random_command2_10,3300,188.0449769592285,230.9130096435547,9.024766968762181,4096
ppo_random_command2_10,3400,188.33979614257814,269.5716552734375,14.616125778823914,4096
ppo_random_command2_10,3500,187.38680404663086,222.7802734375,7.661565641641437,4096
ppo_random_command2_10,3600,186.8896455383301,233.1282501220703,7.811583376585378,4096
ppo_random_command2_10,3700,188.15478744506837,242.39874267578125,11.05385966627894,4096
ppo_random_command2_10,3800,191.59316375732422,258.5577392578125,15.416988365600197,4096
ppo_random_command2_10,3900,186.57535705566406,225.16232299804688,6.381650961067485,4096
ppo_random_command2_10,4000,188.68962677001954,255.1460418701172,11.673053320797209,4096
ppo_random_command2_11,0,9.665328822135926,14.767520904541016,1.3227893902123622,8196
ppo_random_command2_11,100,11.006869554519653,18.389041900634766,1.8206124467219593,8196
ppo_random_command2_11,200,23.667503070831298,45.346046447753906,6.0259041263630975,8196
ppo_random_command2_11,300,171.54263671875,238.3294219970703,15.775494965745413,8196
ppo_random_command2_11,400,189.5513052368164,257.6778564453125,15.716573666424667,8196
ppo_random_command2_11,500,190.4202619934082,244.42636108398438,16.449652663688745,8196
ppo_random_command2_11,600,191.80173919677733,246.09519958496094,17.292153063009305,8196
ppo_random_command2_11,700,186.1239678955078,224.01417541503906,9.611708153718121,8196
ppo_random_command2_11,800,187.33186309814454,251.48118591308594,11.586062545776183,8196
ppo_random_command2_11,900,190.22765182495118,235.913330078125,14.106827088263545,8196
ppo_random_command2_11,1000,188.25921417236327,245.4427490234375,11.201280359673659,8196
ppo_random_command2_11,1100,190.71382751464844,255.2627716064453,14.954273176643257,8196
ppo_random_command2_11,1200,189.24232528686522,241.06602478027344,12.067645755422681,8196
ppo_random_command2_11,1300,188.8258576965332,235.86094665527344,15.055952238783743,8196
ppo_random_command2_11,1400,191.7458168029785,244.6504364013672,15.984685145286274,8196
ppo_random_command2_11,1500,192.98233596801757,253.18722534179688,18.61605134726449,8196
ppo_random_command2_11,1600,191.3921743774414,272.202880859375,18.960104038060326,8196
ppo_random_command2_11,1700,190.58121017456054,243.51792907714844,14.586757840051762,8196
ppo_random_command2_11,1800,190.82477310180664,255.8272247314453,16.991959683286943,8196
ppo_random_command2_11,1900,192.246381111145,266.595458984375,22.95107894084887,8196
ppo_random_command2_11,2000,192.6469891357422,265.4195556640625,18.86119997251695,8196
ppo_random_command2_11,2100,197.82992492675783,262.35455322265625,20.345710605057103,8196
ppo_random_command2_11,2200,199.79366958618164,258.6329650878906,21.908288721676062,8196
ppo_random_command2_11,2300,206.23668975830077,269.340576171875,20.077407495405456,8196
ppo_random_command2_11,2400,212.21972839355467,271.2026062011719,24.79999934736042,8196
ppo_random_command2_11,2500,212.017140045166,276.1966247558594,28.065287436920702,8196
ppo_random_command2_11,2600,215.29409151077272,265.6703796386719,36.717980005167824,8196
ppo_random_command2_11,2700,198.79036625862122,259.7464904785156,41.600555442113894,8196
ppo_random_command2_11,2800,220.5786815071106,262.2748718261719,30.732240749341457,8196
ppo_random_command2_11,2900,226.86544736862183,259.1494445800781,28.801359535894118,8196
ppo_random_command2_11,3000,232.9995932006836,261.6798400878906,19.024600138182265,8196
ppo_random_command2_11,3100,227.23592834472657,258.6832580566406,19.265081799016983,8196
ppo_random_command2_11,3200,227.321814994812,258.0985412597656,28.041681734557304,8196
ppo_random_command2_11,3300,229.00815593719483,264.4493713378906,35.323646139460315,8196
ppo_random_command2_11,3400,233.56724212646483,259.5766906738281,19.907503335236996,8196
ppo_random_command2_11,3500,230.64248107910157,268.47613525390625,31.7786019388705,8196
ppo_random_command2_11,3600,234.12412536621093,265.9588928222656,19.343017188870725,8196
ppo_random_command2_11,3700,235.8927230834961,265.2561340332031,16.015980126878034,8196
ppo_random_command2_11,3800,234.4838830947876,264.7843017578125,26.718675169083628,8196
ppo_random_command2_11,3900,239.18182647705078,267.4695129394531,25.20795406095864,8196
ppo_random_command2_11,4000,241.42279983520507,268.3777770996094,19.188008282779478,8196
ppo_random_command2_12,0,9.948298206329346,14.768970489501953,1.4159154474183295,2048
ppo_random_command2_12,100,11.007795615196228,16.43924331665039,1.8374284270825998,2048
ppo_random_command2_12,200,12.988965196609497,22.10086441040039,2.4271049598248595,2048
ppo_random_command2_12,300,17.09506109237671,26.214885711669922,3.5675852351991777,2048
ppo_random_command2_12,400,25.19507658004761,42.785316467285156,6.765727519637792,2048
ppo_random_command2_12,500,37.83374179840088,97.7909164428711,15.352872875848824,2048
ppo_random_command2_12,600,60.71008410453796,186.25796508789062,45.501957804681396,2048
ppo_random_command2_12,700,92.08265684127808,196.22247314453125,58.58327889203907,2048
ppo_random_command2_12,800,109.91250755310058,225.7689208984375,61.201963049974395,2048
ppo_random_command2_12,900,136.88062032699585,237.9447784423828,61.96476292487439,2048
ppo_random_command2_12,1000,126.35610654830933,228.68475341796875,63.61379727259983,2048
ppo_random_command2_12,1100,131.5115130710602,230.14659118652344,64.0933808753083,2048
ppo_random_command2_12,1200,160.74027635574342,266.0819091796875,48.63705323689178,2048
ppo_random_command2_12,1300,157.0830173587799,246.67666625976562,56.00192501607432,2048
ppo_random_command2_12,1400,169.741724357605,250.9547119140625,47.34081827317391,2048
ppo_random_command2_12,1500,165.6517190885544,233.4426727294922,47.29319929836538,2048
ppo_random_command2_12,1600,178.03491733551024,240.65902709960938,29.562950001553673,2048
ppo_random_command2_12,1700,177.43517023086548,265.1808776855469,41.353068475441084,2048
ppo_random_command2_12,1800,182.14403095245362,255.9944610595703,32.56782789676119,2048
ppo_random_command2_12,1900,179.43781215667724,244.70838928222656,31.62983352353574,2048
ppo_random_command2_12,2000,183.4084164047241,277.2527770996094,24.903340800448177,2048
ppo_random_command2_12,2100,181.4917824459076,233.78964233398438,32.172166091155816,2048
ppo_random_command2_12,2200,191.90944984436035,267.59893798828125,21.825537287215123,2048
ppo_random_command2_12,2300,186.5896813583374,278.97308349609375,23.34947602877608,2048
ppo_random_command2_12,2400,185.2240737915039,250.81629943847656,26.727997893965362,2048
ppo_random_command2_12,2500,186.69391967773439,245.40586853027344,24.193072814380375,2048
ppo_random_command2_12,2600,188.17166763305664,248.12985229492188,16.482354895618755,2048
ppo_random_command2_12,2700,184.73836944580077,226.14019775390625,20.16255489866662,2048
ppo_random_command2_12,2800,191.82903915405274,254.38565063476562,13.912612295360294,2048
ppo_random_command2_12,2900,191.89826021194457,263.738525390625,25.442254393839054,2048
ppo_random_command2_12,3000,190.94086013793947,259.2608642578125,14.524428569250386,2048
ppo_random_command2_12,3100,187.97140594482423,260.0434265136719,11.579785022012162,2048
ppo_random_command2_12,3200,185.6058296585083,214.61697387695312,18.142429405354765,2048
ppo_random_command2_12,3300,185.55972679138185,244.2158660888672,25.99913041956213,2048
ppo_random_command2_12,3400,188.61802047729492,249.33139038085938,11.346527136450781,2048
ppo_random_command2_12,3500,189.90112701416015,248.37669372558594,11.363647763638733,2048
ppo_random_command2_12,3600,186.49222686767578,225.1407928466797,18.397490826527996,2048
ppo_random_command2_12,3700,189.77051315307617,237.26783752441406,11.703693311635092,2048
ppo_random_command2_12,3800,189.6820913696289,256.61322021484375,12.467367744342651,2048
ppo_random_command2_12,3900,189.7259878540039,285.7856750488281,13.314263993299077,2048
ppo_random_command2_12,4000,188.9784896659851,257.73065185546875,21.811445685208824,2048
ppo_random_command2_13,0,9.758588504791259,14.730012893676758,1.392944248442553,8196
ppo_random_command2_13,100,10.957768836021422,20.881385803222656,1.9016582441544871,8196
ppo_random_command2_13,200,10.612873425483704,15.098955154418945,1.4240406774731387,8196
ppo_random_command2_13,300,10.681869368553162,16.630434036254883,1.8314888800041298,8196
ppo_random_command2_13,400,10.829043984413147,15.94079875946045,1.721381150541763,8196
ppo_random_command2_13,500,10.709897832870483,17.305862426757812,1.8206481064675824,8196
ppo_random_command2_13,600,11.004745655059814,18.901857376098633,1.9044336304773446,8196
ppo_random_command2_13,700,11.206538243293762,19.3262882232666,1.8389627746588744,8196
ppo_random_command2_13,800,10.874423480033874,19.918664932250977,1.7802651698629228,8196
ppo_random_command2_13,900,10.949832820892334,16.553970336914062,1.558286655956614,8196
ppo_random_command2_13,1000,11.195961365699768,17.319204330444336,2.107601809581336,8196
ppo_random_command2_13,1100,11.058642382621764,18.321748733520508,2.0774859969895743,8196
ppo_random_command2_13,1200,10.99470368385315,19.383188247680664,1.6038016892421196,8196
ppo_random_command2_13,1300,11.136317257881165,17.27926254272461,1.818825248945845,8196
ppo_random_command2_13,1400,10.846461591720582,14.320539474487305,1.5367236794830297,8196
ppo_random_command2_13,1500,11.10516863822937,15.403186798095703,1.6858662067106862,8196
ppo_random_command2_13,1600,11.235120401382446,17.489477157592773,1.8055537025039519,8196
ppo_random_command2_13,1700,11.049204754829407,18.625152587890625,1.7733143753403442,8196
ppo_random_command2_13,1800,11.163995180130005,19.26740837097168,2.086929212574898,8196
ppo_random_command2_13,1900,11.215665321350098,20.81411361694336,1.9913532629098978,8196
ppo_random_command2_13,2000,11.26012273311615,18.484363555908203,1.8989969634609787,8196
ppo_random_command2_13,2100,11.344862174987792,19.681861877441406,1.9424975561137825,8196
ppo_random_command2_13,2200,11.146902484893799,15.521078109741211,1.6074525965312254,8196
ppo_random_command2_13,2300,11.417261509895324,18.228425979614258,1.7719213166003847,8196
ppo_random_command2_13,2400,11.368912887573241,17.88138771057129,1.8728999266758066,8196
ppo_random_command2_13,2500,11.670111207962035,16.236806869506836,1.780452272241952,8196
ppo_random_command2_13,2600,11.490278158187866,15.576168060302734,1.7081477300518175,8196
ppo_random_command2_13,2700,11.28816692352295,15.611432075500488,1.6253658783823017,8196
ppo_random_command2_13,2800,11.89492018699646,18.471208572387695,2.1366206118085618,8196
ppo_random_command2_13,2900,12.021056041717529,19.584867477416992,1.968744394784249,8196
ppo_random_command2_13,3000,11.816646738052368,18.44232749938965,2.0272447738868897,8196
ppo_random_command2_13,3100,12.301623363494873,19.955650329589844,1.93070450530418,8196
ppo_random_command2_13,3200,11.917485237121582,19.252504348754883,1.9716221245529824,8196
ppo_random_command2_13,3300,12.282987337112427,17.532102584838867,1.837693710427122,8196
ppo_random_command2_13,3400,12.721938409805297,18.53901481628418,2.088669057916465,8196
ppo_random_command2_13,3500,12.443587656021117,20.6051025390625,1.925366887370937,8196
ppo_random_command2_13,3600,13.170508489608764,21.06338882446289,2.34859385740658,8196
ppo_random_command2_13,3700,13.37559370994568,20.61492347717285,2.2967850285434097,8196
ppo_random_command2_13,3800,13.708740558624267,19.515121459960938,2.0665587013456506,8196
ppo_random_command2_13,3900,14.070343141555787,21.90024757385254,2.1212658111153226,8196
ppo_random_command2_13,4000,13.690101737976073,20.24748992919922,2.3033742764451084,8196
ppo_random_command2_14,0,9.655659556388855,14.702640533447266,1.2910439433688374,8196
ppo_random_command2_14,100,10.610173740386962,19.25005340576172,1.9992960436970677,8196
ppo_random_command2_14,200,10.74616976261139,16.9191951751709,1.6580217344859611,8196
ppo_random_command2_14,300,10.876356225013733,20.004419326782227,1.8966786488622227,8196
ppo_random_command2_14,400,10.91189037322998,15.800036430358887,1.725286540393991,8196
ppo_random_command2_14,500,10.571792845726014,15.911185264587402,1.6322570823087823,8196
ppo_random_command2_14,600,10.623053040504455,16.951705932617188,1.5985780513517003,8196
ppo_random_command2_14,700,11.181620082855225,17.97814178466797,2.0832911473729347,8196
ppo_random_command2_14,800,10.707510809898377,17.829553604125977,1.9148098330615357,8196
ppo_random_command2_14,900,10.436282839775085,16.77168083190918,1.5970707394914918,8196
ppo_random_command2_14,1000,10.611450119018555,16.3584041595459,1.7140498890389597,8196
ppo_random_command2_14,1100,10.879815149307252,20.174287796020508,1.9783035805835643,8196
ppo_random_command2_14,1200,10.701322975158691,17.194860458374023,1.7270245121130405,8196
ppo_random_command2_14,1300,11.046121897697448,16.30379867553711,1.7461983306617712,8196
ppo_random_command2_14,1400,10.993510274887084,18.112873077392578,2.0326512975912068,8196
ppo_random_command2_14,1500,10.965674262046814,17.492490768432617,1.6824802045645653,8196
ppo_random_command2_14,1600,11.092723288536071,18.09783935546875,1.9406564619340594,8196
ppo_random_command2_14,1700,11.373360080718994,19.96982192993164,2.2792515344236857,8196
ppo_random_command2_14,1800,10.850776672363281,17.58306121826172,1.7786128937797165,8196
ppo_random_command2_14,1900,10.7363081407547,19.56087875366211,1.997495866111789,8196
ppo_random_command2_14,2000,10.706050543785095,18.16952133178711,1.7670999961615554,8196
ppo_random_command2_14,2100,11.168214640617371,18.588563919067383,2.0348176141638206,8196
ppo_random_command2_14,2200,10.591937999725342,18.714956283569336,1.6425371375301059,8196
ppo_random_command2_14,2300,10.96719428062439,19.2619686126709,1.8546634937226654,8196
ppo_random_command2_14,2400,10.7788676738739,17.017019271850586,1.8573998494793402,8196
ppo_random_command2_14,2500,10.945811223983764,16.129104614257812,1.8569476650442809,8196
ppo_random_command2_14,2600,11.009047451019287,18.656536102294922,1.7614827600676424,8196
ppo_random_command2_14,2700,10.839358887672425,18.66585922241211,1.9185409327178662,8196
ppo_random_command2_14,2800,11.033958964347839,19.4957332611084,1.626748161690025,8196
ppo_random_command2_14,2900,11.03359112739563,19.087238311767578,1.931782709848571,8196
ppo_random_command2_14,3000,10.861371006965637,20.241134643554688,1.9371524119710428,8196
ppo_random_command2_14,3100,10.746376767158509,15.984084129333496,1.7089534875134358,8196
ppo_random_command2_14,3200,10.784101543426514,15.430811882019043,1.5352961952132373,8196
ppo_random_command2_14,3300,10.419397830963135,17.334863662719727,1.6185568939561157,8196
ppo_random_command2_14,3400,10.619837045669556,15.697050094604492,1.5572452828288073,8196
ppo_random_command2_14,3500,10.905442852973938,21.263660430908203,1.8823674284992817,8196
ppo_random_command2_14,3600,10.772468919754028,20.69742202758789,1.9519073864490561,8196
ppo_random_command2_14,3700,10.670173077583312,18.318220138549805,1.7266589631631593,8196
ppo_random_command2_14,3800,11.082819876670838,15.765865325927734,1.7737238350030733,8196
ppo_random_command2_14,3900,10.59840419769287,18.11158561706543,1.6193690007802934,8196
ppo_random_command2_14,4000,10.709931631088256,15.505937576293945,1.477968285780602,8196
ppo_random_command2_16,0,9.62947063446045,16.573827743530273,1.4699165914862,512
ppo_random_command2_16,100,10.897454485893249,17.724260330200195,1.8021660062519371,512
ppo_random_command2_16,200,11.797327952384949,19.299564361572266,2.0968495606697517,512
ppo_random_command2_16,300,13.01154070854187,20.698726654052734,2.1960949055723917,512
ppo_random_command2_16,400,13.282710075378418,19.935585021972656,2.152116404927582,512
ppo_random_command2_16,500,13.39595973968506,20.819028854370117,2.157997161958997,512
ppo_random_command2_16,600,13.665300807952882,20.46727752685547,2.152402383756689,512
ppo_random_command2_16,700,14.141106605529785,21.65302848815918,2.289729031840842,512
ppo_random_command2_16,800,13.721034460067749,20.04168128967285,2.1836407461139835,512
ppo_random_command2_16,900,14.227150659561158,23.746623992919922,2.3774000640962067,512
ppo_random_command2_16,1000,14.161741981506347,25.592527389526367,2.324600006420652,512
ppo_random_command2_16,1100,14.025752382278442,19.222352981567383,1.9579928270016176,512
ppo_random_command2_16,1200,14.344689512252808,22.538116455078125,2.355411712667783,512
ppo_random_command2_16,1300,14.8035675907135,24.77615737915039,2.637623540578239,512
ppo_random_command2_16,1400,14.57946286201477,21.441144943237305,2.1325555906097082,512
ppo_random_command2_16,1500,15.168860263824463,19.996158599853516,2.0567357843631515,512
ppo_random_command2_16,1600,15.530753698348999,22.67221450805664,2.38146301900583,512
ppo_random_command2_16,1700,15.249939098358155,23.541297912597656,2.971409420476449,512
ppo_random_command2_16,1800,16.632026433944702,33.04070281982422,3.6866442853437964,512
ppo_random_command2_16,1900,17.198445386886597,23.297971725463867,2.9782600932523593,512
ppo_random_command2_16,2000,19.051673069000245,35.616554260253906,4.302483178230978,512
ppo_random_command2_16,2100,18.780184507369995,26.709991455078125,4.139052735099347,512
ppo_random_command2_16,2200,20.843043584823608,42.90491485595703,5.666540160486751,512
ppo_random_command2_16,2300,23.128652114868164,39.79473876953125,6.067833175986744,512
ppo_random_command2_16,2400,22.004139595031738,39.949302673339844,6.269824747958066,512
ppo_random_command2_16,2500,22.50763572692871,43.341644287109375,6.382594229452839,512
ppo_random_command2_16,2600,23.725185070037842,44.609073638916016,7.261766417842736,512
ppo_random_command2_16,2700,23.244938478469848,44.3491325378418,7.104435019977648,512
ppo_random_command2_16,2800,25.41280694961548,50.9783821105957,7.343990936046034,512
ppo_random_command2_16,2900,23.817095670700073,44.008853912353516,6.565272728936116,512
ppo_random_command2_16,3000,24.142273302078248,46.36035919189453,7.147057948464247,512
ppo_random_command2_16,3100,24.836399488449096,41.79389190673828,7.219058821754005,512
ppo_random_command2_16,3200,25.183219814300536,63.405643463134766,7.840242376515613,512
ppo_random_command2_16,3300,24.790228137969972,44.183319091796875,7.437280657555063,512
ppo_random_command2_16,3400,24.601595602035523,43.0095329284668,7.375339692552964,512
ppo_random_command2_16,3500,24.560772871971132,41.32884979248047,6.684720592244996,512
ppo_random_command2_16,3600,25.32880637168884,53.51320266723633,8.81646041156902,512
ppo_random_command2_16,3700,24.795233669281007,47.30870819091797,8.079122606651259,512
ppo_random_command2_16,3800,24.708171682357786,40.78482437133789,7.816819786216396,512
ppo_random_command2_16,3900,26.337404747009277,45.11162185668945,7.051829948252042,512
ppo_random_command2_16,4000,26.229014177322387,47.65467834472656,7.533629086025212,512
ppo_random_command2_17,0,11.476632671356201,19.881898880004883,2.0967095418111144,128
ppo_random_command2_17,100,12.628240461349487,20.820110321044922,2.134783934176938,128
ppo_random_command2_17,200,30.849757814407347,72.17825317382812,12.514603665710686,128
ppo_random_command2_17,300,102.69357383728027,231.40866088867188,58.849748304024025,128
ppo_random_command2_17,400,146.4454711341858,208.2029266357422,46.44972101941097,128
ppo_random_command2_17,500,154.66696388244628,245.06512451171875,46.19699402306709,128
ppo_random_command2_17,600,174.65053421020508,224.79818725585938,24.26588163655022,128
ppo_random_command2_17,700,176.69786445617675,246.1075897216797,25.890138127972346,128
ppo_random_command2_17,800,185.18519836425781,222.1317138671875,11.67535072616965,128
ppo_random_command2_17,900,187.27774337768554,264.4229431152344,13.506307999600311,128
ppo_random_command2_17,1000,183.09610246658326,216.84329223632812,17.16098896641895,128
ppo_random_command2_17,1100,186.59099548339844,230.65432739257812,9.531140775465216,128
ppo_random_command2_17,1200,186.31767501831055,233.15419006347656,9.28004419227396,128
ppo_random_command2_17,1300,183.752137298584,222.39608764648438,17.651994637224988,128
ppo_random_command2_17,1400,187.7836750793457,235.68824768066406,9.958506292615965,128
ppo_random_command2_17,1500,186.35025970458983,230.41748046875,7.322615348804219,128
ppo_random_command2_17,1600,184.8397855758667,227.23272705078125,14.317715864136943,128
ppo_random_command2_17,1700,189.29286056518555,245.45587158203125,12.42982587984957,128
ppo_random_command2_17,1800,183.5609896850586,217.37823486328125,23.684241511902496,128
ppo_random_command2_17,1900,186.73476955413818,235.83580017089844,16.694290595864516,128
ppo_random_command2_17,2000,186.88230545043945,227.08486938476562,7.614994237032241,128
ppo_random_command2_17,2100,187.48721618652343,221.0817108154297,7.896076804905289,128
ppo_random_command2_17,2200,187.08302932739258,228.2651824951172,8.664873252179381,128
ppo_random_command2_17,2300,190.48103118896483,236.4302978515625,11.97223423462299,128
ppo_random_command2_17,2400,186.5309129333496,227.4059600830078,5.926899389984792,128
ppo_random_command2_17,2500,188.22322875976562,233.60308837890625,8.95294472585367,128
ppo_random_command2_17,2600,188.0554084777832,220.73033142089844,7.730914142454613,128
ppo_random_command2_17,2700,188.1705293273926,245.31491088867188,9.313008056220392,128
ppo_random_command2_17,2800,190.5027474975586,254.25131225585938,11.988982362526247,128
ppo_random_command2_17,2900,188.01483383178712,219.2093505859375,6.897549941980678,128
ppo_random_command2_17,3000,189.44839630126953,251.41024780273438,10.795347798154669,128
ppo_random_command2_17,3100,189.58141067504883,240.72439575195312,10.841461270269505,128
ppo_random_command2_17,3200,189.4650050354004,233.35470581054688,10.862025347044108,128
ppo_random_command2_17,3300,188.614278717041,270.1983337402344,11.076064334899932,128
ppo_random_command2_17,3400,189.05223007202147,238.10459899902344,10.763713772428295,128
ppo_random_command2_17,3500,188.1973306274414,221.09600830078125,8.612195112116197,128
ppo_random_command2_17,3600,187.4151254272461,243.71849060058594,8.251092934764506,128
ppo_random_command2_17,3700,188.08196548461913,232.5331268310547,7.718041557651095,128
ppo_random_command2_17,3800,188.56393447875976,246.4478302001953,10.262626911639341,128
ppo_random_command2_17,3900,188.65497192382813,235.32601928710938,8.823810396735706,128
ppo_random_command2_17,4000,186.91285873413085,216.4383544921875,14.750462664247102,128
ppo_random_command2_18,0,9.23616575717926,15.184311866760254,1.4773968326612101,8196
ppo_random_command2_18,100,13.020251016616822,19.04755973815918,2.0436908006681067,8196
ppo_random_command2_18,200,75.06525730133056,197.5041046142578,46.95378070947526,8196
ppo_random_command2_18,300,182.01575286865236,215.9920654296875,8.449521554166562,8196
ppo_random_command2_18,400,185.6985151863098,239.86895751953125,22.23861323051135,8196
ppo_random_command2_18,500,185.60194137573242,243.56101989746094,15.695674418426119,8196
ppo_random_command2_18,600,185.28222259521485,243.9385986328125,13.762266550718964,8196
ppo_random_command2_18,700,179.2026058959961,214.91488647460938,7.1065676049229225,8196
ppo_random_command2_18,800,181.08525497436523,221.81515502929688,7.67235553851188,8196
ppo_random_command2_18,900,180.74190994262696,206.0866241455078,6.563422342278056,8196
ppo_random_command2_18,1000,178.98000274658204,200.9777374267578,6.362568252733123,8196
ppo_random_command2_18,1100,177.70153594970702,202.2497100830078,4.7862351141288,8196
ppo_random_command2_18,1200,177.75711257934572,205.23800659179688,6.067662894452393,8196
ppo_random_command2_18,1300,174.36543260574342,199.40968322753906,20.518046308315892,8196
ppo_random_command2_18,1400,172.65672576904296,202.08998107910156,7.350879215409072,8196
ppo_random_command2_18,1500,174.01926681518555,190.45736694335938,5.003239669019906,8196
ppo_random_command2_18,1600,176.4307078552246,197.3875732421875,4.830212858364985,8196
ppo_random_command2_18,1700,174.14484428405763,196.61412048339844,12.254619395197063,8196
ppo_random_command2_18,1800,165.68312957763672,187.24314880371094,5.661290535761881,8196
ppo_random_command2_18,1900,175.40922317504882,193.1481170654297,4.5262142750828955,8196
ppo_random_command2_18,2000,174.99848739624022,200.37388610839844,6.261114391494521,8196
ppo_random_command2_18,2100,174.34619735717774,195.90174865722656,6.244949338437515,8196
ppo_random_command2_18,2200,173.29577667236327,191.24485778808594,5.048057080925618,8196
ppo_random_command2_18,2300,169.98377151489257,193.99417114257812,16.13647166175703,8196
ppo_random_command2_18,2400,170.73897815704345,194.11097717285156,15.342177939272293,8196
ppo_random_command2_18,2500,173.64770126342773,196.0883331298828,9.587089562706312,8196
ppo_random_command2_18,2600,173.33296875,191.34603881835938,6.282859269936509,8196
ppo_random_command2_18,2700,173.99671463012695,190.96263122558594,7.194328078041874,8196
ppo_random_command2_18,2800,172.72740711212157,194.62863159179688,19.571418305918982,8196
ppo_random_command2_18,2900,176.22802459716797,195.21066284179688,13.841981430963694,8196
ppo_random_command2_18,3000,175.09656412124633,196.5271453857422,22.378784159887708,8196
ppo_random_command2_18,3100,179.2192497253418,196.33253479003906,8.067117027492703,8196
ppo_random_command2_18,3200,173.6628194999695,195.59584045410156,22.985267520659047,8196
ppo_random_command2_18,3300,176.7860385131836,194.24484252929688,8.877798823808801,8196
ppo_random_command2_18,3400,174.16155708312988,198.31356811523438,13.698233812189931,8196
ppo_random_command2_18,3500,173.52510345458984,192.94496154785156,16.62672039983086,8196
ppo_random_command2_18,3600,171.62511821746827,194.10980224609375,21.787786679507064,8196
ppo_random_command2_18,3700,174.96909164428712,193.53041076660156,9.511001772804462,8196
ppo_random_command2_18,3800,174.10232131958008,202.30503845214844,9.942142255157032,8196
ppo_random_command2_18,3900,168.19893396377563,204.7995147705078,21.993156184537952,8196
ppo_random_command2_18,4000,171.55757385253906,203.46800231933594,12.015987329732603,8196
ppo_random_command2_19,0,9.854909696578979,15.301044464111328,1.4428984614588614,2048
ppo_random_command2_19,100,10.107276129722596,16.01382064819336,2.239928459090853,2048
ppo_random_command2_19,200,12.940545053482056,19.244304656982422,2.146274067567451,2048
ppo_random_command2_19,300,18.707525482177733,29.393592834472656,3.3299628432048687,2048
ppo_random_command2_19,400,114.08480434417724,209.50039672851562,46.581579880725684,2048
ppo_random_command2_19,500,166.99901058197023,198.15354919433594,17.68544995676884,2048
ppo_random_command2_19,600,174.7936166381836,211.93109130859375,24.11911726859058,2048
ppo_random_command2_19,700,176.12637882232667,242.7332763671875,35.54810054404687,2048
ppo_random_command2_19,800,187.2788850402832,239.7514190673828,10.77692740771593,2048
ppo_random_command2_19,900,183.53347007751464,241.46142578125,26.34693323947245,2048
ppo_random_command2_19,1000,177.2767790222168,224.11814880371094,25.06661362309255,2048
ppo_random_command2_19,1100,189.18282119750975,243.12197875976562,12.531917928353275,2048
ppo_random_command2_19,1200,187.8827146911621,231.70639038085938,9.403671049338445,2048
ppo_random_command2_19,1300,185.88362670898437,219.90838623046875,5.027441749024927,2048
ppo_random_command2_19,1400,189.28844161987305,252.3665313720703,9.533313428386483,2048
ppo_random_command2_19,1500,189.52603958129882,258.6253967285156,9.72230250782884,2048
ppo_random_command2_19,1600,190.82690505981446,233.8228759765625,10.802997049567235,2048
ppo_random_command2_19,1700,187.39564880371094,220.46163940429688,5.8198087520547945,2048
ppo_random_command2_19,1800,189.86078994750977,253.39404296875,9.151613711968,2048
ppo_random_command2_19,1900,188.12974586486817,237.44277954101562,13.815377611982369,2048
ppo_random_command2_19,2000,183.1815616607666,229.42942810058594,21.669752329158992,2048
ppo_random_command2_19,2100,191.47536254882812,240.25157165527344,11.253977474735187,2048
ppo_random_command2_19,2200,189.94093704223633,235.8070831298828,10.128175781501161,2048
ppo_random_command2_19,2300,189.79327293395997,261.778076171875,19.557582887312638,2048
ppo_random_command2_19,2400,190.9844483947754,242.43838500976562,10.440798148130495,2048
ppo_random_command2_19,2500,192.37202682495118,250.0823974609375,11.785080542330382,2048
ppo_random_command2_19,2600,193.6050682067871,243.73402404785156,12.630532510462467,2048
ppo_random_command2_19,2700,193.74554138183595,258.9770812988281,15.746904421815678,2048
ppo_random_command2_19,2800,197.4281607055664,265.5384521484375,18.81765116283923,2048
ppo_random_command2_19,2900,190.09981773376464,264.4946594238281,21.863931252134883,2048
ppo_random_command2_19,3000,192.7940298461914,256.65008544921875,12.895356444846508,2048
ppo_random_command2_19,3100,193.4982861328125,263.7496337890625,20.929582069804287,2048
ppo_random_command2_19,3200,191.40072090148925,262.1797790527344,17.368137285923652,2048
ppo_random_command2_19,3300,195.08036697387695,263.1099548339844,15.848136429911875,2048
ppo_random_command2_19,3400,189.9694795227051,231.14610290527344,9.125487866638105,2048
ppo_random_command2_19,3500,187.29863452911377,271.4674377441406,21.808042648663726,2048
ppo_random_command2_19,3600,191.61525146484374,247.2484893798828,13.489538266847148,2048
ppo_random_command2_19,3700,191.06273040771484,243.7178192138672,11.012949782103592,2048
ppo_random_command2_19,3800,193.11127075195313,279.6449890136719,14.66764785143558,2048
ppo_random_command2_19,3900,193.14572647094727,261.5030212402344,13.069089117044918,2048
ppo_random_command2_19,4000,186.72278564453126,239.4127197265625,23.796644075678145,2048
ppo_random_command2_20,0,9.281639223098756,13.504551887512207,1.1891662359842614,512
ppo_random_command2_20,100,10.399654984474182,15.955060005187988,1.7291015921106796,512
ppo_random_command2_20,200,10.579757966995238,16.554729461669922,1.763461838334497,512
ppo_random_command2_20,300,10.511607165336608,16.422035217285156,1.4699479871625662,512
ppo_random_command2_20,400,11.018417296409607,17.740982055664062,1.9053028873264573,512
ppo_random_command2_20,500,11.249385318756104,20.68242835998535,1.94332743221363,512
ppo_random_command2_20,600,12.677287607192993,20.59364891052246,2.2847045876802006,512
ppo_random_command2_20,700,58.41351051330567,171.3441619873047,34.89488979483266,512
ppo_random_command2_20,800,178.5337575531006,239.91307067871094,21.960146605307447,512
ppo_random_command2_20,900,175.97204971313477,246.53573608398438,25.34531043703668,512
ppo_random_command2_20,1000,175.64774758338928,237.82363891601562,39.90088587198213,512
ppo_random_command2_20,1100,186.55649406433105,257.3726501464844,28.043232310392277,512
ppo_random_command2_20,1200,179.5816844177246,243.59637451171875,29.034499852203208,512
ppo_random_command2_20,1300,185.6488646697998,279.8638000488281,21.540550126493688,512
ppo_random_command2_20,1400,181.63353427886963,254.4421844482422,25.7079007029889,512
ppo_random_command2_20,1500,182.49507801055907,222.19712829589844,18.309858802114015,512
ppo_random_command2_20,1600,182.88303886413576,236.3579864501953,21.243814753946996,512
ppo_random_command2_20,1700,187.93946136474608,260.1517333984375,13.927222321270294,512
ppo_random_command2_20,1800,185.80844146728515,270.4888916015625,15.067292689822292,512
ppo_random_command2_20,1900,182.7777328491211,217.87147521972656,6.369496006761142,512
ppo_random_command2_20,2000,184.20974868774414,261.07196044921875,20.053539378809507,512
ppo_random_command2_20,2100,188.31318717956543,259.3890075683594,19.477091162808765,512
ppo_random_command2_20,2200,189.61793395996094,242.9829559326172,16.805859996435476,512
ppo_random_command2_20,2300,189.09124374389648,244.8995361328125,13.615353219184087,512
ppo_random_command2_20,2400,187.68350372314453,259.11529541015625,18.39354351824979,512
ppo_random_command2_20,2500,187.94223114013673,253.0029754638672,14.432244325397217,512
ppo_random_command2_20,2600,187.56778289794923,251.10487365722656,12.870321181143778,512
ppo_random_command2_20,2700,188.43686508178712,259.30548095703125,15.028311791786589,512
ppo_random_command2_20,2800,187.49813186645508,222.51316833496094,9.57856926683348,512
ppo_random_command2_20,2900,187.11644577026368,223.18263244628906,9.069316287027354,512
ppo_random_command2_20,3000,187.92900177001954,268.71807861328125,15.641920405770502,512
ppo_random_command2_20,3100,189.08984588623048,258.7591857910156,14.240968988159146,512
ppo_random_command2_20,3200,189.80509887695314,248.79197692871094,15.257506496126084,512
ppo_random_command2_20,3300,184.53222564697265,257.2064208984375,16.937722638003507,512
ppo_random_command2_20,3400,187.22692642211913,272.7635192871094,13.644422681113058,512
ppo_random_command2_20,3500,187.80342788696288,267.74139404296875,14.570115375821727,512
ppo_random_command2_20,3600,186.09432983398438,236.65469360351562,14.182993464463342,512
ppo_random_command2_20,3700,188.36762302398682,249.0071563720703,20.74991467590367,512
ppo_random_command2_20,3800,188.79637496948243,252.2427520751953,14.735617561246674,512
ppo_random_command2_20,3900,187.24890960693358,242.9899444580078,11.993985958981702,512
ppo_random_command2_20,4000,190.10206771850585,232.05459594726562,12.851241627682597,512
ppo_random_command2_21,0,9.647262048721313,14.429742813110352,1.2986685173663692,8196
ppo_random_command2_21,100,28.651215772628785,55.864681243896484,7.652517643908031,8196
ppo_random_command2_21,200,129.3775375366211,229.04949951171875,56.6067538107317,8196
ppo_random_command2_21,300,180.39215469360352,210.61842346191406,17.78602098863574,8196
ppo_random_command2_21,400,182.25692337036133,204.47447204589844,5.4527319743425995,8196
ppo_random_command2_21,500,178.71886474609374,204.66744995117188,18.617519085499442,8196
ppo_random_command2_21,600,180.95114151000976,208.70169067382812,5.383830262256701,8196
ppo_random_command2_21,700,179.5408282661438,204.4154510498047,17.42894786141716,8196
ppo_random_command2_21,800,175.93658638000488,207.0867919921875,27.862698607778025,8196
ppo_random_command2_21,900,178.14631195068358,205.16839599609375,16.39085149502787,8196
ppo_random_command2_21,1000,177.60722053527832,195.46875,14.045602314667835,8196
ppo_random_command2_21,1100,178.6763441848755,205.22813415527344,15.235445981978044,8196
ppo_random_command2_21,1200,180.90844268798827,203.45188903808594,6.760680795563801,8196
ppo_random_command2_21,1300,180.9014797973633,205.29612731933594,5.966424805750814,8196
ppo_random_command2_21,1400,177.08328037261964,195.68385314941406,14.983368964662368,8196
ppo_random_command2_21,1500,177.3910886669159,202.31895446777344,17.288511865467502,8196
ppo_random_command2_21,1600,177.84014251708984,201.8666534423828,6.08916415645887,8196
ppo_random_command2_21,1700,174.99251110076904,202.72659301757812,23.234913332624338,8196
ppo_random_command2_21,1800,172.42981558799744,199.5531768798828,23.203784004196667,8196
ppo_random_command2_21,1900,172.90365691184996,199.6566925048828,23.125821530243854,8196
ppo_random_command2_21,2000,174.99686283111572,190.9302978515625,16.63816913123747,8196
ppo_random_command2_21,2100,178.22320373535158,198.89869689941406,4.990506670443653,8196
ppo_random_command2_21,2200,175.9093310546875,192.0372772216797,4.120864313944895,8196
ppo_random_command2_21,2300,175.1463979911804,202.5623016357422,16.42862106211723,8196
ppo_random_command2_21,2400,178.21900177001953,201.01039123535156,5.817120131447139,8196
ppo_random_command2_21,2500,179.34928848266603,205.63583374023438,6.315437527189251,8196
ppo_random_command2_21,2600,178.7288798522949,202.84881591796875,5.0573899247735445,8196
ppo_random_command2_21,2700,175.83638751983642,196.5887908935547,16.416937224947347,8196
ppo_random_command2_21,2800,174.724128780365,197.90829467773438,21.820419391204105,8196
ppo_random_command2_21,2900,177.17841003417968,199.79246520996094,7.274477572590535,8196
ppo_random_command2_21,3000,175.39890295028687,195.8503875732422,16.58324874028811,8196
ppo_random_command2_21,3100,172.57440389633177,197.3066864013672,27.71621565085187,8196
ppo_random_command2_21,3200,175.25395420074463,195.38540649414062,14.910945310673632,8196
ppo_random_command2_21,3300,177.66984634399415,200.62811279296875,5.935006558571234,8196
ppo_random_command2_21,3400,176.47640411376952,197.54342651367188,5.415552065230606,8196
ppo_random_command2_21,3500,177.46355270385743,205.26437377929688,4.961514700859152,8196
ppo_random_command2_21,3600,173.76539264678956,205.53421020507812,22.704637797912625,8196
ppo_random_command2_21,3700,174.40077407836915,199.18463134765625,19.27416405284334,8196
ppo_random_command2_21,3800,177.75365493774413,192.45846557617188,4.013551751763701,8196
ppo_random_command2_21,3900,171.12901496887207,198.08328247070312,22.65992562092106,8196
ppo_random_command2_21,4000,175.886192817688,192.69772338867188,16.335934713617004,8196
ppo_random_command2_22,0,9.844483108520508,18.846662521362305,1.5371918870223147,4096
ppo_random_command2_22,100,10.937722153663636,19.014543533325195,1.7323876901695354,4096
ppo_random_command2_22,200,11.06182566165924,19.71137809753418,1.9257360052102659,4096
ppo_random_command2_22,300,11.23324945449829,20.445117950439453,2.236636060482828,4096
ppo_random_command2_22,400,10.87697093963623,16.8502254486084,1.5707149734579537,4096
ppo_random_command2_22,500,11.189822402000427,18.997604370117188,1.9378183948320047,4096
ppo_random_command2_22,600,11.257192921638488,16.267669677734375,1.7345986720376763,4096
ppo_random_command2_22,700,11.108541598320008,16.160192489624023,1.6512684244291962,4096
ppo_random_command2_22,800,11.212606601715088,19.826601028442383,2.005599983048639,4096
ppo_random_command2_22,900,11.104630346298217,15.50372314453125,1.5826579053715968,4096
ppo_random_command2_22,1000,11.52242696762085,17.5213565826416,1.746464594680118,4096
ppo_random_command2_22,1100,11.117923674583436,17.467979431152344,1.8921469877653305,4096
ppo_random_command2_22,1200,11.40648889541626,18.561134338378906,1.810047706819411,4096
ppo_random_command2_22,1300,11.013540754318237,17.646501541137695,1.6904264810149947,4096
ppo_random_command2_22,1400,11.195504951477051,18.79033088684082,1.858213947116049,4096
ppo_random_command2_22,1500,11.347379751205445,17.912914276123047,1.6313458701443122,4096
ppo_random_command2_22,1600,11.160842733383179,22.32956886291504,1.9257205395064079,4096
ppo_random_command2_22,1700,11.199972314834595,18.447607040405273,1.6917252756896213,4096
ppo_random_command2_22,1800,11.169819250106812,20.737051010131836,1.9763841798702255,4096
ppo_random_command2_22,1900,11.27511224269867,20.948667526245117,1.9851498218672896,4096
ppo_random_command2_22,2000,11.508696265220642,21.82387351989746,1.9684813294184076,4096
ppo_random_command2_22,2100,11.497362174987792,22.72123908996582,2.1226083004022667,4096
ppo_random_command2_22,2200,11.488247718811035,19.030527114868164,2.0969622457836308,4096
ppo_random_command2_22,2300,11.403717527389526,17.616300582885742,1.8860103141865892,4096
ppo_random_command2_22,2400,11.265368223190308,14.750218391418457,1.5811015976283722,4096
ppo_random_command2_22,2500,11.3021821641922,18.592618942260742,2.031920775079003,4096
ppo_random_command2_22,2600,11.132814598083495,18.573196411132812,1.8041138494150555,4096
ppo_random_command2_22,2700,11.352089161872863,16.637130737304688,1.9643773719380455,4096
ppo_random_command2_22,2800,11.440530080795288,16.782955169677734,1.7205058381856826,4096
ppo_random_command2_22,2900,11.306133069992065,15.118167877197266,1.666934820947635,4096
ppo_random_command2_22,3000,11.351863145828247,20.356098175048828,2.198217479998977,4096
ppo_random_command2_22,3100,11.243441896438599,19.085447311401367,1.8475057076351105,4096
ppo_random_command2_22,3200,11.145654878616334,19.304088592529297,1.747985727454673,4096
ppo_random_command2_22,3300,11.100891242027283,14.491297721862793,1.607059990500167,4096
ppo_random_command2_22,3400,11.13491572380066,16.98954200744629,1.7397695466662746,4096
ppo_random_command2_22,3500,11.231512699127197,18.512008666992188,1.7483041169045235,4096
ppo_random_command2_22,3600,11.317003631591797,18.595056533813477,1.924858186849431,4096
ppo_random_command2_22,3700,11.429234356880189,19.83600616455078,2.110479302006876,4096
ppo_random_command2_22,3800,11.069262657165527,17.849807739257812,1.8598576956517812,4096
ppo_random_command2_22,3900,11.119111433029175,18.433717727661133,2.094835123230418,4096
ppo_random_command2_22,4000,11.464495434761048,20.797523498535156,2.1081464830030705,4096
ppo_random_command2_23,0,10.948473982810974,19.12863540649414,2.205490895207244,128
ppo_random_command2_23,100,10.509237627983094,16.280885696411133,1.647160272529862,128
ppo_random_command2_23,200,10.953604593276978,18.132780075073242,1.9414660125894605,128
ppo_random_command2_23,300,10.57625895023346,14.126232147216797,1.6387510919422466,128
ppo_random_command2_23,400,11.026058888435363,15.049885749816895,1.7424662811231646,128
ppo_random_command2_23,500,11.03684932231903,16.831951141357422,1.8588315432555125,128
ppo_random_command2_23,600,11.089798998832702,18.6282901763916,1.8973253277252307,128
ppo_random_command2_23,700,11.01425078868866,16.089054107666016,1.7292047801081156,128
ppo_random_command2_23,800,10.966351208686829,19.114381790161133,2.0743064637046205,128
ppo_random_command2_23,900,10.801037364006042,15.525693893432617,1.748037045503111,128
ppo_random_command2_23,1000,10.900460004806519,16.004623413085938,1.6796904672480932,128
ppo_random_command2_23,1100,11.400770096778869,18.089550018310547,1.961881185181582,128
ppo_random_command2_23,1200,10.991144857406617,17.965648651123047,1.8405402463242329,128
ppo_random_command2_23,1300,11.150841727256775,19.02200698852539,2.0276076742249454,128
ppo_random_command2_23,1400,11.27582417488098,16.081924438476562,1.6361773780996915,128
ppo_random_command2_23,1500,11.063138132095338,17.962202072143555,1.8792661543263998,128
ppo_random_command2_23,1600,10.839737095832824,16.482553482055664,1.7161781277282562,128
ppo_random_command2_23,1700,11.401183428764343,18.07634925842285,1.9979244905247318,128
ppo_random_command2_23,1800,10.969461812973023,14.550190925598145,1.4764190948983733,128
ppo_random_command2_23,1900,11.084918088912964,16.12151336669922,1.6337074682519692,128
ppo_random_command2_23,2000,10.854105863571167,14.472430229187012,1.349494126821938,128
ppo_random_command2_23,2100,10.763752937316895,15.927312850952148,1.6079569267225284,128
ppo_random_command2_23,2200,10.992860622406006,16.287321090698242,1.4781124781042365,128
ppo_random_command2_23,2300,10.740658388137817,13.829985618591309,1.4621975068751196,128
ppo_random_command2_23,2400,11.274156618118287,17.436355590820312,2.0291126137316753,128
ppo_random_command2_23,2500,11.22355094909668,16.014278411865234,1.8618138487959166,128
ppo_random_command2_23,2600,11.527368583679198,19.024742126464844,2.2275882785401895,128
ppo_random_command2_23,2700,11.206323032379151,21.624876022338867,2.5367185174498,128
ppo_random_command2_23,2800,11.208479204177856,20.83958625793457,2.0089534856107,128
ppo_random_command2_23,2900,10.959165649414063,18.56484603881836,1.8774549002263112,128
ppo_random_command2_23,3000,11.089556741714478,16.219444274902344,1.8050849612471076,128
ppo_random_command2_23,3100,11.066747107505797,16.17325782775879,1.833938742813494,128
ppo_random_command2_23,3200,11.294886255264283,19.889774322509766,1.9048195867890905,128
ppo_random_command2_23,3300,11.094470119476318,17.21331787109375,1.786191706323816,128
ppo_random_command2_23,3400,10.963869447708129,19.342914581298828,1.801782067682426,128
ppo_random_command2_23,3500,11.199239339828491,16.165386199951172,1.6811471953654333,128
ppo_random_command2_23,3600,11.240711946487426,18.639934539794922,1.8614992863797533,128
ppo_random_command2_23,3700,10.963613319396973,17.793704986572266,1.8193647927817664,128
ppo_random_command2_23,3800,11.084996709823608,16.936317443847656,1.6509045175452035,128
ppo_random_command2_23,3900,11.125165910720826,17.94814682006836,1.7762897504558852,128
ppo_random_command2_23,4000,11.27565041065216,17.67810821533203,1.939743084851334,128
ppo_random_command2_24,0,9.841588745117187,15.036563873291016,1.457855694238482,8196
ppo_random_command2_24,100,10.639464840888976,19.876434326171875,2.0189580657476363,8196
ppo_random_command2_24,200,12.112412014007568,19.7539005279541,1.9307185862247007,8196
ppo_random_command2_24,300,16.62565637588501,24.73585319519043,3.164695866303605,8196
ppo_random_command2_24,400,80.31583780288696,177.62806701660156,51.465583113558296,8196
ppo_random_command2_24,500,173.64878395080567,259.2107849121094,21.31845659182743,8196
ppo_random_command2_24,600,184.93239685058595,231.33425903320312,17.201197632438422,8196
ppo_random_command2_24,700,187.04948333740234,234.44564819335938,9.578776191902438,8196
ppo_random_command2_24,800,190.10953958511354,252.7853240966797,23.736271701935564,8196
ppo_random_command2_24,900,189.28598403930664,264.03863525390625,14.321677332802878,8196
ppo_random_command2_24,1000,190.92393112182617,268.663818359375,16.40345264274788,8196
ppo_random_command2_24,1100,192.05788513183595,276.95257568359375,18.837647138295342,8196
ppo_random_command2_24,1200,191.10692428588868,262.01611328125,14.02712103658752,8196
ppo_random_command2_24,1300,192.1480842590332,273.2801208496094,17.021672843688727,8196
ppo_random_command2_24,1400,190.02654693603515,252.01319885253906,13.751975500766171,8196
ppo_random_command2_24,1500,190.90157669067383,261.28546142578125,18.804395445697395,8196
ppo_random_command2_24,1600,193.63004089355468,262.5968933105469,17.41342230187399,8196
ppo_random_command2_24,1700,192.51764526367188,246.9352264404297,14.338173292101422,8196
ppo_random_command2_24,1800,189.05478134155274,251.3558349609375,11.034635784670408,8196
ppo_random_command2_24,1900,192.2758903503418,262.64117431640625,15.785352378832405,8196
ppo_random_command2_24,2000,191.84317825317382,243.13710021972656,12.841733186528234,8196
ppo_random_command2_24,2100,191.86286865234376,268.4902648925781,14.061141513110647,8196
ppo_random_command2_24,2200,194.4112628173828,265.4494934082031,18.35606350168413,8196
ppo_random_command2_24,2300,190.62414764404298,290.6585998535156,14.956184074375377,8196
ppo_random_command2_24,2400,195.2087561035156,266.31842041015625,19.285768863036246,8196
ppo_random_command2_24,2500,190.53440185546876,239.92626953125,11.998080581126093,8196
ppo_random_command2_24,2600,190.29352630615233,262.43359375,11.374514492663485,8196
ppo_random_command2_24,2700,192.778837890625,276.5517272949219,16.06943564971513,8196
ppo_random_command2_24,2800,189.28972045898436,257.1661376953125,11.470049090415937,8196
ppo_random_command2_24,2900,190.56863342285158,254.30992126464844,13.4467619906941,8196
ppo_random_command2_24,3000,190.03217819213867,237.66860961914062,11.431081511527076,8196
ppo_random_command2_24,3100,191.1093295288086,245.93099975585938,14.433556348713806,8196
ppo_random_command2_24,3200,192.56155731201173,247.92828369140625,14.634281715767854,8196
ppo_random_command2_24,3300,193.2770668029785,252.8675079345703,14.928836417902831,8196
ppo_random_command2_24,3400,189.4239352416992,249.43299865722656,11.14627523624567,8196
ppo_random_command2_24,3500,192.6413847351074,276.53662109375,16.357563763127956,8196
ppo_random_command2_24,3600,190.03871643066407,245.82118225097656,12.455219542540545,8196
ppo_random_command2_24,3700,190.8479377746582,234.46522521972656,11.202840710385676,8196
ppo_random_command2_24,3800,192.6330191040039,248.18801879882812,14.26589699413014,8196
ppo_random_command2_24,3900,188.9825831604004,240.4722900390625,9.5692750510981,8196
ppo_random_command2_24,4000,192.0367073059082,239.9390869140625,12.873974428374293,8196
ppo_random_command2_25,0,9.718613510131837,16.260164260864258,1.4848160564636697,2048
ppo_random_command2_25,100,25.545239686965942,62.86457443237305,8.928958818126622,2048
ppo_random_command2_25,200,120.8921717262268,236.80606079101562,60.09161257054915,2048
ppo_random_command2_25,300,163.9042349243164,244.17422485351562,42.91459231650031,2048
ppo_random_command2_25,400,167.72611133575438,246.3687744140625,39.083146591542956,2048
ppo_random_command2_25,500,183.94400623321533,263.80926513671875,27.543836287337673,2048
ppo_random_command2_25,600,176.1194856262207,230.62350463867188,27.977885054017857,2048
ppo_random_command2_25,700,189.0594482421875,257.3094482421875,17.972453677858393,2048
ppo_random_command2_25,800,184.4528872680664,232.31463623046875,16.908432737407804,2048
ppo_random_command2_25,900,186.7716440963745,270.5564880371094,28.016995445506833,2048
ppo_random_command2_25,1000,188.72482543945313,267.5738220214844,19.52891632918107,2048
ppo_random_command2_25,1100,182.3097836112976,260.2838134765625,28.986780238424345,2048
ppo_random_command2_25,1200,191.84587860107422,288.4983825683594,27.307564194101253,2048
ppo_random_command2_25,1300,188.2781056213379,252.4302215576172,20.074011604224268,2048
ppo_random_command2_25,1400,195.7235202026367,269.6714172363281,26.24686792217136,2048
ppo_random_command2_25,1500,201.71218727111815,265.85430908203125,36.86196010757964,2048
ppo_random_command2_25,1600,206.12690200805665,262.2195129394531,26.84140020042821,2048
ppo_random_command2_25,1700,202.86419521331788,265.73455810546875,35.43170835121873,2048
ppo_random_command2_25,1800,203.19318630218507,254.8485565185547,39.33054993295757,2048
ppo_random_command2_25,1900,214.935913772583,262.70367431640625,32.704879569205026,2048
ppo_random_command2_25,2000,220.01215927124022,265.0875244140625,36.414511887217884,2048
ppo_random_command2_25,2100,216.85770841598512,256.3753967285156,40.71882532436465,2048
ppo_random_command2_25,2200,225.16735305786133,262.2317810058594,19.591029985243438,2048
ppo_random_command2_25,2300,221.41742958068846,264.2872009277344,28.370213027083317,2048
ppo_random_command2_25,2400,220.90736387252807,265.5650939941406,27.898810171301793,2048
ppo_random_command2_25,2500,218.6389157676697,258.1868591308594,27.490449508108,2048
ppo_random_command2_25,2600,216.94488052368163,254.50440979003906,20.665966681876768,2048
ppo_random_command2_25,2700,224.0095051574707,261.6398620605469,21.705233079431228,2048
ppo_random_command2_25,2800,222.11551513671876,256.1890869140625,20.89742189143378,2048
ppo_random_command2_25,2900,218.82874351501465,254.81814575195312,21.189767959426465,2048
ppo_random_command2_25,3000,221.25859216690063,254.06642150878906,24.441858423414818,2048
ppo_random_command2_25,3100,225.26115882873535,263.77838134765625,30.803973444602864,2048
ppo_random_command2_25,3200,222.43054260253905,251.09288024902344,17.428353216194527,2048
ppo_random_command2_25,3300,223.76192302703856,255.5198211669922,25.289057011741793,2048
ppo_random_command2_25,3400,228.71453872680664,258.0102844238281,14.481028322441484,2048
ppo_random_command2_25,3500,221.9798110961914,251.15011596679688,25.275315837398356,2048
ppo_random_command2_25,3600,233.38054275512695,263.13604736328125,15.280713300842079,2048
ppo_random_command2_25,3700,226.52497177124025,254.3909912109375,23.467146179141917,2048
ppo_random_command2_25,3800,233.72386764526368,259.5360107421875,20.268361864215453,2048
ppo_random_command2_25,3900,234.5442350769043,261.48046875,16.19218270179598,2048
ppo_random_command2_25,4000,235.54480865478516,256.1510314941406,15.4251906245634,2048
ppo_random_command2_26,0,11.325619277954102,19.447826385498047,2.091622698250778,128
ppo_random_command2_26,100,11.455345168113709,19.584543228149414,2.077088122501714,128
ppo_random_command2_26,200,11.491895909309386,24.6751766204834,2.1936119563705554,128
ppo_random_command2_26,300,11.489766869544983,16.416553497314453,1.7007737119034143,128
ppo_random_command2_26,400,11.459792537689209,17.61415672302246,2.050754032036937,128
ppo_random_command2_26,500,11.804575910568238,18.62972068786621,2.0270027541471545,128
ppo_random_command2_26,600,11.966085839271546,17.9820613861084,2.1035398406571946,128
ppo_random_command2_26,700,11.81484390258789,16.561525344848633,1.89036068636145,128
ppo_random_command2_26,800,12.09408465862274,19.483510971069336,2.2030822721988095,128
ppo_random_command2_26,900,12.045647716522216,18.158803939819336,1.8627645878424506,128
ppo_random_command2_26,1000,12.108527207374573,17.483348846435547,2.104460483326108,128
ppo_random_command2_26,1100,11.992397456169128,16.920618057250977,2.0480531136295155,128
ppo_random_command2_26,1200,11.711866855621338,19.02845573425293,1.9473398653609013,128
ppo_random_command2_26,1300,11.737786388397216,16.8378963470459,1.9028190367525153,128
ppo_random_command2_26,1400,11.620675120353699,18.586366653442383,2.079469260873203,128
ppo_random_command2_26,1500,11.700356116294861,19.740690231323242,2.3610781959389824,128
ppo_random_command2_26,1600,11.827789063453674,19.886882781982422,2.2267527135453613,128
ppo_random_command2_26,1700,11.747599411010743,19.267444610595703,1.9848148698559178,128
ppo_random_command2_26,1800,12.122069129943847,16.781476974487305,1.9609169295219315,128
ppo_random_command2_26,1900,11.745253338813782,23.556015014648438,2.3231412079749063,128
ppo_random_command2_26,2000,11.532023763656616,16.058958053588867,2.026647509938948,128
ppo_random_command2_26,2100,11.916882224082947,20.382654190063477,2.392664407895337,128
ppo_random_command2_26,2200,11.48626944065094,21.61750030517578,2.016298837192338,128
ppo_random_command2_26,2300,11.97273455619812,20.452117919921875,2.017317414490741,128
ppo_random_command2_26,2400,12.080851173400879,20.533512115478516,2.325498985302726,128
ppo_random_command2_26,2500,11.54785092830658,20.407564163208008,2.03572486104449,128
ppo_random_command2_26,2600,11.620402345657348,20.7455997467041,2.016432478211163,128
ppo_random_command2_26,2700,11.60124481201172,17.23753547668457,1.7950837544299127,128
ppo_random_command2_26,2800,11.66940260410309,19.421377182006836,1.8169064875084178,128
ppo_random_command2_26,2900,11.616286058425903,17.96380615234375,1.763351539430037,128
ppo_random_command2_26,3000,11.684040961265564,18.566978454589844,1.8533499424985878,128
ppo_random_command2_26,3100,11.58789056301117,15.45234489440918,1.824894260720473,128
ppo_random_command2_26,3200,12.039106621742249,18.702707290649414,2.0170145845932193,128
ppo_random_command2_26,3300,12.448304042816162,23.09404182434082,2.680085705807916,128
ppo_random_command2_26,3400,11.54313549041748,17.823251724243164,1.990620190349401,128
ppo_random_command2_26,3500,11.559424967765809,21.205854415893555,2.2294543083125467,128
ppo_random_command2_26,3600,11.744972200393677,20.118440628051758,2.3471249762949276,128
ppo_random_command2_26,3700,11.61042510986328,18.97166633605957,1.9945334708448716,128
ppo_random_command2_26,3800,11.883470854759217,19.657699584960938,2.227294590988336,128
ppo_random_command2_26,3900,12.023315720558166,19.96576690673828,2.240664920229206,128
ppo_random_command2_26,4000,12.129956188201904,16.659563064575195,1.7425633006895334,128
ppo_random_command2_27,0,9.84240499973297,15.529620170593262,1.4991501297865653,2048
ppo_random_command2_27,100,11.115138745307922,19.026323318481445,2.086059981537051,2048
ppo_random_command2_27,200,10.938731265068053,16.5293025970459,1.9134950509946154,2048
ppo_random_command2_27,300,10.6893980550766,16.884140014648438,1.7158838690525096,2048
ppo_random_command2_27,400,10.881638956069946,17.705352783203125,1.7867441007354483,2048
ppo_random_command2_27,500,11.041600432395935,16.468791961669922,1.6102436673257088,2048
ppo_random_command2_27,600,11.037708053588867,18.37002182006836,1.8877548411501461,2048
ppo_random_command2_27,700,11.265566806793213,20.341516494750977,2.13042997727819,2048
ppo_random_command2_27,800,10.89521520614624,19.142995834350586,1.675632187111226,2048
ppo_random_command2_27,900,11.12924693584442,17.436426162719727,1.6478803985722865,2048
ppo_random_command2_27,1000,11.262543058395385,17.741182327270508,1.6307215637534067,2048
ppo_random_command2_27,1100,11.568860712051391,20.345090866088867,1.9324385005672073,2048
ppo_random_command2_27,1200,11.247280263900757,21.9968318939209,2.1862930857525353,2048
ppo_random_command2_27,1300,11.20938564300537,18.207096099853516,1.9536402136685191,2048
ppo_random_command2_27,1400,11.519889087677003,19.8289737701416,2.3812899335971434,2048
ppo_random_command2_27,1500,11.556117668151856,18.554874420166016,1.9268973731646657,2048
ppo_random_command2_27,1600,11.399654440879821,17.551963806152344,1.7391338278318071,2048
ppo_random_command2_27,1700,11.471686754226685,22.79497718811035,1.8899924709770648,2048
ppo_random_command2_27,1800,11.539449491500854,20.735748291015625,1.7792760167791628,2048
ppo_random_command2_27,1900,11.246548643112183,18.88998031616211,1.7982746945250248,2048
ppo_random_command2_27,2000,11.52836046218872,17.112010955810547,1.9224622010623456,2048
ppo_random_command2_27,2100,11.265722045898437,15.972356796264648,1.5321116748936456,2048
ppo_random_command2_27,2200,11.668609123229981,17.653255462646484,1.9047233020870324,2048
ppo_random_command2_27,2300,11.272007732391357,17.008209228515625,1.7446518577317867,2048
ppo_random_command2_27,2400,11.177032203674317,16.480365753173828,1.7017811527723807,2048
ppo_random_command2_27,2500,11.166398563385009,16.694108963012695,1.7249395565498624,2048
ppo_random_command2_27,2600,11.122281017303466,16.155010223388672,1.6078212786688821,2048
ppo_random_command2_27,2700,11.853465156555176,22.57074737548828,2.495390714963244,2048
ppo_random_command2_27,2800,11.28235013961792,19.146373748779297,1.842276816105502,2048
ppo_random_command2_27,2900,11.598596391677857,18.980323791503906,2.0714991291207365,2048
ppo_random_command2_27,3000,11.455615611076356,17.730566024780273,1.8636965226960007,2048
ppo_random_command2_27,3100,11.669716539382934,18.3984317779541,2.0457774983379697,2048
ppo_random_command2_27,3200,11.400592432022094,14.765045166015625,1.5838613022066819,2048
ppo_random_command2_27,3300,11.96898476600647,20.406219482421875,1.9610517350546008,2048
ppo_random_command2_27,3400,11.54292233467102,22.477766036987305,2.0909257442363387,2048
ppo_random_command2_27,3500,11.490989456176758,16.55902671813965,1.7141377233545148,2048
ppo_random_command2_27,3600,11.77102089881897,16.663053512573242,1.7190834575011973,2048
ppo_random_command2_27,3700,11.801554079055785,18.450246810913086,1.9754492353045925,2048
ppo_random_command2_27,3800,11.580234470367431,22.206409454345703,2.3176016054917454,2048
ppo_random_command2_27,3900,11.532453813552856,18.442678451538086,1.7256640298498038,2048
ppo_random_command2_27,4000,11.67957956314087,19.21234893798828,2.109173653416024,2048
ppo_random_command2_30,0,9.183022985458374,14.819049835205078,1.338225613359213,8196
ppo_random_command2_30,100,6.499429166316986,24.319049835205078,4.226008803100103,8196
ppo_random_command2_30,200,9.037640595436097,29.084272384643555,5.600331859115419,8196
ppo_random_command2_30,300,24.7830078792572,57.0472526550293,10.654225625562615,8196
ppo_random_command2_30,400,49.77847489356995,166.45404052734375,27.70628309593489,8196
ppo_random_command2_30,500,160.19341480255127,195.95677185058594,31.845396110088224,8196
ppo_random_command2_30,600,177.19615020751954,204.49583435058594,7.749956490110834,8196
ppo_random_command2_30,700,173.77715682983398,197.8647918701172,15.565563454448306,8196
ppo_random_command2_30,800,172.98704105377197,197.0654754638672,19.17885192397041,8196
ppo_random_command2_30,900,173.00882442474366,188.6416473388672,14.875972835205888,8196
ppo_random_command2_30,1000,175.48877044677735,199.44320678710938,6.206489770658376,8196
ppo_random_command2_30,1100,172.1227311515808,196.45314025878906,19.082715208192464,8196
ppo_random_command2_30,1200,170.61477249145508,199.52113342285156,20.69512964756373,8196
ppo_random_command2_30,1300,164.4880156803131,192.6000518798828,31.161923285457473,8196
ppo_random_command2_30,1400,164.4867679786682,194.52525329589844,26.78852537231108,8196
ppo_random_command2_30,1500,168.33091173171997,199.7476043701172,24.834353179882317,8196
ppo_random_command2_30,1600,163.3665083885193,194.9426727294922,36.35242970383547,8196
ppo_random_command2_30,1700,160.2915465927124,189.51405334472656,36.121745772026756,8196
ppo_random_command2_30,1800,164.65789991378784,193.2556915283203,30.712317664382653,8196
ppo_random_command2_30,1900,173.6427453804016,194.42665100097656,16.309246931045106,8196
ppo_random_command2_30,2000,175.58970138549805,195.2067108154297,5.719881272483289,8196
ppo_random_command2_30,2100,173.36210624694823,187.955322265625,12.275361443028483,8196
ppo_random_command2_30,2200,169.00142758369446,194.6649169921875,30.277661214928877,8196
ppo_random_command2_30,2300,173.88680200576783,193.65380859375,17.262699842925016,8196
ppo_random_command2_30,2400,174.4489682006836,198.40390014648438,15.67433287698662,8196
ppo_random_command2_30,2500,176.5927893066406,198.16073608398438,6.56028606708349,8196
ppo_random_command2_30,2600,176.46600845336914,200.19398498535156,5.131217133873222,8196
ppo_random_command2_30,2700,173.42274031639099,201.71707153320312,17.150965157344913,8196
ppo_random_command2_30,2800,174.97968433380126,196.11236572265625,16.744379740920863,8196
ppo_random_command2_30,2900,169.14535877227783,190.9812469482422,29.520302145653613,8196
ppo_random_command2_30,3000,174.0756972503662,200.35614013671875,20.835856457580668,8196
ppo_random_command2_30,3100,177.25836975097656,192.69007873535156,5.115280384772913,8196
ppo_random_command2_30,3200,172.83582555770874,196.34963989257812,26.236092913194636,8196
ppo_random_command2_30,3300,175.65064193725587,197.17636108398438,5.824295702197978,8196
ppo_random_command2_30,3400,169.50219429016113,196.409912109375,29.067284309743137,8196
ppo_random_command2_30,3500,176.37177694320678,200.33348083496094,16.021207732620226,8196
ppo_random_command2_30,3600,175.90702629089355,203.6671600341797,13.657349868186891,8196
ppo_random_command2_30,3700,176.02095748901368,196.31100463867188,16.261198889236823,8196
ppo_random_command2_30,3800,171.50012561798096,193.70492553710938,25.22946035309251,8196
ppo_random_command2_30,3900,173.85028743743896,197.746337890625,20.574501348072776,8196
ppo_random_command2_30,4000,168.5087595176697,190.8264923095703,29.835818519458922,8196
ppo_random_command2_31,0,10.817996701636872,19.932249069213867,2.6913824259881873,64
ppo_random_command2_31,100,11.367434730529785,18.683340072631836,1.9916754614595606,64
ppo_random_command2_31,200,11.755275888442993,16.45701026916504,1.813527081358147,64
ppo_random_command2_31,300,12.101911454200744,21.049266815185547,2.6192877867937483,64
ppo_random_command2_31,400,12.18051580429077,17.632722854614258,2.1155553457623113,64
ppo_random_command2_31,500,12.625652756690979,21.008502960205078,2.27052361950919,64
ppo_random_command2_31,600,11.949189133644104,16.185909271240234,1.9164330707361348,64
ppo_random_command2_31,700,12.131817331314087,17.767276763916016,2.0801412496194693,64
ppo_random_command2_31,800,12.059601860046387,17.4119930267334,2.0170192478620637,64
ppo_random_command2_31,900,11.923482275009155,15.93161678314209,1.802970697039115,64
ppo_random_command2_31,1000,12.463921670913697,21.654495239257812,2.3150396709109016,64
ppo_random_command2_31,1100,12.47599748134613,20.25835418701172,2.068462542952308,64
ppo_random_command2_31,1200,11.977070021629334,16.201324462890625,1.7680375552009135,64
ppo_random_command2_31,1300,12.700820436477661,19.935203552246094,2.1931573695596893,64
ppo_random_command2_31,1400,12.41902168750763,18.145536422729492,2.2130440619922576,64
ppo_random_command2_31,1500,12.277612738609314,23.200098037719727,2.2931956968898275,64
ppo_random_command2_31,1600,12.346577186584472,18.649179458618164,1.885768843001217,64
ppo_random_command2_31,1700,12.627525248527526,18.293249130249023,2.1914190277378998,64
ppo_random_command2_31,1800,12.373176717758179,17.554685592651367,2.3024769363380093,64
ppo_random_command2_31,1900,12.66045744895935,19.456830978393555,2.189778975987754,64
ppo_random_command2_31,2000,12.75344123840332,21.784866333007812,2.457181613937783,64
ppo_random_command2_31,2100,11.92590320110321,17.383251190185547,2.042775352833364,64
ppo_random_command2_31,2200,12.356477665901185,22.8236026763916,2.234960686596843,64
ppo_random_command2_31,2300,12.712536249160767,20.766616821289062,2.3707240788919983,64
ppo_random_command2_31,2400,12.040125408172607,20.00129508972168,2.260814344256906,64
ppo_random_command2_31,2500,12.146364555358886,18.65302276611328,2.3182317996197606,64
ppo_random_command2_31,2600,12.698737297058106,23.058807373046875,2.614166319667947,64
ppo_random_command2_31,2700,12.626202602386474,21.649682998657227,2.302365393153345,64
ppo_random_command2_31,2800,12.585220193862915,18.347023010253906,1.8955632516394607,64
ppo_random_command2_31,2900,12.390700664520264,23.08259391784668,2.4253578324189755,64
ppo_random_command2_31,3000,12.182526445388794,20.778108596801758,2.1178803249018165,64
ppo_random_command2_31,3100,12.328578538894654,19.88992691040039,2.0576173025116393,64
ppo_random_command2_31,3200,12.190128717422485,20.919017791748047,2.195537684313915,64
ppo_random_command2_31,3300,12.508652362823486,17.48754119873047,1.824343620784444,64
ppo_random_command2_31,3400,12.634261560440063,22.143064498901367,2.306621126341735,64
ppo_random_command2_31,3500,12.116126689910889,18.10877799987793,2.01662029852515,64
ppo_random_command2_31,3600,11.987320909500122,24.304689407348633,2.4325882477421215,64
ppo_random_command2_31,3700,11.855040073394775,19.316543579101562,2.1570399478506506,64
ppo_random_command2_31,3800,12.37813575744629,20.966087341308594,2.276721648933103,64
ppo_random_command2_31,3900,12.642022380828857,22.29106330871582,2.130984043676984,64
ppo_random_command2_31,4000,12.710928173065186,22.45469856262207,2.3048039828618125,64
ppo_random_command2_32,0,9.623962316513062,16.125526428222656,1.548157451793878,1024
ppo_random_command2_32,100,10.73685956954956,18.073572158813477,1.8582197248040493,1024
ppo_random_command2_32,200,10.902036309242249,18.34088134765625,1.906451677996101,1024
ppo_random_command2_32,300,10.686472878456115,13.466489791870117,1.2415646749138929,1024
ppo_random_command2_32,400,10.926201128959656,15.156982421875,1.6244932920049755,1024
ppo_random_command2_32,500,10.935786590576171,15.344930648803711,1.9322780336518894,1024
ppo_random_command2_32,600,10.80065577507019,16.0130615234375,1.6894424359585896,1024
ppo_random_command2_32,700,11.05270990371704,17.121150970458984,1.9901946337590577,1024
ppo_random_command2_32,800,10.939712634086609,18.512941360473633,1.6664691580969808,1024
ppo_random_command2_32,900,10.71192701816559,17.534809112548828,1.8391333807514734,1024
ppo_random_command2_32,1000,10.665078206062317,14.960766792297363,1.6194498963779975,1024
ppo_random_command2_32,1100,11.093460884094238,14.837682723999023,1.6009261130115953,1024
ppo_random_command2_32,1200,10.85850935459137,20.174484252929688,2.017879719881464,1024
ppo_random_command2_32,1300,11.002077794075012,17.249324798583984,1.606755742390329,1024
ppo_random_command2_32,1400,10.754616565704346,16.84905242919922,1.7383029773733543,1024
ppo_random_command2_32,1500,11.211182661056519,20.682161331176758,1.9821394341524683,1024
ppo_random_command2_32,1600,11.073080825805665,16.540645599365234,1.5125013913607874,1024
ppo_random_command2_32,1700,11.168154187202454,17.681652069091797,1.8812804837549135,1024
ppo_random_command2_32,1800,10.9611625957489,19.90131187438965,1.901185469148638,1024
ppo_random_command2_32,1900,11.120953979492187,17.351760864257812,1.722698799668082,1024
ppo_random_command2_32,2000,11.253351230621337,19.24757957458496,1.985994369929238,1024
ppo_random_command2_32,2100,10.995240559577942,18.957666397094727,1.8063458392113247,1024
ppo_random_command2_32,2200,10.975074009895325,18.856874465942383,1.9842156583655726,1024
ppo_random_command2_32,2300,11.089616961479187,16.111318588256836,1.8125541884424639,1024
ppo_random_command2_32,2400,11.121558504104614,16.22569465637207,1.6943431677588237,1024
ppo_random_command2_32,2500,10.93050585746765,18.472431182861328,1.9763677461908569,1024
ppo_random_command2_32,2600,11.299436111450195,16.13807487487793,1.740525545244611,1024
ppo_random_command2_32,2700,11.006612138748169,15.346806526184082,1.650884354269734,1024
ppo_random_command2_32,2800,11.207347540855407,18.3342227935791,1.9052886065336554,1024
ppo_random_command2_32,2900,11.173021411895752,17.638315200805664,1.82286907140601,1024
ppo_random_command2_32,3000,11.16295632839203,17.70613670349121,1.9507233061806994,1024
ppo_random_command2_32,3100,10.870340814590454,15.712211608886719,1.8208499772361537,1024
ppo_random_command2_32,3200,10.90857114315033,14.587882995605469,1.5134391402946354,1024
ppo_random_command2_32,3300,11.458181557655335,21.150081634521484,2.1467966350466425,1024
ppo_random_command2_32,3400,11.238449897766113,20.20054817199707,1.9298384837900233,1024
ppo_random_command2_32,3500,11.214883403778076,15.923934936523438,1.428486571860016,1024
ppo_random_command2_32,3600,10.95314019203186,17.95201301574707,1.8606131272621447,1024
ppo_random_command2_32,3700,11.1104514169693,18.829906463623047,1.8881211110552751,1024
ppo_random_command2_32,3800,10.974943237304688,18.191614151000977,1.777603116788288,1024
ppo_random_command2_32,3900,11.26663592338562,21.046051025390625,2.1412042536732967,1024
ppo_random_command2_32,4000,11.182162590026856,16.09724998474121,1.6249945691702217,1024
ppo_random_command2_33,0,9.99796775817871,18.964176177978516,1.6131627365371692,4096
ppo_random_command2_33,100,52.74481641769409,178.3583984375,30.137602671541256,4096
ppo_random_command2_33,200,171.45250257492066,239.72410583496094,37.68668548883418,4096
ppo_random_command2_33,300,177.5792091369629,202.00466918945312,17.102989478802762,4096
ppo_random_command2_33,400,181.06448364257812,200.81719970703125,4.913009004418012,4096
ppo_random_command2_33,500,181.33252716064453,209.89247131347656,5.275532568576977,4096
ppo_random_command2_33,600,179.45551780700683,196.92958068847656,14.734864814344968,4096
ppo_random_command2_33,700,179.25190759658813,205.14312744140625,16.41166037697776,4096
ppo_random_command2_33,800,178.58877380371095,204.63026428222656,13.801112122835216,4096
ppo_random_command2_33,900,175.37612800598146,196.498046875,20.91749130724381,4096
ppo_random_command2_33,1000,176.81670700073244,202.08961486816406,13.844888809834718,4096
ppo_random_command2_33,1100,178.38820434570312,202.7451171875,4.4805921075175075,4096
ppo_random_command2_33,1200,177.55552658081055,200.44564819335938,5.134337704044079,4096
ppo_random_command2_33,1300,178.14222351074218,201.82199096679688,5.842455170848536,4096
ppo_random_command2_33,1400,177.42056579589843,202.02012634277344,4.49872832945007,4096
ppo_random_command2_33,1500,177.71420455932616,200.51150512695312,7.185030007481748,4096
ppo_random_command2_33,1600,176.4635019493103,199.67665100097656,16.33140550102952,4096
ppo_random_command2_33,1700,178.1162451171875,197.72540283203125,5.059506747571424,4096
ppo_random_command2_33,1800,177.35854904174803,186.74081420898438,2.5718645371534214,4096
ppo_random_command2_33,1900,178.21515106201173,203.17941284179688,5.157231237335891,4096
ppo_random_command2_33,2000,179.7759132385254,204.37347412109375,6.707529030113473,4096
ppo_random_command2_33,2100,178.95853775024415,200.1806640625,5.926771020727975,4096
ppo_random_command2_33,2200,178.03675399780275,196.3232879638672,4.489948869842231,4096
ppo_random_command2_33,2300,179.1517791748047,198.7812957763672,5.336097474292906,4096
ppo_random_command2_33,2400,177.92954681396483,197.87132263183594,13.968390047914161,4096
ppo_random_command2_33,2500,178.5245736694336,206.35133361816406,6.527617075950209,4096
ppo_random_command2_33,2600,176.59191596984863,201.09698486328125,14.636060475441768,4096
ppo_random_command2_33,2700,178.13058731079101,200.0643768310547,4.604480346906198,4096
ppo_random_command2_33,2800,179.17799392700195,203.0452423095703,4.981050943541846,4096
ppo_random_command2_33,2900,179.97521041870118,198.9264678955078,6.993903428162202,4096
ppo_random_command2_33,3000,180.27578063964845,198.10850524902344,6.231857722547049,4096
ppo_random_command2_33,3100,178.82883865356445,203.01815795898438,5.372634991082026,4096
ppo_random_command2_33,3200,178.6986274242401,206.30259704589844,17.859891133008674,4096
ppo_random_command2_33,3300,178.82536529541017,198.8441619873047,5.36221271477181,4096
ppo_random_command2_33,3400,176.17671422958375,200.6747283935547,22.021301536035597,4096
ppo_random_command2_33,3500,179.01421752929687,205.49241638183594,4.599272076427115,4096
ppo_random_command2_33,3600,177.82925880432128,200.01754760742188,16.782319786427518,4096
ppo_random_command2_33,3700,179.2772058105469,200.42892456054688,5.323761169512014,4096
ppo_random_command2_33,3800,177.63830535888673,203.3699188232422,10.119154968991745,4096
ppo_random_command2_33,3900,178.48751708984375,199.9425048828125,17.53951810818731,4096
ppo_random_command2_33,4000,179.57871612548828,205.03948974609375,5.249817281545904,4096
ppo_random_command2_34,0,10.538154476954613,19.131399154663086,2.5872456061934628,64
ppo_random_command2_34,100,2.8168949055671693,4.608509063720703,0.6143595811947558,64
ppo_random_command2_34,200,2.845715675354004,4.166631698608398,0.593147934884769,64
ppo_random_command2_34,300,3.058137068748474,6.812480926513672,0.8424844922355841,64
ppo_random_command2_34,400,3.098626477718353,6.131338596343994,0.775537119788557,64
ppo_random_command2_34,500,3.7858618891239164,12.737594604492188,1.720762195510053,64
ppo_random_command2_34,600,4.015935428142548,16.212764739990234,2.4593827651324363,64
ppo_random_command2_34,700,4.885678474903107,18.471529006958008,3.195385539953447,64
ppo_random_command2_34,800,4.968784999847412,15.517779350280762,3.3626558495616328,64
ppo_random_command2_34,900,5.221752687692642,17.467803955078125,3.497232673213791,64
ppo_random_command2_34,1000,5.564738348722458,18.639245986938477,3.6098693638650325,64
ppo_random_command2_34,1100,6.171307759284973,19.0832576751709,3.879353673029104,64
ppo_random_command2_34,1200,6.668488507270813,18.45757484436035,4.15683535141705,64
ppo_random_command2_34,1300,5.9226653301715855,17.864723205566406,4.162469846913359,64
ppo_random_command2_34,1400,5.7629568791389465,20.878881454467773,3.6955113034279026,64
ppo_random_command2_34,1500,5.716707355976105,15.637125015258789,3.5618624858419223,64
ppo_random_command2_34,1600,6.086763114929199,18.76970672607422,3.6964938408931016,64
ppo_random_command2_34,1700,7.265999507904053,23.487993240356445,4.573023343117881,64
ppo_random_command2_34,1800,7.405152620077133,17.883886337280273,4.287879316059042,64
ppo_random_command2_34,1900,7.470681418180465,18.955795288085938,4.27726457086594,64
ppo_random_command2_34,2000,6.087749959230423,16.69701385498047,3.7378646854161257,64
ppo_random_command2_34,2100,7.023646743297577,17.334686279296875,3.9116753683572787,64
ppo_random_command2_34,2200,6.899242730140686,21.567846298217773,4.435655905817394,64
ppo_random_command2_34,2300,7.057499268054962,22.002273559570312,4.385357327621488,64
ppo_random_command2_34,2400,6.204113252162934,16.677268981933594,3.4142994778442515,64
ppo_random_command2_34,2500,6.8402518773078915,21.003795623779297,3.843902931631418,64
ppo_random_command2_34,2600,6.89069842338562,18.65637969970703,4.119970299751291,64
ppo_random_command2_34,2700,6.622134418487549,23.234840393066406,4.413850199062895,64
ppo_random_command2_34,2800,6.882867391109467,23.010215759277344,4.4068062574632405,64
ppo_random_command2_34,2900,6.50507180929184,31.15213394165039,4.3161051307863465,64
ppo_random_command2_34,3000,7.423516628742218,19.899211883544922,3.8912831536523274,64
ppo_random_command2_34,3100,7.505216817855835,22.738378524780273,4.646692188915036,64
ppo_random_command2_34,3200,7.683405237197876,22.115915298461914,4.525628637266812,64
ppo_random_command2_34,3300,6.79150442481041,19.573570251464844,4.059585171554339,64
ppo_random_command2_34,3400,7.082855157852173,21.841827392578125,4.557773016745423,64
ppo_random_command2_34,3500,6.9060443806648255,19.98101234436035,4.388194992788981,64
ppo_random_command2_34,3600,7.275227258205414,18.892045974731445,3.971571204718943,64
ppo_random_command2_34,3700,6.868556900024414,18.592144012451172,4.258758951361555,64
ppo_random_command2_34,3800,7.051119592189789,19.730539321899414,4.138995765071642,64
ppo_random_command2_34,3900,6.979171868562698,19.49563980102539,4.165567704142426,64
ppo_random_command2_34,4000,7.210302741527557,20.914447784423828,4.036604046272086,64
ppo_random_command2_35,0,10.54367185500731,19.153532028198242,2.5183605622569676,64
ppo_random_command2_35,100,10.742352933883668,15.772176742553711,1.8127053883095736,64
ppo_random_command2_35,200,10.894776530265808,16.568092346191406,1.9059905519091955,64
ppo_random_command2_35,300,10.941408529281617,18.193153381347656,1.8381290371693653,64
ppo_random_command2_35,400,10.85453233718872,19.334787368774414,1.8281854857072422,64
ppo_random_command2_35,500,10.974735307693482,20.201751708984375,2.0884250944694736,64
ppo_random_command2_35,600,10.797534985542297,16.21761131286621,1.7052792340380645,64
ppo_random_command2_35,700,10.72277760028839,15.667450904846191,1.6445507868287847,64
ppo_random_command2_35,800,10.649931931495667,15.722636222839355,1.670205560392596,64
ppo_random_command2_35,900,10.747606534957885,14.415814399719238,1.4780566850438732,64
ppo_random_command2_35,1000,10.528266568183898,17.575050354003906,1.9697253421385308,64
ppo_random_command2_35,1100,10.965272073745728,19.66094970703125,2.098932013661736,64
ppo_random_command2_35,1200,10.782172045707703,17.237459182739258,1.7731028561253863,64
ppo_random_command2_35,1300,10.73876561641693,17.313114166259766,1.6851261999324996,64
ppo_random_command2_35,1400,11.10136342048645,17.246395111083984,1.8163303866372489,64
ppo_random_command2_35,1500,10.689389200210572,16.159767150878906,1.7520488204348645,64
ppo_random_command2_35,1600,10.330080285072327,14.000165939331055,1.4915594470669553,64
ppo_random_command2_35,1700,10.755772190093994,17.084442138671875,1.8168903333198378,64
ppo_random_command2_35,1800,10.886803379058838,16.482378005981445,1.9615733235043513,64
ppo_random_command2_35,1900,10.966045241355896,18.309907913208008,1.9252394552664736,64
ppo_random_command2_35,2000,10.965345101356506,19.583572387695312,2.091144949045732,64
ppo_random_command2_35,2100,10.902967376708984,18.489015579223633,1.8208092384327412,64
ppo_random_command2_35,2200,10.51898410797119,16.346864700317383,1.5951375191764547,64
ppo_random_command2_35,2300,10.805499796867371,17.125898361206055,1.677277051068365,64
ppo_random_command2_35,2400,10.489266185760497,16.143577575683594,1.6516119128720488,64
ppo_random_command2_35,2500,10.566274309158326,17.267349243164062,1.7945761105009705,64
ppo_random_command2_35,2600,11.050200147628784,18.493831634521484,1.9125550931450948,64
ppo_random_command2_35,2700,10.736343693733215,19.806659698486328,1.8452437170297853,64
ppo_random_command2_35,2800,10.683861932754517,19.031614303588867,1.924502558892757,64
ppo_random_command2_35,2900,10.799297170639038,16.511808395385742,1.8636827694792122,64
ppo_random_command2_35,3000,10.809971809387207,17.181133270263672,1.7701315722816704,64
ppo_random_command2_35,3100,10.877273740768432,21.786386489868164,2.178763219720072,64
ppo_random_command2_35,3200,10.685529637336732,17.908538818359375,1.8278891617123094,64
ppo_random_command2_35,3300,10.853182106018066,17.597471237182617,2.0389339086242053,64
ppo_random_command2_35,3400,10.637622876167297,17.048049926757812,1.748562696241362,64
ppo_random_command2_35,3500,11.013453760147094,16.631610870361328,1.9344033380623669,64
ppo_random_command2_35,3600,10.943339037895203,17.367902755737305,1.7223109690131249,64
ppo_random_command2_35,3700,10.631083827018738,15.455934524536133,1.5733771979674542,64
ppo_random_command2_35,3800,10.86513364315033,19.765045166015625,2.042992078687629,64
ppo_random_command2_35,3900,10.875025625228881,16.964752197265625,1.7169829652212918,64
ppo_random_command2_35,4000,10.865387458801269,20.27977180480957,1.9310593322552276,64
